1403636579963555584.000000 -0.000000065 0.000000015 -0.000000089 0.000000028 0.000000037 -0.000000011 1.000000000
1403636580013555456.000000 -0.025056766 -0.000284436 0.008321229 0.000097649 -0.004820862 0.001845021 0.999986708
1403636580063555584.000000 -0.051377185 -0.000824348 0.016477497 -0.000297638 -0.008402424 0.002511864 0.999961555
1403636580113555456.000000 -0.076099910 -0.001016550 0.024372471 0.000127922 -0.010927174 0.004967679 0.999927998
1403636580163555584.000000 -0.100516699 -0.001409963 0.031878974 0.000619786 -0.012733735 0.006326875 0.999898732
1403636580213555456.000000 -0.123879194 -0.001959653 0.038051616 0.000856447 -0.015213189 0.006186876 0.999864817
1403636580263555584.000000 -0.144953474 -0.002342744 0.044617791 0.000906053 -0.017894305 0.005516390 0.999824286
1403636580313555456.000000 -0.164119855 -0.002996842 0.048658267 0.000610496 -0.021756267 0.003111691 0.999758363
1403636580363555584.000000 -0.182244837 -0.003405177 0.053343400 0.001758864 -0.027421856 0.002823901 0.999618471
1403636580413555456.000000 -0.198168114 -0.003978746 0.056651134 0.001637056 -0.034727581 0.001659396 0.999394119
1403636580463555584.000000 -0.209702015 -0.004903363 0.057504293 0.001952847 -0.043762583 0.001126118 0.999039471
1403636580513555456.000000 -0.215565115 -0.005536841 0.058452673 0.002121461 -0.052928202 0.001339405 0.998595178
1403636580563555584.000000 -0.214552090 -0.006104328 0.057744712 0.003034855 -0.059476342 0.002178001 0.998222768
1403636580613555456.000000 -0.204711229 -0.007115042 0.053962510 0.004619996 -0.061905500 0.003419544 0.998065472
1403636580663555584.000000 -0.186667427 -0.008297574 0.047905046 0.004997305 -0.060955577 0.003269053 0.998122633
1403636580713555456.000000 -0.161496803 -0.009509077 0.040351156 0.003354823 -0.056474660 0.000829233 0.998398066
1403636580763555584.000000 -0.130446598 -0.010830712 0.031985115 0.001058746 -0.051444102 -0.002209530 0.998672903
1403636580813555456.000000 -0.096009433 -0.012213614 0.023147589 -0.002514586 -0.044974409 -0.005986566 0.998967052
1403636580863555584.000000 -0.058172587 -0.012222492 0.015826738 -0.007591164 -0.036823686 -0.008986828 0.999252558
1403636580913555456.000000 -0.016836476 -0.013333382 0.006467032 -0.012742915 -0.029613644 -0.012932638 0.999396563
1403636580963555584.000000 0.019570444 -0.015464806 -0.005383153 -0.014766735 -0.021899540 -0.014927077 0.999539673
1403636581013555456.000000 0.055846658 -0.017614281 -0.015881609 -0.014941031 -0.014909136 -0.016451595 0.999641895
1403636581063555584.000000 0.087294921 -0.018701423 -0.023486925 -0.013741971 -0.008097054 -0.015503909 0.999752581
1403636581113555456.000000 0.118922085 -0.019794855 -0.033667192 -0.014278933 -0.001545705 -0.015001734 0.999784350
1403636581163555584.000000 0.148796216 -0.021768378 -0.042283684 -0.014746280 0.006156970 -0.012492341 0.999794304
1403636581213555456.000000 0.173242405 -0.021440163 -0.047601447 -0.015024939 0.014515930 -0.010240405 0.999729395
1403636581263555584.000000 0.193678349 -0.020880569 -0.052209575 -0.014946233 0.023486394 -0.007969799 0.999580741
1403636581313555456.000000 0.209543273 -0.020184604 -0.059378430 -0.014450575 0.030981828 -0.008787157 0.999376893
1403636581363555584.000000 0.218168974 -0.020068012 -0.064459637 -0.015064555 0.036115956 -0.008797707 0.999195397
1403636581413555456.000000 0.216751114 -0.019958720 -0.065100901 -0.017231880 0.037644412 -0.011247873 0.999079347
1403636581463555584.000000 0.208403349 -0.018017856 -0.066173494 -0.018525245 0.035539914 -0.013952810 0.999099135
1403636581513555456.000000 0.190011591 -0.015461935 -0.058234300 -0.019802721 0.030662932 -0.016357528 0.999199748
1403636581563555584.000000 0.168322161 -0.014587026 -0.051507093 -0.020638606 0.024369825 -0.015178590 0.999374688
1403636581613555456.000000 0.142110154 -0.010996977 -0.041886151 -0.019580621 0.017887400 -0.013723418 0.999554098
1403636581663555584.000000 0.112486705 -0.008666015 -0.030002695 -0.018879985 0.012936696 -0.011386610 0.999673247
1403636581713555456.000000 0.082475558 -0.007399025 -0.025427092 -0.018625103 0.008909970 -0.013331902 0.999697924
1403636581763555584.000000 0.050839677 -0.003346776 -0.013497535 -0.016969450 0.007348324 -0.011242125 0.999765873
1403636581813555456.000000 0.019241091 -0.001191905 -0.004755020 -0.013957035 0.005859380 -0.011149680 0.999823332
1403636581863555584.000000 -0.013602990 0.000783111 0.005536300 -0.012748688 0.003606190 -0.010426356 0.999857903
1403636581913555456.000000 -0.046068583 0.002215586 0.014211488 -0.011074803 -0.001220227 -0.008250529 0.999903977
1403636581963555584.000000 -0.079268217 0.000949797 0.019888747 -0.013513907 -0.008004393 -0.007292270 0.999850094
1403636582013555456.000000 -0.107778355 0.001530937 0.028057203 -0.015470745 -0.016101506 -0.005805945 0.999733865
1403636582063555584.000000 -0.133807525 0.001812090 0.035082132 -0.017194839 -0.024791187 -0.005954570 0.999527097
1403636582113555456.000000 -0.155130208 0.001599053 0.040486831 -0.016715635 -0.033344913 -0.006288989 0.999284387
1403636582163555584.000000 -0.169875711 0.000603463 0.044525050 -0.015217072 -0.041008953 -0.005786259 0.999026179
1403636582213555456.000000 -0.179010183 -0.001114703 0.044142026 -0.013586819 -0.046286825 -0.006440572 0.998815060
1403636582263555584.000000 -0.178243265 -0.002566112 0.043900084 0.012640745 0.049896579 0.006628277 -0.998652458
1403636582313555456.000000 -0.168272540 -0.004396625 0.041557744 0.011201271 0.051020663 0.006571649 -0.998613238
1403636582363555584.000000 -0.150184736 -0.006717041 0.036680177 0.010151995 0.048505515 0.005814471 -0.998754442
1403636582413555456.000000 -0.126840949 -0.008500542 0.030953931 -0.009557235 -0.042308856 -0.005649297 0.999042928
1403636582463555584.000000 -0.099538483 -0.010619460 0.023099525 0.009548212 0.034535926 0.005271346 -0.999343932
1403636582513555456.000000 -0.070158064 -0.012377501 0.012975213 0.010991862 0.027725987 0.007510302 -0.999526918
1403636582563555584.000000 -0.038611155 -0.013769085 0.004166108 0.012744884 0.022634940 0.007930936 -0.999631166
1403636582613555456.000000 -0.004580723 -0.015574670 -0.004968620 0.015818913 0.020345833 0.010274941 -0.999615133
1403636582663555584.000000 0.027750690 -0.016185952 -0.014437751 0.018536236 0.017908650 0.010462036 -0.999613106
1403636582713555456.000000 0.059479363 -0.016426133 -0.023761740 0.019723618 0.015511218 0.009852717 -0.999636590
1403636582763555584.000000 0.090530448 -0.015407551 -0.033035196 0.021750597 0.011363256 0.007796290 -0.999668539
1403636582813555456.000000 0.121901035 -0.014267514 -0.041499462 0.024951328 0.006416875 0.005326045 -0.999653935
1403636582863555584.000000 0.153631538 -0.012851251 -0.049900800 0.029422812 -0.000366200 0.002991568 -0.999562562
1403636582913555456.000000 0.181354120 -0.010559200 -0.057529744 -0.032161031 0.008815968 -0.000504374 0.999443710
1403636582963555584.000000 0.206994846 -0.009588289 -0.065819852 0.033853017 -0.017403375 0.000304793 -0.999275267
1403636583013555456.000000 0.227180272 -0.008357784 -0.072954096 -0.035557881 0.025732413 -0.000055622 0.999036252
1403636583063555584.000000 0.239846796 -0.007870127 -0.078194536 0.035456751 -0.031035256 0.001397192 -0.998888254
1403636583113555456.000000 0.245239019 -0.007226970 -0.080717668 0.036376584 -0.033316474 0.002451343 -0.998779655
1403636583163555584.000000 0.242278561 -0.006276403 -0.080321021 0.038428474 -0.033354286 0.004636037 -0.998693824
1403636583213555456.000000 0.231661543 -0.005578570 -0.077055141 0.039022513 -0.032067105 0.006613045 -0.998701811
1403636583263555584.000000 0.214342445 -0.005006481 -0.071235463 0.038248342 -0.030141976 0.007395702 -0.998786151
1403636583313555456.000000 0.192697704 -0.003953599 -0.063217886 0.037344396 -0.028062528 0.007333668 -0.998881459
1403636583363555584.000000 0.166789666 -0.001717872 -0.053733308 0.036574256 -0.025686406 0.007944616 -0.998969197
1403636583413555456.000000 0.138189912 0.000760472 -0.043261271 0.034304544 -0.023319298 0.007119528 -0.999113977
1403636583463555584.000000 0.106389768 0.002794723 -0.033259451 0.032058511 -0.019960374 0.009055054 -0.999245644
1403636583513555456.000000 0.075057849 0.006515778 -0.021142388 -0.030487614 0.016702568 -0.009390044 0.999351561
1403636583563555584.000000 0.041978419 0.009560338 -0.010445328 -0.030224349 0.012261255 -0.011226316 0.999404907
1403636583613555456.000000 0.007988683 0.011598189 0.000612394 -0.032767471 0.006692360 -0.012635141 0.999360800
1403636583663555584.000000 -0.025583357 0.013001028 0.010657781 0.029835371 0.001639287 0.010883016 -0.999494255
1403636583713555456.000000 -0.057652190 0.013867227 0.020358041 -0.028197588 -0.012173477 -0.006934328 0.999504268
1403636583763555584.000000 -0.087251693 0.014817310 0.028308216 0.026133019 0.023626130 0.002950002 -0.999374926
1403636583813555456.000000 -0.114392385 0.015576147 0.035708737 -0.025849329 -0.033744551 -0.000048515 0.999096155
1403636583863555584.000000 -0.138730898 0.016230816 0.041820601 0.025941538 0.041337822 -0.000327465 -0.998808384
1403636583913555456.000000 -0.159484446 0.016878901 0.046412904 -0.026569882 -0.046600267 -0.002658847 0.998556733
1403636583963555584.000000 -0.175999090 0.016952459 0.050709058 -0.025068406 -0.049933728 -0.005629440 0.998422086
1403636584013555456.000000 -0.187312096 0.016024370 0.052179627 -0.022252297 -0.051369116 -0.007287362 0.998405278
1403636584063555584.000000 -0.192405716 0.014312129 0.052287959 0.018501284 0.051470764 0.008262103 -0.998468935
1403636584113555456.000000 -0.189826995 0.012907886 0.050486591 -0.015456990 -0.051432062 -0.007968171 0.998525143
1403636584163555584.000000 -0.179962158 0.011656170 0.048299380 -0.013436032 -0.051586017 -0.008281142 0.998543859
1403636584213555456.000000 -0.163912386 0.010670174 0.045803443 0.012793049 0.051427167 0.009041693 -0.998553932
1403636584263555584.000000 -0.141911566 0.009323113 0.040708251 0.012615957 0.049927574 0.009006805 -0.998632610
1403636584313555456.000000 -0.116154797 0.007837982 0.033703610 0.012767231 0.047693770 0.009478183 -0.998735428
1403636584363555584.000000 -0.086680591 0.006787206 0.028086366 0.014047391 0.046206918 0.011141246 -0.998771012
1403636584413555456.000000 -0.054609738 0.005939594 0.019307233 0.017895659 0.044050921 0.014801743 -0.998759329
1403636584463555584.000000 -0.019315930 0.006237919 0.013236101 0.021102604 0.040597353 0.017146291 -0.998805642
1403636584513555456.000000 0.017473923 0.005271343 0.001807850 -0.022755660 -0.035757050 -0.017932246 0.998940527
1403636584563555584.000000 0.053807218 0.004132363 -0.006459832 -0.024501054 -0.028907975 -0.017201396 0.999133706
1403636584613555456.000000 0.090729117 0.003200937 -0.014333692 0.027020860 0.020109657 0.016471311 -0.999296844
1403636584663555584.000000 0.125351578 0.001410484 -0.022478748 0.030977134 0.009526858 0.015635734 -0.999352396
1403636584713555456.000000 0.158845752 0.000019375 -0.031665806 0.034036055 -0.001443062 0.015586941 -0.999298036
1403636584763555584.000000 0.188523009 -0.001859950 -0.040304415 0.037860479 -0.011462494 0.015226384 -0.999101341
1403636584813555456.000000 0.215979204 -0.003406563 -0.049308132 0.039552044 -0.019759813 0.015210995 -0.998906314
1403636584863555584.000000 0.238572001 -0.005298381 -0.057586282 0.040375184 -0.026620520 0.012870860 -0.998747051
1403636584913555456.000000 0.256036401 -0.004191092 -0.067352287 -0.039457433 0.031393979 -0.011190793 0.998665273
1403636584963555584.000000 0.266323626 -0.005669129 -0.071810074 -0.040275089 0.033900961 -0.008038627 0.998580992
1403636585013555456.000000 0.269688457 -0.006812550 -0.072604962 0.042068001 -0.033629593 0.006721068 -0.998526096
1403636585063555584.000000 0.265942991 -0.007258108 -0.071030401 0.043807339 -0.032008342 0.005433316 -0.998512328
1403636585113555456.000000 0.256201088 -0.007324710 -0.066967472 0.044053599 -0.029724114 0.004949141 -0.998574615
1403636585163555584.000000 0.240714297 -0.006496735 -0.061016869 0.046557147 -0.026964929 0.004223482 -0.998542666
1403636585213555456.000000 0.221228972 -0.004609933 -0.053431474 0.049392596 -0.023837691 0.004569188 -0.998484552
1403636585263555584.000000 0.198847756 -0.001536804 -0.044853322 0.052624706 -0.020471469 0.007738688 -0.998374581
1403636585313555456.000000 0.174926832 0.002004589 -0.035970766 0.055105332 -0.017515879 0.010489079 -0.998271883
1403636585363555584.000000 0.147954106 0.002794479 -0.024848862 0.056790672 -0.014177251 0.015177052 -0.998170078
1403636585413555456.000000 0.127600104 0.009805205 -0.017774297 -0.056867119 0.010221690 -0.017209345 0.998181105
1403636585463555584.000000 0.102399349 0.012950677 -0.009908305 -0.053648084 0.005441804 -0.019033277 0.998363674
1403636585513555456.000000 0.076801904 0.013715812 -0.004120830 0.051046602 0.000006986 0.020286953 -0.998490214
1403636585563555584.000000 0.052848335 0.014947203 -0.000297222 0.045156423 0.005900791 0.021053961 -0.998740613
1403636585613555456.000000 0.030134976 0.017010115 0.002915725 -0.038491208 -0.012107585 -0.020602055 0.998973250
1403636585663555584.000000 0.011543820 0.017773287 0.002859442 -0.032202352 -0.018924462 -0.018487651 0.999131143
1403636585713555456.000000 -0.003936207 0.017852800 0.000659845 0.025883647 0.026210822 0.015628699 -0.999199092
1403636585763555584.000000 -0.014756359 0.018181089 0.000307493 -0.021919835 -0.034055993 -0.012515377 0.999101222
1403636585813555456.000000 -0.022855921 0.017936938 -0.003103388 -0.017521396 -0.041972294 -0.008322561 0.998930514
1403636585863555584.000000 -0.028378196 0.017653037 -0.007109896 0.013946369 0.051152501 0.004737144 -0.998582244
1403636585913555456.000000 -0.030910958 0.016844932 -0.011096809 -0.011513688 -0.060440656 -0.001619737 0.998104095
1403636585963555584.000000 -0.032286759 0.016702292 -0.014899148 -0.011912350 -0.071083844 0.000921207 0.997398853
1403636586013555456.000000 -0.032827549 0.016699977 -0.018109923 0.015334250 0.083072752 -0.003327520 -0.996420026
1403636586063555584.000000 -0.032506026 0.016807005 -0.020930078 0.022279907 0.095460013 -0.004061465 -0.995175719
1403636586113555456.000000 -0.032028824 0.015411301 -0.023979543 -0.028942056 -0.106220745 0.006022315 0.993903041
1403636586163555584.000000 -0.030524077 0.013291311 -0.027227780 -0.034404133 -0.115592144 0.008358022 0.992665648
1403636586213555456.000000 -0.029374085 0.010935430 -0.030789288 0.036924269 0.124152616 -0.010822481 -0.991516888
1403636586263555584.000000 -0.028757367 0.008721023 -0.034980286 0.037804548 0.133591011 -0.012491479 -0.990236521
1403636586313555456.000000 -0.028470965 0.007197834 -0.039467216 0.038803983 0.143480331 -0.015345448 -0.988773108
1403636586363555584.000000 -0.028907163 0.006334797 -0.045027394 -0.039773528 -0.153712153 0.017661342 0.987156928
1403636586413555456.000000 -0.029797697 0.005748611 -0.050545570 -0.040429622 -0.163800701 0.020836318 0.985444427
1403636586463555584.000000 -0.030966166 0.005934321 -0.056276489 0.040627759 0.173501551 -0.021059876 -0.983769834
1403636586513555456.000000 -0.031570796 0.007170520 -0.061762400 0.040522985 0.181980848 -0.020514987 -0.982252538
1403636586563555584.000000 -0.031209808 0.009273360 -0.066368580 0.039164323 0.188602731 -0.019963538 -0.981069148
1403636586613555456.000000 -0.029961117 0.012447335 -0.069751136 0.037728786 0.192428425 -0.019612191 -0.980389357
1403636586663555584.000000 -0.027979761 0.016701156 -0.071695924 0.037745547 0.193007648 -0.020385401 -0.980259061
1403636586713555456.000000 -0.025204349 0.021058792 -0.073525786 -0.036775757 -0.190512061 0.020442095 0.980782807
1403636586763555584.000000 -0.023584329 0.025340699 -0.073188253 0.034456450 0.186712980 -0.021367634 -0.981577516
1403636586813555456.000000 -0.021878902 0.030070864 -0.071759142 0.032487873 0.182545394 -0.021490848 -0.982425570
1403636586863555584.000000 -0.021177817 0.033733241 -0.069889098 0.031357214 0.178823814 -0.020575110 -0.983166099
1403636586913555456.000000 -0.020829320 0.035737891 -0.067773022 0.029617094 0.176057547 -0.018388536 -0.983762383
1403636586963555584.000000 -0.020333173 0.036871787 -0.065552495 0.027350215 0.173857197 -0.017228825 -0.984240234
1403636587013555456.000000 -0.019196898 0.037947956 -0.063008167 0.024860935 0.172873318 -0.014309028 -0.984526277
1403636587063555584.000000 -0.018086869 0.038749732 -0.060466900 0.023465978 0.173628971 -0.013126115 -0.984444082
1403636587113555456.000000 -0.016680894 0.040163904 -0.057961471 0.022302656 0.176093593 -0.011160070 -0.984057486
1403636587163555584.000000 -0.015638817 0.042812541 -0.055372443 0.021937240 0.178565443 -0.009683195 -0.983635783
1403636587213555456.000000 -0.013943953 0.046304971 -0.052642729 -0.021156108 -0.180073231 0.009312175 0.983381629
1403636587263555584.000000 -0.013022271 0.051934138 -0.049886368 -0.021576745 -0.181057900 0.009949953 0.983185470
1403636587313555456.000000 -0.012488084 0.059849150 -0.046900980 0.022162413 0.181629732 -0.010962378 -0.983056128
1403636587363555584.000000 -0.011312296 0.069453716 -0.043675710 0.023419332 0.182372868 -0.011917618 -0.982878327
1403636587413555456.000000 -0.009990280 0.080520578 -0.040653415 0.024462869 0.183157891 -0.013188944 -0.982690632
1403636587463555584.000000 -0.008734673 0.093231589 -0.037945900 0.025408080 0.184218213 -0.015259726 -0.982438385
1403636587513555456.000000 -0.007357240 0.107588299 -0.035771761 0.026160203 0.185236394 -0.017448792 -0.982190788
1403636587563555584.000000 -0.006027204 0.123580121 -0.034033619 0.027034864 0.185800254 -0.019259281 -0.982026756
1403636587613555456.000000 -0.005719270 0.141164437 -0.032063425 -0.029096171 -0.185159355 0.020976266 0.982053757
1403636587663555584.000000 -0.003559077 0.159300178 -0.030356057 -0.031222574 -0.182905376 0.022864629 0.982368648
1403636587713555456.000000 -0.000659010 0.178210959 -0.028941868 0.034037959 0.179473743 -0.025081331 -0.982853770
1403636587763555584.000000 0.002077380 0.197179705 -0.027444679 0.037235163 0.175597429 -0.027835984 -0.983363807
1403636587813555456.000000 0.004262180 0.216093108 -0.026041370 0.040896565 0.172736660 -0.029695276 -0.983670592
1403636587863555584.000000 0.004841118 0.234183356 -0.023580361 -0.044269677 -0.171658963 0.031749364 0.983649075
1403636587913555456.000000 0.004951966 0.252182513 -0.022444807 -0.047581322 -0.172793850 0.033036709 0.983253300
1403636587963555584.000000 0.003945027 0.269728810 -0.021876805 0.052130729 0.176341116 -0.033993170 -0.982359827
1403636588013555456.000000 0.002845486 0.286173224 -0.021335501 0.057291999 0.181632400 -0.034240711 -0.981098831
1403636588063555584.000000 0.001353174 0.300731242 -0.020411205 0.061305869 0.186247036 -0.036371890 -0.979913712
1403636588113555456.000000 -0.000300146 0.313315719 -0.019215293 0.062332191 0.189521208 -0.037716579 -0.979170024
1403636588163555584.000000 -0.003029141 0.324989974 -0.017020579 -0.063364081 -0.191070467 0.037110947 0.978825748
1403636588213555456.000000 -0.004620789 0.334176809 -0.015926518 -0.062763482 -0.191406026 0.037045151 0.978801370
1403636588263555584.000000 -0.006210691 0.341355860 -0.015190840 0.061959658 0.190508366 -0.037399024 -0.979014218
1403636588313555456.000000 -0.007326306 0.346114129 -0.014517414 0.060649022 0.188758209 -0.038366463 -0.979397774
1403636588363555584.000000 -0.008359039 0.348710686 -0.014036736 0.058883563 0.186915278 -0.038763560 -0.979843259
1403636588413555456.000000 -0.009386990 0.349150538 -0.014161600 0.058276150 0.185284123 -0.040014461 -0.980139077
1403636588463555584.000000 -0.010187328 0.347590476 -0.014542509 0.058267325 0.184755296 -0.040709652 -0.980210841
1403636588513555456.000000 -0.010254840 0.344222814 -0.015607482 0.059994750 0.185314268 -0.039694890 -0.980042696
1403636588563555584.000000 -0.009395774 0.338551760 -0.016952474 0.061084718 0.185266092 -0.038906485 -0.980016112
1403636588613555456.000000 -0.008276436 0.330316216 -0.018923014 0.060930498 0.184859127 -0.038997743 -0.980098903
1403636588663555584.000000 -0.007240256 0.320276678 -0.021195052 -0.060165759 -0.184331194 0.038553163 0.980263174
1403636588713555456.000000 -0.007408949 0.308297187 -0.023496943 -0.058183439 -0.184822917 0.039071076 0.980269730
1403636588763555584.000000 -0.008321614 0.294996351 -0.025706785 -0.055715818 -0.186312795 0.037886988 0.980177522
1403636588813555456.000000 -0.009406667 0.280243605 -0.027747925 -0.053517528 -0.187888190 0.037193514 0.980025828
1403636588863555584.000000 -0.010614067 0.263999164 -0.029251203 -0.051196765 -0.188736379 0.037039414 0.979992628
1403636588913555456.000000 -0.011561865 0.245709538 -0.031134678 0.048377305 0.188672259 -0.036931276 -0.980152309
1403636588963555584.000000 -0.011856342 0.226314515 -0.033262804 -0.045719955 -0.187915266 0.035943832 0.980461955
1403636589013555456.000000 -0.011755187 0.205916971 -0.035661958 -0.042745292 -0.186169863 0.034764823 0.980971515
1403636589063555584.000000 -0.011225235 0.184808880 -0.038519599 0.039425943 0.183701202 -0.033405684 -0.981622934
1403636589113555456.000000 -0.010338704 0.163050890 -0.041279092 0.036285728 0.181129992 -0.031307887 -0.982290745
1403636589163555584.000000 -0.009212540 0.140531734 -0.043808151 0.033916038 0.178730115 -0.030162891 -0.982850730
1403636589213555456.000000 -0.006603650 0.117055915 -0.047888510 0.031292863 0.177994505 -0.029592853 -0.983088553
1403636589263555584.000000 -0.006337527 0.093055911 -0.050150026 0.029260162 0.178209916 -0.028549351 -0.983142972
1403636589313555456.000000 -0.006648778 0.068890207 -0.051846728 0.026571590 0.179583028 -0.026600135 -0.983024061
1403636589363555584.000000 -0.006555432 0.044028372 -0.054479472 0.023899136 0.182044536 -0.025507145 -0.982668817
1403636589413555456.000000 -0.007823302 0.020202084 -0.055270001 0.021658484 0.184000641 -0.023290111 -0.982411504
1403636589463555584.000000 -0.011499769 -0.003189935 -0.054699551 -0.020677870 -0.183924124 0.020963976 0.982499361
1403636589513555456.000000 -0.013196892 -0.027024409 -0.055651687 -0.019480553 -0.183090612 0.020348884 0.982692361
1403636589563555584.000000 -0.015138224 -0.051032249 -0.057233959 -0.017530859 -0.181820378 0.019958925 0.982972860
1403636589613555456.000000 -0.017190920 -0.074492231 -0.058257647 -0.016297285 -0.180530861 0.018784432 0.983254969
1403636589663555584.000000 -0.019221475 -0.097942218 -0.059305403 -0.014694780 -0.179317981 0.017705716 0.983522117
1403636589713555456.000000 -0.021187067 -0.120980188 -0.060835183 -0.013303165 -0.178694606 0.016877234 0.983669877
1403636589763555584.000000 -0.024081198 -0.143603534 -0.061555706 -0.009864935 -0.179136723 0.016611183 0.983634531
1403636589813555456.000000 -0.027417844 -0.164751694 -0.062301502 -0.005854104 -0.181136936 0.015819760 0.983313262
1403636589863555584.000000 -0.030922612 -0.184268549 -0.062666461 -0.001973682 -0.184492037 0.014718344 0.982721865
1403636589913555456.000000 -0.035147335 -0.203887522 -0.064212881 0.001960215 -0.187209442 0.014023888 0.982217968
1403636589963555584.000000 -0.038490061 -0.220319033 -0.064079359 0.006648785 -0.189129397 0.014436853 0.981823564
1403636590013555456.000000 -0.041354887 -0.235296965 -0.064830825 0.011179130 -0.188717559 0.014493886 0.981860816
1403636590063555584.000000 -0.042370316 -0.247604221 -0.065002188 0.014430639 -0.186188489 0.013973822 0.982308686
1403636590113555456.000000 -0.043146584 -0.258335352 -0.066253759 0.017484942 -0.182634220 0.013548431 0.982932150
1403636590163555584.000000 -0.042985801 -0.265361339 -0.066556036 0.020410078 -0.179306716 0.013763201 0.983485162
1403636590213555456.000000 -0.042309508 -0.269035697 -0.067362055 -0.021744566 0.177136391 -0.013207345 -0.983857453
1403636590263555584.000000 -0.041716762 -0.269431233 -0.068360440 -0.021863217 0.176548228 -0.012244883 -0.983973026
1403636590313555456.000000 -0.041149925 -0.266765743 -0.069826029 -0.021003062 0.177492499 -0.010953290 -0.983837008
1403636590363555584.000000 -0.040541153 -0.261169374 -0.071598381 -0.018730657 0.178619489 -0.010652916 -0.983682275
1403636590413555456.000000 -0.039556190 -0.252558142 -0.073655076 -0.016118996 0.179328084 -0.009963720 -0.983606815
1403636590463555584.000000 -0.038174171 -0.241040081 -0.075715743 -0.012233254 0.179098263 -0.009695324 -0.983707368
1403636590513555456.000000 -0.035892282 -0.226360545 -0.077301525 -0.008786105 0.177983940 -0.008864736 -0.983954251
1403636590563555584.000000 -0.033700280 -0.210249916 -0.079414435 -0.005038227 0.176406890 -0.008112385 -0.984270990
1403636590613555456.000000 -0.031726439 -0.192805365 -0.082156144 0.002102328 -0.174490064 0.007860279 0.984625340
1403636590663555584.000000 -0.029863577 -0.173653722 -0.083679654 -0.001298254 -0.173573822 0.008048886 0.984787166
1403636590713555456.000000 -0.028145317 -0.153607041 -0.084216848 0.004379524 0.173843056 -0.008413903 -0.984727681
1403636590763555584.000000 -0.027145769 -0.132444412 -0.084434852 0.007431182 0.175350830 -0.009940004 -0.984427869
1403636590813555456.000000 -0.026679903 -0.110528395 -0.083972216 0.008493535 0.178013459 -0.011927551 -0.983919084
1403636590863555584.000000 -0.026591912 -0.087666929 -0.082924172 0.009848970 0.181049734 -0.014157774 -0.983322740
1403636590913555456.000000 -0.026233397 -0.063965596 -0.081709206 0.011310762 0.183674455 -0.015422099 -0.982801080
1403636590963555584.000000 -0.024947440 -0.038238138 -0.079160824 0.012613521 0.185615346 -0.015649956 -0.982416928
1403636591013555456.000000 -0.024620490 -0.014345079 -0.077263296 0.012932427 0.185646400 -0.015955225 -0.982402027
1403636591063555584.000000 -0.024157958 0.008783755 -0.075140640 0.012069060 0.184776872 -0.016695864 -0.982564569
1403636591113555456.000000 -0.023794591 0.030931672 -0.074038632 -0.011558562 -0.183440715 0.017726980 0.982802927
1403636591163555584.000000 -0.023010876 0.052752312 -0.071961023 -0.011689039 -0.183360279 0.019376794 0.982785285
1403636591213555456.000000 -0.022223333 0.073737890 -0.069473065 0.012243333 0.184152037 -0.020409876 -0.982609630
1403636591263555584.000000 -0.022278678 0.093443476 -0.067086481 0.013385849 0.185402125 -0.021363696 -0.982339323
1403636591313555456.000000 -0.022907009 0.111525618 -0.064631052 0.015181114 0.186813697 -0.021919606 -0.982033491
1403636591363555584.000000 -0.024165671 0.127312407 -0.062313296 0.017587569 0.188101247 -0.022881815 -0.981725514
1403636591413555456.000000 -0.026053803 0.140678436 -0.059811380 0.019728657 0.188637704 -0.024019267 -0.981554747
1403636591463555584.000000 -0.026695136 0.152414590 -0.056329012 0.020512806 0.189548343 -0.025484737 -0.981326342
1403636591513555456.000000 -0.029050237 0.162696853 -0.052631926 0.023200529 0.188511685 -0.025382202 -0.981468737
1403636591563555584.000000 -0.031309582 0.171933681 -0.048555374 0.029061014 0.184743732 -0.025973484 -0.982013583
1403636591613555456.000000 -0.035137240 0.179385260 -0.043628294 -0.037709560 -0.177671939 0.027184067 0.982991219
1403636591663555584.000000 -0.036662549 0.185638174 -0.039011851 -0.044524059 -0.168295518 0.027500054 0.984346509
1403636591713555456.000000 -0.037023906 0.190421134 -0.035286877 0.049922764 0.157886758 -0.026608903 -0.985835493
1403636591763555584.000000 -0.036642265 0.194218159 -0.031904511 0.055489108 0.147431284 -0.025275476 -0.987191021
1403636591813555456.000000 -0.035402782 0.197477892 -0.028823769 0.061374944 0.136657029 -0.024732754 -0.988406003
1403636591863555584.000000 -0.034083106 0.200193733 -0.025923057 0.066275045 0.127786011 -0.024928447 -0.989270985
1403636591913555456.000000 -0.032485474 0.203132182 -0.022893835 0.071132094 0.122194409 -0.026158592 -0.989608288
1403636591963555584.000000 -0.031270351 0.206107393 -0.019328855 0.075093374 0.121648498 -0.029615246 -0.989285409
1403636592013555456.000000 -0.029657494 0.210650802 -0.014683156 0.079319797 0.124983095 -0.032906998 -0.988435507
1403636592063555584.000000 -0.027735453 0.216670662 -0.008098405 0.084668592 0.128324077 -0.037186023 -0.987411499
1403636592113555456.000000 -0.025154786 0.223735824 -0.000258563 -0.089868575 -0.131792843 0.041402820 0.986326575
1403636592163555584.000000 -0.022767961 0.231034741 0.008806057 -0.094651781 -0.135639191 0.045300286 0.985185742
1403636592213555456.000000 -0.020228880 0.237756237 0.018545195 0.098079324 0.140276104 -0.047897842 -0.984077692
1403636592263555584.000000 -0.016966414 0.244132161 0.029369518 0.100025207 0.144754797 -0.049382374 -0.983159423
1403636592313555456.000000 -0.013170011 0.249373168 0.041183662 0.099882998 0.148804709 -0.050265908 -0.982524276
1403636592363555584.000000 -0.009030438 0.253208548 0.054850832 -0.097934254 -0.152205661 0.052976746 0.982056975
1403636592413555456.000000 -0.004038569 0.254457623 0.069067270 -0.093729302 -0.154985324 0.053492926 0.982004583
1403636592463555584.000000 0.001811558 0.253406078 0.084460713 -0.088398702 -0.155455530 0.052980859 0.982452214
1403636592513555456.000000 0.007784947 0.249524474 0.101110935 -0.081346482 -0.153097853 0.050737940 0.983549476
1403636592563555584.000000 0.014174988 0.243510112 0.116944499 -0.073808804 -0.148803636 0.047137678 0.984981120
1403636592613555456.000000 0.019918025 0.235027358 0.133134633 0.065045260 0.144120052 -0.042276006 -0.986514747
1403636592663555584.000000 0.024952164 0.224386409 0.148982957 0.056801695 0.140477300 -0.036672201 -0.987772763
1403636592713555456.000000 0.029857138 0.211385161 0.163874418 -0.047596358 -0.138383135 0.031575631 0.988730311
1403636592763555584.000000 0.033384662 0.195258155 0.177773446 -0.036243465 -0.137930155 0.026771575 0.989416480
1403636592813555456.000000 0.036249407 0.176145375 0.189171806 0.023077587 0.138555646 -0.023008384 -0.989818394
1403636592863555584.000000 0.037705485 0.153868780 0.198412061 -0.008102072 -0.140646473 0.019999389 0.989824772
1403636592913555456.000000 0.037304573 0.128962860 0.204962105 0.006399984 -0.143618494 0.016299695 0.989478230
1403636592963555584.000000 0.035833891 0.101640180 0.210630953 0.020604823 -0.146857321 0.012790411 0.988860428
1403636593013555456.000000 0.033113360 0.072115064 0.209558964 0.035222869 -0.150028422 0.009001130 0.988013148
1403636593063555584.000000 0.029739460 0.041654091 0.205629200 0.049038313 -0.152972072 0.004809559 0.987001359
1403636593113555456.000000 0.025613775 0.010439809 0.197535485 0.061952151 -0.154966593 -0.000618508 0.985975087
1403636593163555584.000000 0.020447223 -0.020413386 0.186232105 0.075188816 -0.156279147 -0.002963232 0.984842479
1403636593213555456.000000 0.015097815 -0.051176060 0.171625108 0.086703837 -0.157013342 -0.003096509 0.983778298
1403636593263555584.000000 0.009229548 -0.080317535 0.154271603 -0.098332793 0.157788560 0.001841079 -0.982563019
1403636593313555456.000000 0.002254481 -0.105178110 0.135611698 0.106270328 -0.159910649 -0.001812234 0.981392920
1403636593363555584.000000 -0.005358383 -0.126594692 0.115227371 0.110857621 -0.162350103 -0.003141092 0.980481148
1403636593413555456.000000 -0.014914948 -0.143709525 0.092859820 0.113302723 -0.164290875 -0.003682104 0.979876280
1403636593463555584.000000 -0.024499772 -0.155457452 0.071061939 0.112833142 -0.165922523 -0.005257383 0.979648352
1403636593513555456.000000 -0.034823325 -0.162144035 0.048985571 -0.109322086 0.167496130 0.004846859 -0.979780734
1403636593563555584.000000 -0.045196481 -0.165277004 0.026484119 0.105220325 -0.169698372 -0.002422668 0.979859829
1403636593613555456.000000 -0.056390259 -0.163968146 0.005476034 0.099130221 -0.173192188 0.001457947 0.979885519
1403636593663555584.000000 -0.067123070 -0.158657134 -0.014904964 -0.092061713 0.177431375 -0.007266832 -0.979790866
1403636593713555456.000000 -0.077678822 -0.148636535 -0.036035329 0.081848301 -0.181773782 0.012686096 0.979846060
1403636593763555584.000000 -0.087237284 -0.135354310 -0.054616317 0.068519622 -0.184869319 0.019609861 0.980175495
1403636593813555456.000000 -0.095554970 -0.119003192 -0.075883761 0.052107457 -0.185421169 0.026547015 0.980917513
1403636593863555584.000000 -0.102406479 -0.098939754 -0.092339091 0.034084555 -0.182985723 0.034712102 0.981911242
1403636593913555456.000000 -0.107640751 -0.076554306 -0.107424363 0.014834901 -0.178206027 0.042630903 0.982957363
1403636593963555584.000000 -0.110830523 -0.049009807 -0.120842665 -0.004290692 -0.172754377 0.049367379 0.983717680
1403636594013555456.000000 -0.112865254 -0.022793759 -0.132087559 -0.024401963 -0.166830674 0.055363290 0.984127522
1403636594063555584.000000 -0.114092126 0.003253373 -0.141904563 -0.044968866 -0.162049532 0.061434865 0.983841181
1403636594113555456.000000 -0.113790415 0.031182699 -0.147087634 -0.062929586 -0.159258932 0.067657366 0.982903361
1403636594163555584.000000 -0.112856179 0.059662636 -0.148295507 0.079399511 0.158509061 -0.073675096 -0.981398284
1403636594213555456.000000 -0.111617014 0.086706080 -0.147076115 -0.094046958 -0.158409879 0.078208663 0.979767799
1403636594263555584.000000 -0.108743586 0.115728937 -0.140058264 -0.106107682 -0.159025639 0.080707774 0.978232265
1403636594313555456.000000 -0.104295701 0.144706234 -0.129092515 0.115871914 0.159516841 -0.081128486 -0.977008820
1403636594363555584.000000 -0.098645337 0.173309222 -0.114804640 0.124292426 0.159140289 -0.080303133 -0.976103067
1403636594413555456.000000 -0.091542214 0.200466067 -0.098440401 -0.130547091 -0.156769723 0.078197107 0.975841224
1403636594463555584.000000 -0.083606094 0.226420581 -0.078841329 -0.134759858 -0.152739480 0.074680276 0.976182997
1403636594513555456.000000 -0.075225666 0.250179768 -0.057720535 0.136599660 0.147448733 -0.071182668 -0.977001727
1403636594563555584.000000 -0.066381991 0.270167351 -0.032841384 -0.137449771 -0.141328573 0.071029969 0.977797866
1403636594613555456.000000 -0.057752490 0.284557879 -0.009928743 -0.136424214 -0.136646792 0.071055308 0.978604794
1403636594663555584.000000 -0.049771473 0.292410284 0.012006496 0.134889185 0.132846594 -0.072131321 -0.979261935
1403636594713555456.000000 -0.041689888 0.295408547 0.034946114 -0.131515399 -0.130463496 0.071113274 0.980115235
1403636594763555584.000000 -0.035117421 0.290828049 0.056200992 -0.125243396 -0.128547683 0.069301613 0.981318951
1403636594813555456.000000 -0.030121353 0.279204994 0.077201605 -0.115474924 -0.126898289 0.065164424 0.983013749
1403636594863555584.000000 -0.025950477 0.260960042 0.096174248 -0.104267873 -0.125149623 0.060185101 0.984806359
1403636594913555456.000000 -0.022190411 0.236570045 0.113815747 -0.090705462 -0.123365730 0.052685305 0.986801803
1403636594963555584.000000 -0.019738225 0.206070691 0.127470285 -0.074749701 -0.122179210 0.044106450 0.988705933
1403636595013555456.000000 -0.019885529 0.171539351 0.143987611 -0.054887284 -0.121115491 0.036805760 0.990436196
1403636595063555584.000000 -0.020314008 0.133118466 0.150829881 -0.034831662 -0.122160845 0.028438395 0.991491199
1403636595113555456.000000 -0.022394415 0.093816526 0.156546891 -0.014624233 -0.124785788 0.021534868 0.991842210
1403636595163555584.000000 -0.025265647 0.054373447 0.157488376 0.004325064 -0.127917916 0.015383541 0.991656065
1403636595213555456.000000 -0.029058550 0.017219342 0.156240925 0.022958631 -0.131291002 0.011315785 0.991013408
1403636595263555584.000000 -0.033373110 -0.017251134 0.150923073 0.040299658 -0.134342551 0.007185100 0.990089118
1403636595313555456.000000 -0.039150309 -0.046765931 0.144062042 0.055231769 -0.137377039 0.003322268 0.988972187
1403636595363555584.000000 -0.044783585 -0.071276449 0.133174703 0.066600390 -0.139612615 -0.000655191 0.987963736
1403636595413555456.000000 -0.050523575 -0.089295700 0.120622374 0.074384347 -0.141283363 -0.002476151 0.987167597
1403636595463555584.000000 -0.056547951 -0.100807913 0.107449129 0.079709545 -0.142862722 -0.004260499 0.986518383
1403636595513555456.000000 -0.062494710 -0.104518153 0.093108997 0.082133152 -0.145006314 -0.004215820 0.986006856
1403636595563555584.000000 -0.068865247 -0.103873305 0.077352010 0.084067717 -0.147517726 -0.005800264 0.985463142
1403636595613555456.000000 -0.074949183 -0.094201148 0.062106319 0.083151579 -0.149924114 -0.006094766 0.985175908
1403636595663555584.000000 -0.081656970 -0.079424836 0.046731789 0.079315439 -0.152065173 -0.006680681 0.985160232
1403636595713555456.000000 -0.088011548 -0.059201777 0.032169357 0.072130397 -0.153271154 -0.005501411 0.985532820
1403636595763555584.000000 -0.094880462 -0.035429582 0.017502584 0.061688673 -0.153696612 -0.005815723 0.986173511
1403636595813555456.000000 -0.101334192 -0.007910441 0.004058655 0.047191292 -0.153312996 -0.004576481 0.987039626
1403636595863555584.000000 -0.108238235 0.020767342 -0.008692954 -0.031721752 0.152706698 0.002850018 -0.987758279
1403636595913555456.000000 -0.114837274 0.048859734 -0.023129269 0.015707545 -0.152602211 0.001444625 0.988161862
1403636595963555584.000000 -0.121381022 0.076216757 -0.036674295 -0.000025862 -0.153435737 0.005802140 0.988141596
1403636596013555456.000000 -0.127611205 0.100734450 -0.052855786 -0.015521157 -0.155553982 0.009765513 0.987657249
1403636596063555584.000000 -0.134121299 0.120873734 -0.068768978 -0.030522939 -0.157616526 0.014917940 0.986915827
1403636596113555456.000000 -0.140336290 0.135693073 -0.085993044 -0.043182544 -0.159419090 0.020526521 0.986052513
1403636596163555584.000000 -0.145911083 0.143017396 -0.102489620 -0.052220438 -0.160550937 0.025310265 0.985320210
1403636596213555456.000000 -0.150333568 0.143281415 -0.119074054 0.058011126 0.160174713 -0.029098725 -0.984952807
1403636596263555584.000000 -0.153945357 0.136768445 -0.136603788 -0.060689133 -0.158938527 0.033031914 0.984867632
1403636596313555456.000000 -0.155894130 0.124281131 -0.154141963 -0.062101096 -0.156939104 0.036016498 0.984995663
1403636596363555584.000000 -0.157335252 0.107607760 -0.173361629 -0.063424900 -0.154693171 0.037134357 0.985225081
1403636596413555456.000000 -0.157954454 0.088142760 -0.193357274 0.064120807 0.152097344 -0.035953730 -0.985627890
1403636596463555584.000000 -0.159171581 0.067944027 -0.213381127 0.063389927 0.149190485 -0.033754237 -0.986197054
1403636596513555456.000000 -0.160608977 0.048136245 -0.231942028 0.062061369 0.146544933 -0.030668342 -0.986778855
1403636596563555584.000000 -0.161800101 0.030208077 -0.248080760 -0.060096890 -0.144694939 0.027203811 0.987274885
1403636596613555456.000000 -0.163419172 0.013329239 -0.261913389 -0.060022227 -0.144720837 0.025392912 0.987323940
1403636596663555584.000000 -0.164384514 -0.001308033 -0.272000372 0.059605815 0.146028325 -0.024679821 -0.987174630
1403636596713555456.000000 -0.165754840 -0.012562690 -0.278427482 0.058681410 0.147470534 -0.023899062 -0.987034857
1403636596763555584.000000 -0.166077912 -0.019774036 -0.280131459 0.057384029 0.147468224 -0.021345392 -0.987170041
1403636596813555456.000000 -0.165674090 -0.023091920 -0.276765943 0.056995630 0.145086154 -0.019539129 -0.987582862
1403636596863555584.000000 -0.163523063 -0.022847716 -0.268139273 0.057155129 0.142182812 -0.015858131 -0.988061726
1403636596913555456.000000 -0.159993455 -0.019816069 -0.254468471 0.057814300 0.139421672 -0.013692461 -0.988449156
1403636596963555584.000000 -0.154813275 -0.014084285 -0.236062154 0.059012663 0.139386043 -0.010190792 -0.988425672
1403636597013555456.000000 -0.148461193 -0.006783166 -0.213629335 0.060099822 0.141746864 -0.009950696 -0.988026738
1403636597063555584.000000 -0.141442642 0.002221546 -0.187752321 -0.060061432 -0.147304624 0.008887285 0.987225950
1403636597113555456.000000 -0.133328110 0.011261526 -0.159385338 -0.057516191 -0.153185308 0.009500166 0.986476541
1403636597163555584.000000 -0.123536244 0.020867946 -0.128969654 0.052637592 0.158404365 -0.007780796 -0.985939622
1403636597213555456.000000 -0.111702286 0.030313846 -0.097797751 0.046299729 0.161586404 -0.005759604 -0.985755086
1403636597263555584.000000 -0.098228812 0.039263036 -0.066642925 -0.039595991 -0.162415043 0.002728950 0.985924006
1403636597313555456.000000 -0.084280066 0.047024578 -0.035050556 -0.032269277 -0.161351696 -0.001379404 0.986368299
1403636597363555584.000000 -0.069730818 0.052929074 -0.003222368 0.024229979 0.159217328 0.004287666 -0.986936867
1403636597413555456.000000 -0.056260955 0.057607003 0.027812432 0.016638011 0.157306343 0.009504856 -0.987363994
1403636597463555584.000000 -0.043667071 0.060423624 0.057865914 -0.008063529 -0.155614555 -0.013939875 0.987686634
1403636597513555456.000000 -0.033287518 0.060492456 0.083874196 0.001522278 -0.153679475 -0.019556619 0.987926066
1403636597563555584.000000 -0.025016218 0.057751730 0.106510080 0.012716150 -0.150872976 -0.022470748 0.988215983
1403636597613555456.000000 -0.019478854 0.051933009 0.123714507 0.025018407 -0.146978393 -0.024025504 0.988531411
1403636597663555584.000000 -0.017022856 0.043277331 0.135480478 -0.037471786 0.142628774 0.025114814 -0.988747776
1403636597713555456.000000 -0.016128410 0.032261331 0.142214343 0.049100369 -0.138295338 -0.026366547 0.988821745
1403636597763555584.000000 -0.017627245 0.020317947 0.142708361 0.058415398 -0.134068131 -0.028258231 0.988845289
1403636597813555456.000000 -0.021095732 0.008353539 0.137745380 -0.065985948 0.130110785 0.030389261 -0.988834500
1403636597863555584.000000 -0.026025740 -0.002625326 0.128352135 -0.070993207 0.127166852 0.034013074 -0.988752604
1403636597913555456.000000 -0.032221165 -0.012245201 0.115023814 -0.075674213 0.125514805 0.038212217 -0.988463163
1403636597963555584.000000 -0.039639492 -0.020473883 0.098917045 -0.078382783 0.125863776 0.042353526 -0.988038838
1403636598013555456.000000 -0.048135847 -0.027050763 0.080312148 -0.080213748 0.128076583 0.045430120 -0.987470627
1403636598063555584.000000 -0.057795513 -0.032130342 0.060570315 -0.080646336 0.131861731 0.046645995 -0.986880362
1403636598113555456.000000 -0.068214543 -0.035167675 0.039300900 0.081054278 -0.138185740 -0.046460774 0.985990047
1403636598163555584.000000 -0.079387978 -0.036292031 0.019843310 0.079328239 -0.145887658 -0.046786610 0.985005081
1403636598213555456.000000 -0.091548957 -0.035423506 0.002078551 -0.076475881 0.155298963 0.047142219 -0.983774006
1403636598263555584.000000 -0.103061289 -0.032855619 -0.012583395 0.073470011 -0.164718524 -0.049409382 0.982358754
1403636598313555456.000000 -0.113957450 -0.029159419 -0.023203181 0.069853894 -0.171876892 -0.049858559 0.981373012
1403636598363555584.000000 -0.123071842 -0.024048479 -0.029347600 0.065398566 -0.176406816 -0.052280020 0.980750024
1403636598413555456.000000 -0.130947351 -0.018328417 -0.030477703 0.060763199 -0.178432792 -0.052937828 0.980646372
1403636598463555584.000000 -0.137951374 -0.011650374 -0.027400343 0.058416665 -0.178204805 -0.054789986 0.980728626
1403636598513555456.000000 -0.142303541 -0.005394808 -0.018983804 0.057719424 -0.175416574 -0.054920107 0.981265128
1403636598563555584.000000 -0.144175097 0.000257731 -0.006280818 -0.060383778 0.170159221 0.055522379 -0.981996417
1403636598613555456.000000 -0.145560578 0.006431637 0.008988569 0.063855879 -0.162956387 -0.054887038 0.983033657
1403636598663555584.000000 -0.145735458 0.011750305 0.026772689 0.068892539 -0.154928342 -0.054848440 0.983993232
1403636598713555456.000000 -0.146545365 0.016733546 0.045552336 0.075039208 -0.145470023 -0.054290909 0.985017836
1403636598763555584.000000 -0.148524463 0.021122979 0.065173298 0.082260758 -0.134522557 -0.053698953 0.986029029
1403636598813555456.000000 -0.152027398 0.025557449 0.084471777 0.088378035 -0.123095773 -0.052199587 0.987072408
1403636598863555584.000000 -0.156668976 0.029919777 0.103323653 0.092440732 -0.111097097 -0.050688580 0.988201857
1403636598913555456.000000 -0.162592754 0.034131039 0.120617874 0.094397865 -0.100399122 -0.048681859 0.989261925
1403636598963555584.000000 -0.168979153 0.038342185 0.137539595 0.094425842 -0.091146201 -0.049125392 0.990132749
1403636599013555456.000000 -0.175958738 0.041761789 0.152439356 0.095473111 -0.083380938 -0.049318839 0.990706921
1403636599063555584.000000 -0.181735829 0.044363409 0.165506974 0.097886108 -0.074717589 -0.047387742 0.991256893
1403636599113555456.000000 -0.186821163 0.046500608 0.176442057 0.102209568 -0.065066732 -0.044885904 0.991617262
1403636599163555584.000000 -0.190081224 0.048139341 0.185681492 0.107034959 -0.052694723 -0.041565090 0.991987467
1403636599213555456.000000 -0.192398801 0.049286608 0.194129139 0.107932679 -0.036508054 -0.041029241 0.992640138
1403636599263555584.000000 -0.194087118 0.050209835 0.202416003 0.108621210 -0.020704120 -0.037881739 0.993145406
1403636599313555456.000000 -0.196037218 0.050329834 0.209703445 0.108880803 -0.007290170 -0.035272285 0.993402123
1403636599363555584.000000 -0.198226556 0.051226843 0.216631740 -0.107752427 -0.002345456 0.033536404 -0.993609250
1403636599413555456.000000 -0.201057330 0.052196790 0.223035291 -0.105020560 -0.008270929 0.034446198 -0.993838906
1403636599463555584.000000 -0.204200730 0.052401695 0.229487896 0.101138689 0.010624527 -0.036180113 0.994157493
1403636599513555456.000000 -0.207412466 0.052856125 0.234233975 0.096716456 0.009324146 -0.034580387 0.994667351
1403636599563555584.000000 -0.210722193 0.053589642 0.238858178 0.092600405 0.006502572 -0.032915615 0.995137930
1403636599613555456.000000 -0.214407489 0.054362938 0.242063016 0.090050749 0.003123709 -0.031789254 0.995424807
1403636599663555584.000000 -0.218103617 0.055426881 0.244067729 0.087846041 0.000733757 -0.032193750 0.995613456
1403636599713555456.000000 -0.220838875 0.056353692 0.245277196 -0.087422989 -0.002157295 0.031121641 -0.995682716
1403636599763555584.000000 -0.220841020 0.057474587 0.244581684 -0.088991001 -0.011448561 0.031368010 -0.995472550
1403636599813555456.000000 -0.220636204 0.058480397 0.246216357 0.089076921 0.019510433 -0.030599689 0.995363414
1403636599863555584.000000 -0.221366286 0.059024315 0.245692521 0.089412227 0.025828198 -0.029327607 0.995227814
1403636599913555456.000000 -0.221948043 0.059769776 0.244716361 -0.090386659 -0.027917566 0.027766984 -0.995128155
1403636599963555584.000000 -0.222401053 0.060335115 0.244683295 -0.089238107 -0.026999129 0.026113002 -0.995301843
1403636600013555456.000000 -0.222947344 0.060843743 0.244483396 -0.088586293 -0.026443502 0.024992481 -0.995403767
1403636600063555584.000000 -0.223972142 0.061805777 0.244684339 -0.089519389 -0.026495313 0.022585660 -0.995376408
1403636600113555456.000000 -0.224035397 0.062658615 0.244341910 -0.090575695 -0.029730801 0.020128027 -0.995242238
1403636600163555584.000000 -0.224088252 0.063113615 0.244160533 -0.090239406 -0.030362656 0.021556215 -0.995223761
1403636600213555456.000000 -0.224224105 0.062748663 0.244314522 -0.090717286 -0.029989062 0.020228704 -0.995219529
1403636600263555584.000000 -0.224201679 0.062707640 0.244463891 -0.090956159 -0.029919175 0.020035679 -0.995203733
1403636600313555456.000000 -0.223993570 0.062746242 0.245987818 0.091054931 0.029952198 -0.019704562 0.995200336
1403636600363555584.000000 -0.223966017 0.062699750 0.246054962 0.091186941 0.030068981 -0.019135846 0.995195806
1403636600413555456.000000 -0.224098459 0.062882960 0.245312274 -0.091285221 -0.030065844 0.019127408 -0.995187044
1403636600463555584.000000 -0.224097446 0.062830932 0.244972378 -0.091532208 -0.030028421 0.018496819 -0.995177448
1403636600513555456.000000 -0.224005252 0.062866792 0.244826406 -0.091296725 -0.030261243 0.018714590 -0.995187938
1403636600563555584.000000 -0.223963246 0.062769182 0.245017096 -0.091293797 -0.030117273 0.019130772 -0.995184600
1403636600613555456.000000 -0.223950624 0.062547699 0.245206952 -0.091487817 -0.030088754 0.018509936 -0.995179474
1403636600663555584.000000 -0.223872423 0.062640950 0.245635837 -0.091385037 -0.030017715 0.018663619 -0.995188177
1403636600713555456.000000 -0.223858893 0.062665626 0.246013999 -0.091417633 -0.029945029 0.018687442 -0.995186925
1403636600763555584.000000 -0.223843783 0.062606953 0.246294439 -0.091515973 -0.029980300 0.018400135 -0.995182157
1403636600813555456.000000 -0.223735094 0.062590480 0.243641615 0.091347426 0.030455779 -0.019174075 0.995168567
1403636600863555584.000000 -0.223737568 0.062483508 0.243792772 0.091523014 0.030373337 -0.018771252 0.995162666
1403636600913555456.000000 -0.223640189 0.062717423 0.243743077 -0.091383018 -0.030397981 0.019086288 -0.995168746
1403636600963555584.000000 -0.223600641 0.062644914 0.243742794 -0.091525182 -0.030324323 0.018660665 -0.995166063
1403636601013555456.000000 -0.223555118 0.062680237 0.243752345 -0.091373488 -0.030355087 0.019148473 -0.995169818
1403636601063555584.000000 -0.223536432 0.062476315 0.243765831 -0.091533735 -0.030331824 0.018656051 -0.995165169
1403636601113555456.000000 -0.223548532 0.062518485 0.243714303 -0.091396347 -0.030362615 0.019070515 -0.995168865
1403636601163555584.000000 -0.223578677 0.062426958 0.243699923 -0.091533825 -0.030368291 0.018711472 -0.995162904
1403636601213555456.000000 -0.223581344 0.062488738 0.243720874 -0.091417678 -0.030406509 0.019076452 -0.995165586
1403636601263555584.000000 -0.223591998 0.062399726 0.243697509 -0.091566905 -0.030359412 0.018660761 -0.995161116
1403636601313555456.000000 -0.223720670 0.062612385 0.243236095 0.091356225 0.030300772 -0.019014554 0.995175540
1403636601363555584.000000 -0.223775744 0.062555984 0.243193537 0.091424972 0.030278282 -0.018693861 0.995176077
1403636601413555456.000000 -0.223683789 0.062723152 0.243446290 -0.091361761 -0.030267954 0.018847868 -0.995179236
1403636601463555584.000000 -0.223599494 0.062759876 0.244151816 -0.091470271 -0.030262534 0.018522991 -0.995175481
1403636601513555456.000000 -0.223590642 0.062742189 0.243562922 -0.091402106 -0.030356448 0.018766874 -0.995174408
1403636601563555584.000000 -0.223588556 0.062677197 0.243588746 -0.091439180 -0.030368960 0.018574042 -0.995174170
1403636601613555456.000000 -0.223619372 0.062744059 0.244178876 -0.091450192 -0.030346796 0.018578859 -0.995173752
1403636601663555584.000000 -0.223660737 0.062704846 0.244070217 -0.091408513 -0.030419437 0.018581709 -0.995175302
1403636601713555456.000000 -0.223757759 0.062616706 0.243355229 -0.091415308 -0.030401792 0.018682241 -0.995173395
1403636601763555584.000000 -0.223773092 0.062656820 0.243907869 -0.091403276 -0.030418668 0.018650213 -0.995174587
1403636601813555456.000000 -0.223925665 0.062484406 0.243134156 0.091406867 0.030352140 -0.018599402 0.995177209
1403636601863555584.000000 -0.223867461 0.062509917 0.243146852 0.091338634 0.030396396 -0.018661961 0.995180964
1403636601913555456.000000 -0.223814726 0.062636517 0.243419513 -0.091390200 -0.030367196 0.018550133 -0.995179176
1403636601963555584.000000 -0.223784283 0.062684491 0.243501887 -0.091370694 -0.030357616 0.018662002 -0.995179176
1403636602013555456.000000 -0.223774761 0.062672228 0.243524045 -0.091423482 -0.030397216 0.018543335 -0.995175362
1403636602063555584.000000 -0.223817512 0.062647671 0.243436337 -0.091403075 -0.030368827 0.018716356 -0.995174885
1403636602113555456.000000 -0.223847091 0.062565766 0.243339896 -0.091451235 -0.030358559 0.018494913 -0.995174825
1403636602163555584.000000 -0.223932102 0.062562905 0.243134886 -0.091397017 -0.030355105 0.018735485 -0.995175421
1403636602213555456.000000 -0.223932803 0.062473997 0.242958158 -0.091458306 -0.030377993 0.018498018 -0.995173633
1403636602263555584.000000 -0.223926768 0.062499307 0.242839620 -0.091346674 -0.030356925 0.018819703 -0.995178461
1403636602313555456.000000 -0.223846376 0.062425505 0.243074819 0.091422968 0.030305840 -0.018501023 0.995178998
1403636602363555584.000000 -0.223863870 0.062424935 0.242972404 0.091355778 0.030299529 -0.018716281 0.995181322
1403636602413555456.000000 -0.223960862 0.062435251 0.243381843 -0.091440901 -0.030276172 0.018437818 -0.995179415
1403636602463555584.000000 -0.223965153 0.062494922 0.243418276 -0.091398805 -0.030312639 0.018504757 -0.995180905
1403636602513555456.000000 -0.223970488 0.062561162 0.243361056 -0.091390781 -0.030287176 0.018458072 -0.995183289
1403636602563555584.000000 -0.223924607 0.062621318 0.243369773 -0.091408990 -0.030294731 0.018456833 -0.995181382
1403636602613555456.000000 -0.223953933 0.062649295 0.243285045 -0.091404051 -0.030274669 0.018495373 -0.995181799
1403636602663555584.000000 -0.223943695 0.062640324 0.243270531 -0.091386765 -0.030287277 0.018509105 -0.995182753
1403636602713555456.000000 -0.223924890 0.062618993 0.243182749 -0.091402091 -0.030309539 0.018482881 -0.995181143
1403636602763555584.000000 -0.223895505 0.062582053 0.243208006 -0.091374345 -0.030310791 0.018495779 -0.995183408
1403636602813555456.000000 -0.223827615 0.062489811 0.243140563 0.091347873 0.030274088 -0.018410997 0.995188475
1403636602863555584.000000 -0.223832145 0.062451694 0.243142799 0.091361880 0.030283011 -0.018371668 0.995187640
1403636602913555456.000000 -0.223874673 0.062742256 0.243205234 -0.091390267 -0.030265255 0.018447829 -0.995184183
1403636602963555584.000000 -0.223814517 0.062760405 0.243205711 -0.091402918 -0.030292079 0.018360225 -0.995183885
1403636603013555456.000000 -0.223808706 0.062716551 0.243257225 -0.091369033 -0.030294916 0.018468440 -0.995184898
1403636603063555584.000000 -0.223756030 0.062566385 0.243177980 -0.091397576 -0.030303946 0.018338691 -0.995184362
1403636603113555456.000000 -0.223808795 0.062508211 0.243175566 -0.091308028 -0.030341698 0.018471358 -0.995189011
1403636603163555584.000000 -0.223877251 0.062506899 0.243196189 -0.091350511 -0.030309422 0.018419683 -0.995187044
1403636603213555456.000000 -0.223898694 0.062509716 0.243090406 -0.091355249 -0.030305082 0.018481748 -0.995185554
1403636603263555584.000000 -0.223919466 0.062497389 0.243073508 -0.091395184 -0.030328337 0.018441193 -0.995181918
1403636603313555456.000000 -0.223872513 0.062537819 0.243272245 0.091247693 0.030450579 -0.018842632 0.995184243
1403636603363555584.000000 -0.223860651 0.062506214 0.243241206 0.091274358 0.030477451 -0.018796492 0.995181859
1403636603413555456.000000 -0.223830909 0.062539615 0.243457526 -0.091301143 -0.030333489 0.018350732 -0.995192051
1403636603463555584.000000 -0.223885030 0.062602110 0.243652076 -0.091326274 -0.030342063 0.018445561 -0.995187759
1403636603513555456.000000 -0.223900586 0.062598079 0.243577182 -0.091306128 -0.030290723 0.018472997 -0.995190620
1403636603563555584.000000 -0.223859355 0.062503427 0.243309006 -0.091316529 -0.030259503 0.018357346 -0.995192826
1403636603613555456.000000 -0.223820433 0.062464815 0.243251786 -0.091315359 -0.030253215 0.018391047 -0.995192528
1403636603663555584.000000 -0.223821655 0.062443990 0.243138731 -0.091308840 -0.030271206 0.018403608 -0.995192289
1403636603713555456.000000 -0.223811969 0.062436648 0.243070871 -0.091312915 -0.030265305 0.018390154 -0.995192349
1403636603763555584.000000 -0.223802581 0.062426914 0.243007228 -0.091316663 -0.030240478 0.018360589 -0.995193303
1403636603813555456.000000 -0.223819673 0.062565185 0.243300423 0.091213435 0.030350488 -0.018833473 0.995190620
1403636603863555584.000000 -0.223828226 0.062537171 0.243337229 0.091209210 0.030479649 -0.018811377 0.995187461
1403636603913555456.000000 -0.223779336 0.062473252 0.243784204 -0.091341786 -0.030249391 0.018253446 -0.995192647
1403636603963555584.000000 -0.223848745 0.062532797 0.243373051 -0.091197625 -0.030470107 0.018886436 -0.995187402
1403636604013555456.000000 -0.223910362 0.062504314 0.243671909 -0.091302849 -0.030446718 0.018651709 -0.995182872
1403636604063555584.000000 -0.223951995 0.062551565 0.243606597 -0.091361843 -0.030361118 0.018437089 -0.995184064
1403636604113555456.000000 -0.223944053 0.062588774 0.243035451 -0.091309011 -0.030475851 0.018701045 -0.995180488
1403636604163555584.000000 -0.223980770 0.062597618 0.242832437 -0.091275603 -0.030485952 0.018840339 -0.995180607
1403636604213555456.000000 -0.223953232 0.062572464 0.242715552 -0.091285810 -0.030469174 0.018747078 -0.995181978
1403636604263555584.000000 -0.223962575 0.062565930 0.242648005 -0.091277108 -0.030468659 0.018780334 -0.995182216
1403636604313555456.000000 -0.223913759 0.062516391 0.243349701 0.091266409 0.030488584 -0.018705662 0.995183945
1403636604363555584.000000 -0.223913103 0.062484663 0.243310228 0.091242015 0.030467747 -0.018791026 0.995185196
1403636604413555456.000000 -0.223963469 0.062776506 0.243383393 -0.091307625 -0.030421354 0.018657994 -0.995183110
1403636604463555584.000000 -0.223935038 0.062787257 0.243282169 -0.091396190 -0.030338986 0.018377680 -0.995182753
1403636604513555456.000000 -0.223921150 0.062748410 0.243323788 -0.091405950 -0.030344563 0.018342368 -0.995182335
1403636604563555584.000000 -0.224002957 0.062684037 0.243424460 -0.091308042 -0.030439138 0.018628266 -0.995183110
1403636604613555456.000000 -0.223944321 0.062657498 0.243375868 -0.091371551 -0.030346265 0.018327750 -0.995185614
1403636604663555584.000000 -0.223948687 0.062604435 0.243385598 -0.091402344 -0.030321181 0.018335776 -0.995183408
1403636604713555456.000000 -0.223951429 0.062621236 0.243444055 -0.091290973 -0.030444697 0.018696040 -0.995183229
1403636604763555584.000000 -0.223907337 0.062581174 0.243310645 -0.091380991 -0.030312782 0.018383754 -0.995184779
1403636604813555456.000000 -0.223853067 0.062532522 0.243259043 0.091334641 0.030316412 -0.018387049 0.995188892
1403636604863555584.000000 -0.223815858 0.062496074 0.243199617 0.091320485 0.030302446 -0.018358652 0.995191097
1403636604913555456.000000 -0.223820910 0.062491518 0.243352935 -0.091334738 -0.030276129 0.018363465 -0.995190501
1403636604963555584.000000 -0.223820746 0.062488589 0.243326053 -0.091371618 -0.030285781 0.018353561 -0.995187044
1403636605013555456.000000 -0.223794937 0.062498167 0.243241116 -0.091358647 -0.030288441 0.018352075 -0.995188236
1403636605063555584.000000 -0.223816007 0.062477931 0.243152902 -0.091390021 -0.030265873 0.018315507 -0.995186627
1403636605113555456.000000 -0.223815218 0.062519997 0.243068412 -0.091355011 -0.030326951 0.018395120 -0.995186508
1403636605163555584.000000 -0.223881155 0.062651664 0.243438959 -0.091421910 -0.030299021 0.018355126 -0.995182037
1403636605213555456.000000 -0.223791510 0.062464353 0.242947280 -0.091339245 -0.030308412 0.018343780 -0.995189488
1403636605263555584.000000 -0.223802581 0.062414631 0.242834285 -0.091354154 -0.030322878 0.018282073 -0.995188832
1403636605313555456.000000 -0.223894030 0.062639698 0.243357643 0.091274776 0.030527864 -0.018858019 0.995179117
1403636605363555584.000000 -0.223902151 0.062582329 0.243336156 0.091304660 0.030509535 -0.018731896 0.995179236
1403636605413555456.000000 -0.224057004 0.062487684 0.243136510 -0.091344334 -0.030278543 0.018269120 -0.995191276
1403636605463555584.000000 -0.223994002 0.062438659 0.243099093 -0.091384009 -0.030255824 0.018186942 -0.995189846
1403636605513555456.000000 -0.223920286 0.062430672 0.243058175 -0.091352850 -0.030251643 0.018237922 -0.995191932
1403636605563555584.000000 -0.223872811 0.062409334 0.243028775 -0.091346256 -0.030245438 0.018200383 -0.995193362
1403636605613555456.000000 -0.223844230 0.062414177 0.243008360 -0.091355115 -0.030273100 0.018266540 -0.995190501
1403636605663555584.000000 -0.223827839 0.062441636 0.242995635 -0.091382682 -0.030267704 0.018233838 -0.995188773
1403636605713555456.000000 -0.223874658 0.062453430 0.243055627 -0.091390811 -0.030249780 0.018255033 -0.995188177
1403636605763555584.000000 -0.223884225 0.062470879 0.243125811 -0.091379814 -0.030226514 0.018259197 -0.995189846
1403636605813555456.000000 -0.223885611 0.062557802 0.243322507 0.091278724 0.030508975 -0.018808313 0.995180249
1403636605863555584.000000 -0.223891333 0.062539838 0.243313849 0.091272995 0.030492468 -0.018786069 0.995181739
1403636605913555456.000000 -0.223893866 0.062443789 0.243153423 -0.091386385 -0.030255646 0.018320419 -0.995187223
1403636605963555584.000000 -0.223937079 0.062495578 0.243674770 -0.091384269 -0.030166211 0.018155007 -0.995193124
1403636606013555456.000000 -0.223911092 0.062651344 0.243533731 -0.091311388 -0.030474298 0.018806249 -0.995178342
1403636606063555584.000000 -0.223862454 0.062643938 0.243493736 -0.091318764 -0.030495258 0.018785199 -0.995177388
1403636606113555456.000000 -0.223840177 0.062500820 0.243566409 -0.091383107 -0.030225325 0.018190177 -0.995190799
1403636606163555584.000000 -0.223847866 0.062518306 0.243533805 -0.091368079 -0.030223409 0.018198099 -0.995192111
1403636606213555456.000000 -0.223849013 0.062513888 0.243434444 -0.091383517 -0.030254452 0.018216765 -0.995189369
1403636606263555584.000000 -0.223834336 0.062547907 0.243371844 -0.091371775 -0.030260656 0.018237319 -0.995189905
1403636606313555456.000000 -0.223916873 0.062598929 0.243168637 0.091248915 0.030474296 -0.018769687 0.995184779
1403636606363555584.000000 -0.223913044 0.062548719 0.243121102 0.091232620 0.030504195 -0.018792642 0.995184898
1403636606413555456.000000 -0.223787203 0.062575258 0.243591964 -0.091343462 -0.030233232 0.018184377 -0.995194376
1403636606463555584.000000 -0.223761752 0.062650718 0.243782014 -0.091267928 -0.030475028 0.018731264 -0.995183706
1403636606513555456.000000 -0.223753780 0.062626235 0.243775919 -0.091286175 -0.030485479 0.018678486 -0.995182693
1403636606563555584.000000 -0.223773986 0.062531471 0.243560418 -0.091382585 -0.030241685 0.018148260 -0.995191097
1403636606613555456.000000 -0.223862424 0.062549569 0.243228987 -0.091270708 -0.030549629 0.018757951 -0.995180666
1403636606663555584.000000 -0.223872706 0.062637188 0.243651330 -0.091279119 -0.030530879 0.018747542 -0.995180666
1403636606713555456.000000 -0.223906547 0.062520877 0.243122041 -0.091281235 -0.030562276 0.018802511 -0.995178461
1403636606763555584.000000 -0.223905817 0.062503181 0.243045971 -0.091249973 -0.030542692 0.018806327 -0.995181859
1403636606813555456.000000 -0.223983228 0.062487587 0.243345425 0.091291741 0.030441057 -0.018525030 0.995186448
1403636606863555584.000000 -0.223986626 0.062491152 0.243251860 0.091304049 0.030442683 -0.018516693 0.995185435
1403636606913555456.000000 -0.223791167 0.062586658 0.243473366 -0.091396190 -0.030212989 0.018210568 -0.995189607
1403636606963555584.000000 -0.223935142 0.062505879 0.243259951 -0.091300972 -0.030410482 0.018526185 -0.995186448
1403636607013555456.000000 -0.223916993 0.062465955 0.243218571 -0.091299146 -0.030417742 0.018506590 -0.995186806
1403636607063555584.000000 -0.223791584 0.062518619 0.243321761 -0.091410913 -0.030234875 0.018207276 -0.995187640
1403636607113555456.000000 -0.223972231 0.062430389 0.243056104 -0.091328621 -0.030420464 0.018527066 -0.995183647
1403636607163555584.000000 -0.223981231 0.062450510 0.243065998 -0.091312021 -0.030423798 0.018541150 -0.995184839
1403636607213555456.000000 -0.223995909 0.062436521 0.243034124 -0.091303378 -0.030395864 0.018550638 -0.995186269
1403636607263555584.000000 -0.223855779 0.062487338 0.243194789 -0.091374137 -0.030233268 0.018250436 -0.995190322
1403636607313555456.000000 -0.223911375 0.062516004 0.243902013 0.091176547 0.030510455 -0.018842146 0.995188951
1403636607363555584.000000 -0.223915517 0.062504850 0.243933290 0.091151059 0.030523608 -0.018878056 0.995190203
1403636607413555456.000000 -0.223937660 0.062615536 0.243448302 -0.091269828 -0.030400978 0.018745394 -0.995185554
1403636607463555584.000000 -0.223862320 0.062484317 0.243416637 -0.091405787 -0.030215139 0.018259611 -0.995187700
1403636607513555456.000000 -0.223941535 0.062512040 0.243306696 -0.091346964 -0.030368641 0.018519558 -0.995183706
1403636607563555584.000000 -0.223814398 0.062540390 0.243310571 -0.091396064 -0.030232284 0.018281981 -0.995187759
1403636607613555456.000000 -0.223943785 0.062584408 0.243211150 -0.091301024 -0.030387633 0.018558085 -0.995186567
1403636607663555584.000000 -0.223872676 0.062636323 0.243233740 -0.091235682 -0.030451177 0.018821668 -0.995185673
1403636607713555456.000000 -0.223934963 0.062513381 0.243132338 -0.091287076 -0.030341769 0.018562132 -0.995189190
1403636607763555584.000000 -0.223834991 0.062486801 0.243202463 -0.091369890 -0.030202851 0.018301750 -0.995190680
1403636607813555456.000000 -0.223835632 0.062524579 0.243798420 0.091185145 0.030499723 -0.018915549 0.995187104
1403636607863555584.000000 -0.223867029 0.062492352 0.243781120 0.091176145 0.030511279 -0.018876676 0.995188296
1403636607913555456.000000 -0.224076897 0.062686376 0.243515879 -0.091304205 -0.030427225 0.018724555 -0.995182037
1403636607963555584.000000 -0.224149406 0.062562622 0.243293449 -0.091294326 -0.030330224 0.018525403 -0.995189548
1403636608013555456.000000 -0.223996192 0.062616944 0.243281782 -0.091257155 -0.030429661 0.018762929 -0.995185494
1403636608063555584.000000 -0.224006161 0.062523909 0.243243426 -0.091299526 -0.030335350 0.018520730 -0.995189011
1403636608113555456.000000 -0.223803505 0.062498100 0.243796378 -0.091139749 -0.030530723 0.018858556 -0.995191336
1403636608163555584.000000 -0.223863944 0.062599525 0.243256643 -0.091272838 -0.030453259 0.018717371 -0.995184243
1403636608213555456.000000 -0.223833442 0.062497139 0.243253544 -0.091378771 -0.030230822 0.018232729 -0.995190263
1403636608263555584.000000 -0.223979086 0.062503688 0.243214637 -0.091348395 -0.030359367 0.018453851 -0.995185077
1403636608313555456.000000 -0.223948866 0.062482629 0.243517309 0.091159597 0.030521061 -0.018826745 0.995190442
1403636608363555584.000000 -0.223943010 0.062490582 0.243518889 0.091173716 0.030499414 -0.018817741 0.995190024
1403636608413555456.000000 -0.223993048 0.062641852 0.243347883 -0.091362685 -0.030317919 0.018441962 -0.995185256
1403636608463555584.000000 -0.223855823 0.062648535 0.244025394 -0.091237932 -0.030474443 0.018750764 -0.995186090
1403636608513555456.000000 -0.223832235 0.062628500 0.244063348 -0.091226391 -0.030493334 0.018750791 -0.995186567
1403636608563555584.000000 -0.223824009 0.062538229 0.243429303 -0.091453969 -0.030256150 0.018181914 -0.995183527
1403636608613555456.000000 -0.223853275 0.062498126 0.243683353 -0.091189317 -0.030555837 0.018806225 -0.995187044
1403636608663555584.000000 -0.223852471 0.062583491 0.243921369 -0.091184884 -0.030527957 0.018787894 -0.995188653
1403636608713555456.000000 -0.223859474 0.062565506 0.243869394 -0.091158405 -0.030544991 0.018822145 -0.995189905
1403636608763555584.000000 -0.223865733 0.062550120 0.243819728 -0.091169342 -0.030520381 0.018817116 -0.995189786
1403636608813555456.000000 -0.223828062 0.062401868 0.243778899 0.091153584 0.030516466 -0.018827969 0.995191157
1403636608863555584.000000 -0.223854557 0.062414546 0.243747383 0.091149740 0.030509887 -0.018811902 0.995191932
1403636608913555456.000000 -0.223905310 0.062391073 0.243684709 0.091161601 0.030520963 -0.018817989 0.995190442
1403636608963555584.000000 -0.223957971 0.062495749 0.243753031 -0.091183424 -0.030522000 0.018754575 -0.995189548
1403636609013555456.000000 -0.224053115 0.062664106 0.243591323 -0.091392487 -0.030345939 0.018438466 -0.995181739
1403636609063555584.000000 -0.223985597 0.062664852 0.243714869 -0.091383293 -0.030462775 0.018705949 -0.995173931
1403636609113555456.000000 -0.223913848 0.062461384 0.243368730 -0.091452092 -0.030249389 0.018224509 -0.995183110
1403636609163555584.000000 -0.223900557 0.062447727 0.243803486 -0.091242537 -0.030537661 0.018738836 -0.995183945
1403636609213555456.000000 -0.223995209 0.062469874 0.243174702 -0.091401942 -0.030399308 0.018408947 -0.995179772
1403636609263555584.000000 -0.223938882 0.062275387 0.243200555 -0.091164850 -0.030561678 0.018761208 -0.995189965
1403636609313555456.000000 -0.223906428 0.062539510 0.243647888 0.091219448 0.030574279 -0.018793281 0.995184004
1403636609363555584.000000 -0.223869935 0.062526032 0.243663445 0.091211274 0.030534251 -0.018801033 0.995185792
1403636609413555456.000000 -0.223934785 0.062255111 0.243580922 -0.091191776 -0.030494286 0.018780652 -0.995189190
1403636609463555584.000000 -0.223985523 0.062368903 0.243252903 -0.091347255 -0.030331489 0.018494295 -0.995185256
1403636609513555456.000000 -0.223927081 0.062259283 0.243548498 -0.091155954 -0.030486204 0.018804617 -0.995192230
1403636609563555584.000000 -0.223984271 0.062455244 0.243222877 -0.091342472 -0.030370735 0.018474173 -0.995184898
1403636609613555456.000000 -0.223920748 0.062347364 0.243519962 -0.091172196 -0.030510575 0.018773189 -0.995190620
1403636609663555584.000000 -0.223919988 0.062580891 0.243218943 -0.091306850 -0.030420583 0.018673932 -0.995182931
1403636609713555456.000000 -0.223898992 0.062368959 0.243499413 -0.091161117 -0.030527249 0.018791420 -0.995190740
1403636609763555584.000000 -0.223952964 0.062493112 0.243180484 -0.091343075 -0.030380158 0.018402122 -0.995185852
1403636609813555456.000000 -0.223878250 0.062568516 0.243531510 0.091242813 0.030431015 -0.018746935 0.995187104
1403636609863555584.000000 -0.223858550 0.062582180 0.243545577 0.091188528 0.030541407 -0.018785946 0.995187938
1403636609913555456.000000 -0.223977283 0.062796250 0.243734792 -0.091523878 -0.030200427 0.018118456 -0.995179951
1403636609963555584.000000 -0.223993853 0.062756449 0.244138062 -0.091301426 -0.030422296 0.018650820 -0.995183766
1403636610013555456.000000 -0.223975569 0.062740490 0.243740752 -0.091452137 -0.030326786 0.018307135 -0.995179236
1403636610063555584.000000 -0.223933652 0.062670261 0.243680716 -0.091460153 -0.030324355 0.018312713 -0.995178461
1403636610113555456.000000 -0.223834500 0.062520593 0.243976772 -0.091284364 -0.030496428 0.018580491 -0.995184362
1403636610163555584.000000 -0.223828986 0.062579900 0.243542805 -0.091464259 -0.030267546 0.018105239 -0.995183647
1403636610213555456.000000 -0.223839432 0.062536202 0.243839979 -0.091254584 -0.030496942 0.018566536 -0.995187342
1403636610263555584.000000 -0.223944202 0.062676601 0.243385971 -0.091354005 -0.030309355 0.018369714 -0.995187640
1403636610313555456.000000 -0.223875806 0.062507905 0.243476987 0.091226220 0.030495858 -0.018624535 0.995188892
1403636610363555584.000000 -0.223910362 0.062457714 0.243487552 0.091200165 0.030466139 -0.018631674 0.995192051
1403636610413555456.000000 -0.223884955 0.062409554 0.243481308 0.091159500 0.030480154 -0.018735381 0.995193362
1403636610463555584.000000 -0.224070370 0.062634356 0.243357584 -0.091392070 -0.030287076 0.018279390 -0.995186448
1403636610513555456.000000 -0.223942295 0.062520184 0.243711561 -0.091228314 -0.030403787 0.018673584 -0.995190620
1403636610563555584.000000 -0.223761439 0.062463894 0.243666440 -0.091177344 -0.030482199 0.018669143 -0.995192945
1403636610613555456.000000 -0.223732740 0.062425166 0.243621737 -0.091127470 -0.030460831 0.018755777 -0.995196581
1403636610663555584.000000 -0.223790288 0.062555112 0.243417129 -0.091289856 -0.030390542 0.018665623 -0.995185494
1403636610713555456.000000 -0.223750800 0.062393956 0.243521869 -0.091129579 -0.030452145 0.018770868 -0.995196402
1403636610763555584.000000 -0.223941371 0.062508814 0.243218035 -0.091362350 -0.030142073 0.018492470 -0.995189667
1403636610813555456.000000 -0.223762423 0.062560484 0.243489638 0.091160081 0.030163860 -0.018748952 0.995202780
1403636610863555584.000000 -0.223814338 0.062586538 0.243347585 0.091365419 0.030139307 -0.018637303 0.995186746
1403636610913555456.000000 -0.223556340 0.062752478 0.243352070 -0.091482691 -0.029983589 0.018456951 -0.995184064
1403636610963555584.000000 -0.223572463 0.062578976 0.243653670 -0.091429129 -0.030073700 0.018771918 -0.995180309
1403636611013555456.000000 -0.223570898 0.062566034 0.243517414 -0.091276504 -0.030298378 0.018675335 -0.995189369
1403636611063555584.000000 -0.223691061 0.062542960 0.243747175 -0.091356084 -0.030150698 0.018840045 -0.995183468
1403636611113555456.000000 -0.223641247 0.062698841 0.243845075 -0.091339767 -0.030294305 0.018804407 -0.995181262
1403636611163555584.000000 -0.223778248 0.062557682 0.243652850 -0.091346264 -0.030222669 0.018815581 -0.995182693
1403636611213555456.000000 -0.223804891 0.062565163 0.243649691 -0.091316514 -0.030255744 0.018928882 -0.995182276
1403636611263555584.000000 -0.223797351 0.062523752 0.243391305 -0.091540731 -0.030040311 0.018280270 -0.995180249
1403636611313555456.000000 -0.223821446 0.062658682 0.243237481 0.091349982 0.030213570 -0.018720884 0.995184362
1403636611363555584.000000 -0.223890617 0.062386092 0.243112013 0.091938034 0.030035129 -0.017987953 0.995149076
1403636611413555456.000000 -0.223849013 0.062538296 0.243095711 0.091632284 0.030265285 -0.018404709 0.995162725
1403636611463555584.000000 -0.224405959 0.062857047 0.243344620 -0.091810495 -0.029934216 0.017541502 -0.995171905
1403636611513555456.000000 -0.224268511 0.063325867 0.243383646 -0.090944655 -0.030436734 0.019048262 -0.995208442
1403636611563555584.000000 -0.224374294 0.063105591 0.243701220 -0.091480352 -0.029951509 0.017891664 -0.995195568
1403636611613555456.000000 -0.224312648 0.063151129 0.243792713 -0.091377594 -0.030182935 0.018444698 -0.995187879
1403636611663555584.000000 -0.224357024 0.063000478 0.243616849 -0.091539800 -0.030077616 0.017728716 -0.995189190
1403636611713555456.000000 -0.224315926 0.063261576 0.243502185 -0.091194667 -0.030431893 0.018494885 -0.995196164
1403636611763555584.000000 -0.224310100 0.063018255 0.243429512 -0.091525733 -0.030225854 0.017897431 -0.995182991
1403636611813555456.000000 -0.224009603 0.062870122 0.243669033 0.091344781 0.030407768 -0.018025130 0.995191813
1403636611863555584.000000 -0.223837703 0.063145719 0.243719652 0.090943530 0.030788917 -0.018744955 0.995203495
1403636611913555456.000000 -0.224214837 0.063017532 0.243364349 -0.091411456 -0.030172247 0.018299544 -0.995187819
1403636611963555584.000000 -0.224255845 0.062823966 0.243362606 -0.091694720 -0.030162519 0.017849041 -0.995170236
1403636612013555456.000000 -0.224204794 0.062851600 0.243334770 -0.091906995 -0.030261623 0.017456474 -0.995154560
1403636612063555584.000000 -0.224188268 0.063200742 0.243219644 -0.091399446 -0.030125555 0.018419990 -0.995188117
1403636612113555456.000000 -0.224239975 0.062831789 0.243494749 -0.091888964 -0.030270459 0.017533701 -0.995154619
1403636612163555584.000000 -0.224083379 0.062897474 0.243625551 -0.091968492 -0.030491710 0.017822200 -0.995135427
1403636612213555456.000000 -0.224074617 0.062825531 0.243398413 -0.091989145 -0.029907677 0.017244542 -0.995161355
1403636612263555584.000000 -0.223812327 0.063496463 0.243438616 -0.090787001 -0.030602917 0.020164518 -0.995195806
1403636612313555456.000000 -0.224084318 0.062845461 0.243715018 0.091956340 0.030355349 -0.017367369 0.995148778
1403636612363555584.000000 -0.223959297 0.063415550 0.243858635 0.090895653 0.030593907 -0.020190503 0.995185614
1403636612413555456.000000 -0.223976806 0.062796474 0.243295878 -0.091856249 -0.030171555 0.017431984 -0.995162427
1403636612463555584.000000 -0.223968804 0.063363470 0.243663967 0.090938754 0.030707162 -0.019874483 0.995184541
1403636612513555456.000000 -0.224039808 0.062641516 0.243010640 -0.091798216 -0.030215988 0.017700570 -0.995161712
1403636612563555584.000000 -0.223826751 0.062964991 0.243118256 -0.091190867 -0.030428743 0.019110322 -0.995184958
1403636612613555456.000000 -0.223832414 0.062776320 0.243170768 -0.091531701 -0.030282214 0.018001404 -0.995178878
1403636612663555584.000000 -0.223742276 0.062959142 0.243355706 -0.091207489 -0.030316982 0.018971996 -0.995189548
1403636612713555456.000000 -0.223741755 0.062694326 0.243727565 -0.091423750 -0.030477552 0.018471360 -0.995174229
1403636612763555584.000000 -0.223768935 0.062950291 0.243398920 -0.091168419 -0.030263385 0.018867210 -0.995196760
1403636612813555456.000000 -0.223895520 0.063217804 0.243680641 0.091315992 0.030538743 -0.018695805 0.995178044
1403636612863555584.000000 -0.223916069 0.063319594 0.243722066 0.091279760 0.030549815 -0.018908417 0.995177031
1403636612913555456.000000 -0.223618403 0.063002273 0.243522957 -0.091317922 -0.030285647 0.018435424 -0.995190442
1403636612963555584.000000 -0.223526329 0.062936723 0.243525475 -0.091396607 -0.030291980 0.018173449 -0.995187819
1403636613013555456.000000 -0.223473370 0.063136391 0.243777424 -0.091110729 -0.030613674 0.018918715 -0.995190322
1403636613063555584.000000 -0.223714799 0.062985420 0.243749246 -0.091347687 -0.030575212 0.018361362 -0.995180249
1403636613113555456.000000 -0.223789737 0.063087597 0.243915349 -0.091088921 -0.030549893 0.019106966 -0.995190680
1403636613163555584.000000 -0.223807320 0.062848493 0.243885741 -0.091298297 -0.030653115 0.018251687 -0.995184422
1403636613213555456.000000 -0.223859429 0.063050173 0.243907169 -0.091000281 -0.030662948 0.018996360 -0.995197415
1403636613263555584.000000 -0.223924130 0.062831812 0.243587658 -0.091407634 -0.030393656 0.017845463 -0.995189667
1403636613313555456.000000 -0.224015534 0.063129470 0.243602946 0.090970106 0.030844117 -0.019199288 0.995190680
1403636613363555584.000000 -0.224124223 0.063048154 0.243508890 0.091211721 0.030670244 -0.018626623 0.995184839
1403636613413555456.000000 -0.224089518 0.063162088 0.243816108 0.090957999 0.030732919 -0.019247673 0.995194376
1403636613463555584.000000 -0.223737732 0.063226782 0.243782908 -0.091324799 -0.030626424 0.018240556 -0.995182931
1403636613513555456.000000 -0.223684818 0.063396476 0.243818179 -0.091165818 -0.030677378 0.018721858 -0.995187044
1403636613563555584.000000 -0.223743007 0.063290551 0.243711308 -0.091339685 -0.030613968 0.018260531 -0.995181561
1403636613613555456.000000 -0.223738521 0.063374810 0.243679032 -0.091177404 -0.030683292 0.018651566 -0.995187163
1403636613663555584.000000 -0.223918378 0.063116506 0.243558913 -0.091156840 -0.030707350 0.018613918 -0.995188951
1403636613713555456.000000 -0.223921850 0.063185699 0.243542820 -0.091045298 -0.030798540 0.018830644 -0.995192230
1403636613763555584.000000 -0.223844156 0.063231848 0.243523240 -0.091253877 -0.030701414 0.018326074 -0.995185614
1403636613813555456.000000 -0.224086285 0.063129626 0.243909582 0.091149516 0.030736299 -0.018538758 0.995190144
1403636613863555584.000000 -0.224109575 0.063158311 0.243950590 0.091180183 0.030677497 -0.018508570 0.995189726
1403636613913555456.000000 -0.224140212 0.063231006 0.243913054 0.091174960 0.030690324 -0.018559778 0.995188892
1403636613963555584.000000 -0.224156186 0.063276604 0.243920475 -0.091210552 -0.030640770 0.018496569 -0.995188355
1403636614013555456.000000 -0.223856211 0.063042596 0.243979499 -0.091325894 -0.030601775 0.018274371 -0.995182991
1403636614063555584.000000 -0.224148825 0.063395560 0.243941858 -0.091190204 -0.030737225 0.018479427 -0.995187521
1403636614113555456.000000 -0.224119768 0.063269861 0.244033441 -0.091224253 -0.030730940 0.018424219 -0.995185554
1403636614163555584.000000 -0.224134445 0.063298725 0.243953675 -0.091195010 -0.030737018 0.018508866 -0.995186508
1403636614213555456.000000 -0.224000782 0.063278921 0.243801728 -0.091179863 -0.030714527 0.018650785 -0.995185912
1403636614263555584.000000 -0.223869726 0.063237198 0.243782878 -0.091242507 -0.030647250 0.018416740 -0.995186627
1403636614313555456.000000 -0.224159151 0.063061915 0.243667111 0.091239728 0.030741071 -0.018393811 0.995184422
1403636614363555584.000000 -0.224095553 0.063098781 0.243783087 0.091156825 0.030785233 -0.018586243 0.995187104
1403636614413555456.000000 -0.224117920 0.062916242 0.243959352 0.091241069 0.030682916 -0.018324167 0.995187342
1403636614463555584.000000 -0.224109769 0.063392311 0.243775353 -0.091172904 -0.030755365 0.018610749 -0.995186031
1403636614513555456.000000 -0.224096462 0.063451037 0.243600458 -0.091276333 -0.030763142 0.018531585 -0.995177805
1403636614563555584.000000 -0.224098876 0.063376449 0.243763864 -0.091215223 -0.030704936 0.018529596 -0.995185316
1403636614613555456.000000 -0.224067047 0.063405946 0.243573651 -0.091251232 -0.030665319 0.018521614 -0.995183289
1403636614663555584.000000 -0.224043161 0.063256353 0.243816346 -0.091205254 -0.030688541 0.018506110 -0.995187104
1403636614713555456.000000 -0.224036276 0.063151360 0.243795991 -0.091260187 -0.030693358 0.018321935 -0.995185375
1403636614763555584.000000 -0.223986968 0.063221693 0.243847221 -0.091213614 -0.030684156 0.018480822 -0.995186925
1403636614813555456.000000 -0.224124581 0.063065216 0.243339941 0.091228426 0.030678596 -0.018415459 0.995186985
1403636614863555584.000000 -0.224147677 0.063061334 0.243317962 0.091231525 0.030654997 -0.018489782 0.995186031
1403636614913555456.000000 -0.223927259 0.063261524 0.243765682 -0.091323368 -0.030609477 0.018308517 -0.995182395
1403636614963555584.000000 -0.224093825 0.063292682 0.243734479 -0.091204353 -0.030702516 0.018462269 -0.995187581
1403636615013555456.000000 -0.224071190 0.063112646 0.243518621 -0.091212966 -0.030743103 0.018371673 -0.995187223
1403636615063555584.000000 -0.224093273 0.063102044 0.243580595 -0.091212384 -0.030701423 0.018395320 -0.995188117
1403636615113555456.000000 -0.224093884 0.063103884 0.243568078 -0.091206670 -0.030675875 0.018470734 -0.995187998
1403636615163555584.000000 -0.223866984 0.063194185 0.243907854 -0.091338873 -0.030616548 0.018336399 -0.995180249
1403636615213555456.000000 -0.223831579 0.063187592 0.243910149 -0.091301046 -0.030645048 0.018414747 -0.995181382
1403636615263555584.000000 -0.223825902 0.063126698 0.243861809 -0.091318533 -0.030677356 0.018352052 -0.995179951
1403636615313555456.000000 -0.224083886 0.063208520 0.243675113 0.091224954 0.030665576 -0.018568018 0.995184898
1403636615363555584.000000 -0.224088803 0.063188031 0.243663654 0.091224559 0.030703900 -0.018489966 0.995185196
1403636615413555456.000000 -0.224085063 0.063197911 0.243360594 -0.091211013 -0.030717552 0.018510491 -0.995185673
1403636615463555584.000000 -0.224060506 0.063314699 0.243561015 -0.091233857 -0.030696331 0.018510878 -0.995184183
1403636615513555456.000000 -0.224094793 0.063290030 0.243572891 -0.091208391 -0.030712344 0.018537091 -0.995185494
1403636615563555584.000000 -0.224111155 0.063208878 0.243591785 -0.091205798 -0.030683100 0.018494798 -0.995187402
1403636615613555456.000000 -0.224084809 0.063185684 0.243629038 -0.091183491 -0.030659812 0.018570110 -0.995188773
1403636615663555584.000000 -0.224079505 0.063132696 0.243631855 -0.091207005 -0.030665290 0.018489756 -0.995187938
1403636615713555456.000000 -0.224099249 0.063071005 0.243394181 -0.091209374 -0.030612944 0.018525314 -0.995188773
1403636615763555584.000000 -0.224062860 0.063164189 0.243644506 -0.091221064 -0.030649275 0.018487997 -0.995187223
1403636615813555456.000000 -0.224086955 0.063180476 0.243762210 0.091169022 0.030801082 -0.018706081 0.995183229
1403636615863555584.000000 -0.224090040 0.063161433 0.243800864 0.091192633 0.030742733 -0.018622244 0.995184481
1403636615913555456.000000 -0.224095747 0.063105248 0.243375704 -0.091166265 -0.030653348 0.018542109 -0.995191097
1403636615963555584.000000 -0.224086419 0.063083366 0.243378580 -0.091194332 -0.030646432 0.018486217 -0.995189786
1403636616013555456.000000 -0.224170923 0.063220613 0.243364245 -0.091199122 -0.030621234 0.018476846 -0.995190322
1403636616063555584.000000 -0.224074498 0.063183315 0.243444905 -0.091200814 -0.030624917 0.018459538 -0.995190322
1403636616113555456.000000 -0.224071741 0.063210994 0.243574888 -0.091171280 -0.030691316 0.018454447 -0.995191097
1403636616163555584.000000 -0.224087477 0.063194305 0.243697152 -0.091202371 -0.030664120 0.018434510 -0.995189488
1403636616213555456.000000 -0.224086702 0.063208327 0.243729994 -0.091171116 -0.030670410 0.018484509 -0.995191157
1403636616263555584.000000 -0.224092633 0.063216440 0.243761256 -0.091163844 -0.030678682 0.018498387 -0.995191395
1403636616313555456.000000 -0.224104390 0.063162349 0.243701413 0.091143347 0.030731376 -0.018643903 0.995188951
1403636616363555584.000000 -0.224116281 0.063126229 0.243680954 0.091160439 0.030730747 -0.018592684 0.995188296
1403636616413555456.000000 -0.224181205 0.063213944 0.243707910 -0.091176562 -0.030721491 0.018597089 -0.995187044
1403636616463555584.000000 -0.224150687 0.063215777 0.243722081 -0.091173664 -0.030733861 0.018581988 -0.995187163
1403636616513555456.000000 -0.224291936 0.063037127 0.243353337 -0.091161259 -0.030722080 0.018439868 -0.995191395
1403636616563555584.000000 -0.223981991 0.063175023 0.243791655 -0.091117628 -0.030739183 0.018586230 -0.995192051
1403636616613555456.000000 -0.223884672 0.063192703 0.243809298 -0.091150455 -0.030704642 0.018610734 -0.995189667
1403636616663555584.000000 -0.223874450 0.063217215 0.243858889 -0.091168106 -0.030719280 0.018599151 -0.995187819
1403636616713555456.000000 -0.223855391 0.063245989 0.243898690 -0.091182694 -0.030696338 0.018596994 -0.995187223
1403636616763555584.000000 -0.223860875 0.063243806 0.243961632 -0.091196626 -0.030694928 0.018569788 -0.995186508
1403636616813555456.000000 -0.224080741 0.063122943 0.243677437 0.091185965 0.030743890 -0.018552318 0.995186329
1403636616863555584.000000 -0.224107414 0.063151039 0.243754402 0.091194935 0.030747363 -0.018562373 0.995185196
1403636616913555456.000000 -0.224045426 0.063180722 0.243968025 -0.091190621 -0.030735666 0.018590201 -0.995185435
1403636616963555584.000000 -0.224154130 0.063174114 0.243641570 -0.091195412 -0.030669706 0.018509058 -0.995188534
1403636617013555456.000000 -0.224150702 0.063162528 0.243674129 -0.091202654 -0.030672245 0.018553704 -0.995186925
1403636617063555584.000000 -0.224078417 0.063071549 0.243743137 -0.091164723 -0.030791698 0.018558739 -0.995186627
1403636617113555456.000000 -0.224136636 0.063203163 0.243761495 -0.091173701 -0.030682331 0.018591370 -0.995188594
1403636617163555584.000000 -0.224143818 0.063211858 0.243795395 -0.091184184 -0.030670211 0.018598501 -0.995187879
1403636617213555456.000000 -0.224114731 0.063210867 0.243823737 -0.091196567 -0.030705694 0.018584050 -0.995185912
1403636617263555584.000000 -0.224131405 0.063177370 0.243727505 -0.091206804 -0.030666286 0.018464657 -0.995188415
1403636617313555456.000000 -0.224171802 0.063210353 0.243552506 0.091194727 0.030783664 -0.018479491 0.995185614
1403636617363555584.000000 -0.224181160 0.063209377 0.243558988 0.091201946 0.030778553 -0.018488316 0.995184958
1403636617413555456.000000 -0.224199280 0.063230529 0.243732408 -0.091160022 -0.030681023 0.018605037 -0.995189607
1403636617463555584.000000 -0.224161178 0.063299157 0.243696958 -0.091183431 -0.030636549 0.018594524 -0.995189071
1403636617513555456.000000 -0.224101394 0.063259877 0.243782878 -0.091181464 -0.030694231 0.018610088 -0.995187163
1403636617563555584.000000 -0.224023342 0.063231908 0.243713215 -0.091186553 -0.030626046 0.018570643 -0.995189548
1403636617613555456.000000 -0.223945916 0.063242845 0.243752971 -0.091195807 -0.030632230 0.018605977 -0.995187879
1403636617663555584.000000 -0.223917186 0.063215278 0.243748382 -0.091211602 -0.030652057 0.018551039 -0.995186865
1403636617713555456.000000 -0.224042773 0.063114084 0.243592516 -0.091220938 -0.030669026 0.018452737 -0.995187283
1403636617763555584.000000 -0.223996356 0.063209772 0.243778288 -0.091216303 -0.030700082 0.018512027 -0.995185614
1403636617813555456.000000 -0.224068224 0.063214011 0.243785784 0.091200963 0.030834254 -0.018652175 0.995180309
1403636617863555584.000000 -0.224082962 0.063228928 0.243838340 0.091172509 0.030846618 -0.018636474 0.995182812
1403636617913555456.000000 -0.224070340 0.063182220 0.243805736 -0.091153353 -0.030673547 0.018614747 -0.995190322
1403636617963555584.000000 -0.224131346 0.063142873 0.243640170 -0.091170087 -0.030609189 0.018426398 -0.995194256
1403636618013555456.000000 -0.224025875 0.063207261 0.243902668 -0.091136128 -0.030699383 0.018615574 -0.995191097
1403636618063555584.000000 -0.223968253 0.063213840 0.244006500 -0.091130890 -0.030838331 0.018607477 -0.995187402
1403636618113555456.000000 -0.223989740 0.063162915 0.243912056 -0.091137432 -0.030668896 0.018600600 -0.995192230
1403636618163555584.000000 -0.223969877 0.063149042 0.243929818 -0.091137104 -0.030694768 0.018582810 -0.995191693
1403636618213555456.000000 -0.223990172 0.063135028 0.243921623 -0.091146640 -0.030654689 0.018681629 -0.995190203
1403636618263555584.000000 -0.223997757 0.063129373 0.243935540 -0.091156766 -0.030678520 0.018643048 -0.995189369
1403636618313555456.000000 -0.224071771 0.063116103 0.243774280 0.091140032 0.030787103 -0.018668341 0.995186985
1403636618363555584.000000 -0.224102110 0.063081145 0.243756115 0.091139399 0.030839512 -0.018614365 0.995186508
1403636618413555456.000000 -0.224170312 0.063142262 0.244057983 -0.091127813 -0.030702313 0.018630883 -0.995191455
1403636618463555584.000000 -0.224155992 0.063128270 0.244054630 -0.091137782 -0.030725496 0.018634168 -0.995189726
1403636618513555456.000000 -0.224124148 0.063043140 0.243999764 -0.091493435 -0.030712165 0.018757464 -0.995155275
1403636618563555584.000000 -0.224255025 0.062996820 0.243745700 -0.091523677 -0.030661559 0.018415384 -0.995160401
1403636618613555456.000000 -0.224185765 0.062983043 0.243826836 -0.091304004 -0.030735157 0.018833887 -0.995170474
1403636618663555584.000000 -0.224039659 0.062900506 0.243969813 -0.091317967 -0.030668350 0.018488886 -0.995177746
1403636618713555456.000000 -0.224269509 0.062884837 0.243705377 -0.090939924 -0.030651348 0.018355811 -0.995215297
1403636618763555584.000000 -0.224186122 0.062976263 0.243700042 -0.091140747 -0.030731687 0.018531498 -0.995191276
1403636618813555456.000000 -0.224038333 0.063309796 0.243856043 0.091275655 0.030676028 -0.018296665 0.995184898
1403636618863555584.000000 -0.223999664 0.063324526 0.243806899 0.091324516 0.030757645 -0.018332629 0.995177269
1403636618913555456.000000 -0.224498108 0.062625609 0.243185356 -0.091559142 -0.030679975 0.018320356 -0.995158374
1403636618963555584.000000 -0.224201396 0.062580436 0.243333220 -0.091527946 -0.030693248 0.018358475 -0.995160103
1403636619013555456.000000 -0.224217370 0.062593289 0.243199289 -0.091551192 -0.030654548 0.018207470 -0.995161891
1403636619063555584.000000 -0.224162906 0.062766455 0.243160248 -0.091459274 -0.030576702 0.018312886 -0.995170832
1403636619113555456.000000 -0.224112764 0.062848665 0.243166983 -0.091347136 -0.030611986 0.018119704 -0.995183587
1403636619163555584.000000 -0.224254549 0.062923245 0.243138731 -0.091104694 -0.030620607 0.018263647 -0.995202899
1403636619213555456.000000 -0.224145412 0.063261613 0.243492082 -0.091095150 -0.030674828 0.018122902 -0.995204687
1403636619263555584.000000 -0.224108726 0.063081376 0.243468836 -0.090963796 -0.030691665 0.018324424 -0.995212436
1403636619313555456.000000 -0.224162757 0.063168481 0.243687674 0.091169104 0.030663889 -0.018311815 0.995194793
1403636619363555584.000000 -0.224107593 0.063096821 0.243718341 0.091577232 0.030651519 -0.018360289 0.995156825
1403636619413555456.000000 -0.223871708 0.062960036 0.243622482 -0.091504730 -0.030681517 0.018393846 -0.995161891
1403636619463555584.000000 -0.224121690 0.062883146 0.243110061 -0.091448762 -0.030637359 0.018297106 -0.995170236
1403636619513555456.000000 -0.224106908 0.063062727 0.243103355 -0.091319092 -0.030590739 0.018284211 -0.995183825
1403636619563555584.000000 -0.224137589 0.063168235 0.243057936 -0.091201998 -0.030544138 0.018202636 -0.995197475
1403636619613555456.000000 -0.224235058 0.063269988 0.243134245 -0.091164283 -0.030674454 0.018508948 -0.995191216
1403636619663555584.000000 -0.224203914 0.063253194 0.243273675 -0.091218360 -0.030757301 0.018475417 -0.995184422
1403636619713555456.000000 -0.224291280 0.063222863 0.243208587 -0.091088697 -0.030825155 0.018567655 -0.995192409
1403636619763555584.000000 -0.224195406 0.063198283 0.243433267 -0.091151670 -0.030705394 0.018402625 -0.995193422
1403636619813555456.000000 -0.224000916 0.063146837 0.243736550 0.091153055 0.030650444 -0.018288773 0.995197117
1403636619863555584.000000 -0.223986879 0.063105054 0.243910685 0.091208518 0.030662993 -0.018149136 0.995194197
1403636619913555456.000000 -0.224115044 0.063154824 0.243799835 -0.091164611 -0.030771635 0.018401826 -0.995190203
1403636619963555584.000000 -0.224489138 0.063151874 0.243730083 -0.091274850 -0.030744936 0.018357730 -0.995181739
1403636620013555456.000000 -0.224448562 0.063194185 0.243737355 -0.091266878 -0.030711466 0.018356392 -0.995183587
1403636620063555584.000000 -0.224387512 0.063204639 0.243739560 -0.091216527 -0.030739026 0.018417319 -0.995186210
1403636620113555456.000000 -0.224263221 0.063255005 0.243738919 -0.091236100 -0.030794401 0.018480314 -0.995181441
1403636620163555584.000000 -0.224203289 0.063271277 0.243758932 -0.091261663 -0.030754410 0.018531740 -0.995179474
1403636620213555456.000000 -0.224184811 0.063250601 0.243608877 -0.091281794 -0.030733844 0.018425757 -0.995180249
1403636620263555584.000000 -0.224050671 0.063271046 0.243715152 -0.091268934 -0.030669948 0.018526003 -0.995181501
1403636620313555456.000000 -0.224017188 0.063106373 0.244032949 0.091183148 0.030749969 -0.018214948 0.995192647
1403636620363555584.000000 -0.223990709 0.063070811 0.244102448 0.091189064 0.030732034 -0.018286550 0.995191336
1403636620413555456.000000 -0.224000484 0.063174948 0.243840978 -0.091265269 -0.030699657 0.018560722 -0.995180249
1403636620463555584.000000 -0.223813593 0.063074894 0.243905261 -0.091220215 -0.030735562 0.018599987 -0.995182574
1403636620513555456.000000 -0.223826587 0.063072190 0.243895441 -0.091247484 -0.030700624 0.018469471 -0.995183527
1403636620563555584.000000 -0.223961622 0.063050427 0.243654519 -0.091221333 -0.030671597 0.018393882 -0.995188236
1403636620613555456.000000 -0.223991260 0.063081875 0.243711874 -0.091251187 -0.030626874 0.018347410 -0.995187759
1403636620663555584.000000 -0.223930761 0.063190766 0.243917421 -0.091208927 -0.030647412 0.018564913 -0.995186925
1403636620713555456.000000 -0.223936707 0.063177891 0.243945032 -0.091222070 -0.030687314 0.018524870 -0.995185316
1403636620763555584.000000 -0.223983690 0.063163683 0.243995503 -0.091191761 -0.030785989 0.018568831 -0.995184183
1403636620813555456.000000 -0.224151760 0.063069999 0.243898049 0.091154449 0.030902598 -0.018620482 0.995183051
1403636620863555584.000000 -0.224130526 0.063097976 0.243878663 0.091141745 0.030906396 -0.018632868 0.995183825
1403636620913555456.000000 -0.223759592 0.063252978 0.244372249 -0.091296129 -0.030724982 0.018495986 -0.995177865
1403636620963555584.000000 -0.223685041 0.063237354 0.244509935 -0.091268547 -0.030616304 0.018458582 -0.995184481
1403636621013555456.000000 -0.223710567 0.063220866 0.244680971 -0.091269098 -0.030558385 0.018468495 -0.995185971
1403636621063555584.000000 -0.223749042 0.063315421 0.244772196 -0.091005720 -0.030721020 0.018986110 -0.995195329
1403636621113555456.000000 -0.223828048 0.063069798 0.244756669 -0.091326945 -0.030648792 0.018415652 -0.995178819
1403636621163555584.000000 -0.223956555 0.063058153 0.244508758 -0.091160923 -0.030723630 0.018847136 -0.995183706
1403636621213555456.000000 -0.223911345 0.062979273 0.244610742 -0.091268636 -0.030740287 0.018524433 -0.995179415
1403636621263555584.000000 -0.223944426 0.063076138 0.244544432 -0.091076680 -0.030725667 0.018908512 -0.995190144
1403636621313555456.000000 -0.224106431 0.063188203 0.243630663 0.091273889 0.030775057 -0.018265914 0.995182633
1403636621363555584.000000 -0.224144310 0.063316032 0.243536353 0.091157027 0.030842070 -0.018548712 0.995185971
1403636621413555456.000000 -0.224133208 0.062937759 0.244685337 -0.091288373 -0.030662531 0.018512545 -0.995180130
1403636621463555584.000000 -0.224167675 0.063066922 0.244829059 -0.091161542 -0.030764941 0.018794931 -0.995183349
1403636621513555456.000000 -0.224201217 0.063129179 0.244843259 -0.091238499 -0.030712601 0.018599931 -0.995181620
1403636621563555584.000000 -0.224287957 0.063451380 0.244215563 -0.091143973 -0.030796135 0.018502230 -0.995189488
1403636621613555456.000000 -0.224088907 0.063327007 0.244639173 -0.091203086 -0.030681806 0.018583130 -0.995186031
1403636621663555584.000000 -0.224018991 0.063314848 0.244443059 -0.091099709 -0.030738898 0.018803604 -0.995189726
1403636621713555456.000000 -0.224040657 0.063252270 0.244240686 -0.091200784 -0.030696103 0.018621625 -0.995185196
1403636621763555584.000000 -0.224037006 0.063288532 0.244130403 -0.091170140 -0.030697361 0.018745946 -0.995185554
1403636621813555456.000000 -0.224013016 0.063231841 0.243781671 0.091291830 0.030739764 -0.018367521 0.995180130
1403636621863555584.000000 -0.224043548 0.063211754 0.243671522 0.091261230 0.030705823 -0.018416785 0.995183110
1403636621913555456.000000 -0.224014267 0.063202731 0.243618637 0.091252394 0.030695515 -0.018388398 0.995184720
1403636621963555584.000000 -0.224358618 0.063453272 0.243863240 -0.091288298 -0.030745771 0.018321494 -0.995181143
1403636622013555456.000000 -0.224256054 0.063402183 0.244193554 -0.091147549 -0.030650156 0.018756347 -0.995188951
1403636622063555584.000000 -0.224198118 0.063299388 0.243674055 -0.091241091 -0.030788723 0.018339407 -0.995183825
1403636622113555456.000000 -0.224100918 0.063259147 0.243603900 -0.091189317 -0.030730968 0.018407920 -0.995189071
1403636622163555584.000000 -0.224021405 0.063174114 0.243548527 -0.091237575 -0.030724194 0.018393617 -0.995185137
1403636622213555456.000000 -0.223988086 0.063156366 0.243447706 -0.091260262 -0.030719170 0.018345153 -0.995184124
1403636622263555584.000000 -0.223911420 0.063189000 0.243348613 -0.091250598 -0.030703796 0.018409163 -0.995184302
1403636622313555456.000000 -0.223963201 0.063329004 0.244206384 0.091255762 0.030688033 -0.018480070 0.995182991
1403636622363555584.000000 -0.223969832 0.063391291 0.244111612 0.091240011 0.030652830 -0.018536815 0.995184481
1403636622413555456.000000 -0.223823741 0.063191406 0.243317634 -0.091267936 -0.030567413 0.018414900 -0.995186746
1403636622463555584.000000 -0.223784462 0.063108198 0.243319809 -0.091251306 -0.030565860 0.018439174 -0.995187879
1403636622513555456.000000 -0.223791376 0.063093573 0.243385732 -0.091227911 -0.030596962 0.018406102 -0.995189726
1403636622563555584.000000 -0.223844230 0.063120820 0.243383363 -0.091208465 -0.030598002 0.018404681 -0.995191514
1403636622613555456.000000 -0.223853648 0.063143849 0.243476376 -0.091191471 -0.030642901 0.018429767 -0.995191157
1403636622663555584.000000 -0.223893508 0.063160107 0.243564636 -0.091255471 -0.030692905 0.018376725 -0.995184779
1403636622713555456.000000 -0.223949522 0.063194312 0.243598014 -0.091233365 -0.030717552 0.018290455 -0.995187640
1403636622763555584.000000 -0.224004939 0.063288674 0.243554652 -0.091218546 -0.030759901 0.018352496 -0.995186567
1403636622813555456.000000 -0.224108428 0.063279539 0.243671849 0.091227643 0.030709470 -0.018318905 0.995187938
1403636622863555584.000000 -0.224065110 0.063388824 0.243726820 0.091140144 0.030828185 -0.018268939 0.995193183
1403636622913555456.000000 -0.223843291 0.063808292 0.243962064 -0.091065645 -0.030953296 0.018181132 -0.995197713
1403636622963555584.000000 -0.223786503 0.063881114 0.244174287 -0.091091536 -0.030909665 0.017984567 -0.995200217
1403636623013555456.000000 -0.223810509 0.063857965 0.244438797 -0.091008082 -0.031050481 0.018100431 -0.995201409
1403636623063555584.000000 -0.223900229 0.063722424 0.244523048 -0.091026135 -0.031013966 0.018048815 -0.995201826
1403636623113555456.000000 -0.223966539 0.063627191 0.244464815 -0.090982199 -0.031014603 0.018058099 -0.995205641
1403636623163555584.000000 -0.224054024 0.063489474 0.244378909 -0.090961657 -0.031048410 0.018047195 -0.995206714
1403636623213555456.000000 -0.224095404 0.063434027 0.244205937 -0.090952486 -0.030940294 0.018072248 -0.995210409
1403636623263555584.000000 -0.224101320 0.063384131 0.244039729 -0.090991147 -0.030948922 0.017974529 -0.995208383
1403636623313555456.000000 -0.224035457 0.063560300 0.243991882 0.091106184 0.031262256 -0.017414127 0.995198071
1403636623363555584.000000 -0.224120200 0.063597530 0.243694350 0.091164917 0.031181328 -0.017137706 0.995199978
1403636623413555456.000000 -0.224135011 0.063675597 0.243427947 0.091097519 0.031257719 -0.017345045 0.995200217
1403636623463555584.000000 -0.224105194 0.063576147 0.243075997 0.091088280 0.031315595 -0.017239116 0.995201111
1403636623513555456.000000 -0.224217042 0.063882761 0.242707938 0.091054708 0.031256557 -0.017281482 0.995205224
1403636623563555584.000000 -0.225243866 0.063768223 0.242140055 -0.091095150 -0.031145804 0.017131085 -0.995207667
1403636623613555456.000000 -0.224566728 0.063827619 0.242128074 -0.090960398 -0.031096239 0.017092612 -0.995222151
1403636623663555584.000000 -0.223923773 0.063631512 0.242785469 -0.090696059 -0.030732658 0.017873026 -0.995243847
1403636623713555456.000000 -0.223490253 0.063690633 0.243454278 -0.090511337 -0.030860597 0.017849907 -0.995257139
1403636623763555584.000000 -0.223374903 0.063688301 0.243920341 -0.090355746 -0.030944809 0.017716387 -0.995271027
1403636623813555456.000000 -0.223863363 0.063599929 0.243450031 0.090178713 0.030497149 -0.017608473 0.995302856
1403636623863555584.000000 -0.223889604 0.063675828 0.243736058 0.089999914 0.030751329 -0.017417854 0.995314598
1403636623913555456.000000 -0.223039940 0.063709080 0.244791865 -0.089826494 -0.030620079 0.017548939 -0.995332003
1403636623963555584.000000 -0.222860828 0.063681535 0.245102495 -0.089679323 -0.030570090 0.017211949 -0.995352685
1403636624013555456.000000 -0.222825006 0.063800424 0.245142266 -0.089666553 -0.030626591 0.017536968 -0.995346427
1403636624063555584.000000 -0.223198548 0.063862406 0.245049298 -0.089430496 -0.030650867 0.017474268 -0.995367944
1403636624113555456.000000 -0.223382562 0.063852794 0.244663626 -0.088714734 -0.030182209 0.017510200 -0.995445728
1403636624163555584.000000 -0.223641977 0.063838303 0.243878081 -0.088499516 -0.030129703 0.017092200 -0.995473742
1403636624213555456.000000 -0.223628059 0.063986562 0.243377596 -0.088422284 -0.029914226 0.017257133 -0.995484233
1403636624263555584.000000 -0.223332703 0.064026415 0.243291959 -0.088463731 -0.029598668 0.017391704 -0.995487690
1403636624313555456.000000 -0.224072605 0.064321525 0.243556648 0.087441117 0.027056452 -0.017564218 0.995647311
1403636624363555584.000000 -0.224460438 0.065413766 0.242997468 0.085879400 0.022367151 -0.018279128 0.995886743
1403636624413555456.000000 -0.223950207 0.067309499 0.242064998 -0.084032044 -0.018783802 0.018878516 -0.996107101
1403636624463555584.000000 -0.224636704 0.069989949 0.240269199 0.082328476 0.014116256 -0.019163072 0.996321082
1403636624513555456.000000 -0.225398332 0.073166214 0.237720549 0.080247216 0.009450155 -0.019407365 0.996541262
1403636624563555584.000000 -0.226038754 0.076722354 0.234845981 0.078285247 0.006112312 -0.019624680 0.996719122
1403636624613555456.000000 -0.226437747 0.080541737 0.231608391 -0.076868795 -0.005435525 0.021358555 -0.996797681
1403636624663555584.000000 -0.226959094 0.086256757 0.229718193 0.075688146 0.007510398 -0.022517543 0.996849000
1403636624713555456.000000 -0.228628218 0.092135370 0.227006286 0.074020945 0.007939112 -0.026870897 0.996863008
1403636624763555584.000000 -0.229949892 0.098636486 0.223617762 -0.073131353 -0.010591037 0.029378127 -0.996833324
1403636624813555456.000000 -0.231295645 0.105996780 0.219075531 -0.070686519 -0.007328331 0.036910277 -0.996788502
1403636624863555584.000000 -0.231158689 0.113694623 0.212671220 0.068646558 0.003791818 -0.043670636 0.996677637
1403636624913555456.000000 -0.229476273 0.121547960 0.205512255 0.065773509 -0.002773325 -0.052037217 0.996472955
1403636624963555584.000000 -0.225791663 0.129033178 0.197187558 -0.063195340 0.009027729 0.059905693 -0.996160746
1403636625013555456.000000 -0.220203236 0.135845929 0.186510935 0.061603025 -0.014891087 -0.064970255 0.995872617
1403636625063555584.000000 -0.212849095 0.141244695 0.176570445 0.060393475 -0.021113547 -0.068476349 0.995599270
1403636625113555456.000000 -0.203405097 0.145476028 0.165598691 0.060590897 -0.026403731 -0.068971597 0.995426834
1403636625163555584.000000 -0.192869037 0.147947475 0.156179026 0.062191878 -0.029164998 -0.064708211 0.995537281
1403636625213555456.000000 -0.180831969 0.149714604 0.147500321 -0.064132690 0.027852314 0.060877770 -0.995693386
1403636625263555584.000000 -0.168220654 0.150567412 0.139967531 -0.065780573 0.024038192 0.057372551 -0.995893359
1403636625313555456.000000 -0.157876149 0.150835156 0.134997621 -0.067418180 0.020314714 0.054778047 -0.996012807
1403636625363555584.000000 -0.151816085 0.150718942 0.132453382 -0.068977937 0.017958820 0.053285833 -0.996032238
1403636625413555456.000000 -0.150639772 0.150825053 0.132327795 -0.069556840 0.019364068 0.053178601 -0.995971382
1403636625463555584.000000 -0.152585983 0.150786445 0.133766770 -0.069947451 0.022557378 0.053779177 -0.995844543
1403636625513555456.000000 -0.156109780 0.150363877 0.136803240 -0.070346765 0.024216583 0.053624585 -0.995785832
1403636625563555584.000000 -0.159167469 0.149732888 0.140482813 -0.070818856 0.025378222 0.054251447 -0.995689452
1403636625613555456.000000 -0.159873709 0.149825245 0.141803607 0.071196839 -0.025561592 -0.055214498 0.995604873
1403636625663555584.000000 -0.156485319 0.147995129 0.145301238 0.071531385 -0.023996996 -0.055878390 0.995582819
1403636625713555456.000000 -0.147559389 0.144274652 0.149145752 -0.072679117 0.020842684 0.055359546 -0.995599687
1403636625763555584.000000 -0.135158524 0.140404761 0.152051955 -0.073215023 0.015610622 0.055522498 -0.995647132
1403636625813555456.000000 -0.118629560 0.135828510 0.154073566 -0.074094974 0.010416897 0.054764580 -0.995691895
1403636625863555584.000000 -0.098089315 0.130752429 0.155112937 -0.075305536 0.004437811 0.053239278 -0.995728374
1403636625913555456.000000 -0.074788168 0.125241503 0.155660734 -0.076209143 0.000814031 0.051807046 -0.995744765
1403636625963555584.000000 -0.049868178 0.119505934 0.154955387 -0.076910771 -0.002047649 0.050909538 -0.995735288
1403636626013555456.000000 -0.024887610 0.112919547 0.154978052 -0.077272512 -0.004510541 0.051295619 -0.995679438
1403636626063555584.000000 0.000021438 0.109285310 0.152712807 -0.079145774 -0.005534475 0.047176182 -0.995730817
1403636626113555456.000000 0.025939856 0.108063169 0.147155240 0.081892870 0.005412749 -0.040752675 0.995792866
1403636626163555584.000000 0.048393890 0.103735149 0.145344406 0.083830282 0.005924830 -0.035870131 0.995816648
1403636626213555456.000000 0.068465337 0.098946929 0.143789217 -0.085518107 -0.006196977 0.031682085 -0.995813489
1403636626263555584.000000 0.085836850 0.095925450 0.142693877 -0.086468913 -0.006360707 0.029163584 -0.995807290
1403636626313555456.000000 0.099913009 0.093855813 0.142676249 -0.087075517 -0.006452090 0.028245967 -0.995780289
1403636626363555584.000000 0.110391721 0.093009174 0.143378988 -0.086972259 -0.006619835 0.028418772 -0.995783329
1403636626413555456.000000 0.117724545 0.093484432 0.144930765 -0.086603723 -0.007380196 0.030117616 -0.995760143
1403636626463555584.000000 0.123241588 0.095193498 0.147193670 -0.085849114 -0.008461381 0.033041455 -0.995724142
1403636626513555456.000000 0.127843797 0.097737320 0.149589166 -0.085143305 -0.012008756 0.036362592 -0.995632648
1403636626563555584.000000 0.131585643 0.101438053 0.151687473 -0.084476613 -0.015888948 0.040118385 -0.995490789
1403636626613555456.000000 0.131768659 0.109082744 0.161493897 0.084593110 0.019686449 -0.043564696 0.995268166
1403636626663555584.000000 0.132772088 0.113782510 0.162762344 0.084488854 0.022486776 -0.046603516 0.995079994
1403636626713555456.000000 0.131814912 0.117779128 0.162391171 -0.084854744 -0.022152586 0.048061624 -0.994987011
1403636626763555584.000000 0.129400074 0.122511141 0.161880448 -0.085639037 -0.019770363 0.048990525 -0.994924664
1403636626813555456.000000 0.125875354 0.127546683 0.160891771 -0.086209022 -0.016879207 0.049637467 -0.994896591
1403636626863555584.000000 0.121192008 0.132828996 0.159487545 -0.086633869 -0.013084696 0.050366901 -0.994880199
1403636626913555456.000000 0.115781888 0.138263568 0.157945558 -0.086787820 -0.008843332 0.051122367 -0.994874954
1403636626963555584.000000 0.109600708 0.143947244 0.156472981 -0.086419187 -0.004080104 0.052292973 -0.994877219
1403636627013555456.000000 0.102469862 0.149719045 0.155188054 -0.086293064 0.000325955 0.052989572 -0.994859576
1403636627063555584.000000 0.095738225 0.155377209 0.153634638 -0.085849121 0.004337823 0.053544156 -0.994858861
1403636627113555456.000000 0.087590531 0.160855398 0.151983872 0.086077571 -0.009002017 -0.054012354 0.994782507
1403636627163555584.000000 0.085915826 0.165724799 0.149726614 0.086477317 -0.007871907 -0.053590074 0.994780362
1403636627213555456.000000 0.087109834 0.170415074 0.146428108 0.086560331 -0.005153970 -0.053936563 0.994772196
1403636627263555584.000000 0.092975356 0.174434125 0.140715197 -0.086776398 0.001134870 0.053865086 -0.994769871
1403636627313555456.000000 0.099453472 0.178542465 0.135435969 -0.087702021 -0.002032667 0.052678291 -0.994750857
1403636627363555584.000000 0.107822582 0.182453319 0.129837304 -0.088078678 -0.003257054 0.051639330 -0.994768798
1403636627413555456.000000 0.119272143 0.186716408 0.124964975 -0.088621177 -0.003503229 0.050816741 -0.994762123
1403636627463555584.000000 0.130878195 0.190913275 0.117284589 -0.088535190 -0.004448992 0.049180560 -0.994848311
1403636627513555456.000000 0.141639709 0.195316851 0.110356711 -0.086884521 -0.003295169 0.047197063 -0.995094359
1403636627563555584.000000 0.149352208 0.200325772 0.104167841 -0.083706640 -0.002408003 0.045118589 -0.995465636
1403636627613555456.000000 0.152940750 0.205592901 0.093681850 0.079648979 0.001334702 -0.043449070 0.995874703
1403636627663555584.000000 0.152362525 0.211583957 0.089587964 0.075912341 -0.001609466 -0.042493008 0.996207356
1403636627713555456.000000 0.148274422 0.218203008 0.086636670 0.071050875 -0.006249440 -0.041552391 0.996587336
1403636627763555584.000000 0.141054019 0.225773662 0.084950842 -0.065191157 0.012112755 0.040647682 -0.996971011
1403636627813555456.000000 0.134058252 0.232988611 0.084377937 -0.058859330 0.017412495 0.039640043 -0.997326970
1403636627863555584.000000 0.127091274 0.240472138 0.084793024 -0.051818013 0.022492087 0.038367495 -0.997665823
1403636627913555456.000000 0.121573098 0.247599289 0.085689187 -0.045958165 0.027287813 0.037664399 -0.997860014
1403636627963555584.000000 0.119637616 0.254162580 0.087195769 -0.040855635 0.029767163 0.037412513 -0.998020589
1403636628013555456.000000 0.120006181 0.260272056 0.089691214 -0.036410108 0.030690642 0.036995646 -0.998180211
1403636628063555584.000000 0.124447092 0.265767962 0.093112595 -0.033181157 0.028404560 0.036158070 -0.998391151
1403636628113555456.000000 0.135209113 0.271139801 0.092235871 0.030852076 -0.022179237 -0.034946386 0.998666584
1403636628163555584.000000 0.145310625 0.275650799 0.095414057 0.029401140 -0.013067681 -0.032525595 0.998952985
1403636628213555456.000000 0.155872941 0.279860973 0.099783741 -0.028589197 0.004560252 0.029832833 -0.999135613
1403636628263555584.000000 0.168104991 0.283996493 0.103284702 -0.028486267 -0.001616589 0.025705421 -0.999262333
1403636628313555456.000000 0.181167930 0.288406253 0.105995350 -0.029302413 -0.005829780 0.021061325 -0.999331713
1403636628363555584.000000 0.196968824 0.294187099 0.105389483 0.029880749 0.007215966 -0.018422354 0.999357641
1403636628413555456.000000 0.210109100 0.299900264 0.107620403 0.030361297 0.007604891 -0.016081458 0.999380767
1403636628463555584.000000 0.221780583 0.306327820 0.109949395 -0.031008519 -0.007691522 0.014722948 -0.999381125
1403636628513555456.000000 0.232021585 0.313556135 0.112399749 -0.031818699 -0.007171758 0.013658181 -0.999374628
1403636628563555584.000000 0.240693212 0.321524292 0.114952765 -0.032699965 -0.006459645 0.012471644 -0.999366522
1403636628613555456.000000 0.247808322 0.330278873 0.117577672 -0.034052014 -0.005861765 0.011653684 -0.999334991
1403636628663555584.000000 0.253532082 0.340031773 0.120282739 -0.034746815 -0.005798352 0.011688900 -0.999311030
1403636628713555456.000000 0.257963926 0.351138026 0.123256467 -0.033453971 -0.005706268 0.013432780 -0.999333799
1403636628763555584.000000 0.260437667 0.363341480 0.126302466 -0.030128324 -0.003466679 0.015886916 -0.999413788
1403636628813555456.000000 0.262961090 0.375813335 0.127220944 0.025453053 -0.000069698 -0.018341558 0.999507785
1403636628863555584.000000 0.263416559 0.389521301 0.130696550 0.020622145 -0.004243257 -0.019960394 0.999579132
1403636628913555456.000000 0.265485018 0.403379679 0.134613410 -0.016149230 0.008475337 0.020725010 -0.999618948
1403636628963555584.000000 0.269101828 0.417093158 0.135973498 -0.012480652 0.011940402 0.021365343 -0.999622524
1403636629013555456.000000 0.274810404 0.430664688 0.135515884 -0.009467503 0.014880512 0.020986190 -0.999624193
1403636629063555584.000000 0.282694906 0.444180340 0.133298844 -0.006531712 0.016341969 0.020287259 -0.999639332
1403636629113555456.000000 0.292024225 0.457464248 0.141619533 0.003318809 -0.016801227 -0.020526623 0.999642611
1403636629163555584.000000 0.301201314 0.471655548 0.139903411 -0.000920897 -0.016974786 -0.018956421 0.999675810
1403636629213555456.000000 0.309392005 0.485980362 0.140469536 0.006229675 0.015758095 0.017097922 -0.999710321
1403636629263555584.000000 0.313646525 0.499857783 0.167084932 -0.010964374 -0.013538676 -0.014802981 0.999738693
1403636629313555456.000000 0.320220619 0.514209867 0.169182196 -0.015138007 -0.011063217 -0.011719765 0.999755561
1403636629363555584.000000 0.325771630 0.528409481 0.173297524 0.018367726 0.008488564 0.008442161 -0.999759614
1403636629413555456.000000 0.330279320 0.542792082 0.177641317 0.020702992 0.005271295 0.003788714 -0.999764621
1403636629463555584.000000 0.333144814 0.557345092 0.189754501 -0.024490461 -0.001459578 0.001646850 0.999697685
1403636629513555456.000000 0.334762067 0.573243618 0.195318788 -0.029447991 0.000761087 0.007004152 0.999541461
1403636629563555584.000000 0.334446937 0.590213835 0.201682031 -0.035600930 0.000375616 0.011541169 0.999299407
1403636629613555456.000000 0.332471967 0.606825233 0.230953932 -0.043950073 -0.002217661 0.013888444 0.998934746
1403636629663555584.000000 0.328736484 0.625669777 0.239045650 -0.053221419 -0.007170429 0.016116874 0.998426914
1403636629713555456.000000 0.323715121 0.645738363 0.249121666 0.063225813 0.011858340 -0.018104972 -0.997764587
1403636629763555584.000000 0.320798665 0.666143537 0.268440783 -0.074062183 -0.016262064 0.019992353 0.996920586
1403636629813555456.000000 0.314215839 0.687759519 0.279565454 -0.085343517 -0.019161211 0.022780331 0.995906830
1403636629863555584.000000 0.306892812 0.709479272 0.292801768 0.096546158 0.021403190 -0.026147075 -0.994754791
1403636629913555456.000000 0.302527457 0.731021404 0.310289651 -0.106868193 -0.022756191 0.029473029 0.993575752
1403636629963555584.000000 0.297396570 0.753055096 0.323641002 -0.116132446 -0.023304377 0.031715017 0.992453754
1403636630013555456.000000 0.294322342 0.774515569 0.336794972 0.123459086 0.022979567 -0.034074683 -0.991498232
1403636630063555584.000000 0.293052763 0.795936584 0.349502951 0.129607946 0.021064328 -0.035697456 -0.990698695
1403636630113555456.000000 0.300191522 0.817747235 0.369183719 -0.134759620 -0.016349345 0.036566049 0.990068436
1403636630163555584.000000 0.304030031 0.839521646 0.382801682 -0.139066383 -0.009084252 0.037345123 0.989536941
1403636630213555456.000000 0.313819826 0.862896681 0.409083486 -0.143050760 -0.002120153 0.037185267 0.989014328
1403636630263555584.000000 0.321611911 0.884802282 0.423062384 -0.145829245 0.004105243 0.037563875 0.988587916
1403636630313555456.000000 0.330246031 0.906677723 0.436605215 -0.147930190 0.007734688 0.037354562 0.988261819
1403636630363555584.000000 0.343652785 0.929382205 0.454082459 -0.149241745 0.007131947 0.037458435 0.988065302
1403636630413555456.000000 0.354521543 0.950944960 0.467276990 -0.150026917 0.005865206 0.037322257 0.987959862
1403636630463555584.000000 0.367289364 0.972281039 0.480318815 0.150442749 -0.002736882 -0.036187530 -0.987952411
1403636630513555456.000000 0.381789029 0.993330300 0.492844284 0.150440499 -0.001199778 -0.034886032 -0.988002658
1403636630563555584.000000 0.397571683 1.014170408 0.505285203 0.150487661 0.000753418 -0.031978421 -0.988094270
1403636630613555456.000000 0.413517535 1.034814954 0.518143773 0.150138125 0.001408304 -0.029011136 -0.988238335
1403636630663555584.000000 0.428392798 1.055182576 0.531931400 0.149318427 0.003112660 -0.026628658 -0.988425612
1403636630713555456.000000 0.444395602 1.078341007 0.544825554 -0.148261756 -0.004253819 0.025008963 0.988622725
1403636630763555584.000000 0.457182854 1.098190188 0.560792089 -0.146640256 -0.004109862 0.025690617 0.988847733
1403636630813555456.000000 0.468918860 1.117205501 0.577900112 0.144565821 0.004724358 -0.026811676 -0.989120662
1403636630863555584.000000 0.479275972 1.136109829 0.595898688 0.142856404 0.004630953 -0.028181678 -0.989331305
1403636630913555456.000000 0.488257825 1.154870629 0.614588082 0.140963346 0.004172534 -0.029684749 -0.989560962
1403636630963555584.000000 0.496071756 1.173669577 0.634155273 0.139450505 0.003819400 -0.031007789 -0.989736140
1403636631013555456.000000 0.503095627 1.192864180 0.654422283 0.138780490 0.003545496 -0.031639036 -0.989811301
1403636631063555584.000000 0.509422779 1.212167978 0.675487995 0.137749776 0.002423387 -0.031717952 -0.989956141
1403636631113555456.000000 0.515275776 1.231476665 0.696889699 0.137416780 0.000601170 -0.031677034 -0.990006506
1403636631163555584.000000 0.520730793 1.250781059 0.718659282 0.137080997 -0.000902122 -0.031459976 -0.990059793
1403636631213555456.000000 0.530064166 1.276515126 0.732143760 -0.135973200 0.002705420 0.031097416 0.990220666
1403636631263555584.000000 0.535098135 1.295545340 0.754087389 -0.135847867 0.004092470 0.030378671 0.990255415
1403636631313555456.000000 0.539684713 1.315000176 0.776119113 0.135193288 -0.004195732 -0.030688044 -0.990335047
1403636631363555584.000000 0.543268025 1.334336162 0.798804522 0.135025665 -0.004249665 -0.030054772 -0.990377069
1403636631413555456.000000 0.545430541 1.353502035 0.822213113 0.134518445 -0.004222847 -0.030052360 -0.990446270
1403636631463555584.000000 0.546116233 1.372583628 0.845805764 0.134345174 -0.004006197 -0.029133946 -0.990498126
1403636631513555456.000000 0.545707941 1.391505718 0.869584322 0.134192094 -0.003621949 -0.027907778 -0.990555704
1403636631563555584.000000 0.544740021 1.409939885 0.893520355 0.134263217 -0.003739635 -0.026400596 -0.990586936
1403636631613555456.000000 0.543999851 1.427932501 0.916998625 0.133946642 -0.003259832 -0.025094781 -0.990665436
1403636631663555584.000000 0.543901503 1.445532680 0.940456092 0.133379042 -0.002411922 -0.024129916 -0.990768373
1403636631713555456.000000 0.539502084 1.459413290 0.938433766 -0.132975817 0.002145815 0.023663849 0.990834475
1403636631763555584.000000 0.541596949 1.475564957 0.959128201 -0.132696494 0.001594040 0.022901025 0.990890861
1403636631813555456.000000 0.546286821 1.491782069 0.980132878 -0.132124513 0.001926108 0.022390891 0.990978420
1403636631863555584.000000 0.553566337 1.511518836 1.004113674 0.132145628 -0.001237322 -0.021242743 -0.991001964
1403636631913555456.000000 0.561932623 1.528535366 1.026300192 0.132119909 -0.000141512 -0.020286549 -0.991026163
1403636631963555584.000000 0.570788205 1.545195341 1.048678994 0.132152021 0.000337988 -0.019821532 -0.991031170
1403636632013555456.000000 0.580109358 1.560992479 1.070924044 0.132283688 0.000126913 -0.019903682 -0.991012096
1403636632063555584.000000 0.590163291 1.576093554 1.093142509 0.132599354 -0.001282987 -0.019464685 -0.990977764
1403636632113555456.000000 0.599557996 1.590225339 1.114797354 0.133084953 -0.002667818 -0.017810851 -0.990941048
1403636632163555584.000000 0.603159726 1.595682263 1.111007333 -0.134919897 0.004214197 0.014906829 0.990735412
1403636632213555456.000000 0.611678183 1.607330203 1.131704211 -0.135732278 0.003808240 0.013930446 0.990640283
1403636632263555584.000000 0.619683564 1.620910764 1.153578758 0.135956720 -0.004693229 -0.015081601 -0.990588903
1403636632313555456.000000 0.625633657 1.632462621 1.175609350 0.136200249 -0.004870566 -0.016081447 -0.990538895
1403636632363555584.000000 0.629723668 1.643162131 1.197909594 0.136198089 -0.005281832 -0.017083388 -0.990520239
1403636632413555456.000000 0.631759584 1.653182864 1.220436335 0.136749342 -0.004296897 -0.017581191 -0.990440369
1403636632463555584.000000 0.631807446 1.662228823 1.243269444 0.136044964 -0.001532488 -0.020972120 -0.990479529
1403636632513555456.000000 0.630609334 1.670284510 1.266385078 0.133426398 0.001648274 -0.024782127 -0.990747452
1403636632563555584.000000 0.628134489 1.677563787 1.289739966 0.129131019 0.006707416 -0.029786263 -0.991157413
1403636632613555456.000000 0.625170767 1.684515357 1.313260674 0.123561911 0.011370760 -0.033913951 -0.991692066
1403636632663555584.000000 0.618362367 1.685696721 1.318569183 -0.116866447 -0.014766313 0.036078412 0.992382288
1403636632713555456.000000 0.616167009 1.692776680 1.342481017 -0.108693801 -0.017006805 0.036278181 0.993267596
1403636632763555584.000000 0.615571320 1.700244427 1.366173267 -0.099328794 -0.018168790 0.034669522 0.994284570
1403636632813555456.000000 0.617171824 1.710697055 1.391392589 0.089213461 0.017800182 -0.029417636 -0.995418847
1403636632863555584.000000 0.621435046 1.719955206 1.415702820 0.079317927 0.015165284 -0.020967657 -0.996513486
1403636632913555456.000000 0.627880633 1.729582429 1.439472318 0.069332458 0.011268870 -0.011826349 -0.997459948
1403636632963555584.000000 0.635404110 1.739632130 1.463283420 0.060725451 0.008900690 -0.003459533 -0.998108864
1403636633013555456.000000 0.650935054 1.752944589 1.483949661 -0.052951556 -0.006852283 -0.003781049 0.998566449
1403636633063555584.000000 0.660617471 1.762928367 1.507366896 -0.046048407 -0.006347700 -0.009470607 0.998874187
1403636633113555456.000000 0.669781387 1.773388267 1.529150248 0.039671306 0.005668012 0.013373135 -0.999107301
1403636633163555584.000000 0.677743554 1.783301592 1.552308679 0.034529205 0.005650013 0.016658153 -0.999248922
1403636633213555456.000000 0.684112787 1.792788625 1.576137304 0.030158004 0.005519455 0.018405812 -0.999360502
1403636633263555584.000000 0.688676834 1.802103639 1.600451469 0.026452193 0.006776675 0.018556068 -0.999454916
1403636633313555456.000000 0.692209840 1.811165094 1.625255466 0.023423264 0.008155528 0.017924542 -0.999531686
1403636633363555584.000000 0.694718778 1.820213795 1.650695682 0.020553557 0.009755366 0.015784554 -0.999616563
1403636633413555456.000000 0.696388781 1.829361677 1.676990986 0.019022347 0.011807058 0.013704549 -0.999655426
1403636633463555584.000000 0.697349131 1.838287830 1.703663707 0.017640289 0.013575700 0.011505157 -0.999686062
1403636633513555456.000000 0.707675397 1.848229051 1.738976240 -0.017412199 -0.015589908 -0.010129032 0.999675512
1403636633563555584.000000 0.708708525 1.857648373 1.767735362 -0.017799526 -0.017329572 -0.008603852 0.999654412
1403636633613555456.000000 0.709018648 1.867500186 1.797599196 0.018514596 0.019424479 0.007823466 -0.999609351
1403636633663555584.000000 0.711815298 1.877668381 1.827933073 0.020087209 0.020840039 0.007563230 -0.999552429
1403636633713555456.000000 0.716862559 1.887906194 1.858185530 0.021469779 0.020449407 0.006839689 -0.999536991
1403636633763555584.000000 0.723650098 1.898251057 1.888629913 0.022519637 0.019717023 0.005716976 -0.999535680
1403636633813555456.000000 0.732945502 1.908660769 1.919382334 0.023807749 0.019514015 0.004652851 -0.999515235
1403636633863555584.000000 0.744297087 1.918962121 1.950237632 0.024649404 0.018281996 0.002609215 -0.999525607
1403636633913555456.000000 0.753162861 1.928256154 1.980410337 -0.024959709 -0.017124744 0.001476848 0.999540746
1403636633963555584.000000 0.766092420 1.938818455 2.011740446 -0.024894377 -0.015128688 0.006026052 0.999557495
1403636634013555456.000000 0.778080404 1.949973941 2.043687344 -0.025180710 -0.013137055 0.009874635 0.999547899
1403636634063555584.000000 0.790117860 1.962052464 2.076613665 0.026003351 0.012778571 -0.012085465 -0.999507129
1403636634113555456.000000 0.802456677 1.974691153 2.109547615 0.025790824 0.013223575 -0.012280068 -0.999504447
1403636634163555584.000000 0.816445112 1.988326430 2.142279387 0.025910478 0.014535377 -0.011093703 -0.999497056
1403636634213555456.000000 0.832599282 2.002862215 2.175148010 0.026380379 0.016187442 -0.007932728 -0.999489486
1403636634263555584.000000 0.851176143 2.018131256 2.208378077 0.027085748 0.016074477 -0.003628291 -0.999497354
1403636634313555456.000000 0.865158677 2.033343315 2.238046408 -0.027525995 -0.012878513 -0.000160418 0.999538124
1403636634363555584.000000 0.885403633 2.049246788 2.271924257 -0.027680170 -0.008514147 -0.003476931 0.999574602
1403636634413555456.000000 0.904373109 2.065315723 2.306272507 -0.027759477 -0.004045263 -0.006703533 0.999583960
1403636634463555584.000000 0.923006773 2.082005501 2.341127396 0.027616747 0.001134083 0.009156913 -0.999576032
1403636634513555456.000000 0.939218700 2.098225832 2.376505136 0.027002973 -0.002188266 0.010895022 -0.999573588
1403636634563555584.000000 0.953653157 2.114421368 2.412144661 0.026318895 -0.004318498 0.012249548 -0.999569297
1403636634613555456.000000 0.956853211 2.131592751 2.445952415 -0.024944643 0.005938444 -0.014386968 0.999567688
1403636634663555584.000000 0.967636824 2.146564484 2.481585264 -0.021797908 0.006372732 -0.016633525 0.999603748
1403636634713555456.000000 0.977995217 2.161282301 2.516533613 -0.018552562 0.006551626 -0.019790810 0.999610543
1403636634763555584.000000 0.988136351 2.175345421 2.550617695 -0.014976788 0.004491170 -0.021862034 0.999638736
1403636634813555456.000000 0.999758780 2.189485550 2.583303928 0.011422809 -0.002385404 0.022727106 -0.999673605
1403636634863555584.000000 1.012211442 2.202575684 2.615610600 0.008211511 -0.000153034 0.023491958 -0.999690294
1403636634913555456.000000 1.026070595 2.214972019 2.647041798 0.004810771 0.001621899 0.024639772 -0.999683559
1403636634963555584.000000 1.041239619 2.226947546 2.677822590 0.001958348 0.004321984 0.026187809 -0.999645829
1403636635013555456.000000 1.053329468 2.240417242 2.709806681 0.000541491 -0.004177830 -0.027790314 0.999604940
1403636635063555584.000000 1.069437027 2.251399517 2.739987135 0.002573152 -0.005859002 -0.029473055 0.999545097
1403636635113555456.000000 1.084191561 2.262167454 2.770382166 0.004231601 -0.007435748 -0.030762184 0.999490201
1403636635163555584.000000 1.097723246 2.273815632 2.800718307 -0.006008188 0.008377907 0.031149136 -0.999461591
1403636635213555456.000000 1.109432220 2.284578562 2.831940413 -0.007466516 0.010052003 0.031259861 -0.999432921
1403636635263555584.000000 1.120017529 2.294918299 2.863944530 -0.009459244 0.011021794 0.029751677 -0.999451876
1403636635313555456.000000 1.129459023 2.304939747 2.896543026 -0.011126515 0.012524460 0.027884584 -0.999470770
1403636635363555584.000000 1.138599157 2.314686298 2.929569006 -0.013057161 0.014438981 0.024245724 -0.999516547
1403636635413555456.000000 1.150641441 2.323858738 2.966330290 0.014297263 -0.015591431 -0.022706144 0.999518394
1403636635463555584.000000 1.162006021 2.333783150 2.999784231 0.014923505 -0.015226692 -0.021293052 0.999545991
1403636635513555456.000000 1.175475597 2.343600512 3.033581495 0.015884174 -0.015770208 -0.018351670 0.999581039
1403636635563555584.000000 1.190585732 2.353751659 3.066124678 0.016109182 -0.015868459 -0.017527975 0.999590635
1403636635613555456.000000 1.206037998 2.365008831 3.095880508 -0.016363265 0.015084883 0.016438497 -0.999617159
1403636635663555584.000000 1.222688913 2.376432419 3.127208710 -0.016074387 0.013943397 0.015472994 -0.999653876
1403636635713555456.000000 1.247905970 2.386077642 3.162929773 0.015782598 -0.012800439 -0.014927029 0.999682128
1403636635763555584.000000 1.268992066 2.398057938 3.195537567 0.016177503 -0.009406564 -0.012670889 0.999744594
1403636635813555456.000000 1.292303562 2.410426617 3.227623701 0.017206563 -0.005242659 -0.008495686 0.999802172
1403636635863555584.000000 1.316804528 2.423038244 3.260247469 -0.017698448 0.002787079 0.004891875 -0.999827564
1403636635913555456.000000 1.342462420 2.437088251 3.291491985 -0.018494198 0.004007312 0.001038410 -0.999820411
1403636635963555584.000000 1.375285387 2.451520205 3.323843002 0.018056333 -0.007722153 -0.000183431 0.999807179
1403636636013555456.000000 1.401762009 2.467689276 3.355387926 0.016800819 -0.012966586 -0.002137949 0.999772549
1403636636063555584.000000 1.427602410 2.484756470 3.387679577 0.014701956 -0.016871272 -0.006459729 0.999728799
1403636636113555456.000000 1.453052044 2.502483606 3.420763969 -0.012691335 0.019688156 0.011203967 -0.999662876
1403636636163555584.000000 1.479273558 2.520559072 3.454227686 -0.011180121 0.017959174 0.015421903 -0.999657273
1403636636213555456.000000 1.511919737 2.538183451 3.487289906 0.009851795 -0.013064258 -0.019759035 0.999670923
1403636636263555584.000000 1.541970253 2.556423664 3.519963264 0.008714805 -0.006796820 -0.023295162 0.999667525
1403636636313555456.000000 1.573562384 2.574347734 3.552048922 0.008182597 -0.001204363 -0.025161924 0.999649227
1403636636363555584.000000 1.605795383 2.592006445 3.583407640 0.007708938 0.005645671 -0.026707707 0.999597669
1403636636413555456.000000 1.639406085 2.609426260 3.615406752 0.007785380 0.014217738 -0.027833210 0.999481201
1403636636463555584.000000 1.668875456 2.626361847 3.646012783 0.007871858 0.021177707 -0.028576458 0.999336243
1403636636513555456.000000 1.695371032 2.643183947 3.676274538 0.006735623 0.024103172 -0.031532858 0.999189377
1403636636563555584.000000 1.719333887 2.660065651 3.706066608 -0.005550829 -0.025333731 0.035142545 -0.999045789
1403636636613555456.000000 1.742925882 2.677909374 3.731551647 0.004158740 0.025969990 -0.039342344 0.998879671
1403636636663555584.000000 1.762003899 2.693389654 3.759799719 0.002490800 0.025408892 -0.043943752 0.998707712
1403636636713555456.000000 1.778564095 2.707875252 3.787353754 0.000976130 0.025305988 -0.047785055 0.998536587
1403636636763555584.000000 1.792538404 2.720713854 3.815191984 0.000448388 -0.024677375 0.051797602 -0.998352528
1403636636813555456.000000 1.803828239 2.732326984 3.841803312 0.002149914 -0.024235668 0.056996129 -0.998077929
1403636636863555584.000000 1.812518001 2.742299318 3.867759466 0.003545373 -0.022665216 0.061420102 -0.997848332
1403636636913555456.000000 1.818656564 2.750390768 3.893234253 0.002211729 -0.019732516 0.058914904 -0.998065531
1403636636963555584.000000 1.821719766 2.758689165 3.904969215 0.000845654 0.017727857 -0.053392652 0.998415887
1403636637013555456.000000 1.824522376 2.764051437 3.929370403 0.004149983 0.015112812 -0.046532340 0.998793900
1403636637063555584.000000 1.826230884 2.768724918 3.953268290 0.007071556 0.013562318 -0.040434808 0.999065101
1403636637113555456.000000 1.826937199 2.771793604 3.976573944 -0.009481544 -0.010886966 0.035844404 -0.999253094
1403636637163555584.000000 1.826368332 2.775284767 3.999621153 -0.010845069 -0.007256806 0.033086743 -0.999367297
1403636637213555456.000000 1.825411677 2.778569937 4.022500038 -0.011424065 -0.002943754 0.032100420 -0.999415100
1403636637263555584.000000 1.825356722 2.781664133 4.044726849 -0.012219286 0.000093021 0.031454805 -0.999430537
1403636637313555456.000000 1.836018682 2.790032864 4.078917027 0.012961769 -0.003619366 -0.031065183 0.999426782
1403636637363555584.000000 1.841289878 2.792392254 4.102505684 0.012828447 -0.005444056 -0.031880051 0.999394596
1403636637413555456.000000 1.848715782 2.794193745 4.126394272 0.013995680 -0.006444024 -0.031274173 0.999392092
1403636637463555584.000000 1.861665726 2.795222759 4.150383949 -0.014349344 0.008486736 0.032336060 -0.999338090
1403636637513555456.000000 1.874318600 2.796206474 4.172845840 -0.015049511 0.009107908 0.031695407 -0.999342799
1403636637563555584.000000 1.887371421 2.797043085 4.194351196 -0.015700640 0.010841836 0.031486455 -0.999322057
1403636637613555456.000000 1.887698770 2.799021959 4.195838451 0.016969206 -0.010602198 -0.030118601 0.999346077
1403636637663555584.000000 1.903293610 2.799440622 4.215517521 0.017487139 -0.011650228 -0.029525062 0.999343216
1403636637713555456.000000 1.921947479 2.799636602 4.236265182 0.017835809 -0.011020473 -0.029968504 0.999330938
1403636637763555584.000000 1.941310525 2.800736666 4.256183624 -0.018440410 0.009736125 0.030391153 -0.999320567
1403636637813555456.000000 1.963071227 2.800945044 4.276813030 -0.018686729 0.007505725 0.030886602 -0.999320090
1403636637863555584.000000 1.979873300 2.801493883 4.290037632 0.019091671 -0.005717759 -0.031096250 0.999317706
1403636637913555456.000000 2.004840851 2.800900936 4.310169220 0.019575305 -0.003819896 -0.031115534 0.999316812
1403636637963555584.000000 2.027512550 2.800274611 4.330969810 0.019894909 -0.001292614 -0.031160939 0.999315560
1403636638013555456.000000 2.046469212 2.800071478 4.352888584 -0.020302493 -0.000525405 0.031092368 -0.999310195
1403636638063555584.000000 2.053044081 2.800479889 4.367341518 0.020765128 0.002328458 -0.031071320 0.999298811
1403636638113555456.000000 2.063577414 2.800337791 4.392047405 0.021075206 0.004384463 -0.030834928 0.999292672
1403636638163555584.000000 2.071158171 2.800041914 4.417068481 0.021496987 0.005766687 -0.030560313 0.999285161
1403636638213555456.000000 2.075903654 2.800507069 4.440579891 -0.021874581 -0.006181397 0.030727416 -0.999269366
1403636638263555584.000000 2.080027103 2.800670385 4.464863300 -0.021775898 -0.006666861 0.031115675 -0.999256313
1403636638313555456.000000 2.082135201 2.800776482 4.488978386 -0.022733010 -0.004650727 0.029398827 -0.999298453
1403636638363555584.000000 2.081804752 2.801174879 4.512651920 -0.024265282 0.001319363 0.025102122 -0.999389529
1403636638413555456.000000 2.072435856 2.803163528 4.533058167 0.025905205 -0.010951978 -0.019643335 0.999411404
1403636638463555584.000000 2.068525791 2.804324865 4.556880474 0.027286299 -0.021189649 -0.015463916 0.999283433
1403636638513555456.000000 2.064907312 2.806185007 4.581261158 0.028712315 -0.029888546 -0.011035177 0.999079883
1403636638563555584.000000 2.063608646 2.809544325 4.603796482 -0.029019633 0.034692857 0.009645633 -0.998930037
1403636638613555456.000000 2.064651489 2.813517809 4.626824856 -0.028387239 0.036721367 0.011802633 -0.998852611
1403636638663555584.000000 2.069743395 2.818139553 4.650765896 -0.026924036 0.034961663 0.017165076 -0.998878479
1403636638713555456.000000 2.078422546 2.823536158 4.675292492 -0.025600942 0.032019515 0.020932326 -0.998940051
1403636638763555584.000000 2.089566469 2.829423189 4.700040340 -0.025023269 0.027304217 0.023958797 -0.999026656
1403636638813555456.000000 2.108340025 2.836086035 4.743095398 0.025049767 -0.022084631 -0.025452850 0.999118149
1403636638863555584.000000 2.124316931 2.841888189 4.768681526 0.025283346 -0.017576713 -0.025190962 0.999208331
1403636638913555456.000000 2.140208483 2.847874165 4.794239521 0.026469802 -0.014302334 -0.023471005 0.999271691
1403636638963555584.000000 2.159016609 2.853744745 4.823117733 0.027562452 -0.011701740 -0.021096621 0.999328971
1403636639013555456.000000 2.177170753 2.859902859 4.848801613 0.029571304 -0.011318105 -0.015968977 0.999371052
1403636639063555584.000000 2.194954395 2.866587400 4.875378132 0.031841498 -0.010609934 -0.010196063 0.999384642
1403636639113555456.000000 2.215754271 2.876185417 4.912616730 0.033759899 -0.010280395 -0.005359973 0.999362767
1403636639163555584.000000 2.228133678 2.885050774 4.942461491 0.035200696 -0.010883970 -0.001320160 0.999320149
1403636639213555456.000000 2.237158298 2.895243645 4.974752426 -0.036291163 0.011262682 -0.001846658 -0.999276161
1403636639263555584.000000 2.242442608 2.906921387 5.008676052 -0.036744338 0.012215069 -0.003128243 -0.999245226
1403636639313555456.000000 2.245717764 2.920437336 5.043570995 -0.035020817 0.012217036 0.001375180 -0.999310970
1403636639363555584.000000 2.252674818 2.937675238 5.085949898 0.032944649 -0.012473939 -0.007543162 0.999350905
1403636639413555456.000000 2.254247904 2.953584194 5.122503757 0.030694826 -0.012802158 -0.013870372 0.999350548
1403636639463555584.000000 2.255153894 2.970207930 5.159640312 0.028547661 -0.012720148 -0.020254824 0.999306262
1403636639513555456.000000 2.256074429 2.987158775 5.198365211 -0.026274232 0.011465310 0.026921047 -0.999226451
1403636639563555584.000000 2.255923748 3.004323483 5.236636162 -0.023791183 0.009265107 0.034308009 -0.999085188
1403636639613555456.000000 2.254957676 3.024083853 5.279323101 0.022253886 -0.007301770 -0.039955303 0.998926997
1403636639663555584.000000 2.254488707 3.039963961 5.317875862 0.022063075 -0.003878243 -0.041849919 0.998872817
1403636639713555456.000000 2.255054951 3.055120468 5.355587006 0.022793034 0.000338526 -0.040670261 0.998912632
1403636639763555584.000000 2.256153345 3.069120884 5.392552853 -0.024210816 -0.004109342 0.037715040 -0.998986840
1403636639813555456.000000 2.258705378 3.082976341 5.427862644 -0.024995858 -0.006231301 0.035719361 -0.999029815
1403636639863555584.000000 2.263176918 3.096327543 5.462184429 -0.026157616 -0.007628498 0.033016324 -0.999083340
1403636639913555456.000000 2.269174814 3.109281540 5.494420528 -0.027479513 -0.008313249 0.030884024 -0.999110639
1403636639963555584.000000 2.276724577 3.122151136 5.525612831 -0.027810449 -0.008903336 0.030249342 -0.999115825
1403636640013555456.000000 2.276480913 3.140561581 5.564241886 0.028651735 0.009459067 -0.030486824 0.999079704
1403636640063555584.000000 2.288295031 3.153172255 5.594146729 0.030701185 0.009775498 -0.032092750 0.998965502
1403636640113555456.000000 2.302241802 3.165426970 5.623153210 0.033608209 0.010044545 -0.035957202 0.998737514
1403636640163555584.000000 2.319726944 3.176091433 5.651133537 -0.037939981 -0.010137895 0.037870456 -0.998510778
1403636640213555456.000000 2.337806702 3.187276125 5.677131176 -0.042289671 -0.010199525 0.039508961 -0.998271823
1403636640263555584.000000 2.356284857 3.198474169 5.701760769 -0.045712475 -0.008577751 0.041911691 -0.998038232
1403636640313555456.000000 2.373850822 3.209434748 5.725871563 -0.048806656 -0.007831829 0.042552434 -0.997870743
1403636640363555584.000000 2.369808435 3.225899935 5.752564430 0.051936764 0.008355412 -0.044226781 0.997635663
1403636640413555456.000000 2.384172678 3.236819983 5.776748180 0.054195475 0.008122968 -0.045673802 0.997452140
1403636640463555584.000000 2.396037817 3.248149395 5.801410675 0.056047626 0.008058458 -0.047041837 0.997286797
1403636640513555456.000000 2.407127857 3.259914875 5.825225830 -0.057929654 -0.006899292 0.047481813 -0.997166991
1403636640563555584.000000 2.416812420 3.271198988 5.849458218 -0.059328634 -0.006802675 0.048543349 -0.997034371
1403636640613555456.000000 2.425256252 3.282250404 5.873858929 -0.060523141 -0.006666794 0.048648383 -0.996958315
1403636640663555584.000000 2.432206154 3.293205023 5.898036957 -0.061422773 -0.006942550 0.049156208 -0.996876538
1403636640713555456.000000 2.437697411 3.303969145 5.922307014 -0.062217146 -0.005983770 0.049288187 -0.996826947
1403636640763555584.000000 2.441906452 3.314452648 5.946442604 -0.062976561 -0.004191136 0.049270608 -0.996789277
1403636640813555456.000000 2.447711706 3.324596882 5.970270157 -0.063299380 -0.002837301 0.049984328 -0.996738017
1403636640863555584.000000 2.435383081 3.332203150 5.988140583 0.063705236 0.002339979 -0.050620109 0.996681392
1403636640913555456.000000 2.443232059 3.341481209 6.010282993 0.063950129 0.001517323 -0.050791889 0.996658623
1403636640963555584.000000 2.452592850 3.350426197 6.031301975 0.063748479 0.001000949 -0.051200300 0.996651232
1403636641013555456.000000 2.462504148 3.360716820 6.048528194 -0.063525714 -0.001694964 0.051518586 -0.996648133
1403636641063555584.000000 2.471150637 3.369579315 6.067336559 -0.063576184 -0.002778337 0.050568838 -0.996691108
1403636641113555456.000000 2.478120327 3.378151655 6.086330891 -0.063094720 -0.003340118 0.050801422 -0.996708155
1403636641163555584.000000 2.483237267 3.386442661 6.105978489 -0.062616237 -0.002975526 0.051073816 -0.996725559
1403636641213555456.000000 2.486821175 3.394479513 6.125658989 -0.062163860 -0.003864466 0.050890058 -0.996760249
1403636641263555584.000000 2.488661289 3.402057409 6.145502090 -0.062519200 -0.004780620 0.049318451 -0.996813059
1403636641313555456.000000 2.488464117 3.409470081 6.165394783 -0.063186020 -0.004322613 0.045770291 -0.996942341
1403636641363555584.000000 2.481899738 3.415271997 6.184842587 0.064418241 0.005253728 -0.040888548 0.997071147
1403636641413555456.000000 2.479279995 3.422964096 6.204667091 0.065572575 0.004897570 -0.037160005 0.997143686
1403636641463555584.000000 2.475647449 3.430957317 6.224355221 -0.065462105 -0.005085671 0.036449138 -0.997176170
1403636641513555456.000000 2.472089052 3.439522028 6.243194580 -0.064636394 -0.005626613 0.037735861 -0.997179329
1403636641563555584.000000 2.468513966 3.448421001 6.260315418 -0.063934974 -0.005490744 0.039630342 -0.997151732
1403636641613555456.000000 2.466008425 3.457490921 6.276583672 -0.062731840 -0.005833841 0.041722778 -0.997140884
1403636641663555584.000000 2.465015173 3.466524363 6.292204380 -0.061888345 -0.005596211 0.043259446 -0.997129500
1403636641713555456.000000 2.465919256 3.475599527 6.306046009 -0.061355602 -0.006748405 0.044452354 -0.997102797
1403636641763555584.000000 2.469715595 3.484323263 6.318857670 -0.060655970 -0.006352082 0.045047984 -0.997121513
1403636641813555456.000000 2.475638390 3.492488861 6.330853939 -0.060570210 -0.007341207 0.045329235 -0.997107208
1403636641863555584.000000 2.502878428 3.495635033 6.331036091 0.060178522 0.007343759 -0.045564793 0.997120142
1403636641913555456.000000 2.513025999 3.503294945 6.343497753 0.058981840 0.007648621 -0.045066424 0.997211993
1403636641963555584.000000 2.524355650 3.510627270 6.354845524 0.056543637 0.008100208 -0.043343075 0.997425973
1403636642013555456.000000 2.533147573 3.518637180 6.367790222 -0.052552555 -0.009490991 0.042072564 -0.997686386
1403636642063555584.000000 2.545158148 3.526468992 6.378634453 -0.047998931 -0.010489762 0.039951675 -0.997992992
1403636642113555456.000000 2.556646109 3.534087896 6.389782429 -0.043479566 -0.011481197 0.039080285 -0.998223662
1403636642163555584.000000 2.566797256 3.541502237 6.400861263 -0.039460406 -0.012272313 0.038182404 -0.998415947
1403636642213555456.000000 2.583970070 3.547801971 6.393042088 0.036350116 0.012721391 -0.036857456 0.998578250
1403636642263555584.000000 2.591071844 3.554357529 6.403079510 0.033371940 0.013253882 -0.035316359 0.998730898
1403636642313555456.000000 2.596349239 3.561024427 6.412584305 0.029792272 0.013752872 -0.033326726 0.998905778
1403636642363555584.000000 2.598801136 3.569206476 6.423711300 -0.024961732 -0.014262538 0.031390097 -0.999093711
1403636642413555456.000000 2.600007534 3.576537132 6.434062004 -0.020734189 -0.015423513 0.029155379 -0.999240816
1403636642463555584.000000 2.599494457 3.583775997 6.444355488 -0.016843343 -0.015496277 0.027693016 -0.999354482
1403636642513555456.000000 2.597286463 3.590839386 6.454208374 -0.013737784 -0.014394900 0.026145063 -0.999460161
1403636642563555584.000000 2.593526363 3.597806454 6.463623047 -0.010571238 -0.011170268 0.025678204 -0.999552011
1403636642613555456.000000 2.588546276 3.604235888 6.472287655 -0.008611476 -0.007260844 0.024126504 -0.999645472
1403636642663555584.000000 2.582193851 3.610731125 6.481015205 -0.006751020 -0.002871541 0.023022221 -0.999708056
1403636642713555456.000000 2.582577229 3.622061014 6.479365349 0.005301195 -0.001902049 -0.022801014 0.999724209
1403636642763555584.000000 2.576646090 3.628592253 6.487274170 0.004404635 -0.005559743 -0.022184055 0.999728739
1403636642813555456.000000 2.573309183 3.634657860 6.494194031 0.003716721 -0.008394304 -0.021269547 0.999731719
1403636642863555584.000000 2.571923733 3.640486479 6.504700661 -0.003463840 0.010084248 0.020419316 -0.999734640
1403636642913555456.000000 2.572606087 3.646239281 6.512516022 -0.003372904 0.012000300 0.020224854 -0.999717832
1403636642963555584.000000 2.575020075 3.652098179 6.519117355 -0.003297198 0.012677914 0.019464027 -0.999724746
1403636643013555456.000000 2.579734802 3.657994986 6.525298119 -0.003516057 0.012032518 0.019091334 -0.999739230
1403636643063555584.000000 2.586302280 3.664295912 6.532469749 -0.003662727 0.008386604 0.018922225 -0.999779105
1403636643113555456.000000 2.592717171 3.670967102 6.540095806 -0.003973322 0.003993285 0.018504096 -0.999812961
1403636643163555584.000000 2.597621202 3.677888632 6.548294544 -0.004502031 0.000799718 0.017789448 -0.999831378
1403636643213555456.000000 2.598405123 3.688420296 6.550457954 0.005084447 0.002040892 -0.017450830 0.999832749
1403636643263555584.000000 2.600319386 3.696258068 6.559651375 0.005455189 0.003045984 -0.017376866 0.999829531
1403636643313555456.000000 2.601197720 3.704356432 6.569016933 0.005561742 0.002666057 -0.017765604 0.999823153
1403636643363555584.000000 2.600730658 3.712129354 6.577354431 -0.005640316 -0.000675825 0.018157663 -0.999819040
1403636643413555456.000000 2.602788925 3.720381975 6.586243629 -0.006053351 0.001726949 0.017639166 -0.999824584
1403636643463555584.000000 2.607141256 3.728716373 6.595237255 -0.006656029 0.005432641 0.016983464 -0.999818921
1403636643513555456.000000 2.613094807 3.737386227 6.605252266 -0.007036602 0.009413985 0.017222824 -0.999782622
1403636643563555584.000000 2.622012138 3.746199846 6.616205692 -0.007521006 0.012835477 0.017570361 -0.999734998
1403636643613555456.000000 2.631977320 3.755159616 6.627237320 -0.007432826 0.016654309 0.018475888 -0.999662995
1403636643663555584.000000 2.643833876 3.764178276 6.638160706 -0.008224908 0.019951580 0.019401994 -0.999578834
1403636643713555456.000000 2.659566641 3.772140026 6.646113873 0.008608719 -0.023101499 -0.020113507 0.999493778
1403636643763555584.000000 2.674746990 3.781504631 6.656080723 0.008741618 -0.024646925 -0.020874927 0.999440014
1403636643813555456.000000 2.689629793 3.790534019 6.666893959 0.008556534 -0.027574565 -0.022429641 0.999331534
1403636643863555584.000000 2.704238653 3.801219702 6.681298256 -0.008820681 0.030525150 0.022662766 -0.999238133
1403636643913555456.000000 2.717958927 3.811094284 6.696042538 -0.008925022 0.032436565 0.023273759 -0.999162972
1403636643963555584.000000 2.730697155 3.821012259 6.712638378 -0.008764394 0.034472115 0.024204111 -0.999074101
1403636644013555456.000000 2.742621660 3.830869436 6.731035709 -0.008462349 0.035374492 0.024876224 -0.999028623
1403636644063555584.000000 2.753672838 3.840397120 6.750932693 -0.008643388 0.036137480 0.024906404 -0.998999000
1403636644113555456.000000 2.763892889 3.849759817 6.772512436 -0.008382311 0.037091952 0.025130529 -0.998960733
1403636644163555584.000000 2.773794413 3.858862877 6.795909882 -0.008403496 0.035746381 0.025432086 -0.999001920
1403636644213555456.000000 2.780658245 3.866292000 6.815823078 0.009129303 -0.030267838 -0.022964418 0.999236345
1403636644263555584.000000 2.789727449 3.875061274 6.842513561 0.010996768 -0.023081888 -0.017432185 0.999521136
1403636644313555456.000000 2.797982693 3.884130239 6.870619774 0.013340623 -0.014754813 -0.011043256 0.999741256
1403636644363555584.000000 2.806203604 3.894920588 6.899350166 -0.015253666 0.007179279 0.005242269 -0.999844193
1403636644413555456.000000 2.812051296 3.906042814 6.929063797 -0.016651599 0.001343195 0.001531417 -0.999859333
1403636644463555584.000000 2.816079140 3.918435097 6.959397316 -0.017518653 -0.003732562 -0.001296083 -0.999838769
1403636644513555456.000000 2.818093300 3.932016134 6.990138054 -0.019410705 -0.008404929 -0.006289110 -0.999756515
1403636644563555584.000000 2.810382366 3.947632313 7.026867867 0.020973414 0.011321072 0.010249446 0.999663472
1403636644613555456.000000 2.808563471 3.964494705 7.058094501 0.021199012 0.012868347 0.011529471 0.999625981
1403636644663555584.000000 2.805035830 3.983061552 7.089234352 0.019654650 0.013863859 0.007365064 0.999683619
1403636644713555456.000000 2.800210714 4.002952099 7.118320465 -0.016988946 -0.014792063 -0.000322180 -0.999746203
1403636644763555584.000000 2.793314934 4.024222374 7.148240089 -0.013666018 -0.014141709 0.008701979 -0.999768794
1403636644813555456.000000 2.779237032 4.046763897 7.185420036 0.010088075 0.014529396 -0.017008286 0.999698877
1403636644863555584.000000 2.769293785 4.069018364 7.214696407 0.007152522 0.012533310 -0.022955028 0.999632359
1403636644913555456.000000 2.759196997 4.090894699 7.243257523 0.005580797 0.009746566 -0.024797227 0.999629438
1403636644963555584.000000 2.750539303 4.112230301 7.269928455 -0.004977192 -0.006821249 0.024748569 -0.999658108
1403636645013555456.000000 2.743083715 4.133098602 7.295291424 -0.004255145 0.000778229 0.024848321 -0.999681950
1403636645063555584.000000 2.730813980 4.154347420 7.331526279 0.003992344 -0.012132695 -0.022673162 0.999661326
1403636645113555456.000000 2.726684332 4.174745560 7.354220867 0.003811269 -0.023756217 -0.020844582 0.999493241
1403636645163555584.000000 2.724015474 4.195123672 7.376321316 0.002847749 -0.034296393 -0.021816498 0.999169528
1403636645213555456.000000 2.723766327 4.214673996 7.399672985 -0.002693630 0.043069463 0.020112922 -0.998866022
1403636645263555584.000000 2.728007078 4.234408379 7.424840927 -0.002155515 0.047968008 0.020563914 -0.998634934
1403636645313555456.000000 2.734592199 4.253813267 7.451139450 -0.002161955 0.047362592 0.020327967 -0.998668611
1403636645363555584.000000 2.743158340 4.273234844 7.479288578 -0.001895699 0.042957254 0.020831101 -0.998857915
1403636645413555456.000000 2.747763395 4.294786930 7.529031754 0.001442380 -0.037514836 -0.021456873 0.999064684
1403636645463555584.000000 2.756694555 4.313877583 7.561449528 0.001288952 -0.033460014 -0.021209838 0.999214232
1403636645513555456.000000 2.764953613 4.333099365 7.595996380 0.001149475 -0.030253649 -0.021582849 0.999308586
1403636645563555584.000000 2.770289183 4.351577282 7.632873058 -0.000745200 0.028829247 0.021930575 -0.999343514
1403636645613555456.000000 2.776127577 4.370274067 7.671107769 -0.000310189 0.026640849 0.022060204 -0.999401629
1403636645663555584.000000 2.781948566 4.388839722 7.710652828 -0.000202854 0.025143977 0.023026403 -0.999418616
1403636645713555456.000000 2.789140224 4.407197952 7.751058578 -0.000049687 0.023787359 0.023337161 -0.999444664
1403636645763555584.000000 2.798317909 4.425032139 7.792522430 -0.000613521 0.022752810 0.022680111 -0.999483705
1403636645813555456.000000 2.814294100 4.446121693 7.848189354 0.001120728 -0.022423984 -0.021661159 0.999513268
1403636645863555584.000000 2.829733133 4.463237762 7.889832497 0.001126336 -0.023272913 -0.021086046 0.999506116
1403636645913555456.000000 2.848117113 4.480309010 7.931040287 0.001754030 -0.023718473 -0.019844051 0.999520183
1403636645963555584.000000 2.871573925 4.496927261 7.972389698 -0.000862013 0.019066714 0.017927596 -0.999657094
1403636646013555456.000000 2.895832300 4.514015675 8.013370514 0.001377905 0.014613148 0.014888641 -0.999781430
1403636646063555584.000000 2.920814514 4.531555176 8.052937508 0.004696270 0.011054370 0.009565556 -0.999882162
1403636646113555456.000000 2.948249102 4.550981522 8.098475456 -0.010530805 -0.007605901 -0.004314544 0.999906361
1403636646163555584.000000 2.973623753 4.570242405 8.138941765 -0.018693201 -0.004048574 0.001238445 0.999816358
1403636646213555456.000000 2.998395681 4.590458870 8.180641174 -0.027722547 -0.000420059 0.008115180 0.999582708
1403636646263555584.000000 3.021320581 4.611674309 8.221935272 -0.038604740 0.003330424 0.015190762 0.999133587
1403636646313555456.000000 3.045910835 4.633041382 8.265420914 -0.050719332 0.008120731 0.022365356 0.998429477
1403636646363555584.000000 3.065144062 4.656510353 8.306203842 -0.062953226 0.012911261 0.029861679 0.997486115
1403636646413555456.000000 3.081899166 4.681182861 8.345895767 -0.077232182 0.016691379 0.033693831 0.996303916
1403636646463555584.000000 3.105408907 4.708337784 8.385901451 -0.090352431 0.022051079 0.034949694 0.995052099
1403636646513555456.000000 3.121340036 4.733648777 8.423862457 -0.102472521 0.026789017 0.034190871 0.993787110
1403636646563555584.000000 3.136721373 4.759150982 8.459783554 -0.113000348 0.029764049 0.034004919 0.992566764
1403636646613555456.000000 3.152130127 4.784527779 8.494910240 0.121321514 -0.029681509 -0.034678105 -0.991563201
1403636646663555584.000000 3.177090406 4.811632156 8.526637077 -0.128882796 0.027236650 0.033730716 0.990711749
1403636646713555456.000000 3.195602655 4.836591721 8.557601929 -0.134559691 0.025382921 0.034752160 0.989970624
1403636646763555584.000000 3.216172457 4.861097336 8.586580276 -0.139119536 0.024627449 0.035662390 0.989326775
1403636646813555456.000000 3.240434647 4.885217190 8.614553452 0.142662674 -0.024438089 -0.035899073 -0.988818169
1403636646863555584.000000 3.264432430 4.908985138 8.640303612 0.145919174 -0.024766929 -0.036247265 -0.988322020
1403636646913555456.000000 3.299452305 4.936766624 8.660611153 -0.147029862 0.023916014 0.037269723 0.988140345
1403636646963555584.000000 3.322330236 4.959689617 8.684341431 -0.148488328 0.022581346 0.037574518 0.987942100
1403636647013555456.000000 3.343785763 4.982419968 8.707665443 -0.149506614 0.021004617 0.037580807 0.987823069
1403636647063555584.000000 3.365179062 5.005074024 8.730682373 0.149847671 -0.018308420 -0.037242614 -0.987837791
1403636647113555456.000000 3.383378983 5.027700424 8.753642082 0.150202066 -0.014280572 -0.037369985 -0.987845659
1403636647163555584.000000 3.400422096 5.050292015 8.776805878 0.149894968 -0.011282442 -0.037858132 -0.987912416
1403636647213555456.000000 3.416533470 5.073017120 8.799961090 0.149919197 -0.009210536 -0.037242174 -0.987953663
1403636647263555584.000000 3.431722641 5.095697403 8.823255539 0.149131775 -0.009421942 -0.037713334 -0.988052964
1403636647313555456.000000 3.445761681 5.118405342 8.846681595 0.147772521 -0.010630529 -0.038700718 -0.988206804
1403636647363555584.000000 3.464114428 5.148726940 8.862399101 -0.145959884 0.011840643 0.039258335 0.988440335
1403636647413555456.000000 3.476034164 5.171942711 8.885704994 -0.144888431 0.013752243 0.039657053 0.988557279
1403636647463555584.000000 3.486504078 5.195032597 8.908715248 -0.143258661 0.015875615 0.040591493 0.988725066
1403636647513555456.000000 3.496280193 5.218970776 8.932234764 0.141542271 -0.019206295 -0.041115727 -0.988891542
1403636647563555584.000000 3.505738258 5.242598057 8.954074860 0.139510676 -0.023624687 -0.042489767 -0.989026427
1403636647613555456.000000 3.515778303 5.266520500 8.974261284 0.137708411 -0.029179715 -0.044875853 -0.989025354
1403636647663555584.000000 3.524207354 5.291517258 8.984783173 -0.138191223 0.030044559 0.045413401 0.988907576
1403636647713555456.000000 3.535682440 5.316782475 9.002707481 -0.139413387 0.028881161 0.044738427 0.988801420
1403636647763555584.000000 3.548178911 5.342558384 9.019416809 -0.140926152 0.026407670 0.043825600 0.988697052
1403636647813555456.000000 3.561901569 5.370169640 9.035739899 0.143125683 -0.025092639 -0.042305693 -0.988481522
1403636647863555584.000000 3.573248863 5.397209167 9.050884247 0.146239161 -0.023044288 -0.042729557 -0.988057315
1403636647913555456.000000 3.582622051 5.424533844 9.065206528 0.150855184 -0.022818066 -0.043230977 -0.987346590
1403636647963555584.000000 3.589500666 5.452111721 9.079176903 0.156689733 -0.022909636 -0.045129631 -0.986350298
1403636648013555456.000000 3.587783337 5.475107193 9.079331398 -0.164461330 0.022287015 0.047469221 0.984988570
1403636648063555584.000000 3.588873625 5.503235340 9.091817856 -0.173906162 0.021922823 0.050656158 0.983214140
1403636648113555456.000000 3.587710142 5.531486511 9.103951454 -0.184706777 0.021743869 0.054755665 0.981026232
1403636648163555584.000000 3.583698750 5.560291290 9.113553047 0.196563676 -0.022210719 -0.058977947 -0.978463650
1403636648213555456.000000 3.580322266 5.587499142 9.124245644 -0.208599642 0.022761624 0.063040875 0.975701869
1403636648263555584.000000 3.574725389 5.616279602 9.134057999 -0.221123666 0.023448018 0.067988209 0.972590506
1403636648313555456.000000 3.567638397 5.644850254 9.143014908 -0.233880550 0.023660012 0.073011108 0.969231427
1403636648363555584.000000 3.559419870 5.672982216 9.150637627 0.246888012 -0.024610657 -0.077097513 -0.965658605
1403636648413555456.000000 3.549663067 5.700909138 9.157549858 0.260090411 -0.024650384 -0.081555836 -0.961818039
1403636648463555584.000000 3.540373087 5.725875378 9.161077499 -0.273338079 0.024434170 0.086619772 0.957698524
1403636648513555456.000000 3.528887749 5.753139019 9.166364670 -0.286142021 0.024793437 0.091514543 0.953484774
1403636648563555584.000000 3.518844843 5.779999256 9.170479774 -0.297465533 0.025340172 0.095932856 0.949562550
1403636648613555456.000000 3.508854628 5.804399967 9.171740532 0.307499975 -0.025548168 -0.099107079 -0.946027935
1403636648663555584.000000 3.500371933 5.828687668 9.171766281 0.315934360 -0.024070647 -0.101618677 -0.943016291
1403636648713555456.000000 3.492702007 5.852287769 9.170630455 0.323362231 -0.021060230 -0.102983803 -0.940418899
1403636648763555584.000000 3.486628294 5.875586510 9.169082642 0.328813553 -0.017852068 -0.105395414 -0.938325524
1403636648813555456.000000 3.488140106 5.903927803 9.171594620 -0.332380831 0.010617261 0.108606599 0.936811090
1403636648863555584.000000 3.485903502 5.926874638 9.168807030 -0.334887981 0.004100143 0.112032250 0.935565174
1403636648913555456.000000 3.486005545 5.949930191 9.165702820 -0.337042630 -0.002768137 0.113667294 0.934598565
1403636648963555584.000000 3.489289999 5.973302364 9.162256241 0.338159829 0.007370171 -0.114960261 -0.934011638
1403636649013555456.000000 3.495093584 5.997324467 9.158601761 0.339447498 0.008641304 -0.114652947 -0.933571398
1403636649063555584.000000 3.503619909 6.021908283 9.155140877 0.340365052 0.005556538 -0.112923503 -0.933471560
1403636649113555456.000000 3.514816999 6.046759605 9.151850700 0.341078371 -0.001041178 -0.109730780 -0.933607876
1403636649163555584.000000 3.527967453 6.071639061 9.148536682 0.341317862 -0.008785258 -0.107244238 -0.933768570
1403636649213555456.000000 3.542298794 6.096340179 9.144891739 0.341591984 -0.015114303 -0.103799768 -0.933976471
1403636649263555584.000000 3.557921648 6.120728493 9.140702248 0.341251433 -0.020171434 -0.101207040 -0.934289992
1403636649313555456.000000 3.582900763 6.153864384 9.141538620 -0.340458989 0.021042261 0.099789202 0.934712231
1403636649363555584.000000 3.600039482 6.177093029 9.135681152 -0.339086443 0.019898260 0.099203274 0.935298502
1403636649413555456.000000 3.618223190 6.199423313 9.128969193 -0.337427020 0.017560715 0.099379443 0.935926497
1403636649463555584.000000 3.639382839 6.221199036 9.122203827 0.335477799 -0.013807144 -0.099595740 -0.936666846
1403636649513555456.000000 3.661353111 6.242289543 9.113899231 0.333559185 -0.014003753 -0.099050730 -0.937406600
1403636649563555584.000000 3.685428619 6.262989044 9.104686737 0.331669599 -0.016847102 -0.098547779 -0.938083112
1403636649613555456.000000 3.710326195 6.283489227 9.094944000 0.330609709 -0.020200061 -0.099177495 -0.938324571
1403636649663555584.000000 3.734380484 6.303643227 9.084421158 0.331219316 -0.024713330 -0.100512072 -0.937859476
1403636649713555456.000000 3.755888224 6.323418140 9.073318481 0.333613962 -0.027327929 -0.102645449 -0.936706424
1403636649763555584.000000 3.774470568 6.350950718 9.066118240 -0.337653011 0.028932210 0.103276126 0.935140371
1403636649813555456.000000 3.792022705 6.370330334 9.054935455 -0.341481745 0.029680388 0.103434160 0.933708072
1403636649863555584.000000 3.807662964 6.389190674 9.043751717 -0.345311284 0.030848438 0.103292339 0.932276368
1403636649913555456.000000 3.820765257 6.407878399 9.031938553 0.348602980 -0.031412609 -0.103330567 -0.931027472
1403636649963555584.000000 3.831827641 6.426108837 9.021020889 0.351727366 -0.031601720 -0.103034474 -0.929877996
1403636650013555456.000000 3.839974403 6.443917274 9.010396004 0.354412526 -0.031343073 -0.103007503 -0.928869665
1403636650063555584.000000 3.845261812 6.461050510 8.999932289 0.356865555 -0.032202575 -0.103697680 -0.927823722
1403636650113555456.000000 3.851217985 6.479024410 8.996203423 -0.360847563 0.032733876 0.105300531 0.926082850
1403636650163555584.000000 3.851244926 6.494973183 8.984689713 -0.366415977 0.033373032 0.107184745 0.923654199
1403636650213555456.000000 3.848654032 6.510103703 8.972273827 -0.374220282 0.032774225 0.109448582 0.920275033
1403636650263555584.000000 3.843679905 6.523762703 8.960127831 0.383657396 -0.032378390 -0.112808898 -0.915987372
1403636650313555456.000000 3.837226391 6.537649155 8.947461128 0.393673897 -0.032187592 -0.117710873 -0.911114156
1403636650363555584.000000 3.832442522 6.554614067 8.940670013 -0.404956162 0.031112462 0.122923888 0.905501127
1403636650413555456.000000 3.823565722 6.567578793 8.927095413 -0.416563600 0.029365584 0.127673909 0.899617672
1403636650463555584.000000 3.813421249 6.579424858 8.912987709 -0.428353518 0.026790606 0.132842436 0.893391550
1403636650513555456.000000 3.803512573 6.591119766 8.898354530 0.439554870 -0.023741987 -0.138287544 -0.887189031
1403636650563555584.000000 3.791320562 6.601305008 8.884118080 0.448819220 -0.021025760 -0.143929482 -0.881704926
1403636650613555456.000000 3.778599262 6.610997200 8.870199203 0.456808507 -0.018882828 -0.148030251 -0.876958728
1403636650663555584.000000 3.764636517 6.624468803 8.866614342 -0.463593423 0.017540285 0.151572451 0.872811139
1403636650713555456.000000 3.751325130 6.633631706 8.853172302 -0.469829112 0.015920272 0.153704718 0.869127214
1403636650763555584.000000 3.739366055 6.642210960 8.839449883 -0.474603742 0.015789017 0.156097248 0.866103768
1403636650813555456.000000 3.729288578 6.650273800 8.826608658 0.478788704 -0.016441632 -0.157176852 -0.863589346
1403636650863555584.000000 3.722407341 6.658357620 8.812091827 0.482388943 -0.018334623 -0.156731799 -0.861626327
1403636650913555456.000000 3.717588425 6.665972233 8.796770096 0.485435992 -0.021907378 -0.154974788 -0.860148132
1403636650963555584.000000 3.713989258 6.673061371 8.781080246 0.487391859 -0.025338847 -0.153700352 -0.859176040
1403636651013555456.000000 3.711683512 6.679656982 8.764923096 0.488987654 -0.027932659 -0.151849419 -0.858517766
1403636651063555584.000000 3.710915089 6.686009407 8.748527527 0.489680141 -0.029359723 -0.150727317 -0.858273089
1403636651113555456.000000 3.711327553 6.691613197 8.731773376 0.489548802 -0.030954029 -0.150062695 -0.858408451
1403636651163555584.000000 3.712309361 6.706513882 8.723828316 -0.489445031 0.030186724 0.149809539 0.858539164
1403636651213555456.000000 3.714612961 6.710675716 8.705848694 -0.488207370 0.028559579 0.150559798 0.859167993
1403636651263555584.000000 3.717842340 6.714360714 8.687330246 -0.487110198 0.026267856 0.151236609 0.859744847
1403636651313555456.000000 3.721948624 6.717222691 8.668526649 -0.485549331 0.023507118 0.152045757 0.860564649
1403636651363555584.000000 3.728312969 6.716116905 8.649269104 0.483743459 -0.021006593 -0.153428152 -0.861400545
1403636651413555456.000000 3.731881618 6.717513561 8.630746841 0.482313037 -0.019396167 -0.153481916 -0.862230420
1403636651463555584.000000 3.733573914 6.718744278 8.612794876 0.480516911 -0.018506093 -0.153759956 -0.863202751
1403636651513555456.000000 3.733502626 6.720007896 8.595435143 0.479290158 -0.018875051 -0.152705908 -0.864063442
1403636651563555584.000000 3.731996536 6.721121788 8.578738213 0.477972507 -0.021493049 -0.151629239 -0.864921391
1403636651613555456.000000 3.729217529 6.722147942 8.562511444 0.477187306 -0.024736336 -0.149235979 -0.865684211
1403636651663555584.000000 3.722385645 6.729093552 8.550007820 -0.476066738 0.028110432 0.148132056 0.866387427
1403636651713555456.000000 3.716400623 6.729100704 8.534334183 -0.475102544 0.030862600 0.148398697 0.866777301
1403636651763555584.000000 3.708877563 6.728530884 8.518407822 -0.475119114 0.034052368 0.150491774 0.866287827
1403636651813555456.000000 3.700477600 6.728478432 8.500658989 0.476116240 -0.037972439 -0.154620737 -0.864849031
1403636651863555584.000000 3.690512657 6.727350235 8.482948303 0.479040027 -0.041847050 -0.158288792 -0.862388670
1403636651913555456.000000 3.678495884 6.725640297 8.464166641 0.483931333 -0.044459216 -0.162505075 -0.858735144
1403636651963555584.000000 3.671083689 6.724356174 8.447032928 -0.490747720 0.046595465 0.166583106 0.853958845
1403636652013555456.000000 3.656087875 6.722390175 8.426204681 -0.499542266 0.047987483 0.169456109 0.848197699
1403636652063555584.000000 3.638916969 6.720250130 8.404319763 -0.510244787 0.046442538 0.172780842 0.841213524
1403636652113555456.000000 3.619730473 6.717357635 8.381372452 0.522769213 -0.042777881 -0.175085187 -0.833203197
1403636652163555584.000000 3.603672981 6.713236809 8.357383728 -0.536593318 0.038615655 0.178310066 0.823882282
1403636652213555456.000000 3.582356930 6.708927155 8.332794189 -0.551076174 0.033927221 0.183342889 0.813356876
1403636652263555584.000000 3.559007406 6.702508926 8.307891846 -0.565069079 0.029872645 0.189576283 0.802412271
1403636652313555456.000000 3.540494680 6.698491096 8.285756111 -0.578659296 0.024087919 0.197438061 0.790943325
1403636652363555584.000000 3.513507843 6.689541817 8.261213303 -0.591208994 0.019429551 0.205525815 0.779649675
1403636652413555456.000000 3.487128019 6.681251526 8.236886978 -0.602420092 0.016207237 0.211968228 0.769348323
1403636652463555584.000000 3.462661982 6.672763348 8.212900162 0.611509562 -0.014208591 -0.218027160 -0.760472476
1403636652513555456.000000 3.445379734 6.670476437 8.188796043 -0.618826151 0.012241471 0.223723948 0.752895713
1403636652563555584.000000 3.423408270 6.663283348 8.164356232 -0.624922156 0.009767671 0.229374096 0.746166468
1403636652613555456.000000 3.403827667 6.657164574 8.139398575 -0.629480541 0.006547833 0.234249234 0.740836561
1403636652663555584.000000 3.388196230 6.653825283 8.113260269 0.633122385 -0.002040078 -0.238105074 -0.736517489
1403636652713555456.000000 3.381013870 6.657776833 8.088298798 0.636723101 0.001412873 -0.238952011 -0.733132780
1403636652763555584.000000 3.369834661 6.655999184 8.061347961 0.638479531 0.002033939 -0.240936667 -0.730951011
1403636652813555456.000000 3.360947847 6.655748367 8.033767700 0.640264690 0.002543300 -0.240856558 -0.729412615
1403636652863555584.000000 3.355310917 6.658874512 8.005777359 0.641377568 0.001763878 -0.240881279 -0.728428483
1403636652913555456.000000 3.351067066 6.662376881 7.977495193 0.642338216 0.000513745 -0.239018902 -0.728197336
1403636652963555584.000000 3.348481655 6.667026997 7.948915005 0.643105268 -0.000713999 -0.236593410 -0.728312194
1403636653013555456.000000 3.345702171 6.672964573 7.920817852 0.643413067 -0.002158925 -0.234568059 -0.728692591
1403636653063555584.000000 3.340427637 6.680022240 7.894031048 0.643743277 -0.003165907 -0.231207043 -0.729471028
1403636653113555456.000000 3.335556746 6.694761753 7.873569012 0.643656790 -0.005680699 -0.228572935 -0.730361640
1403636653163555584.000000 3.324149132 6.705189705 7.849968910 0.643685937 -0.008341108 -0.224701464 -0.731510937
1403636653213555456.000000 3.311981678 6.716330528 7.827085018 0.643832028 -0.012292501 -0.219944000 -0.732771456
1403636653263555584.000000 3.301931858 6.729612350 7.804971218 0.643692195 -0.016553968 -0.215267718 -0.734197676
1403636653313555456.000000 3.292060852 6.741285324 7.782368183 0.643550098 -0.019324107 -0.210406974 -0.735662222
1403636653363555584.000000 3.283825874 6.752783298 7.759803772 0.642491758 -0.021115495 -0.207641929 -0.737321794
1403636653413555456.000000 3.272808790 6.762170792 7.741227150 -0.641203225 0.021883398 0.205759376 0.738946974
1403636653463555584.000000 3.268835545 6.772230148 7.718140602 -0.639673352 0.021664923 0.205218285 0.740428269
1403636653513555456.000000 3.267589331 6.782022476 7.694081306 0.638025939 -0.021172499 -0.204604611 -0.742032051
1403636653563555584.000000 3.267700911 6.790684700 7.670099258 0.636234701 -0.020881116 -0.204759166 -0.743534148
1403636653613555456.000000 3.269904613 6.799336433 7.645706654 0.635169029 -0.022530742 -0.203885674 -0.744636416
1403636653663555584.000000 3.272603512 6.807586193 7.621449947 0.634373307 -0.024269057 -0.201879084 -0.745805860
1403636653713555456.000000 3.274310112 6.815155983 7.597813129 0.634030163 -0.025892390 -0.199672386 -0.746636629
1403636653763555584.000000 3.274592876 6.822012424 7.575079441 0.633747935 -0.027941834 -0.198142260 -0.747209787
1403636653813555456.000000 3.258969784 6.819709778 7.563571453 -0.633733690 0.029082231 0.196191028 0.747693121
1403636653863555584.000000 3.255913973 6.824701786 7.542697430 -0.633894145 0.029714091 0.194718584 0.747917056
1403636653913555456.000000 3.251073360 6.828520775 7.523076534 -0.633746326 0.029807005 0.194368184 0.748129785
1403636653963555584.000000 3.244290590 6.830715179 7.503127098 0.632771730 -0.029864481 -0.196504101 -0.748394430
1403636654013555456.000000 3.236217976 6.832646370 7.484654903 0.631654024 -0.029803943 -0.199500620 -0.748548269
1403636654063555584.000000 3.226819038 6.833829880 7.466772556 0.630680025 -0.030308750 -0.201950163 -0.748692393
1403636654113555456.000000 3.216435194 6.834469318 7.449165821 0.631051779 -0.031173369 -0.203370407 -0.747958839
1403636654163555584.000000 3.206732273 6.834465027 7.431005955 0.632835627 -0.032888621 -0.204305336 -0.746121168
1403636654213555456.000000 3.198357821 6.833987713 7.412208557 0.635881424 -0.033748861 -0.204995394 -0.743298590
1403636654263555584.000000 3.171802998 6.822326183 7.406229496 -0.640367270 0.033018842 0.205175400 0.739420533
1403636654313555456.000000 3.165627480 6.819620132 7.385921955 -0.645187080 0.031615008 0.206783161 0.734829843
1403636654363555584.000000 3.160479307 6.815963268 7.365255356 -0.650278389 0.029722333 0.209641129 0.729592502
1403636654413555456.000000 3.158144951 6.811511517 7.342300892 0.656289339 -0.027730711 -0.212470978 -0.723444164
1403636654463555584.000000 3.152382612 6.803873539 7.322947979 0.662533343 -0.026440604 -0.215752736 -0.716799378
1403636654513555456.000000 3.153372765 6.798331738 7.299649715 0.669737697 -0.024950089 -0.218180582 -0.709384322
1403636654563555584.000000 3.155574322 6.792226315 7.276103497 0.677096665 -0.023652026 -0.221033677 -0.701516151
1403636654613555456.000000 3.156439304 6.785518646 7.253926277 0.682686269 -0.022661220 -0.225568593 -0.694654465
1403636654663555584.000000 3.157601118 6.778977394 7.232127666 0.686791420 -0.022660894 -0.231663331 -0.688575506
1403636654713555456.000000 3.170998573 6.780934334 7.221861362 0.691132724 -0.021153362 -0.235863477 -0.682829797
1403636654763555584.000000 3.169538975 6.774495125 7.201727390 0.694495976 -0.019989064 -0.239063159 -0.678324878
1403636654813555456.000000 3.166549683 6.768324852 7.182421684 0.697961867 -0.018910669 -0.240840346 -0.674156904
1403636654863555584.000000 3.161915779 6.762420654 7.164067745 0.700806677 -0.017819332 -0.242243081 -0.670724034
1403636654913555456.000000 3.153514624 6.755016327 7.147636890 0.703638434 -0.017993076 -0.242297709 -0.667728245
1403636654963555584.000000 3.147814751 6.746334076 7.131800175 0.706886947 -0.019772148 -0.239481986 -0.665258110
1403636655013555456.000000 3.138864517 6.740561485 7.115962505 0.709654093 -0.023540553 -0.236332431 -0.663312852
1403636655063555584.000000 3.128904819 6.734580040 7.100839138 0.711722672 -0.027140023 -0.233676538 -0.661898434
1403636655113555456.000000 3.117743015 6.727666855 7.087318420 0.713325620 -0.029941404 -0.231759146 -0.660725176
1403636655163555584.000000 3.106339455 6.720449448 7.073755741 0.714753270 -0.032253731 -0.229464844 -0.659873724
1403636655213555456.000000 3.094645023 6.712489128 7.060710430 0.715278268 -0.035086032 -0.228483170 -0.659500897
1403636655263555584.000000 3.087434292 6.704730034 7.047179222 0.716600657 -0.037562691 -0.228553444 -0.657902718
1403636655313555456.000000 3.074534893 6.694152832 7.034140110 0.718595982 -0.039251257 -0.228641436 -0.655593097
1403636655363555584.000000 3.061481953 6.682054520 7.021083832 0.720973730 -0.041526381 -0.229775622 -0.652438283
1403636655413555456.000000 3.049435139 6.668124199 7.008250237 0.723314106 -0.043463588 -0.231108904 -0.649242878
1403636655463555584.000000 3.038792610 6.653208733 6.994547367 0.726432443 -0.044126444 -0.231582567 -0.645537198
1403636655513555456.000000 3.029954910 6.636320591 6.980073452 0.729915380 -0.044062130 -0.233457491 -0.640920997
1403636655563555584.000000 3.021790028 6.616542816 6.965609550 0.732747436 -0.041920491 -0.238496885 -0.635958433
1403636655613555456.000000 3.013188601 6.595048904 6.951152325 0.735624433 -0.038323946 -0.245653749 -0.630112946
1403636655663555584.000000 3.010478497 6.580291271 6.934760571 0.738150656 -0.035654224 -0.253568560 -0.624151707
1403636655713555456.000000 2.998652458 6.557835579 6.921473503 0.740128815 -0.033406015 -0.260380238 -0.619108617
1403636655763555584.000000 2.984013081 6.535619259 6.908758640 0.742996931 -0.031099651 -0.265298724 -0.613681614
1403636655813555456.000000 2.966104031 6.513952255 6.896513462 0.746518672 -0.030367095 -0.269715250 -0.607487857
1403636655863555584.000000 2.944789410 6.491872787 6.884854794 0.750665963 -0.030218106 -0.274146348 -0.600359380
1403636655913555456.000000 2.921901226 6.469536304 6.873508930 0.755662799 -0.031113904 -0.278137147 -0.592153251
1403636655963555584.000000 2.898625851 6.447804928 6.861090183 0.761221528 -0.032067355 -0.280978352 -0.583579242
1403636656013555456.000000 2.876540661 6.426059246 6.847703457 0.765946746 -0.033577755 -0.283059418 -0.576259971
1403636656063555584.000000 2.857108831 6.404287815 6.832299709 0.770643413 -0.033857156 -0.284253329 -0.569352806
1403636656113555456.000000 2.838724136 6.381937027 6.815970898 0.774592936 -0.032311555 -0.285078764 -0.563641608
1403636656163555584.000000 2.826406479 6.368241787 6.797157764 0.777798951 -0.030888487 -0.285817653 -0.558912396
1403636656213555456.000000 2.813269138 6.345593929 6.777997017 0.780542433 -0.027329307 -0.286228478 -0.555049539
1403636656263555584.000000 2.803315878 6.322892189 6.757144451 0.782321334 -0.025925068 -0.287148535 -0.552129567
1403636656313555456.000000 2.794983625 6.300723553 6.735313416 0.783494532 -0.024224935 -0.288263768 -0.549957812
1403636656363555584.000000 2.789230347 6.279369354 6.712253094 0.784149706 -0.023928568 -0.289402992 -0.548436582
1403636656413555456.000000 2.785362244 6.259161472 6.687895775 0.784494162 -0.022789489 -0.289828092 -0.547767460
1403636656463555584.000000 2.785393476 6.250052929 6.662387848 0.784667313 -0.022691464 -0.290258110 -0.547295630
1403636656513555456.000000 2.784321785 6.231903553 6.635764122 0.784683347 -0.021444552 -0.289956301 -0.547482848
1403636656563555584.000000 2.783532381 6.216022015 6.608002186 0.785001516 -0.020839436 -0.288191915 -0.547981501
1403636656613555456.000000 2.781992912 6.200255871 6.580584049 0.785320163 -0.021153862 -0.285831571 -0.548748791
1403636656663555584.000000 2.779878616 6.185300350 6.553184509 0.786100924 -0.023611141 -0.281837821 -0.549595714
1403636656713555456.000000 2.776911974 6.170859814 6.525731564 0.787476361 -0.028563673 -0.275414884 -0.550646663
1403636656763555584.000000 2.772310257 6.156383038 6.498697758 0.788744092 -0.032962590 -0.269209027 -0.551654577
1403636656813555456.000000 2.766327858 6.143662453 6.475297928 0.789848566 -0.034597147 -0.263892382 -0.552542329
1403636656863555584.000000 2.757963657 6.129167080 6.449781418 0.790534556 -0.034796003 -0.259745836 -0.553512990
1403636656913555456.000000 2.747915506 6.114978313 6.424657345 0.790804267 -0.036047664 -0.256482750 -0.554568172
1403636656963555584.000000 2.736343384 6.099685669 6.401297092 0.790502727 -0.037525795 -0.254786730 -0.555680633
1403636657013555456.000000 2.723117590 6.083510399 6.379111290 0.789932847 -0.039767828 -0.254005224 -0.556692123
1403636657063555584.000000 2.708337545 6.066406727 6.357980728 0.789265215 -0.042050295 -0.253748506 -0.557587683
1403636657113555456.000000 2.695290089 6.051801682 6.335935116 0.788562775 -0.044079889 -0.254321456 -0.558163524
1403636657163555584.000000 2.679640532 6.032571316 6.316316605 0.787653446 -0.046521921 -0.255194128 -0.558850467
1403636657213555456.000000 2.665154934 6.011969566 6.297145844 0.786485136 -0.048191331 -0.256944060 -0.559552133
1403636657263555584.000000 2.651677132 5.990487576 6.277409554 0.785173833 -0.047774337 -0.260001004 -0.560017169
1403636657313555456.000000 2.639428139 5.967641830 6.257372379 0.784250259 -0.046575665 -0.262488067 -0.560251951
1403636657363555584.000000 2.628247738 5.944027901 6.236747742 0.783072770 -0.045733314 -0.266058177 -0.560284317
1403636657413555456.000000 2.617227793 5.915271282 6.214967728 0.781357944 -0.044703644 -0.271324664 -0.560235977
1403636657463555584.000000 2.604928493 5.890231133 6.194053650 0.779595256 -0.042771865 -0.276650101 -0.560238004
1403636657513555456.000000 2.591409206 5.864912033 6.173148632 0.777973950 -0.041513409 -0.281311959 -0.560264885
1403636657563555584.000000 2.576716661 5.839600086 6.151695251 0.777213633 -0.039549205 -0.284065753 -0.560072780
1403636657613555456.000000 2.560917377 5.814288616 6.129886627 0.776939213 -0.038526434 -0.285201788 -0.559947550
1403636657663555584.000000 2.545267582 5.784690857 6.108736992 0.776841044 -0.038209628 -0.285534889 -0.559935689
1403636657713555456.000000 2.527411699 5.759309769 6.086101532 0.777151346 -0.038945481 -0.285280615 -0.559583902
1403636657763555584.000000 2.508186102 5.733937263 6.063017845 0.777919054 -0.039960973 -0.285789102 -0.558184385
1403636657813555456.000000 2.488082409 5.708747387 6.040208817 0.778453708 -0.041078977 -0.287390321 -0.556533277
1403636657863555584.000000 2.466316938 5.683422565 6.016791344 0.778056622 -0.043394346 -0.291034341 -0.555017054
1403636657913555456.000000 2.446393967 5.656215191 5.990782738 0.777154684 -0.045080725 -0.295655012 -0.553702533
1403636657963555584.000000 2.425376654 5.629968166 5.964713097 0.776664793 -0.045643196 -0.299038321 -0.552525818
1403636658013555456.000000 2.406003952 5.604309559 5.935895920 0.777098298 -0.044519123 -0.299891531 -0.551544607
1403636658063555584.000000 2.388289690 5.578171253 5.905855179 0.778014123 -0.041208640 -0.299752414 -0.550585568
1403636658113555456.000000 2.372341156 5.551048279 5.873613358 0.780149221 -0.036668140 -0.296278089 -0.549765408
1403636658163555584.000000 2.361634493 5.524858952 5.835943222 0.781763017 -0.031992275 -0.294148207 -0.548908055
1403636658213555456.000000 2.347261190 5.498395443 5.801238060 0.783407331 -0.028564379 -0.291743875 -0.548035264
1403636658263555584.000000 2.331801653 5.471645832 5.766115189 0.785096526 -0.023782562 -0.288911641 -0.547346175
1403636658313555456.000000 2.314997911 5.445876598 5.731627464 0.786052048 -0.020979790 -0.287625641 -0.546766520
1403636658363555584.000000 2.297019482 5.420736790 5.697559357 0.786856115 -0.018687410 -0.286803156 -0.546124756
1403636658413555456.000000 2.281639814 5.400508881 5.658993721 0.787278593 -0.016370432 -0.286658317 -0.545666039
1403636658463555584.000000 2.262517452 5.377037525 5.625430107 0.788075089 -0.013402274 -0.285578817 -0.545163214
1403636658513555456.000000 2.243137360 5.354579926 5.592058659 0.788876474 -0.010279689 -0.284071803 -0.544859111
1403636658563555584.000000 2.223773718 5.333433151 5.558913231 0.790140033 -0.006387447 -0.281417698 -0.544464886
1403636658613555456.000000 2.204111099 5.312588692 5.526632309 0.790938735 -0.003391444 -0.279514432 -0.544312596
1403636658663555584.000000 2.184144974 5.293119431 5.495210648 0.791558862 -0.001917102 -0.278176010 -0.544103980
1403636658713555456.000000 2.162859201 5.277710915 5.460005760 0.792302549 -0.001016324 -0.276373148 -0.543942750
1403636658763555584.000000 2.142543793 5.260535240 5.430375099 0.793504179 0.000047367 -0.273289472 -0.543749928
1403636658813555456.000000 2.122085333 5.245251179 5.401588440 0.795219362 0.001458810 -0.268696159 -0.543531597
1403636658863555584.000000 2.101643085 5.230591297 5.374202728 0.796617687 0.001080119 -0.264957160 -0.543320298
1403636658913555456.000000 2.081136227 5.216906071 5.348403454 0.797351897 -0.002651678 -0.263011992 -0.543182969
1403636658963555584.000000 2.060239792 5.203967571 5.324195862 0.797494948 -0.007976037 -0.262496173 -0.543170273
1403636659013555456.000000 2.040009499 5.186911106 5.302315712 0.797438323 -0.012607391 -0.263325334 -0.542764306
1403636659063555584.000000 2.018262386 5.174659729 5.280477524 0.798084617 -0.017403385 -0.261247158 -0.542685986
1403636659113555456.000000 1.995882988 5.162541866 5.259494781 0.798288822 -0.020118482 -0.260201126 -0.542794287
1403636659163555584.000000 1.972793341 5.150214672 5.239871025 0.798589051 -0.022646086 -0.259147286 -0.542757273
1403636659213555456.000000 1.949624658 5.137603760 5.221361637 0.798697114 -0.024181435 -0.258316815 -0.542927742
1403636659263555584.000000 1.927441955 5.124574184 5.203764915 0.798504651 -0.024811970 -0.258685976 -0.543006778
1403636659313555456.000000 1.904164791 5.106659412 5.190872192 0.797833383 -0.023584656 -0.260639608 -0.543113828
1403636659363555584.000000 1.884592772 5.093158245 5.174062729 0.796905696 -0.021686222 -0.263436288 -0.543205678
1403636659413555456.000000 1.866802573 5.078902721 5.157473087 0.795768678 -0.018280787 -0.266544551 -0.543481469
1403636659463555584.000000 1.850538731 5.065425873 5.140822411 0.794444919 -0.014757878 -0.270182461 -0.543728828
1403636659513555456.000000 1.837028027 5.052118778 5.123569012 0.794496000 -0.012573238 -0.270568013 -0.543517351
1403636659563555584.000000 1.824141264 5.039082527 5.106913090 0.793988347 -0.013484807 -0.272151709 -0.543446600
1403636659613555456.000000 1.809986591 5.020480156 5.096020699 0.794982910 -0.013445519 -0.270052403 -0.543040693
1403636659663555584.000000 1.796397686 5.008188248 5.081129551 0.795849204 -0.014194695 -0.268533528 -0.542505741
1403636659713555456.000000 1.781953096 4.995458603 5.067528725 0.796792805 -0.014821844 -0.266888887 -0.541914999
1403636659763555584.000000 1.766208768 4.983472347 5.055319786 0.797688425 -0.015776502 -0.265557438 -0.541224062
1403636659813555456.000000 1.749397039 4.971765518 5.044527531 0.798267722 -0.015595526 -0.265037894 -0.540629625
1403636659863555584.000000 1.731811762 4.960097790 5.035184860 0.798549533 -0.016347310 -0.265543371 -0.539942801
1403636659913555456.000000 1.712769985 4.948243618 5.027334690 0.798371315 -0.015440293 -0.267089933 -0.539470017
1403636659963555584.000000 1.689448595 4.936509609 5.021384716 0.798074603 -0.012709358 -0.269984275 -0.538538635
1403636660013555456.000000 1.668732405 4.924899578 5.015790462 0.797187448 -0.010355501 -0.273531437 -0.538112998
1403636660063555584.000000 1.647654295 4.913352013 5.011324883 0.796302319 -0.007907236 -0.277506977 -0.537429154
1403636660113555456.000000 1.626068473 4.902386189 5.007493019 0.795681953 -0.005240046 -0.280425280 -0.536865473
1403636660163555584.000000 1.604093671 4.892154217 5.004390717 0.795019865 -0.003124919 -0.282950282 -0.536537886
1403636660213555456.000000 1.580576301 4.884458542 5.001681328 0.794742048 -0.002851138 -0.283922046 -0.536437690
1403636660263555584.000000 1.558230042 4.876337051 4.999423504 0.794049978 -0.000647725 -0.286570847 -0.536061049
1403636660313555456.000000 1.537034512 4.869307995 4.997228622 0.793185055 0.002000854 -0.289353549 -0.535843253
1403636660363555584.000000 1.516902089 4.863423347 4.994989395 0.791311920 0.006636133 -0.294731170 -0.535644531
1403636660413555456.000000 1.499056101 4.859470367 4.992164612 0.789454758 0.010164024 -0.300032645 -0.535386145
1403636660463555584.000000 1.484162092 4.857333660 4.988525391 0.788421631 0.011962140 -0.302729636 -0.535353124
1403636660513555456.000000 1.467809796 4.861132622 4.982480526 0.788427114 0.012700093 -0.302529365 -0.535441399
1403636660563555584.000000 1.454582691 4.863267899 4.978622913 0.789806187 0.011041875 -0.298833311 -0.535521150
1403636660613555456.000000 1.441139698 4.867379665 4.974668503 0.791998982 0.007778425 -0.292505473 -0.535833716
1403636660663555584.000000 1.426851511 4.873146534 4.971515656 0.794719338 0.004515376 -0.284549147 -0.536127388
1403636660713555456.000000 1.411413670 4.880233288 4.969429016 0.797438920 0.001933807 -0.276534468 -0.536298573
1403636660763555584.000000 1.395150781 4.888189793 4.968674660 0.800166249 0.000927591 -0.268345833 -0.536398768
1403636660813555456.000000 1.377804756 4.896724224 4.969363213 0.802372873 0.001760997 -0.261490107 -0.536486387
1403636660863555584.000000 1.359546900 4.905529022 4.971794605 0.804189920 0.003571756 -0.255640179 -0.536576152
1403636660913555456.000000 1.340248108 4.915040970 4.975933075 0.805415988 0.004024957 -0.251914412 -0.536496162
1403636660963555584.000000 1.320284128 4.925027370 4.982311249 0.805437982 0.001982282 -0.251431972 -0.536700845
1403636661013555456.000000 1.293963075 4.943149567 4.986451626 0.804992080 -0.001871275 -0.252150804 -0.537032902
1403636661063555584.000000 1.273214817 4.953894138 4.996150017 0.804595232 -0.005755704 -0.253117710 -0.537145019
1403636661113555456.000000 1.253251791 4.963925362 5.008626938 0.804161727 -0.009452588 -0.254053414 -0.537300229
1403636661163555584.000000 1.232593417 4.974164009 5.022073746 0.803703487 -0.012490683 -0.255400300 -0.537285268
1403636661213555456.000000 1.213572741 4.984238625 5.036142349 0.803696692 -0.015752196 -0.255220741 -0.537295043
1403636661263555584.000000 1.194135666 4.995491505 5.048692226 0.803098083 -0.017043000 -0.256859660 -0.537369728
1403636661313555456.000000 1.178967476 5.003355026 5.063753128 0.803058386 -0.018740680 -0.256775707 -0.537412643
1403636661363555584.000000 1.165737629 5.010803699 5.078837872 0.802960038 -0.019437259 -0.256897092 -0.537476897
1403636661413555456.000000 1.154489398 5.017208099 5.094674110 0.802993417 -0.019416109 -0.256529659 -0.537603199
1403636661463555584.000000 1.142494559 5.027750492 5.109210014 0.802761555 -0.020074440 -0.257092148 -0.537656605
1403636661513555456.000000 1.135429859 5.033482075 5.124577522 0.802195132 -0.019823113 -0.258429676 -0.537870049
1403636661563555584.000000 1.130331397 5.039037228 5.139825821 0.801320136 -0.020890284 -0.260200590 -0.538279891
1403636661613555456.000000 1.127081871 5.043499470 5.155499935 0.800305307 -0.021476055 -0.262726486 -0.538539648
1403636661663555584.000000 1.126105905 5.047350407 5.170994759 0.799959421 -0.023094151 -0.262919039 -0.538892627
1403636661713555456.000000 1.125046730 5.054767132 5.187059402 0.800150216 -0.023941597 -0.261905700 -0.539065838
1403636661763555584.000000 1.127476931 5.058082581 5.202170372 0.799476683 -0.029018287 -0.263248950 -0.539161444
1403636661813555456.000000 1.131390572 5.060671329 5.216808796 0.798339963 -0.033917598 -0.265062213 -0.539671242
1403636661863555584.000000 1.137186050 5.062187672 5.230794907 0.797675073 -0.037356138 -0.265517801 -0.540203035
1403636661913555456.000000 1.144806862 5.062869072 5.243631840 0.797529817 -0.039089471 -0.265472353 -0.540317237
1403636661963555584.000000 1.153906107 5.062514782 5.255778313 0.797008038 -0.040162493 -0.265593559 -0.540948451
1403636662013555456.000000 1.164638519 5.061264515 5.267068863 0.797126234 -0.040148009 -0.264997989 -0.541067541
1403636662063555584.000000 1.176649809 5.059164047 5.277557850 0.797406316 -0.039832361 -0.263970405 -0.541180432
1403636662113555456.000000 1.188999891 5.056039810 5.287816048 0.797500551 -0.039245337 -0.263315678 -0.541403353
1403636662163555584.000000 1.200367689 5.052030563 5.298362732 0.797950149 -0.035623517 -0.262687236 -0.541296601
1403636662213555456.000000 1.209524155 5.043902874 5.314048767 0.798816442 -0.030707220 -0.261359900 -0.540962517
1403636662263555584.000000 1.217760324 5.038197994 5.326334953 0.799812317 -0.025124880 -0.259555846 -0.540647626
1403636662313555456.000000 1.224741936 5.031899929 5.339401722 0.800395310 -0.021109005 -0.259179801 -0.540136695
1403636662363555584.000000 1.231417060 5.024981022 5.352225304 0.800725043 -0.016996922 -0.259269863 -0.539749742
1403636662413555456.000000 1.236129761 5.018543243 5.366991520 0.800492048 -0.013785378 -0.261242270 -0.539235592
1403636662463555584.000000 1.239169359 5.012117863 5.383254051 0.799531519 -0.010203741 -0.265124083 -0.538845479
1403636662513555456.000000 1.241406322 5.005769253 5.400674820 0.798378110 -0.007319011 -0.269295305 -0.538533986
1403636662563555584.000000 1.243010879 5.000034332 5.419090748 0.797217369 -0.007046027 -0.273512006 -0.538132012
1403636662613555456.000000 1.243884921 4.994679451 5.438429832 0.795542061 -0.010740317 -0.278631687 -0.537923753
1403636662663555584.000000 1.244123220 4.989956856 5.458140373 0.793899477 -0.018355640 -0.283994079 -0.537339807
1403636662713555456.000000 1.253237724 4.985842228 5.473574638 0.792219341 -0.025890009 -0.288960874 -0.536861241
1403636662763555584.000000 1.251812458 4.982161045 5.492324829 0.791569471 -0.032281887 -0.290708005 -0.536530197
1403636662813555456.000000 1.248602033 4.979342461 5.510102272 0.791260481 -0.036985546 -0.292064637 -0.535945237
1403636662863555584.000000 1.243767500 4.976164341 5.527732849 0.790451467 -0.037830163 -0.294361681 -0.535823345
1403636662913555456.000000 1.237403393 4.972677231 5.544618607 0.790109217 -0.034450363 -0.296386540 -0.535439730
1403636662963555584.000000 1.232060671 4.965003014 5.560976982 0.789214849 -0.032432005 -0.299408823 -0.535203338
1403636663013555456.000000 1.224576235 4.961802483 5.575855255 0.787601292 -0.032926209 -0.304019928 -0.534950495
1403636663063555584.000000 1.217977285 4.958372116 5.589047432 0.785921693 -0.034960158 -0.308793366 -0.534557402
1403636663113555456.000000 1.212236881 4.955328941 5.599985123 0.784450829 -0.037287224 -0.312534243 -0.534386456
1403636663163555584.000000 1.207631230 4.952774048 5.608304977 0.783435345 -0.036936179 -0.315532088 -0.534138858
1403636663213555456.000000 1.205149770 4.948221684 5.611702919 0.784383833 -0.032902338 -0.314501733 -0.533617973
1403636663263555584.000000 1.200098395 4.946245193 5.615008354 0.787006855 -0.022825427 -0.308912903 -0.533546686
1403636663313555456.000000 1.193258047 4.944902420 5.617845535 0.788858593 -0.013377055 -0.305036366 -0.533362865
1403636663363555584.000000 1.184944153 4.945009708 5.620646477 0.790249228 -0.004327162 -0.302030474 -0.533165157
1403636663413555456.000000 1.174203277 4.945849895 5.623902321 0.790689409 0.004154025 -0.300985187 -0.533104956
1403636663463555584.000000 1.163046002 4.948263645 5.627240181 0.790478945 0.010365630 -0.301448733 -0.533070683
1403636663513555456.000000 1.149910688 4.952597141 5.630877972 0.790399075 0.016029455 -0.302117079 -0.532670379
1403636663563555584.000000 1.136200547 4.958515167 5.635026932 0.790144384 0.019598845 -0.302622557 -0.532641828
1403636663613555456.000000 1.121705651 4.966876984 5.639553070 0.789659441 0.021065503 -0.303555787 -0.532774091
1403636663663555584.000000 1.106865287 4.977808475 5.644031525 0.789427221 0.022726275 -0.303934336 -0.532834172
1403636663713555456.000000 1.092796922 4.991258144 5.648083210 0.790178835 0.026509454 -0.301304966 -0.533038497
1403636663763555584.000000 1.080118775 5.006994724 5.652026653 0.791238844 0.029935574 -0.297377408 -0.533490121
1403636663813555456.000000 1.069487333 5.025227547 5.655880928 0.793247163 0.033518970 -0.290568978 -0.534045994
1403636663863555584.000000 1.061102271 5.046536922 5.660053253 0.795136809 0.036307678 -0.283477545 -0.534864187
1403636663913555456.000000 1.055804610 5.077555180 5.661017418 0.796582460 0.037102059 -0.278122813 -0.535469592
1403636663963555584.000000 1.052470446 5.104068279 5.666517735 0.798793435 0.037309911 -0.269784749 -0.536426365
1403636664013555456.000000 1.051897526 5.131958485 5.673677921 0.800934732 0.036658503 -0.261737108 -0.537264884
1403636664063555584.000000 1.053123236 5.161319733 5.682882309 0.801687658 0.034056392 -0.257761717 -0.538234174
1403636664113555456.000000 1.056922317 5.192556858 5.693856239 0.801553547 0.028998921 -0.255957782 -0.539589345
1403636664163555584.000000 1.060656548 5.228416443 5.703354836 0.801254094 0.022402175 -0.255045325 -0.540779114
1403636664213555456.000000 1.068378568 5.262067318 5.717345238 0.800661743 0.014884531 -0.254227161 -0.542298555
1403636664263555584.000000 1.076500177 5.296345234 5.733077049 0.800127983 0.008067855 -0.252864540 -0.543865561
1403636664313555456.000000 1.078567028 5.336133480 5.747296333 0.799284458 0.002296334 -0.252341598 -0.545401573
1403636664363555584.000000 1.080197930 5.370012283 5.768641472 0.798362792 -0.001387442 -0.252080292 -0.546873331
1403636664413555456.000000 1.077227116 5.404429436 5.792181015 0.797469318 -0.004826336 -0.251476705 -0.548433244
1403636664463555584.000000 1.072430372 5.438005924 5.818212509 0.796338737 -0.006954902 -0.251590669 -0.549998641
1403636664513555456.000000 1.066704512 5.475049973 5.842192173 0.795425534 -0.009800205 -0.250670522 -0.551694214
1403636664563555584.000000 1.061159253 5.508000374 5.870616436 0.794031560 -0.012725548 -0.250781983 -0.553588569
1403636664613555456.000000 1.056806922 5.541000843 5.899936199 0.791742742 -0.019197144 -0.253034860 -0.555651307
1403636664663555584.000000 1.052185059 5.577749729 5.926291466 0.790130258 -0.022253353 -0.253555179 -0.557591856
1403636664713555456.000000 1.051281333 5.608422756 5.955830574 0.787964761 -0.025264056 -0.256112367 -0.559356630
1403636664763555584.000000 1.052601457 5.638175488 5.984287262 0.786958396 -0.021628402 -0.256216079 -0.560876131
1403636664813555456.000000 1.055836439 5.666591167 6.013015747 0.786334634 -0.017750431 -0.255346894 -0.562281847
1403636664863555584.000000 1.061306000 5.694736958 6.041606903 0.785271823 -0.016769577 -0.255132496 -0.563892245
1403636664913555456.000000 1.068343163 5.722675323 6.070121288 0.784134746 -0.017817710 -0.255648583 -0.565207124
1403636664963555584.000000 1.075002074 5.757541180 6.095076084 0.782383442 -0.015861316 -0.258079410 -0.566585958
1403636665013555456.000000 1.085028410 5.784941673 6.123458862 0.780242085 -0.015281581 -0.261948436 -0.567778051
1403636665063555584.000000 1.096752286 5.810985565 6.151031971 0.778277695 -0.012406617 -0.265989751 -0.568664551
1403636665113555456.000000 1.110544324 5.836230755 6.178676605 0.776298523 -0.010904485 -0.269608349 -0.569695592
1403636665163555584.000000 1.126164556 5.861804485 6.205591202 0.775064349 -0.009290840 -0.272118837 -0.570210814
1403636665213555456.000000 1.142455459 5.887324333 6.232481956 0.773354471 -0.012589596 -0.275059670 -0.571057439
1403636665263555584.000000 1.159615040 5.913093567 6.258638859 0.772680521 -0.019891525 -0.275888830 -0.571362019
1403636665313555456.000000 1.180201173 5.948349476 6.280691147 0.772751391 -0.025176411 -0.274423301 -0.571763396
1403636665363555584.000000 1.196966767 5.975650787 6.305362225 0.772841215 -0.027500875 -0.273432642 -0.572009385
1403636665413555456.000000 1.212831020 6.002675056 6.328629494 0.773659647 -0.026311466 -0.271418124 -0.571918368
1403636665463555584.000000 1.228384733 6.029373646 6.351576805 0.774762094 -0.021518296 -0.269384295 -0.571588039
1403636665513555456.000000 1.243450403 6.054594517 6.374504566 0.776108205 -0.015252514 -0.267221600 -0.570978165
1403636665563555584.000000 1.259588599 6.079596043 6.397344112 0.777813494 -0.009984561 -0.263956279 -0.570292652
1403636665613555456.000000 1.275794268 6.104508400 6.420824528 0.778461933 -0.004983895 -0.263157398 -0.569842517
1403636665663555584.000000 1.300756812 6.132955551 6.442459583 0.779401183 -0.002367002 -0.262355953 -0.568944216
1403636665713555456.000000 1.317979693 6.158991337 6.466828823 0.780679643 -0.001895635 -0.260344416 -0.568116724
1403636665763555584.000000 1.336435676 6.186020374 6.491199493 0.782247603 -0.002680990 -0.257430166 -0.567284048
1403636665813555456.000000 1.354645014 6.212635994 6.516527653 0.783352554 -0.005305537 -0.256013602 -0.566381216
1403636665863555584.000000 1.375815868 6.238841057 6.542884827 0.783168197 -0.014101665 -0.257400155 -0.565856755
1403636665913555456.000000 1.394677043 6.265888691 6.569342613 0.782272995 -0.022853402 -0.260677993 -0.565308452
1403636665963555584.000000 1.413011909 6.292388916 6.596152306 0.781231165 -0.030346988 -0.264329851 -0.564700603
1403636666013555456.000000 1.434615731 6.317701817 6.623419762 0.780261636 -0.034875032 -0.267993689 -0.564052284
1403636666063555584.000000 1.449896216 6.343089581 6.650538445 0.779734850 -0.037378836 -0.269784302 -0.563766718
1403636666113555456.000000 1.463787079 6.367547035 6.677267075 0.780476391 -0.036508106 -0.268468589 -0.563425601
1403636666163555584.000000 1.476726413 6.391587734 6.704148769 0.781987309 -0.033274945 -0.265377313 -0.562995195
1403636666213555456.000000 1.488059998 6.415022373 6.730987072 0.782891810 -0.032321170 -0.262867540 -0.562971056
1403636666263555584.000000 1.498827696 6.436068058 6.759391308 0.783075809 -0.032247752 -0.262268156 -0.562998891
1403636666313555456.000000 1.507404566 6.458052635 6.786717415 0.783170819 -0.034404963 -0.261838496 -0.562939167
1403636666363555584.000000 1.514877200 6.479023457 6.814204693 0.782539606 -0.037560735 -0.262141585 -0.563473880
1403636666413555456.000000 1.522982359 6.498791695 6.842056274 0.781304121 -0.040022213 -0.264667988 -0.563837826
1403636666463555584.000000 1.531109333 6.517323971 6.868838310 0.779906869 -0.041163538 -0.267282724 -0.564456284
1403636666513555456.000000 1.537422419 6.536355495 6.898220062 0.778774381 -0.040755127 -0.268928260 -0.565267324
1403636666563555584.000000 1.548656821 6.551155090 6.922428608 0.778195500 -0.037202340 -0.269919932 -0.565836668
1403636666613555456.000000 1.562405825 6.564591408 6.945579529 0.777428508 -0.032532282 -0.270970583 -0.566675961
1403636666663555584.000000 1.577470422 6.577445507 6.967572212 0.777176976 -0.026642140 -0.270683646 -0.567465067
1403636666713555456.000000 1.590665102 6.589791775 6.990145683 0.776194811 -0.020825114 -0.272335172 -0.568261802
1403636666763555584.000000 1.607346177 6.601800442 7.011261463 0.774925768 -0.015908698 -0.274527818 -0.569097042
1403636666813555456.000000 1.624374509 6.614153862 7.032233238 0.773233235 -0.013710095 -0.277829230 -0.569853842
1403636666863555584.000000 1.639985323 6.627456665 7.057169914 0.770868242 -0.013119191 -0.283415139 -0.570321023
1403636666913555456.000000 1.653780580 6.640672207 7.078791142 0.766607463 -0.017208239 -0.293405712 -0.570902884
1403636666963555584.000000 1.665480256 6.654171944 7.099995613 0.762736619 -0.021815727 -0.302297264 -0.571290910
1403636667013555456.000000 1.673971534 6.670702457 7.120908260 0.761295676 -0.025071412 -0.305219352 -0.571525574
1403636667063555584.000000 1.683459759 6.686321735 7.138974667 0.761298537 -0.027097411 -0.304447412 -0.571841002
1403636667113555456.000000 1.692269087 6.702611446 7.155191422 0.764582694 -0.027188910 -0.295673162 -0.572058976
1403636667163555584.000000 1.698867679 6.720458031 7.170407295 0.768998563 -0.026004557 -0.283572465 -0.572321355
1403636667213555456.000000 1.699452043 6.737700462 7.188479424 0.772527993 -0.025192773 -0.273533344 -0.572490513
1403636667263555584.000000 1.704132557 6.755468845 7.203397751 0.775694847 -0.022436177 -0.264310807 -0.572655082
1403636667313555456.000000 1.707081079 6.773067474 7.219230175 0.777467072 -0.020232324 -0.258582711 -0.572948992
1403636667363555584.000000 1.708508849 6.791116714 7.236599445 0.778332293 -0.020103982 -0.255454361 -0.573182166
1403636667413555456.000000 1.708604574 6.807572842 7.256003380 0.778395295 -0.018727960 -0.254982740 -0.573353171
1403636667463555584.000000 1.709057331 6.824233532 7.274742603 0.777343452 -0.016030693 -0.257254630 -0.573846877
1403636667513555456.000000 1.709102035 6.840578079 7.294272900 0.775898814 -0.013865694 -0.260786772 -0.574263930
1403636667563555584.000000 1.707359076 6.856286049 7.314613819 0.773476362 -0.013172416 -0.267215908 -0.574592531
1403636667613555456.000000 1.708593845 6.873108864 7.334581375 0.770962894 -0.013919354 -0.274182647 -0.574670672
1403636667663555584.000000 1.711754441 6.889891148 7.354037285 0.768739700 -0.015264464 -0.279610157 -0.574999571
1403636667713555456.000000 1.717266321 6.906517506 7.372046471 0.767402172 -0.017500086 -0.282895595 -0.575115442
1403636667763555584.000000 1.724504709 6.923511505 7.388881683 0.767043710 -0.019285997 -0.283782333 -0.575099707
1403636667813555456.000000 1.732649803 6.941015720 7.404579639 0.767298937 -0.020910231 -0.283449352 -0.574866593
1403636667863555584.000000 1.741139054 6.957649708 7.420322895 0.767400146 -0.022094229 -0.283723533 -0.574551880
1403636667913555456.000000 1.749140143 6.974145412 7.435322762 0.767544746 -0.023361458 -0.284101307 -0.574121833
1403636667963555584.000000 1.755875707 6.990930557 7.449882984 0.767548144 -0.022546710 -0.284860611 -0.573773444
1403636668013555456.000000 1.761273265 7.008217812 7.464130402 0.768070281 -0.022825122 -0.284320623 -0.573331356
1403636668063555584.000000 1.766515732 7.025336742 7.476676941 0.769397676 -0.020816758 -0.282461643 -0.572546363
1403636668113555456.000000 1.767802954 7.043653011 7.490739822 0.770842135 -0.018652171 -0.280441284 -0.571670592
1403636668163555584.000000 1.767417192 7.062867165 7.504984856 0.772286117 -0.015979776 -0.278731734 -0.570637763
1403636668213555456.000000 1.765367746 7.082442284 7.519479752 0.773159623 -0.012715277 -0.278690338 -0.569556117
1403636668263555584.000000 1.762397528 7.102529526 7.533989429 0.774099052 -0.009792062 -0.278395653 -0.568481088
1403636668313555456.000000 1.758526325 7.123236656 7.548778057 0.775228500 -0.007788424 -0.278216362 -0.567058921
1403636668363555584.000000 1.750185013 7.142525196 7.567717075 0.776137531 -0.007630887 -0.277853370 -0.565994501
1403636668413555456.000000 1.745196939 7.164381504 7.583417416 0.777284026 -0.007746142 -0.276791394 -0.564939141
1403636668463555584.000000 1.739789367 7.186880589 7.599417686 0.778675914 -0.008452019 -0.275133669 -0.563820720
1403636668513555456.000000 1.733515978 7.209640026 7.615005016 0.779689908 -0.008462517 -0.274279654 -0.562834561
1403636668563555584.000000 1.727423072 7.232998848 7.631591320 0.780297875 -0.008800894 -0.274494529 -0.561881363
1403636668613555456.000000 1.722925663 7.257045269 7.650605202 0.781001747 -0.008431874 -0.274316937 -0.560995042
1403636668663555584.000000 1.717087388 7.281323910 7.667642593 0.781749189 -0.007729440 -0.274312228 -0.559965432
1403636668713555456.000000 1.711731434 7.306514740 7.685018063 0.783244848 -0.004832570 -0.271879673 -0.559093595
1403636668763555584.000000 1.706501484 7.332235336 7.702620506 0.785295963 -0.001481491 -0.267336905 -0.558425605
1403636668813555456.000000 1.708031535 7.357579708 7.719808578 0.787695348 0.000730759 -0.262487769 -0.557347059
1403636668863555584.000000 1.705290318 7.383875847 7.738900185 0.789673984 0.004237154 -0.256869227 -0.557149291
1403636668913555456.000000 1.704974294 7.410726070 7.759229660 0.791886270 0.005939095 -0.251061589 -0.556640863
1403636668963555584.000000 1.708600521 7.438847542 7.779025555 0.792380929 0.002467984 -0.249775276 -0.556541741
1403636669013555456.000000 1.712777972 7.465131760 7.801919937 0.791934133 -0.003494679 -0.250979662 -0.556630373
1403636669063555584.000000 1.719023943 7.491144657 7.825686455 0.791587770 -0.009281087 -0.252037466 -0.556578696
1403636669113555456.000000 1.727169275 7.516109943 7.850301266 0.791152775 -0.014771201 -0.253469110 -0.556428313
1403636669163555584.000000 1.744291782 7.538659573 7.871930122 0.791049480 -0.017765606 -0.254597962 -0.555972099
1403636669213555456.000000 1.752040505 7.562613010 7.898197651 0.791264236 -0.020013630 -0.254532307 -0.555620193
1403636669263555584.000000 1.758572340 7.586151600 7.925428867 0.791455984 -0.020820461 -0.254445106 -0.555357218
1403636669313555456.000000 1.763927341 7.609011173 7.953905106 0.791855454 -0.020197680 -0.254126668 -0.554956496
1403636669363555584.000000 1.767887235 7.631359100 7.983511448 0.791643679 -0.020526173 -0.255248040 -0.554731846
1403636669413555456.000000 1.778336406 7.654029846 8.011495590 0.791860580 -0.021392897 -0.254641682 -0.554668188
1403636669463555584.000000 1.781379938 7.675481319 8.042694092 0.792370319 -0.023842551 -0.252968341 -0.554606080
1403636669513555456.000000 1.783865094 7.696337700 8.074619293 0.792905629 -0.025467837 -0.250457346 -0.554908216
1403636669563555584.000000 1.791223645 7.710865974 8.107577324 0.793735027 -0.027397212 -0.247512639 -0.554951906
1403636669613555456.000000 1.793908119 7.730438232 8.140506744 0.795128524 -0.030046165 -0.242417485 -0.555068970
1403636669663555584.000000 1.799180508 7.747849941 8.174226761 0.796003759 -0.033087596 -0.238283053 -0.555431843
1403636669713555456.000000 1.804244757 7.761996269 8.210308075 0.797018349 -0.036177289 -0.233896896 -0.555648446
1403636669763555584.000000 1.812164187 7.777780533 8.244441032 0.797058284 -0.038833864 -0.232477441 -0.556007624
1403636669813555456.000000 1.821545362 7.791738987 8.279289246 0.794486582 -0.047097672 -0.237371907 -0.556980789
1403636669863555584.000000 1.831781745 7.795910358 8.317628860 0.790418327 -0.058866575 -0.245898321 -0.557949603
1403636669913555456.000000 1.845193982 7.805249691 8.352184296 0.785156846 -0.068210140 -0.257955641 -0.558869362
1403636669963555584.000000 1.859061718 7.812302113 8.384895325 0.781062245 -0.074249312 -0.267359406 -0.559417427
1403636670013555456.000000 1.874111176 7.817054749 8.415328026 0.778094590 -0.076366380 -0.274644732 -0.559738636
1403636670063555584.000000 1.885870457 7.811395645 8.448069572 0.775672436 -0.078453749 -0.279878527 -0.560218990
1403636670113555456.000000 1.902234197 7.811640739 8.473985672 0.772852719 -0.080212213 -0.284316540 -0.561630487
1403636670163555584.000000 1.919254899 7.809808254 8.497180939 0.770739496 -0.084928446 -0.285107285 -0.563437402
1403636670213555456.000000 1.935628057 7.803756237 8.519594193 0.767764270 -0.094352588 -0.285521448 -0.565785348
1403636670263555584.000000 1.947494864 7.788662910 8.542856216 0.765091598 -0.103060983 -0.285249621 -0.568019390
1403636670313555456.000000 1.959741116 7.779686928 8.559791565 0.762161136 -0.110284016 -0.285648793 -0.570396900
1403636670363555584.000000 1.967695951 7.767037392 8.575256348 0.758512199 -0.114560679 -0.287310898 -0.573574424
1403636670413555456.000000 1.973887205 7.752239227 8.587779045 0.754317224 -0.116557769 -0.289180309 -0.577749610
1403636670463555584.000000 1.978395104 7.734475613 8.597158432 0.748851895 -0.118669868 -0.292078793 -0.582948029
1403636670513555456.000000 1.982922196 7.713551044 8.602169037 0.743259609 -0.119981527 -0.293543547 -0.589068532
1403636670563555584.000000 1.987115622 7.689805508 8.602833748 0.736965358 -0.120416649 -0.294015378 -0.596604407
1403636670613555456.000000 1.990076780 7.654276848 8.599790573 0.730645120 -0.120082103 -0.293371618 -0.604707479
1403636670663555584.000000 1.994884014 7.625027180 8.590409279 0.724311173 -0.118893966 -0.291713864 -0.613303006
1403636670713555456.000000 1.999316216 7.591900349 8.576015472 0.717675328 -0.117868453 -0.289114892 -0.622464299
1403636670763555584.000000 2.003092051 7.557406425 8.557018280 0.710519075 -0.117558457 -0.286670566 -0.631793320
1403636670813555456.000000 2.005016804 7.520774841 8.534432411 0.702111959 -0.119149409 -0.285252959 -0.641461611
1403636670863555584.000000 2.004586935 7.481921196 8.508433342 0.692427814 -0.122435845 -0.284594893 -0.651581943
1403636670913555456.000000 2.001983881 7.441108704 8.478658676 0.682205737 -0.126652718 -0.283504844 -0.661951303
1403636670963555584.000000 1.998308182 7.397851944 8.444157600 0.670721233 -0.132944182 -0.282051146 -0.672982931
1403636671013555456.000000 1.994716763 7.350632668 8.403856277 0.659182370 -0.136286378 -0.278385073 -0.685132504
1403636671063555584.000000 1.991460919 7.301725388 8.356939316 0.648746550 -0.136287123 -0.272418171 -0.697382390
1403636671113555456.000000 1.988035202 7.250146389 8.302782059 0.639231443 -0.132052362 -0.264878422 -0.709778070
1403636671163555584.000000 1.984158278 7.196009636 8.243027687 0.629719377 -0.125787809 -0.258013606 -0.721844792
1403636671213555456.000000 1.981090307 7.142576218 8.179841995 0.620896935 -0.118331812 -0.252869666 -0.732489944
1403636671263555584.000000 1.976162791 7.084423542 8.108885765 0.613593042 -0.108088128 -0.247463465 -0.742012382
1403636671313555456.000000 1.969714761 7.025076866 8.033884048 0.608835638 -0.092411220 -0.240971103 -0.750141561
1403636671363555584.000000 1.962032080 6.964836121 7.955270290 0.605688512 -0.072662927 -0.232088044 -0.757625699
1403636671413555456.000000 1.953190684 6.904209137 7.874869347 0.602416933 -0.052344896 -0.222143024 -0.764857113
1403636671463555584.000000 1.942597151 6.843769073 7.794288158 0.597048998 -0.034521893 -0.215278238 -0.772007823
1403636671513555456.000000 1.932327271 6.789729118 7.716799259 -0.590577543 0.019941200 0.211836547 0.778425217
1403636671563555584.000000 1.918925047 6.730398655 7.637427330 -0.583653629 0.008719096 0.211315930 0.783975780
1403636671613555456.000000 1.903937340 6.672564507 7.559024334 -0.577362239 -0.001617661 0.212087736 0.788459897
1403636671663555584.000000 1.888131142 6.616441727 7.481971264 -0.571928501 -0.009931935 0.214150473 0.791794658
1403636671713555456.000000 1.870220900 6.560490131 7.406197071 0.567392886 0.016379591 -0.216027766 -0.794436336
1403636671763555584.000000 1.852501869 6.508074760 7.331567764 0.564130485 0.021417744 -0.217589930 -0.796211481
1403636671813555456.000000 1.834455729 6.458385944 7.258450031 0.562007606 0.027768649 -0.218054593 -0.797388673
1403636671863555584.000000 1.824507713 6.424256802 7.188012123 -0.559963286 -0.032937702 0.220620438 0.797924101
1403636671913555456.000000 1.808449268 6.381012917 7.117722034 -0.558592916 -0.039445762 0.223832265 0.797694921
1403636671963555584.000000 1.795204878 6.341504097 7.048579216 -0.558145881 -0.046968702 0.225674719 0.797080934
1403636672013555456.000000 1.784546137 6.307036400 6.981029987 0.558206975 0.055255651 -0.227037609 -0.796119213
1403636672063555584.000000 1.777578115 6.276062012 6.914610863 0.560229480 0.061592188 -0.223721713 -0.795171678
1403636672113555456.000000 1.773720026 6.248995304 6.850095749 0.563397884 0.066636801 -0.216791466 -0.794445634
1403636672163555584.000000 1.773367882 6.225530624 6.787956715 0.566598952 0.069204256 -0.210949928 -0.793521643
1403636672213555456.000000 1.782560349 6.213420391 6.726189613 -0.568852961 -0.071855605 0.206897110 0.792739987
1403636672263555584.000000 1.785678148 6.197182655 6.670643806 -0.571151197 -0.072368681 0.204247773 0.791727185
1403636672313555456.000000 1.789108753 6.184296608 6.618600368 -0.573707998 -0.072930805 0.199562579 0.791021585
1403636672363555584.000000 1.792274952 6.175211906 6.570165634 0.577059686 0.072807111 -0.191560611 -0.790573120
1403636672413555456.000000 1.797440290 6.170867920 6.524356842 -0.580413043 -0.071462259 0.182004899 0.790498674
1403636672463555584.000000 1.798340917 6.165813923 6.485263824 -0.584022403 -0.065189734 0.171992049 0.790624440
1403636672513555456.000000 1.797304988 6.162029743 6.451155186 -0.586160660 -0.050543431 0.167311683 0.791118085
1403636672563555584.000000 1.794982553 6.161216736 6.422104836 0.587345362 0.034378659 -0.163971692 -0.791806102
1403636672613555456.000000 1.787488580 6.159830570 6.397329330 0.587129414 0.018787615 -0.164296269 -0.792422175
1403636672663555584.000000 1.776710629 6.158632755 6.376021385 0.586824834 0.006160530 -0.165302739 -0.792637169
1403636672713555456.000000 1.761188745 6.157382965 6.358152866 0.585291862 -0.000320470 -0.170090020 -0.792781711
1403636672763555584.000000 1.741437793 6.155516148 6.343011379 0.582755625 -0.000802057 -0.177235931 -0.793084264
1403636672813555456.000000 1.720533013 6.153384209 6.330072880 0.578994215 0.001021994 -0.183718860 -0.794362605
1403636672863555584.000000 1.701358676 6.151448250 6.318015099 0.575443506 0.003201243 -0.185002789 -0.796635807
1403636672913555456.000000 1.683541059 6.153613091 6.298774242 -0.570365429 -0.004216639 0.184569195 0.800374806
1403636672963555584.000000 1.669127464 6.152146339 6.288272381 -0.565025210 -0.005913348 0.182166129 0.804690719
1403636673013555456.000000 1.656758904 6.150972366 6.278482437 -0.558833122 -0.007480516 0.179098979 0.809674740
1403636673063555584.000000 1.646606088 6.150197983 6.269857407 0.552820802 0.010361438 -0.175385103 -0.814568579
1403636673113555456.000000 1.638578653 6.149826050 6.261939049 0.546337724 0.013079351 -0.173324510 -0.819330633
1403636673163555584.000000 1.633742809 6.150620461 6.254565239 0.539777279 0.018599048 -0.174332574 -0.823348522
1403636673213555456.000000 1.631103516 6.151575089 6.247680664 0.533479571 0.026015349 -0.176693633 -0.826741934
1403636673263555584.000000 1.630408168 6.153476715 6.242052555 0.527896106 0.034043133 -0.178216517 -0.829702199
1403636673313555456.000000 1.632210493 6.156226635 6.237170696 0.523160994 0.039849102 -0.180838153 -0.831872702
1403636673363555584.000000 1.636289120 6.160790443 6.233921051 0.519528806 0.044142976 -0.181888223 -0.833701432
1403636673413555456.000000 1.632815123 6.169822693 6.230671406 -0.516690910 -0.044942975 0.181246236 0.835560024
1403636673463555584.000000 1.637328386 6.178265572 6.231592178 -0.514727950 -0.044189610 0.180420265 0.836989284
1403636673513555456.000000 1.640769839 6.188832283 6.235043526 -0.513571978 -0.043284975 0.178813845 0.838090599
1403636673563555584.000000 1.645858288 6.201189041 6.240183830 0.512768686 0.040266577 -0.176384866 -0.839246869
1403636673613555456.000000 1.650181174 6.214937687 6.247575283 0.513247609 0.034812510 -0.171600744 -0.840189457
1403636673663555584.000000 1.654183984 6.229887009 6.257154465 0.513753593 0.028613495 -0.167100221 -0.841020823
1403636673713555456.000000 1.658160567 6.245733738 6.268780231 0.514159322 0.022051543 -0.162927896 -0.841788828
1403636673763555584.000000 1.662692547 6.261492729 6.281526566 0.515367270 0.015310158 -0.157092124 -0.842308939
1403636673813555456.000000 1.667605877 6.276108742 6.295377254 0.515333652 0.009228260 -0.154300675 -0.842933834
1403636673863555584.000000 1.673515677 6.290227413 6.309953690 0.515739501 0.006624676 -0.151523039 -0.843213916
1403636673913555456.000000 1.672809005 6.311652184 6.328976631 -0.515845418 -0.007884105 0.149679318 0.843467593
1403636673963555584.000000 1.681401491 6.326189041 6.346032143 -0.515746236 -0.008100104 0.149450704 0.843566716
1403636674013555456.000000 1.689425349 6.340504169 6.364786625 -0.515165091 -0.008488556 0.151083633 0.843627036
1403636674063555584.000000 1.697280645 6.353437901 6.384013176 0.515080810 0.008438749 -0.151635319 -0.843580067
1403636674113555456.000000 1.704166293 6.367030144 6.405945778 0.514499128 0.007693510 -0.153177902 -0.843663514
1403636674163555584.000000 1.710095763 6.380221367 6.429432392 0.514413178 0.006191437 -0.153443485 -0.843679965
1403636674213555456.000000 1.714777827 6.393142223 6.454487324 0.514371097 0.003345957 -0.154001713 -0.843620002
1403636674263555584.000000 1.717822433 6.405712128 6.481114388 0.513707340 -0.001117089 -0.156200737 -0.843626082
1403636674313555456.000000 1.719089985 6.417752743 6.509373665 0.511993289 -0.006321106 -0.161166564 -0.843711019
1403636674363555584.000000 1.718923092 6.429145813 6.538735390 0.509103835 -0.010360937 -0.166762620 -0.844331861
1403636674413555456.000000 1.718828440 6.449575901 6.574357033 -0.504609406 0.014923738 0.171852991 0.845939219
1403636674463555584.000000 1.716362238 6.461457253 6.605476856 -0.499368787 0.019119300 0.174642906 0.848389804
1403636674513555456.000000 1.712335587 6.473770618 6.636703014 -0.493528247 0.022683587 0.175641954 0.851507664
1403636674563555584.000000 1.705507636 6.483510494 6.666594982 0.488225102 -0.024061054 -0.174999014 -0.854653597
1403636674613555456.000000 1.698122382 6.495071411 6.696583748 0.484035581 -0.024897957 -0.172910526 -0.857433140
1403636674663555584.000000 1.689866066 6.506969452 6.726126194 0.480475813 -0.025246369 -0.169576794 -0.860086858
1403636674713555456.000000 1.679784417 6.518819809 6.755257130 0.476547033 -0.024581874 -0.169457242 -0.862312615
1403636674763555584.000000 1.668098330 6.530972481 6.783959866 0.472368985 -0.020417407 -0.171100453 -0.864393055
1403636674813555456.000000 1.656086087 6.543495655 6.811561108 0.468063682 -0.013832679 -0.174713254 -0.866141140
1403636674863555584.000000 1.646071672 6.566185951 6.844070435 -0.464302331 0.006650564 0.178629458 0.867450655
1403636674913555456.000000 1.636800051 6.580979347 6.869144440 -0.461185962 0.000632053 0.181705281 0.868498862
1403636674963555584.000000 1.629782081 6.597515583 6.893504143 -0.458882511 -0.005639493 0.184070930 0.869202554
1403636675013555456.000000 1.625469327 6.614127159 6.915883541 0.456900150 0.010106869 -0.186781809 -0.869627953
1403636675063555584.000000 1.623831153 6.633557320 6.937600613 0.455904305 0.015516625 -0.187374488 -0.869943321
1403636675113555456.000000 1.624862075 6.655404091 6.958409786 0.456787884 0.019901948 -0.184768274 -0.869947970
1403636675163555584.000000 1.628302217 6.679507256 6.978834152 0.458427757 0.026252871 -0.179622307 -0.869994581
1403636675213555456.000000 1.634967208 6.706515789 6.999691486 0.461127996 0.030354802 -0.171450168 -0.870083034
1403636675263555584.000000 1.643506646 6.736400127 7.022159100 0.463637829 0.033510033 -0.165051818 -0.869870663
1403636675313555456.000000 1.654372811 6.767910004 7.046083927 0.465802670 0.035366349 -0.159627736 -0.869652867
1403636675363555584.000000 1.666791081 6.798712254 7.075042248 -0.467757136 -0.032388967 0.153079718 0.869897068
1403636675413555456.000000 1.681618690 6.831908703 7.102206230 -0.468314111 -0.026054373 0.145879745 0.871046662
1403636675463555584.000000 1.696601868 6.865633965 7.131826401 -0.466607362 -0.019890744 0.140417039 0.873020649
1403636675513555456.000000 1.711209297 6.898579121 7.162661552 0.464365870 0.015414171 -0.133198112 -0.875434220
1403636675563555584.000000 1.724364996 6.931841850 7.196065426 0.461995780 0.011288201 -0.125831783 -0.877837658
1403636675613555456.000000 1.737767458 6.962493420 7.228341579 -0.459330887 -0.007957636 0.119287878 0.880183160
1403636675663555584.000000 1.748610020 6.993988991 7.265427113 -0.455442578 -0.005212930 0.114676937 0.882833064
1403636675713555456.000000 1.758489847 7.024172783 7.304092884 -0.450194478 -0.001261854 0.111237228 0.885973871
1403636675763555584.000000 1.767752528 7.053328991 7.344436169 0.443435282 -0.004569597 -0.109120160 -0.889627576
1403636675813555456.000000 1.779525995 7.073630333 7.381064892 -0.433789939 0.012158114 0.113080502 0.893807232
1403636675863555584.000000 1.785544872 7.099741459 7.424120426 -0.422553837 0.020348702 0.118947573 0.898268223
1403636675913555456.000000 1.789404631 7.124528885 7.467532158 -0.409868866 0.025201730 0.126991048 0.902909577
1403636675963555584.000000 1.791566014 7.148114204 7.509902954 0.397085726 -0.027277520 -0.133744597 -0.907574475
1403636676013555456.000000 1.792447805 7.171661377 7.552304745 0.385288328 -0.026299708 -0.136847526 -0.912213862
1403636676063555584.000000 1.792250633 7.195467472 7.593746185 0.374876112 -0.024054915 -0.135842606 -0.916752994
1403636676113555456.000000 1.790838003 7.219384193 7.634091377 0.366213292 -0.019090641 -0.130783156 -0.921096802
1403636676163555584.000000 1.797310114 7.235333920 7.667984962 -0.359119713 0.012855037 0.120204009 0.925429046
1403636676213555456.000000 1.794790149 7.259657860 7.707377434 -0.351654321 0.007394058 0.109223723 0.929706872
1403636676263555584.000000 1.791633844 7.283833981 7.746815681 -0.344620943 0.000364407 0.095298991 0.933892131
1403636676313555456.000000 1.788560629 7.306885242 7.786757469 0.335454553 0.006065806 -0.085290030 -0.938167989
1403636676363555584.000000 1.786967278 7.329607010 7.827103138 0.326953083 0.009313255 -0.072585896 -0.942202926
1403636676413555456.000000 1.787092447 7.350906849 7.867820740 0.317828476 0.013016690 -0.062142912 -0.946020067
1403636676463555584.000000 1.789479136 7.370448589 7.909152985 0.306863010 0.014944443 -0.056621853 -0.949950397
1403636676513555456.000000 1.800999403 7.380793571 7.947000504 -0.295224428 -0.016407205 0.054754000 0.953716636
1403636676563555584.000000 1.807175398 7.396592140 7.989280701 -0.282727152 -0.013874994 0.056276247 0.957447529
1403636676613555456.000000 1.816026449 7.411525726 8.032170296 -0.271498680 -0.011771972 0.057814881 0.960628629
1403636676663555584.000000 1.827946424 7.427793503 8.076351166 0.262094915 0.008884290 -0.059747733 -0.963149846
1403636676713555456.000000 1.841206312 7.442171097 8.119599342 0.254117578 0.005975042 -0.062356696 -0.965142608
1403636676763555584.000000 1.855993152 7.456076145 8.162436485 0.247622773 0.002686414 -0.065000780 -0.966669917
1403636676813555456.000000 1.872436047 7.469473839 8.204887390 0.241325811 0.000891302 -0.067981914 -0.968059659
1403636676863555584.000000 1.898145676 7.473592758 8.242193222 -0.235239580 -0.000479939 0.071790479 0.969282389
1403636676913555456.000000 1.916113019 7.486351967 8.282449722 -0.230968326 0.001279584 0.072861567 0.970228434
1403636676963555584.000000 1.932098866 7.499139786 8.322574615 -0.227711365 0.002387868 0.073961206 0.970912755
1403636677013555456.000000 1.946270943 7.513076782 8.363368988 0.226564392 -0.002605976 -0.071987852 -0.971328795
1403636677063555584.000000 1.955674529 7.527217865 8.404973030 0.227432266 -0.001983823 -0.066697203 -0.971505165
1403636677113555456.000000 1.961588144 7.541618824 8.447710037 0.228939861 -0.001257657 -0.061320674 -0.971506476
1403636677163555584.000000 1.964162111 7.555715084 8.491166115 0.230631754 -0.000175578 -0.056653272 -0.971390486
1403636677213555456.000000 1.964617610 7.569236755 8.534906387 0.232035801 -0.001250701 -0.052789256 -0.971272945
1403636677263555584.000000 1.965060711 7.581732750 8.578783035 0.232447892 -0.003887059 -0.049027048 -0.971364677
1403636677313555456.000000 1.966038465 7.592762470 8.622118950 0.230953231 -0.007536075 -0.046224967 -0.971836984
1403636677363555584.000000 1.976348281 7.599941730 8.668744087 -0.228403553 0.012886168 0.042145200 0.972568572
1403636677413555456.000000 1.981769800 7.608501434 8.710781097 -0.224226803 0.018953713 0.038300697 0.973599672
1403636677463555584.000000 1.989242315 7.615440369 8.751218796 -0.218577504 0.025603393 0.035373088 0.974842072
1403636677513555456.000000 1.995258093 7.620299339 8.790108681 0.211360931 -0.030872859 -0.034167621 -0.976322770
1403636677563555584.000000 2.003884315 7.623663425 8.826969147 0.203227252 -0.034571346 -0.032931361 -0.977966845
1403636677613555456.000000 2.013453960 7.625590324 8.862081528 0.193716124 -0.036450990 -0.033334296 -0.979813397
1403636677663555584.000000 2.030802250 7.628943443 8.897508621 -0.183766201 0.035736751 0.034092579 0.981728375
1403636677713555456.000000 2.042459488 7.628423214 8.928524017 -0.172257647 0.035251394 0.035522871 0.983779907
1403636677763555584.000000 2.054524899 7.627005577 8.957338333 -0.160682842 0.032125425 0.036089238 0.985822856
1403636677813555456.000000 2.067679167 7.625035763 8.983969688 0.147088051 -0.026728768 -0.039100878 -0.987988770
1403636677863555584.000000 2.079820871 7.622700691 9.008742332 0.132408470 -0.021300413 -0.043158256 -0.990026116
1403636677913555456.000000 2.092671156 7.620860100 9.032126427 0.117968820 -0.015343518 -0.045055199 -0.991876006
1403636677963555584.000000 2.106353045 7.619824886 9.054253578 0.104015991 -0.011008086 -0.044961281 -0.993497908
1403636678013555456.000000 2.121056795 7.622139931 9.078824997 -0.091338910 0.006420035 0.041618854 0.994929135
1403636678063555584.000000 2.133942604 7.624336720 9.099950790 -0.080163583 0.004895213 0.036750153 0.996092021
1403636678113555456.000000 2.145664930 7.628111362 9.120838165 -0.071989313 0.004426787 0.028341495 0.996992886
1403636678163555584.000000 2.156058550 7.632885933 9.142624855 0.065188944 -0.004475137 -0.020038825 -0.997661710
1403636678213555456.000000 2.164793015 7.638974190 9.163977623 0.059988264 -0.003398245 -0.011090171 -0.998131752
1403636678263555584.000000 2.172956944 7.645542145 9.185066223 0.054357965 -0.003104328 -0.003591290 -0.998510301
1403636678313555456.000000 2.181397438 7.651992798 9.205561638 0.047464326 -0.003024804 0.001919797 -0.998866498
1403636678363555584.000000 2.191037178 7.658072472 9.225233078 0.038844716 -0.003449958 0.003854894 -0.999231935
1403636678413555456.000000 2.201671124 7.663944244 9.244275093 0.030262137 -0.001943993 0.006439534 -0.999519408
1403636678463555584.000000 2.211655617 7.670360088 9.263667107 -0.021776114 0.001158408 -0.009606584 0.999716103
1403636678513555456.000000 2.225002766 7.676017284 9.281134605 -0.013033713 -0.000424290 -0.013283918 0.999826789
1403636678563555584.000000 2.239922285 7.681067944 9.297685623 -0.003699956 -0.000457057 -0.016430913 0.999858081
1403636678613555456.000000 2.257331848 7.686299324 9.313287735 -0.007169082 0.000376988 0.020533474 -0.999763489
1403636678663555584.000000 2.273263931 7.691273212 9.328634262 -0.017334947 0.000102164 0.028144207 -0.999453604
1403636678713555456.000000 2.287150383 7.697596550 9.347552299 0.027026407 0.000264659 -0.038667198 0.998886585
1403636678763555584.000000 2.300606012 7.701964855 9.363329887 0.037145935 0.000265898 -0.050703652 0.998022735
1403636678813555456.000000 2.311920643 7.705897808 9.379631042 0.046619538 -0.000066209 -0.063748665 0.996876478
1403636678863555584.000000 2.321193218 7.708591461 9.396499634 -0.055350304 0.000671976 0.075505182 -0.995607793
1403636678913555456.000000 2.328796864 7.710022449 9.413549423 -0.063131995 0.000458165 0.086908653 -0.994213760
1403636678963555584.000000 2.334741116 7.709729671 9.432444572 0.072215371 -0.001127230 -0.094307922 0.992919803
1403636679013555456.000000 2.339131117 7.707274437 9.449258804 0.082185626 -0.000321860 -0.098431051 0.991744339
1403636679063555584.000000 2.341982365 7.702740192 9.465938568 0.093325578 0.000656954 -0.099890761 0.990611792
1403636679113555456.000000 2.343235254 7.696310043 9.482408524 0.105144501 0.002527392 -0.100401878 0.989372373
1403636679163555584.000000 2.342501163 7.687940121 9.498394966 -0.118566141 -0.004167149 0.097192772 -0.988169193
1403636679213555456.000000 2.341186523 7.678136826 9.513783455 -0.133539602 -0.007026934 0.092199609 -0.986720383
1403636679263555584.000000 2.340149641 7.667337418 9.528177261 -0.148511872 -0.009254896 0.088064417 -0.984938204
1403636679313555456.000000 2.340153694 7.655919075 9.541298866 -0.163109049 -0.010084117 0.085004695 -0.982887626
1403636679363555584.000000 2.341432095 7.644257069 9.553021431 -0.177243277 -0.011103269 0.085233331 -0.980406523
1403636679413555456.000000 2.342962742 7.633667469 9.563311577 0.190584958 0.010514884 -0.086724319 0.977775991
1403636679463555584.000000 2.347402096 7.622556686 9.571779251 0.203420952 0.010012202 -0.089111678 0.974976361
1403636679513555456.000000 2.352990866 7.611814022 9.578957558 0.214963421 0.008701918 -0.092641860 0.972179353
1403636679563555584.000000 2.360565186 7.601995468 9.585795403 -0.224742115 -0.007073389 0.096007250 -0.969651341
1403636679613555456.000000 2.369509697 7.592357635 9.591294289 -0.233261973 -0.005526580 0.098140106 -0.967433155
1403636679663555584.000000 2.379095793 7.583969116 9.595137596 -0.239980474 -0.002527998 0.100601584 -0.965547740
1403636679713555456.000000 2.389818668 7.576583862 9.597567558 -0.245387986 -0.000711411 0.103435948 -0.963890731
1403636679763555584.000000 2.402078152 7.570264339 9.598658562 -0.248990625 -0.000763095 0.107279189 -0.962545812
1403636679813555456.000000 2.416378021 7.564434052 9.598476410 0.252279192 0.004282918 -0.109152570 0.961469054
1403636679863555584.000000 2.426208973 7.563021183 9.592884064 0.254555285 0.008694017 -0.111019865 0.960625172
1403636679913555456.000000 2.444035292 7.557151318 9.591165543 0.255189598 0.014752965 -0.115300536 0.959878385
1403636679963555584.000000 2.462503910 7.551607132 9.588355064 0.254855335 0.016695486 -0.119021215 0.959481180
1403636680013555456.000000 2.483921528 7.545117378 9.584441185 0.252390176 0.019565986 -0.126054540 0.959180176
1403636680063555584.000000 2.504476070 7.539465427 9.577756882 -0.249477774 -0.021962639 0.133345053 -0.958904386
1403636680113555456.000000 2.524501085 7.533416748 9.569178581 -0.246010363 -0.025328161 0.141513079 -0.958546579
1403636680163555584.000000 2.542225838 7.526758194 9.559286118 -0.243668512 -0.026502036 0.145448208 -0.958523929
1403636680213555456.000000 2.557571411 7.518956184 9.547737122 -0.243438080 -0.026515711 0.144408330 -0.958739340
1403636680263555584.000000 2.571072817 7.510258198 9.534534454 -0.243127778 -0.029201394 0.143322855 -0.958902895
1403636680313555456.000000 2.567808628 7.496984482 9.511986732 0.239852309 0.031789176 -0.146097854 0.959226727
1403636680363555584.000000 2.575992823 7.486976624 9.496135712 0.236157611 0.030819967 -0.152033001 0.959252715
1403636680413555456.000000 2.581497192 7.475840569 9.478489876 0.232605100 0.028521843 -0.156795919 0.959425032
1403636680463555584.000000 2.585070133 7.462948322 9.460184097 -0.229849845 -0.026227191 0.159809962 -0.959657311
1403636680513555456.000000 2.586507559 7.448376179 9.440085411 -0.227239266 -0.024075266 0.162133500 -0.959945619
1403636680563555584.000000 2.585707426 7.431822777 9.418622971 -0.226318732 -0.021597048 0.160483509 -0.960499108
1403636680613555456.000000 2.582985163 7.413187027 9.395599365 -0.226505354 -0.020439228 0.156496584 -0.961138070
1403636680663555584.000000 2.578534365 7.392648220 9.371542931 -0.225893199 -0.019551685 0.154333800 -0.961650252
1403636680713555456.000000 2.572139740 7.370329380 9.346506119 -0.226300389 -0.016892113 0.150245115 -0.962252200
1403636680763555584.000000 2.564047098 7.346547604 9.320322990 -0.228389308 -0.012492984 0.141499802 -0.963151157
1403636680813555456.000000 2.555357456 7.322263241 9.297038078 0.230795994 0.008643969 -0.132210344 0.963939309
1403636680863555584.000000 2.545060635 7.296638966 9.269694328 0.233945921 0.003707916 -0.121174023 0.964661837
1403636680913555456.000000 2.533522367 7.270922661 9.242742538 0.236916214 -0.003334495 -0.110664152 0.965201020
1403636680963555584.000000 2.518799543 7.244451046 9.215622902 -0.238327578 0.012506792 0.104930423 -0.965418696
1403636681013555456.000000 2.503845453 7.218807697 9.190080643 -0.237773001 0.020716704 0.104242682 -0.965488672
1403636681063555584.000000 2.490206003 7.192976475 9.168754578 0.236945346 -0.028843710 -0.105199985 0.965379715
1403636681113555456.000000 2.474280119 7.167917252 9.145952225 0.235560253 -0.034334444 -0.108040489 0.965225279
1403636681163555584.000000 2.459167480 7.142736435 9.124752998 0.234694809 -0.034123048 -0.110266216 0.965191901
1403636681213555456.000000 2.445182085 7.116980553 9.105081558 0.233610347 -0.027581627 -0.114352569 0.965188622
1403636681263555584.000000 2.432653666 7.090521812 9.086216927 0.233256221 -0.018163221 -0.117488734 0.965120792
1403636681313555456.000000 2.419921160 7.063726425 9.067904472 -0.233772293 0.010951740 0.118151866 -0.965023756
1403636681363555584.000000 2.409758568 7.036129951 9.049157143 -0.234259278 0.004155111 0.117704168 -0.965013564
1403636681413555456.000000 2.400937319 7.008428097 9.029596329 -0.235660851 -0.000662681 0.115897082 -0.964899719
1403636681463555584.000000 2.398384333 6.977126122 9.012786865 0.237225994 0.003204645 -0.113269925 0.964823067
1403636681513555456.000000 2.391945362 6.949028492 8.991307259 0.238398865 0.004849207 -0.111893192 0.964687765
1403636681563555584.000000 2.385966539 6.921015739 8.969610214 0.239418030 0.005212325 -0.112087145 0.964410901
1403636681613555456.000000 2.378628731 6.894079208 8.947546959 -0.239178523 -0.005584221 0.114925802 -0.964134097
1403636681663555584.000000 2.370342970 6.866789818 8.925642014 -0.239506781 -0.006132116 0.116210438 -0.963895321
1403636681713555456.000000 2.360896349 6.839438438 8.903712273 -0.239899307 -0.006742064 0.117853150 -0.963594139
1403636681763555584.000000 2.350468874 6.811893463 8.881828308 -0.240336090 -0.007529428 0.118680820 -0.963377774
1403636681813555456.000000 2.343700886 6.781316757 8.865914345 0.240844816 0.007861936 -0.119383864 0.963161230
1403636681863555584.000000 2.332965612 6.753036499 8.843149185 0.241839930 0.008453241 -0.119089805 0.962943256
1403636681913555456.000000 2.323370695 6.724773407 8.819478989 0.242856100 0.009431795 -0.118703917 0.962726057
1403636681963555584.000000 2.315438747 6.696696281 8.794894218 -0.244219631 -0.009098787 0.117700234 -0.962507486
1403636682013555456.000000 2.309226036 6.667625904 8.769388199 -0.245433405 -0.008711699 0.116575040 -0.962339222
1403636682063555584.000000 2.304803371 6.638667107 8.742397308 -0.246658519 -0.007921671 0.115085199 -0.962212205
1403636682113555456.000000 2.301798344 6.610154629 8.713747025 -0.247650489 -0.007970963 0.114231639 -0.962058723
1403636682163555584.000000 2.299192667 6.577548981 8.688580513 0.248377800 0.007227823 -0.113252901 0.961992800
1403636682213555456.000000 2.296038151 6.549908638 8.658864975 0.248777583 0.004180711 -0.112981744 0.961939394
1403636682263555584.000000 2.291562796 6.522686005 8.629575729 0.249088660 -0.000106635 -0.111933567 0.961990595
1403636682313555456.000000 2.285274267 6.495692253 8.601011276 0.248557389 -0.006055543 -0.112837449 0.962003291
1403636682363555584.000000 2.276894093 6.468719482 8.572417259 -0.248184353 0.012204830 0.112886757 -0.962035477
1403636682413555456.000000 2.268506527 6.441715240 8.545520782 -0.247656122 0.015528753 0.112918302 -0.962119997
1403636682463555584.000000 2.260155439 6.410804749 8.523452759 0.247261465 -0.013684759 -0.112341627 0.962316930
1403636682513555456.000000 2.251551151 6.384006977 8.498359680 0.246146470 -0.009146017 -0.113076515 0.962570548
1403636682563555584.000000 2.242125511 6.357208252 8.473967552 0.245059237 -0.004349935 -0.113877751 0.962787092
1403636682613555456.000000 2.231701851 6.330584049 8.450793266 -0.244273037 0.000161633 0.114639305 -0.962906301
1403636682663555584.000000 2.220303535 6.303753376 8.427323341 -0.243252963 -0.003616050 0.114736058 -0.963146210
1403636682713555456.000000 2.208907127 6.276714325 8.403520584 -0.243312359 -0.005603769 0.112805016 -0.963349760
1403636682763555584.000000 2.198696613 6.249673843 8.379202843 -0.243174702 -0.007732623 0.110775046 -0.963605285
1403636682813555456.000000 2.189786434 6.222936153 8.353965759 0.242529258 0.010066087 -0.109423839 0.963900805
1403636682863555584.000000 2.181989193 6.196189404 8.328041077 -0.241455153 -0.012052539 0.110853530 -0.963984251
1403636682913555456.000000 2.175334454 6.169883251 8.301181793 -0.239337802 -0.012862775 0.113126345 -0.964237750
1403636682963555584.000000 2.163411617 6.136110306 8.278622627 0.237493485 0.013638215 -0.115544349 0.964396417
1403636683013555456.000000 2.158268929 6.109655380 8.249139786 0.236173451 0.013939265 -0.118697286 0.964333415
1403636683063555584.000000 2.152552843 6.082685471 8.219472885 0.236030176 0.015212150 -0.118565716 0.964365363
1403636683113555456.000000 2.145707846 6.055014610 8.189453125 -0.236226395 -0.013943860 0.118436620 -0.964352369
1403636683163555584.000000 2.136340380 6.027531624 8.159605980 -0.237205744 -0.012877367 0.116749905 -0.964332521
1403636683213555456.000000 2.125154972 5.999958992 8.129698753 -0.238320172 -0.010719093 0.115149781 -0.964276552
1403636683263555584.000000 2.112783194 5.972379684 8.099691391 -0.239187732 -0.009644643 0.114092238 -0.964198768
1403636683313555456.000000 2.098954439 5.944857121 8.069604874 -0.240587845 -0.008668625 0.112798840 -0.964011848
1403636683363555584.000000 2.084021568 5.917394638 8.039628983 -0.241799340 -0.007789949 0.111770459 -0.963835955
1403636683413555456.000000 2.063440800 5.897488594 8.004137039 0.242849424 0.007475448 -0.111185223 0.963642120
1403636683463555584.000000 2.046412230 5.870393753 7.974650860 0.244257569 0.006520949 -0.110313073 0.963393390
1403636683513555456.000000 2.028548241 5.843784332 7.945532799 0.244741678 0.006513438 -0.110795505 0.963215172
1403636683563555584.000000 2.009712458 5.817630291 7.916553974 0.245523512 0.006408006 -0.110390551 0.963063419
1403636683613555456.000000 1.991145372 5.791569233 7.886532307 -0.245951533 -0.004788812 0.110815890 -0.962914705
1403636683663555584.000000 1.970993757 5.765841007 7.857611656 -0.246644780 -0.002345551 0.110734619 -0.962755859
1403636683713555456.000000 1.950832129 5.740224838 7.828613281 -0.247056842 0.000451990 0.111135557 -0.962606728
1403636683763555584.000000 1.926412702 5.719644547 7.793374538 0.247834355 -0.003194049 -0.110188343 0.962510526
1403636683813555456.000000 1.909055114 5.694116116 7.763686180 0.248017371 -0.006367034 -0.111446500 0.962302744
1403636683863555584.000000 1.893315077 5.669057369 7.733579636 0.249568731 -0.009395380 -0.109653316 0.962082863
1403636683913555456.000000 1.879012704 5.644220352 7.703911304 -0.249575287 0.009363367 0.112113602 -0.961797893
1403636683963555584.000000 1.867433548 5.618675709 7.674539089 -0.250547379 0.009414503 0.111343116 -0.961634159
1403636684013555456.000000 1.858569264 5.592997074 7.645108223 -0.251635432 0.007764958 0.110714711 -0.961437225
1403636684063555584.000000 1.852224588 5.567020416 7.615869045 -0.252625555 0.005783353 0.110693894 -0.961193919
1403636684113555456.000000 1.847555876 5.541573048 7.585474014 -0.253578097 0.004177219 0.111026444 -0.960913062
1403636684163555584.000000 1.843877554 5.516285896 7.554743290 -0.254712969 0.003329460 0.111241505 -0.960591257
1403636684213555456.000000 1.841813684 5.491564751 7.523202419 -0.255905002 0.002083893 0.110852234 -0.960322976
1403636684263555584.000000 1.835301042 5.474078178 7.482001781 0.257303715 -0.000462718 -0.110157803 0.960031211
1403636684313555456.000000 1.834499240 5.449896812 7.449857712 0.258062899 0.001734771 -0.110639364 0.959770620
1403636684363555584.000000 1.831780553 5.426467896 7.417721272 0.259026200 0.003515654 -0.110402115 0.959533513
1403636684413555456.000000 1.828723073 5.403437614 7.387063980 0.259854823 0.004714001 -0.110455729 0.959298134
1403636684463555584.000000 1.823059201 5.380933762 7.356270790 0.260867268 0.004893315 -0.109291241 0.959155738
1403636684513555456.000000 1.815752864 5.358950138 7.325837612 0.262622446 0.004683474 -0.106565967 0.958984494
1403636684563555584.000000 1.807388425 5.337783813 7.295716286 0.263588399 0.005506382 -0.104843423 0.958904982
1403636684613555456.000000 1.797389388 5.317528725 7.265966415 0.264687508 0.005519166 -0.102831617 0.958819985
1403636684663555584.000000 1.785835028 5.298377991 7.236568928 0.265383214 0.005903954 -0.102267019 0.958685815
1403636684713555456.000000 1.772778749 5.280135632 7.207532406 0.265852839 0.006638803 -0.101633444 0.958618224
1403636684763555584.000000 1.756209970 5.261773109 7.175641060 0.265859395 0.007492089 -0.102122240 0.958558202
1403636684813555456.000000 1.739642262 5.245827675 7.147157192 0.265923291 0.007837763 -0.101945326 0.958556533
1403636684863555584.000000 1.721437573 5.230873108 7.118875980 0.265589267 0.007600665 -0.103165396 0.958520472
1403636684913555456.000000 1.703809500 5.217017651 7.090473175 0.264408886 0.009176879 -0.106264681 0.958494484
1403636684963555584.000000 1.685433745 5.204115868 7.061684608 0.262211025 0.009299566 -0.112056807 0.958437383
1403636685013555456.000000 1.667660832 5.192047596 7.032111645 0.260340005 0.009178188 -0.115655065 0.958521128
1403636685063555584.000000 1.651333213 5.179787636 7.002154350 0.258913577 0.008811643 -0.117996685 0.958625555
1403636685113555456.000000 1.637172699 5.167484760 6.970851898 0.257809341 0.007292978 -0.119084932 0.958801389
1403636685163555584.000000 1.624044061 5.155309200 6.938459396 0.257136971 0.004576327 -0.118368164 0.959087431
1403636685213555456.000000 1.612033367 5.143633842 6.904807568 -0.254977167 -0.002821408 0.120842054 -0.959362268
1403636685263555584.000000 1.601439595 5.126212120 6.873152733 0.252412647 0.001327195 -0.123513088 0.959703445
1403636685313555456.000000 1.592142224 5.113348961 6.838375568 0.250267118 0.000450580 -0.125483319 0.960010529
1403636685363555584.000000 1.583600879 5.100154400 6.803025246 0.248692751 0.000224774 -0.126538366 0.960281134
1403636685413555456.000000 1.575476050 5.087162018 6.767596722 -0.247610286 -0.000264682 0.125717267 -0.960668683
1403636685463555584.000000 1.565481663 5.073156357 6.732453346 -0.247331038 0.000574080 0.123667121 -0.961006463
1403636685513555456.000000 1.554061532 5.058727264 6.697818279 -0.247190759 0.000847137 0.121498406 -0.961319029
1403636685563555584.000000 1.540884376 5.043986797 6.663657188 -0.246871829 0.001853695 0.120159537 -0.961567819
1403636685613555456.000000 1.526403785 5.028877258 6.629904747 -0.247113943 0.001885453 0.117703713 -0.961809218
1403636685663555584.000000 1.510727882 5.013594627 6.596640587 -0.246299535 0.001006445 0.118165970 -0.961962819
1403636685713555456.000000 1.493664742 4.998050213 6.563918591 -0.245828271 -0.000248168 0.118843913 -0.962000310
1403636685763555584.000000 1.479936957 4.980419159 6.533495903 0.245389447 0.000821319 -0.119724691 0.962002814
1403636685813555456.000000 1.460886240 4.964565277 6.501619816 0.244434848 0.002735874 -0.121820293 0.961979151
1403636685863555584.000000 1.440912843 4.948595047 6.469977379 0.243744001 0.004523077 -0.123542763 0.961928129
1403636685913555456.000000 1.419339538 4.931282043 6.437191010 -0.244141147 -0.003942993 0.122568056 -0.961954653
1403636685963555584.000000 1.396973729 4.914156914 6.405107498 -0.245435312 -0.002252251 0.119807445 -0.961978555
1403636686013555456.000000 1.374812365 4.896983624 6.372608662 -0.246387437 0.000153631 0.117320478 -0.962044239
1403636686063555584.000000 1.357198358 4.880465031 6.338029385 0.247516751 -0.003801899 -0.114887036 0.962040484
1403636686113555456.000000 1.338437915 4.862996101 6.304581165 0.248251766 -0.005998527 -0.112897165 0.962075531
1403636686163555584.000000 1.322488785 4.845111847 6.270978451 0.248337626 -0.005758895 -0.112159118 0.962141216
1403636686213555456.000000 1.307984471 4.826969624 6.237654209 -0.248372063 0.006931294 0.111362912 -0.962217093
1403636686263555584.000000 1.294672847 4.809149265 6.203978539 -0.248537794 0.008298157 0.110141516 -0.962304056
1403636686313555456.000000 1.283272505 4.791357040 6.170217037 -0.248410329 0.009648266 0.109481931 -0.962399662
1403636686363555584.000000 1.273736000 4.773632050 6.136522293 -0.248614147 0.010730836 0.108763903 -0.962416947
1403636686413555456.000000 1.266570807 4.759232521 6.105698109 0.248364806 -0.011677141 -0.109292224 0.962410390
1403636686463555584.000000 1.257206917 4.741874695 6.073309898 0.248398423 -0.013288929 -0.109066293 0.962406516
1403636686513555456.000000 1.246550560 4.724877357 6.042046547 0.248686641 -0.014872446 -0.108493343 0.962373614
1403636686563555584.000000 1.235260010 4.708673954 6.012174129 -0.248486266 0.014848556 0.109125338 -0.962354302
1403636686613555456.000000 1.222437263 4.692122459 5.983375549 -0.248475656 0.014989964 0.110760756 -0.962167978
1403636686663555584.000000 1.208323836 4.675605774 5.955615044 -0.248362407 0.014780757 0.111307494 -0.962137461
1403636686713555456.000000 1.193539739 4.658886909 5.928804398 -0.248629674 0.014413592 0.111166716 -0.962090194
1403636686763555584.000000 1.178969502 4.642200470 5.902634144 -0.249270707 0.012852984 0.110593490 -0.962012470
1403636686813555456.000000 1.165649176 4.625409126 5.877021790 -0.249456406 0.011035585 0.110343821 -0.962015629
1403636686863555584.000000 1.153625369 4.610312939 5.854434013 0.250525892 -0.010003325 -0.109292939 0.961868882
1403636686913555456.000000 1.143825650 4.593728065 5.828670025 0.251304120 -0.008883517 -0.108149596 0.961806118
1403636686963555584.000000 1.135885596 4.577275753 5.802807331 0.251855314 -0.008045975 -0.107441410 0.961748719
1403636687013555456.000000 1.129723549 4.561250687 5.777126312 0.252551734 -0.007026678 -0.106884703 0.961636126
1403636687063555584.000000 1.125550270 4.544985294 5.752278328 -0.252896100 0.006914624 0.105765469 -0.961670101
1403636687113555456.000000 1.122801304 4.529417515 5.726371288 -0.253213793 0.006914008 0.105721615 -0.961591423
1403636687163555584.000000 1.120083213 4.514133930 5.700644970 -0.253583819 0.006631244 0.105886236 -0.961477697
1403636687213555456.000000 1.117113590 4.499251842 5.675554752 -0.253591865 0.005108118 0.105861276 -0.961487651
1403636687263555584.000000 1.112728715 4.484651089 5.651233673 -0.253798455 0.004652454 0.106298156 -0.961387277
1403636687313555456.000000 1.106926560 4.470754623 5.627656460 -0.254151225 0.003842086 0.106375478 -0.961289108
1403636687363555584.000000 1.098778963 4.458107948 5.600662708 0.254040331 -0.001866677 -0.107090257 0.961244941
1403636687413555456.000000 1.090139389 4.444885254 5.578704834 0.254229724 -0.000432902 -0.107837513 0.961112976
1403636687463555584.000000 1.080099106 4.432026863 5.557152271 0.254376739 0.000460005 -0.108077712 0.961047053
1403636687513555456.000000 1.069242358 4.419775009 5.535093784 0.254552901 0.001049818 -0.107840821 0.961026609
1403636687563555584.000000 1.055838585 4.407723904 5.514472008 0.255374730 0.000560315 -0.106658265 0.960940897
1403636687613555456.000000 1.041055799 4.396081924 5.494379044 0.256148130 0.001516568 -0.105581068 0.960852981
1403636687663555584.000000 1.024355888 4.385050297 5.474787712 0.256960392 0.001368756 -0.104797974 0.960722089
1403636687713555456.000000 1.006261110 4.374790192 5.455761433 0.257883698 0.002569338 -0.103323840 0.960631907
1403636687763555584.000000 0.986235559 4.365031242 5.437408924 0.258396626 0.001917364 -0.102973796 0.960533142
1403636687813555456.000000 0.965264797 4.355782986 5.419636726 0.258311421 0.001889657 -0.103840381 0.960462868
1403636687863555584.000000 0.944691122 4.347196579 5.400588989 0.258427650 0.001568440 -0.103963867 0.960418820
1403636687913555456.000000 0.921379864 4.338892937 5.383729935 0.258050054 0.001515598 -0.105407037 0.960363150
1403636687963555584.000000 0.897127926 4.331314564 5.367823601 0.257285446 0.001779175 -0.108027048 0.960276723
1403636688013555456.000000 0.872135878 4.323776722 5.351941109 0.256636709 0.002526789 -0.109832227 0.960243821
1403636688063555584.000000 0.846997559 4.316330910 5.336150169 0.255537987 0.003256504 -0.113721617 0.960081875
1403636688113555456.000000 0.822620749 4.309229851 5.319549084 -0.254505962 -0.003774112 0.116370603 -0.960036695
1403636688163555584.000000 0.799627602 4.301883221 5.301967144 -0.254288077 -0.003505239 0.117370769 -0.959973693
1403636688213555456.000000 0.778448939 4.295612812 5.283871174 0.254190117 0.003157401 -0.117297605 0.960009754
1403636688263555584.000000 0.758584201 4.287419319 5.264426708 0.254823983 0.003619588 -0.115944184 0.960004508
1403636688313555456.000000 0.739861488 4.278818130 5.244388580 -0.255727917 -0.002078636 0.113646545 -0.960043490
1403636688363555584.000000 0.721401751 4.270571709 5.224162579 0.256669849 0.001192156 -0.111475378 0.960048139
1403636688413555456.000000 0.702568769 4.262228012 5.203914165 0.256860614 -0.000405754 -0.111190312 0.960030854
1403636688463555584.000000 0.683359325 4.254257202 5.184005260 -0.255950034 -0.000258415 0.112932168 -0.960070789
1403636688513555456.000000 0.663078070 4.246367455 5.164258957 -0.255106539 -0.000235998 0.115632020 -0.959973931
1403636688563555584.000000 0.642024457 4.238593102 5.144962311 -0.253281832 -0.000860329 0.120119505 -0.959905684
1403636688613555456.000000 0.619963586 4.233175278 5.128490925 0.251838148 0.001068632 -0.124919064 0.959672749
1403636688663555584.000000 0.596975148 4.224549294 5.109821320 0.251152098 0.001661398 -0.127876431 0.959462166
1403636688713555456.000000 0.572622001 4.214941978 5.090789795 -0.251102358 -0.002089593 0.129496947 -0.959256947
1403636688763555584.000000 0.547704875 4.204991341 5.071793556 -0.251404077 -0.001686383 0.131093472 -0.958961785
1403636688813555456.000000 0.523510575 4.194033623 5.052331448 -0.252935708 -0.000989637 0.129678309 -0.958752453
1403636688863555584.000000 0.500757456 4.181979656 5.032246113 -0.254770100 0.000285967 0.130906180 -0.958100140
1403636688913555456.000000 0.481157303 4.170337677 5.014298916 0.258552372 -0.002567071 -0.130542740 0.957132578
1403636688963555584.000000 0.461789429 4.156392574 4.992598057 0.262259990 -0.005046856 -0.129629686 0.956237614
1403636689013555456.000000 0.444330603 4.141693592 4.970164776 0.265906036 -0.007169762 -0.128643677 0.955349922
1403636689063555584.000000 0.428961873 4.126493454 4.946796894 -0.269927740 0.009218473 0.127363339 -0.954375565
1403636689113555456.000000 0.415268600 4.110534668 4.923616409 -0.273892134 0.011519671 0.125803143 -0.953427494
1403636689163555584.000000 0.403163880 4.092264652 4.905546188 0.277497679 -0.014210122 -0.124903053 0.952466488
1403636689213555456.000000 0.393473327 4.075942993 4.881519318 0.280317515 -0.016070088 -0.125468552 0.951536417
1403636689263555584.000000 0.385630310 4.059620857 4.857276440 0.283129871 -0.017433358 -0.125083640 0.950730085
1403636689313555456.000000 0.380385578 4.043189526 4.832264423 -0.285395622 0.019176282 0.125547901 -0.949957609
1403636689363555584.000000 0.377533346 4.026237011 4.808437347 -0.287296504 0.019186590 0.125827834 -0.949347138
1403636689413555456.000000 0.376840174 4.008805275 4.784987450 -0.288893163 0.019086709 0.126843423 -0.948729277
1403636689463555584.000000 0.377195001 3.987157345 4.771645546 0.290477812 -0.018946005 -0.126458183 0.948299646
1403636689513555456.000000 0.380436182 3.969866037 4.747827530 0.291496783 -0.019877827 -0.126784027 0.947924256
1403636689563555584.000000 0.384856641 3.952390671 4.723912716 -0.292564183 0.021837661 0.126501709 -0.947589934
1403636689613555456.000000 0.391471386 3.936061859 4.699380398 -0.293111473 0.024538377 0.126220837 -0.947392166
1403636689663555584.000000 0.397671580 3.919370174 4.675927162 -0.293939590 0.028244907 0.124359086 -0.947278559
1403636689713555456.000000 0.401516199 3.900263071 4.657694817 0.294756353 -0.032781489 -0.121653005 0.947230041
1403636689763555584.000000 0.405780554 3.883290529 4.638083935 0.295460105 -0.038636662 -0.117590703 0.947302997
1403636689813555456.000000 0.409543872 3.866044044 4.620671272 -0.296176910 0.041999374 0.114078626 -0.947365522
1403636689863555584.000000 0.413520515 3.848800421 4.605421543 -0.296844780 0.042487111 0.110225894 -0.947590828
1403636689913555456.000000 0.417416483 3.831646442 4.592471123 0.298661381 -0.042492602 -0.103383236 0.947790980
1403636689963555584.000000 0.422589719 3.811009884 4.589317799 0.299102217 -0.041251905 -0.099067949 0.948167562
1403636690013555456.000000 0.426581055 3.795142651 4.581758022 0.298629791 -0.039686959 -0.098090552 0.948484838
1403636690063555584.000000 0.430217624 3.780145407 4.576921463 0.297449380 -0.038566452 -0.099221490 0.948784351
1403636690113555456.000000 0.432797730 3.764885426 4.574225426 0.295018762 -0.038752768 -0.104272321 0.948993921
1403636690163555584.000000 0.436130434 3.750960112 4.573647022 -0.292175978 0.037736233 0.110171132 -0.949247956
1403636690213555456.000000 0.442146003 3.736753941 4.576319695 0.289887041 -0.037207529 -0.114956386 0.949403107
1403636690263555584.000000 0.449508607 3.722349644 4.578584194 0.288712680 -0.036204323 -0.116959155 0.949555039
1403636690313555456.000000 0.458787739 3.707774639 4.582200050 0.287597895 -0.034862466 -0.119473703 0.949630499
1403636690363555584.000000 0.469069153 3.691866398 4.588076591 -0.286474079 0.033815615 0.121004105 -0.949814320
1403636690413555456.000000 0.480807573 3.676299572 4.594043255 -0.285961360 0.033179212 0.121670730 -0.949906111
1403636690463555584.000000 0.494446039 3.662169695 4.597155094 0.286390007 -0.032317549 -0.120246232 0.949988067
1403636690513555456.000000 0.506074071 3.646149158 4.605482101 0.287776172 -0.031552680 -0.116001047 0.950122654
1403636690563555584.000000 0.517000377 3.630233288 4.615143776 0.289005548 -0.030950256 -0.112356968 0.950207233
1403636690613555456.000000 0.528208613 3.617254257 4.623044491 0.291167915 -0.032640550 -0.105869651 0.950235486
1403636690663555584.000000 0.537112415 3.602047443 4.636247635 0.293008864 -0.032576501 -0.100232013 0.950283229
1403636690713555456.000000 0.544513047 3.587399483 4.651369572 0.296321630 -0.031531859 -0.090991154 0.950221002
1403636690763555584.000000 0.547304392 3.575294018 4.666735172 0.299826980 -0.030968044 -0.080294847 0.950103939
1403636690813555456.000000 0.548281252 3.563885927 4.686815262 0.302653998 -0.029499765 -0.072141074 0.949908435
1403636690863555584.000000 0.547210157 3.554796219 4.709320068 0.305001765 -0.025569240 -0.065729260 0.949736774
1403636690913555456.000000 0.546885133 3.548497677 4.733362675 0.307012647 -0.019905012 -0.060637601 0.949563205
1403636690963555584.000000 0.546378136 3.544617653 4.758850574 0.309362203 -0.012360819 -0.054617494 0.949294090
1403636691013555456.000000 0.548448443 3.543793201 4.785448551 0.311417937 -0.003162008 -0.049813148 0.948961318
1403636691063555584.000000 0.552150130 3.546566486 4.812508583 0.313012391 0.005528352 -0.047000166 0.948569298
1403636691113555456.000000 0.558726847 3.554085970 4.838529587 0.313883126 0.011505279 -0.047163814 0.948219776
1403636691163555584.000000 0.568245351 3.566263199 4.863152981 0.313580304 0.019747986 -0.050186630 0.948028922
1403636691213555456.000000 0.576822877 3.582637548 4.884379387 0.311842859 0.027283898 -0.058021996 0.947967887
1403636691263555584.000000 0.589790285 3.602964878 4.906439304 0.308775067 0.034386411 -0.069087639 0.947999239
1403636691313555456.000000 0.602458417 3.626988411 4.925868511 0.305740535 0.038393315 -0.080025725 0.947968721
1403636691363555584.000000 0.616585672 3.653739452 4.943441868 0.303371072 0.038966496 -0.089384586 0.947870314
1403636691413555456.000000 0.630732536 3.682071209 4.959554672 0.302497953 0.032781944 -0.095800579 0.947756648
1403636691463555584.000000 0.644822538 3.713010550 4.971121311 0.301846504 0.024191016 -0.101010144 0.947681665
1403636691513555456.000000 0.662707508 3.743735790 4.983469009 0.302311957 0.015674524 -0.103294104 0.947466195
1403636691563555584.000000 0.683248699 3.775168180 4.994191647 0.302896947 0.010595197 -0.105098665 0.947151303
1403636691613555456.000000 0.706040382 3.807134628 5.003747463 0.303013295 0.006158015 -0.108441055 0.946776390
1403636691663555584.000000 0.730674863 3.839683533 5.013795853 0.301428467 0.004444133 -0.114964657 0.946522236
1403636691713555456.000000 0.750946999 3.877263546 5.018113136 0.299428314 0.002675016 -0.122333787 0.946239948
1403636691763555584.000000 0.773574769 3.910399437 5.026876926 0.297985137 0.003201145 -0.127876520 0.945960999
1403636691813555456.000000 0.794476032 3.943757534 5.035004139 0.297811508 0.002308039 -0.129437819 0.945805907
1403636691863555584.000000 0.812798202 3.976786137 5.043262005 0.298415124 0.000883555 -0.128533706 0.945741415
1403636691913555456.000000 0.829084158 4.009852886 5.051540375 0.299317509 0.000413908 -0.125925064 0.945807517
1403636691963555584.000000 0.844620228 4.042793274 5.059888363 0.300909072 0.003751901 -0.122023374 0.945806563
1403636692013555456.000000 0.856139183 4.080155373 5.065973282 0.302284062 0.007639490 -0.118382968 0.945807397
1403636692063555584.000000 0.869204283 4.113591194 5.073926926 0.302934259 0.007560420 -0.116171062 0.945874214
1403636692113555456.000000 0.882648945 4.147895336 5.080526352 0.301985443 0.007252633 -0.117842168 0.945973277
1403636692163555584.000000 0.897546709 4.181846619 5.087016106 0.299622715 0.008345482 -0.122937493 0.946067095
1403636692213555456.000000 0.913436592 4.215550423 5.092404366 0.298207521 0.007551034 -0.126059115 0.946110189
1403636692263555584.000000 0.929994702 4.249196053 5.096322060 0.297200978 0.006330143 -0.127495751 0.946243346
1403636692313555456.000000 0.948856890 4.282674313 5.098101139 0.297007143 0.005137248 -0.126804888 0.946404219
1403636692363555584.000000 0.968894124 4.316613197 5.097775459 0.297495753 0.003580678 -0.124287471 0.946591854
1403636692413555456.000000 0.990115881 4.350399017 5.097032547 0.296652377 0.002110230 -0.124691539 0.946807742
1403636692463555584.000000 1.013431191 4.383516788 5.095462799 0.295207471 0.001849906 -0.127275527 0.946916163
1403636692513555456.000000 1.048297167 4.417599201 5.092405796 0.293119580 0.002639990 -0.131424591 0.946996093
1403636692563555584.000000 1.074427605 4.449903488 5.089137554 0.292435527 0.002883913 -0.131613165 0.947180629
1403636692613555456.000000 1.099724770 4.480911255 5.084907532 0.292385757 0.002153879 -0.130396441 0.947366238
1403636692663555584.000000 1.126883507 4.512023926 5.079561234 0.291884214 0.001854199 -0.129340842 0.947666168
1403636692713555456.000000 1.153412104 4.543015003 5.074230671 0.290016711 0.000221499 -0.132233620 0.947842121
1403636692763555584.000000 1.178823948 4.573899746 5.069014072 0.286356181 -0.001145295 -0.140108392 0.947823048
1403636692813555456.000000 1.202930689 4.603938580 5.063903332 -0.281990975 0.002594098 0.149500400 -0.947694123
1403636692863555584.000000 1.225959301 4.632439137 5.058875561 -0.279020458 0.003262705 0.156281784 -0.947477221
1403636692913555456.000000 1.259280801 4.658992767 5.050156116 0.276967525 -0.004732938 -0.161713883 0.947161674
1403636692963555584.000000 1.280465364 4.683130741 5.044415474 0.276815236 -0.006085026 -0.161933422 0.947161019
1403636693013555456.000000 1.300389767 4.704794407 5.038586617 0.278130978 -0.008342894 -0.158776939 0.947292745
1403636693063555584.000000 1.317192316 4.724501133 5.032467365 -0.279616177 0.008317422 0.154746726 -0.947522581
1403636693113555456.000000 1.334152222 4.742418766 5.026637554 -0.281475097 0.007015532 0.150859058 -0.947609723
1403636693163555584.000000 1.349128008 4.758974075 5.021069050 -0.283376813 0.006642119 0.146831423 -0.947678208
1403636693213555456.000000 1.362144947 4.774505615 5.016057491 -0.284278721 0.008778529 0.145264521 -0.947632253
1403636693263555584.000000 1.373631835 4.789134026 5.011589050 -0.285274833 0.012887679 0.143269584 -0.947589636
1403636693313555456.000000 1.383687615 4.802839279 5.007580280 -0.286469430 0.018272620 0.140726656 -0.947521746
1403636693363555584.000000 1.393112063 4.815687656 5.004204273 -0.287541837 0.023076629 0.138679683 -0.947393894
1403636693413555456.000000 1.409277320 4.831673622 4.999598026 0.288842082 -0.027997857 -0.136996284 0.947110593
1403636693463555584.000000 1.417652249 4.842753410 4.998036861 0.289656550 -0.032934446 -0.136242017 0.946811795
1403636693513555456.000000 1.424680948 4.853136063 4.997437477 -0.289724112 0.039610427 0.135171950 -0.946688712
1403636693563555584.000000 1.431659579 4.862547874 4.998591900 -0.289560556 0.046213090 0.135726631 -0.946360052
1403636693613555456.000000 1.438820362 4.870854855 5.001406670 -0.289417893 0.050753433 0.136907205 -0.946000993
1403636693663555584.000000 1.446289182 4.877882004 5.006138802 -0.289321601 0.053453665 0.137427762 -0.945806205
1403636693713555456.000000 1.454406023 4.883373260 5.012638569 -0.289962381 0.052349810 0.136807352 -0.945761621
1403636693763555584.000000 1.463049054 4.887410641 5.021010876 -0.291080356 0.046723098 0.135984316 -0.945831656
1403636693813555456.000000 1.471359491 4.890412331 5.031055927 -0.291666955 0.040993962 0.135550767 -0.945978820
1403636693863555584.000000 1.479917049 4.892270088 5.042742729 -0.292842805 0.033982538 0.133942381 -0.946122527
1403636693913555456.000000 1.487254739 4.891762257 5.055360794 0.294651359 -0.026030844 -0.130678177 0.946269691
1403636693963555584.000000 1.494497418 4.892021179 5.069067955 -0.295459986 0.018049950 0.129821241 -0.946321368
1403636694013555456.000000 1.501518607 4.891799450 5.083488464 -0.297306895 0.010344946 0.126849413 -0.946261525
1403636694063555584.000000 1.507876873 4.891295433 5.099436760 0.298071444 -0.004210895 -0.125531495 0.946243942
1403636694113555456.000000 1.513097167 4.891286850 5.114378929 0.298883647 -0.001429505 -0.124775678 0.946096003
1403636694163555584.000000 1.519029021 4.891424179 5.128641129 0.299401343 0.001534253 -0.124262370 0.945999682
1403636694213555456.000000 1.526237845 4.891951561 5.141730785 0.299765766 0.003188031 -0.123858191 0.945933163
1403636694263555584.000000 1.533790708 4.892661572 5.154020309 0.299764663 0.002922478 -0.124947421 0.945791125
1403636694313555456.000000 1.542948723 4.893162727 5.165603161 0.299902886 0.001131932 -0.125599653 0.945664763
1403636694363555584.000000 1.552853942 4.893909454 5.175861359 0.299996555 -0.001893317 -0.124968179 0.945717454
1403636694413555456.000000 1.561655521 4.894461632 5.178979874 0.299719274 -0.005086915 -0.126095742 0.945643902
1403636694463555584.000000 1.571317315 4.895599842 5.188918591 0.299139142 -0.007288813 -0.126692951 0.945733368
1403636694513555456.000000 1.580210924 4.896788120 5.198754311 0.298371047 -0.008559569 -0.128091097 0.945777059
1403636694563555584.000000 1.587232709 4.897533894 5.210309029 0.298314363 -0.009627788 -0.128379866 0.945745468
1403636694613555456.000000 1.593270898 4.898454189 5.221697330 0.297822416 -0.010288846 -0.128671542 0.945853949
1403636694663555584.000000 1.597809315 4.899117470 5.233726978 0.297263145 -0.010325742 -0.129246667 0.945951045
1403636694713555456.000000 1.601271510 4.899622440 5.246007919 0.296955466 -0.008900446 -0.129458785 0.946033120
1403636694763555584.000000 1.603400588 4.899949074 5.258090019 0.297524422 -0.007205826 -0.126647204 0.946249306
1403636694813555456.000000 1.604305983 4.900379181 5.270356178 0.297082871 -0.005342473 -0.125805452 0.946512699
1403636694863555584.000000 1.603139043 4.901005745 5.282745838 0.298952043 -0.007281889 -0.119798064 0.946690619
1403636694913555456.000000 1.602817774 4.900263309 5.292398453 0.299746901 -0.008933330 -0.114923522 0.947029412
1403636694963555584.000000 1.600475788 4.901592255 5.305397034 0.300726980 -0.010848733 -0.110282637 0.947250426
1403636695013555456.000000 1.597842336 4.903955460 5.318833351 0.300921321 -0.012174984 -0.108324036 0.947398603
1403636695063555584.000000 1.595474362 4.907005787 5.333263397 0.299529493 -0.012950658 -0.110378176 0.947592258
1403636695113555456.000000 1.595146298 4.910935402 5.346595764 0.297765285 -0.011689902 -0.113171905 0.947835088
1403636695163555584.000000 1.596406698 4.915222645 5.359527111 0.296330571 -0.011474730 -0.114629075 0.948112249
1403636695213555456.000000 1.600043654 4.919591904 5.372319221 0.294297636 -0.010176165 -0.117320202 0.948431015
1403636695263555584.000000 1.605496764 4.924219131 5.384389400 0.292589664 -0.008458679 -0.119740404 0.948673785
1403636695313555456.000000 1.612751365 4.929090977 5.395743847 0.291116416 -0.007193691 -0.121313564 0.948937595
1403636695363555584.000000 1.621407628 4.933714867 5.406363487 0.289683580 -0.006156398 -0.122505218 0.949230194
1403636695413555456.000000 1.632615805 4.934310436 5.420896530 0.288918614 -0.005737652 -0.122773446 0.949431300
1403636695463555584.000000 1.643116236 4.938661575 5.430259705 0.288041830 -0.004687987 -0.123501770 0.949608982
1403636695513555456.000000 1.653172970 4.943576813 5.438596249 0.286629587 -0.003461325 -0.125732601 0.949748874
1403636695563555584.000000 1.662411809 4.947846889 5.447239876 0.285782754 -0.002045972 -0.126570687 0.949896872
1403636695613555456.000000 1.670087814 4.952209949 5.455847740 0.284503877 -0.000880618 -0.128359452 0.950042486
1403636695663555584.000000 1.676241398 4.956409454 5.464421272 0.282979250 0.000452949 -0.130784482 0.950167358
1403636695713555456.000000 1.680865884 4.960081100 5.472991943 0.282432526 0.001072184 -0.130978286 0.950302899
1403636695763555584.000000 1.683771729 4.963537693 5.481317043 0.282795548 -0.000493258 -0.127973974 0.950604618
1403636695813555456.000000 1.687057495 4.962742805 5.500485420 0.282608360 -0.000984321 -0.127608761 0.950709045
1403636695863555584.000000 1.687745690 4.965996742 5.508962631 0.282616407 -0.001215694 -0.126529589 0.950850606
1403636695913555456.000000 1.687040210 4.969441414 5.516768456 0.281978965 -0.002235519 -0.126639426 0.951023340
1403636695963555584.000000 1.685047507 4.972576141 5.524746895 0.282008499 -0.004635215 -0.125656366 0.951136291
1403636696013555456.000000 1.682077646 4.975596905 5.532788754 0.281829238 -0.007332497 -0.124393992 0.951338351
1403636696063555584.000000 1.678287268 4.978417397 5.541115284 -0.280910790 0.010759776 0.125240296 -0.951466382
1403636696113555456.000000 1.674244165 4.980846882 5.549910545 -0.279160291 0.013846703 0.127911702 -0.951586306
1403636696163555584.000000 1.670159578 4.982725143 5.558942318 -0.277375460 0.014566530 0.131384134 -0.951624393
1403636696213555456.000000 1.665349364 4.984181404 5.568241596 -0.276050359 0.015480892 0.133740604 -0.951667011
1403636696263555584.000000 1.660509348 4.984515190 5.577588558 -0.275410593 0.012302007 0.134851381 -0.951741993
1403636696313555456.000000 1.656442404 4.978783607 5.600353241 0.275954932 -0.008916968 -0.133149967 0.951861560
1403636696363555584.000000 1.652053952 4.977408886 5.610195160 -0.276718080 0.001253453 0.130318820 -0.952072799
1403636696413555456.000000 1.648136377 4.976139069 5.617091179 0.278394103 0.006323187 -0.125497967 0.952211618
1403636696463555584.000000 1.644448042 4.974547386 5.624042988 0.280022532 0.010316515 -0.120321788 0.952367425
1403636696513555456.000000 1.641925097 4.973270416 5.629669666 0.279875278 0.011834872 -0.119415447 0.952507138
1403636696563555584.000000 1.640084028 4.972435474 5.633503914 0.279739052 0.010412968 -0.118065745 0.952731967
1403636696613555456.000000 1.639027715 4.972325325 5.635108948 0.279641777 0.009520832 -0.118011102 0.952776611
1403636696663555584.000000 1.638714790 4.972688675 5.635667801 0.279661983 0.007379962 -0.116706856 0.952950358
1403636696713555456.000000 1.639356852 4.973301888 5.635559082 0.279695630 0.006778259 -0.116469383 0.952973902
1403636696763555584.000000 1.639270306 4.974328518 5.635729313 0.279544383 0.004888968 -0.116526864 0.953022897
1403636696813555456.000000 1.637472153 4.968930244 5.649476051 0.278753579 0.005235547 -0.117638260 0.953116119
1403636696863555584.000000 1.635067463 4.970215321 5.650210857 0.278455198 0.004339235 -0.118623421 0.953085780
1403636696913555456.000000 1.631720185 4.971260548 5.651191711 0.277669609 0.004587063 -0.120499887 0.953078389
1403636696963555584.000000 1.624908090 4.975020409 5.648557663 0.275429338 0.006476868 -0.126693875 0.952914178
1403636697013555456.000000 1.619188309 4.976631641 5.647909641 0.272873163 0.008368399 -0.133419707 0.952716827
1403636697063555584.000000 1.613548636 4.977598190 5.646478176 -0.270557135 -0.010389403 0.139490157 -0.952488005
1403636697113555456.000000 1.608823180 4.977751732 5.643709183 -0.267627507 -0.011919998 0.146617949 -0.952227175
1403636697163555584.000000 1.605463147 4.976744652 5.638960838 -0.265453875 -0.013586184 0.151717082 -0.952014565
1403636697213555456.000000 1.604265928 4.973425865 5.632165909 -0.264295220 -0.015253560 0.154539883 -0.951857507
1403636697263555584.000000 1.603786707 4.968428135 5.623117924 -0.263461828 -0.016095236 0.155348927 -0.951943040
1403636697313555456.000000 1.606738687 4.962153435 5.611429214 0.264183372 0.012728479 -0.153081104 0.952161431
1403636697363555584.000000 1.608512759 4.953503132 5.598465443 0.265808314 0.008945003 -0.147332802 0.952658892
1403636697413555456.000000 1.610873699 4.943147659 5.583403587 -0.267919391 -0.004415579 0.141475633 -0.952987134
1403636697463555584.000000 1.615129709 4.931676388 5.567273140 -0.269697905 0.000090130 0.136801511 -0.953178048
1403636697513555456.000000 1.622460127 4.919384003 5.546477318 -0.270270735 0.003908075 0.133380756 -0.953492582
1403636697563555584.000000 1.630748868 4.906483173 5.528406143 -0.268830359 0.005718679 0.131124660 -0.954203248
1403636697613555456.000000 1.639314532 4.893491268 5.510355949 -0.265099525 0.005573994 0.130188882 -0.955375433
1403636697663555584.000000 1.644692421 4.878562450 5.497275829 -0.258967578 0.004664293 0.128880352 -0.957237720
1403636697713555456.000000 1.651284456 4.867721081 5.479383945 -0.251150668 0.004807968 0.125588581 -0.959753990
1403636697763555584.000000 1.655107498 4.855207443 5.462618828 -0.240984842 0.005801949 0.123136550 -0.962668240
1403636697813555456.000000 1.655555248 4.852713108 5.438941002 0.231019646 -0.005436335 -0.119346000 0.965586305
1403636697863555584.000000 1.656492472 4.839679718 5.422516823 0.221538469 -0.005023400 -0.115359701 0.968291104
1403636697913555456.000000 1.655868053 4.825919628 5.405794621 0.212767363 -0.005204869 -0.111433253 0.970713973
1403636697963555584.000000 1.655635953 4.808763504 5.391706467 -0.205162793 0.005199961 0.107125707 -0.972833633
1403636698013555456.000000 1.652908206 4.792830944 5.376716614 -0.198613510 0.005749041 0.103827782 -0.974545777
1403636698063555584.000000 1.649237990 4.776346684 5.362047672 -0.193078950 0.004861990 0.101394542 -0.975918055
1403636698113555456.000000 1.644113660 4.759238243 5.347585678 -0.188596606 0.005449583 0.098512344 -0.977086008
1403636698163555584.000000 1.631621122 4.745799541 5.323745251 0.185126886 -0.005325338 -0.095750861 0.978024304
1403636698213555456.000000 1.624194145 4.728302956 5.310464382 0.181428790 -0.004793501 -0.093656644 0.978922367
1403636698263555584.000000 1.615221858 4.710997105 5.297287941 0.176591739 -0.005024306 -0.091095038 0.980046868
1403636698313555456.000000 1.605677009 4.693680286 5.284471035 -0.169967487 0.004916782 0.089796789 -0.981337547
1403636698363555584.000000 1.595445752 4.676328182 5.272269249 -0.162459835 0.004094837 0.087461822 -0.982822776
1403636698413555456.000000 1.584253073 4.658973694 5.260364532 -0.153739095 0.004652988 0.084948950 -0.984442174
1403636698463555584.000000 1.572128057 4.641749859 5.248941422 -0.144526511 0.005671376 0.081512310 -0.986121595
1403636698513555456.000000 1.559300184 4.624232292 5.237733841 -0.134234458 0.005949487 0.079109624 -0.987768888
1403636698563555584.000000 1.540202498 4.606284618 5.216184139 0.123355784 -0.005686513 -0.075243138 0.989489496
1403636698613555456.000000 1.526037216 4.588431835 5.205879211 0.112066276 -0.005833938 -0.070813105 0.991157234
1403636698663555584.000000 1.510700583 4.570313454 5.195739746 0.100446373 -0.006493325 -0.065182589 0.992783785
1403636698713555456.000000 1.495578289 4.552361012 5.186774254 -0.088166758 0.006618396 0.059798159 -0.994287193
1403636698763555584.000000 1.479072690 4.533927917 5.178232193 -0.075260825 0.007007057 0.054158628 -0.995667458
1403636698813555456.000000 1.461730838 4.515308857 5.170386314 -0.061785650 0.007451887 0.048535939 -0.996880770
1403636698863555584.000000 1.443646789 4.496308327 5.162990570 -0.048614033 0.007687218 0.041117080 -0.997941434
1403636698913555456.000000 1.423815489 4.475662708 5.146496296 0.034698378 -0.006897353 -0.035657626 0.998737693
1403636698963555584.000000 1.407969236 4.456131458 5.138960838 0.021436289 -0.007166054 -0.028826481 0.999328852
1403636699013555456.000000 1.393516064 4.436277390 5.130912304 0.008645643 -0.006726372 -0.022523465 0.999686360
1403636699063555584.000000 1.380957723 4.416215897 5.122813702 -0.004139419 -0.006240871 -0.015778376 0.999847531
1403636699113555456.000000 1.370035291 4.395863533 5.114070415 -0.017102821 -0.005063731 -0.008764244 0.999802530
1403636699163555584.000000 1.361011147 4.377085686 5.105347633 0.029194156 0.003893508 -0.001071610 -0.999565661
1403636699213555456.000000 1.353306174 4.357956409 5.095552444 0.042331636 0.003919308 -0.008945522 -0.999055862
1403636699263555584.000000 1.347116351 4.339494228 5.085500717 0.055892866 0.003658379 -0.017736379 -0.998272538
1403636699313555456.000000 1.342407107 4.321724415 5.075720787 0.069141403 0.004724740 -0.027202928 -0.997224748
1403636699363555584.000000 1.339955091 4.305044174 5.066431522 0.082535192 0.004956142 -0.034654122 -0.995973170
1403636699413555456.000000 1.339405417 4.289519310 5.048246861 -0.095458455 -0.005394986 0.043189481 0.994481444
1403636699463555584.000000 1.338671088 4.275230408 5.038742542 -0.107897684 -0.005830302 0.050234150 0.992874920
1403636699513555456.000000 1.337745309 4.261930943 5.029695988 -0.120568104 -0.005760952 0.055840515 0.991116524
1403636699563555584.000000 1.336312175 4.249496937 5.021445274 0.132641613 0.005528349 -0.062318105 -0.989187658
1403636699613555456.000000 1.333421826 4.238900661 5.013951302 0.144289583 0.004992625 -0.068728454 -0.987133324
1403636699663555584.000000 1.329427242 4.230000973 5.007078648 0.156194270 0.004115852 -0.075147569 -0.984854996
1403636699713555456.000000 1.324773908 4.222960472 5.000673294 0.168547034 0.002635149 -0.079617962 -0.982469320
1403636699763555584.000000 1.319237351 4.217539310 4.994553566 0.180552438 0.002011154 -0.080336399 -0.980277002
1403636699813555456.000000 1.312679291 4.213551521 4.988613605 0.191630349 0.000823076 -0.079159856 -0.978269339
1403636699863555584.000000 1.305663228 4.210505009 4.982811451 0.200509623 -0.001357476 -0.078119539 -0.976571321
1403636699913555456.000000 1.298251510 4.211693764 4.978433132 -0.207094595 0.003658650 0.077895254 0.975208104
1403636699963555584.000000 1.289921045 4.210193634 4.972760677 -0.211604103 0.005930489 0.079215094 0.974121928
1403636700013555456.000000 1.280781627 4.209094524 4.967612267 -0.214908823 0.006707739 0.080692388 0.973271787
1403636700063555584.000000 1.271320701 4.207643509 4.963121891 0.217261136 -0.007223495 -0.081399783 -0.972686768
1403636700113555456.000000 1.260317326 4.207131863 4.957746506 0.218123600 -0.008119348 -0.082910806 -0.972359002
1403636700163555584.000000 1.248419523 4.207696438 4.952444077 0.219543934 -0.008666736 -0.082866557 -0.972038329
1403636700213555456.000000 1.235778689 4.209034920 4.947735786 0.219836980 -0.008937805 -0.083184138 -0.971942544
1403636700263555584.000000 1.221862316 4.211176872 4.942807198 0.220367134 -0.008709867 -0.084053159 -0.971749723
1403636700313555456.000000 1.206106186 4.214448452 4.938181877 0.221979365 -0.007289133 -0.085993133 -0.971224606
1403636700363555584.000000 1.188722372 4.218982220 4.934145451 0.224098891 -0.006037402 -0.089692302 -0.970411539
1403636700413555456.000000 1.170006037 4.227110863 4.938272476 -0.227757186 0.005622921 0.093099996 0.969240665
1403636700463555584.000000 1.150388598 4.234348297 4.934737206 -0.233094484 0.007095558 0.093619302 0.967911184
1403636700513555456.000000 1.129959345 4.242974281 4.931674480 -0.237768188 0.009676637 0.093432188 0.966769457
1403636700563555584.000000 1.107432961 4.251093388 4.927558899 0.243216485 -0.011951565 -0.091933005 -0.965531647
1403636700613555456.000000 1.085475326 4.260959625 4.923505783 0.249562666 -0.014827562 -0.090734966 -0.963984311
1403636700663555584.000000 1.062574148 4.271717548 4.919025421 0.257263869 -0.016139710 -0.089262150 -0.962074399
1403636700713555456.000000 1.039506674 4.282852173 4.914312363 0.264175534 -0.017511075 -0.089777321 -0.960127413
1403636700763555584.000000 1.017920613 4.293870449 4.908791065 0.270110935 -0.018559968 -0.089538552 -0.958477199
1403636700813555456.000000 0.997718573 4.304842472 4.902491093 0.274950892 -0.017941749 -0.089779951 -0.957089186
1403636700863555584.000000 0.977993488 4.320644855 4.896471977 -0.277983010 0.015580396 0.091071352 0.956132174
1403636700913555456.000000 0.961528301 4.331544876 4.888842583 -0.280741543 0.013036761 0.092073582 0.955267966
1403636700963555584.000000 0.946905196 4.342147350 4.880717754 -0.282613575 0.009375336 0.093123972 0.954656839
1403636701013555456.000000 0.932849407 4.352335930 4.871510506 0.283543885 -0.006399972 -0.094496854 -0.954270601
1403636701063555584.000000 0.921223164 4.362840652 4.862107754 0.283747733 -0.001519446 -0.095600389 -0.954120338
1403636701113555456.000000 0.911699533 4.373452663 4.852217674 0.283272207 0.003377005 -0.097126685 -0.954102755
1403636701163555584.000000 0.905230045 4.384617805 4.842419624 0.282968521 0.005722037 -0.096147701 -0.954280794
1403636701213555456.000000 0.901424646 4.396479607 4.832691193 0.282048523 0.008582174 -0.095825717 -0.954564035
1403636701263555584.000000 0.898930728 4.407965660 4.824302673 -0.280962855 -0.009096128 0.095513739 0.954910636
1403636701313555456.000000 0.899457455 4.420506477 4.814751625 -0.279759824 -0.010672608 0.094706878 0.955327749
1403636701363555584.000000 0.901510119 4.433323383 4.805639267 -0.278468400 -0.009899705 0.094611213 0.955722809
1403636701413555456.000000 0.904628038 4.446323395 4.795748234 0.277572930 0.008478764 -0.092453919 -0.956208050
1403636701463555584.000000 0.908317864 4.460010052 4.787522316 0.276133597 0.005717475 -0.090718038 -0.956811309
1403636701513555456.000000 0.912594676 4.474147320 4.779809475 0.275253773 0.001441037 -0.088241309 -0.957312286
1403636701563555584.000000 0.916781306 4.488430977 4.772559166 0.273948640 -0.002575454 -0.086131640 -0.957876205
1403636701613555456.000000 0.920576274 4.502949238 4.765858650 0.272541821 -0.004964447 -0.084350452 -0.958426535
1403636701663555584.000000 0.925705314 4.516115665 4.757785797 0.271510124 -0.006848346 -0.081887700 -0.958921194
1403636701713555456.000000 0.928680182 4.530738354 4.751915455 0.271278381 -0.008628175 -0.081610166 -0.958996058
1403636701763555584.000000 0.923071146 4.545648575 4.753522873 -0.272323191 0.009742017 0.082453035 0.958617091
1403636701813555456.000000 0.923314691 4.560439110 4.748370171 -0.275005758 0.009401948 0.084874116 0.957642913
1403636701863555584.000000 0.921902955 4.576049805 4.743516922 -0.280223489 0.008959930 0.086321928 0.956003726
1403636701913555456.000000 0.918172479 4.591370106 4.737179279 0.285710335 -0.008528396 -0.090535186 -0.953991830
1403636701963555584.000000 0.913887858 4.606945515 4.732208729 0.292755455 -0.009060526 -0.093743667 -0.951537907
1403636702013555456.000000 0.908349335 4.622508049 4.727448463 0.300671667 -0.009054880 -0.097789146 -0.948657930
1403636702063555584.000000 0.897216797 4.635330677 4.728097439 -0.309747010 0.009976271 0.102055892 0.945273459
1403636702113555456.000000 0.888967991 4.651069641 4.723449707 -0.319582462 0.011242317 0.106693096 0.941465557
1403636702163555584.000000 0.879441381 4.667104244 4.719058514 -0.330222189 0.012646088 0.110773727 0.937295377
1403636702213555456.000000 0.868816674 4.683371067 4.715284348 -0.339809388 0.012739032 0.114649899 0.933393121
1403636702263555584.000000 0.857270420 4.699076176 4.711634636 0.347973615 -0.011842607 -0.117912710 -0.929984331
1403636702313555456.000000 0.844218910 4.715059757 4.708413601 0.355079383 -0.009277490 -0.120597795 -0.926978350
1403636702363555584.000000 0.823713303 4.728534698 4.710504532 -0.361240596 0.007027319 0.122169577 0.924408197
1403636702413555456.000000 0.809098125 4.744867325 4.708592415 -0.367004246 0.004465694 0.121894211 0.922187507
1403636702463555584.000000 0.793548882 4.761425018 4.707610130 -0.371646881 0.001460197 0.122977659 0.920191824
1403636702513555456.000000 0.776997805 4.777679443 4.708867073 0.375832349 0.000279653 -0.122529954 -0.918551266
1403636702563555584.000000 0.759889781 4.794326782 4.710451603 0.378678858 0.001681947 -0.122608028 -0.917369545
1403636702613555456.000000 0.741724372 4.811196327 4.713268280 0.381015271 0.004150334 -0.123029388 -0.916337311
1403636702663555584.000000 0.720177829 4.829886436 4.720219612 -0.382579893 -0.006546737 0.123498522 0.915607929
1403636702713555456.000000 0.700574458 4.847083569 4.725613594 -0.383936793 -0.008330726 0.122803077 0.915118873
1403636702763555584.000000 0.680195034 4.864286900 4.732483387 -0.384193689 -0.009030468 0.123958036 0.914848685
1403636702813555456.000000 0.658823490 4.881822109 4.740424156 0.384635329 0.011536993 -0.123271704 -0.914727688
1403636702863555584.000000 0.637709200 4.899786949 4.750026703 0.384524316 0.012949911 -0.123355962 -0.914744020
1403636702913555456.000000 0.617589474 4.917971611 4.760753632 0.384053022 0.013954598 -0.124238133 -0.914807916
1403636702963555584.000000 0.598950922 4.934223175 4.771401882 -0.383819818 -0.013526131 0.123771943 0.914975405
1403636703013555456.000000 0.582984388 4.953047752 4.783268929 -0.382826269 -0.010956889 0.125186846 0.915233493
1403636703063555584.000000 0.568965137 4.971992970 4.795359612 -0.382195532 -0.008126190 0.125351042 0.915504038
1403636703113555456.000000 0.557674468 4.991308212 4.808044434 0.380883843 0.003172246 -0.127659038 -0.915762365
1403636703163555584.000000 0.548931181 5.010636806 4.820070267 0.379257649 -0.004774956 -0.130097941 -0.916087031
1403636703213555456.000000 0.541800678 5.030210018 4.831819534 0.377164781 -0.010291375 -0.133375674 -0.916434288
1403636703263555584.000000 0.536261559 5.050514698 4.843247414 0.375167608 -0.016452681 -0.137705028 -0.916523814
1403636703313555456.000000 0.531926870 5.071090221 4.853330612 0.373338848 -0.021598391 -0.141100749 -0.916647315
1403636703363555584.000000 0.528750837 5.091866016 4.861631870 0.372959465 -0.024116181 -0.140846610 -0.916778028
1403636703413555456.000000 0.526756048 5.113233089 4.868021965 0.374292940 -0.023871418 -0.137080744 -0.916811824
1403636703463555584.000000 0.527788997 5.132668495 4.866319656 -0.376121670 0.020381957 0.132000789 0.916893065
1403636703513555456.000000 0.527749896 5.154427052 4.869901180 -0.377994388 0.015892815 0.126334682 0.917009950
1403636703563555584.000000 0.529310465 5.175846100 4.872104645 -0.379436493 0.012458161 0.122094549 0.917041838
1403636703613555456.000000 0.533032238 5.197372437 4.875611305 0.379611790 -0.008705018 -0.120796405 -0.917184532
1403636703663555584.000000 0.536911190 5.218662262 4.877955437 0.379386395 -0.006477235 -0.120311163 -0.917359948
1403636703713555456.000000 0.540219307 5.239766121 4.880402088 0.379035771 -0.005245735 -0.120113298 -0.917538643
1403636703763555584.000000 0.542987585 5.260631561 4.883238316 0.378254294 -0.006594325 -0.120303772 -0.917827487
1403636703813555456.000000 0.544324458 5.281260014 4.886603355 0.377271771 -0.008865213 -0.121151075 -0.918101251
1403636703863555584.000000 0.548462987 5.301878929 4.887100697 -0.375949621 0.011631945 0.122394338 0.918447733
1403636703913555456.000000 0.547555327 5.322002411 4.891096115 -0.374403983 0.014368563 0.123705104 0.918864667
1403636703963555584.000000 0.545704424 5.342108250 4.895153999 -0.373645842 0.015614413 0.123938829 0.919121444
1403636704013555456.000000 0.543214083 5.361259460 4.899127483 0.372001916 -0.017211746 -0.125660449 -0.919525862
1403636704063555584.000000 0.539180458 5.380769730 4.903094292 0.370673686 -0.018397488 -0.126557663 -0.919916213
1403636704113555456.000000 0.533461452 5.400382996 4.906949997 0.369690299 -0.016914103 -0.127055660 -0.920271695
1403636704163555584.000000 0.526561558 5.420127392 4.910832882 0.369012147 -0.013913300 -0.126912490 -0.920613766
1403636704213555456.000000 0.518643320 5.440205097 4.914923668 0.368586272 -0.009893809 -0.126431718 -0.920902491
1403636704263555584.000000 0.509161055 5.463564873 4.919897079 -0.368230492 0.005949993 0.125852495 0.921158075
1403636704313555456.000000 0.502147317 5.484652042 4.924106121 -0.368289620 0.002946010 0.124398552 0.921346307
1403636704363555584.000000 0.497036695 5.505902290 4.928491592 -0.368458509 0.000219387 0.122905739 0.921483815
1403636704413555456.000000 0.494103014 5.528021812 4.932808876 -0.367838502 -0.001273611 0.123320907 0.921675205
1403636704463555584.000000 0.492454886 5.549645901 4.934871197 0.367924124 0.004187441 -0.122130610 -0.921790957
1403636704513555456.000000 0.493659437 5.571633339 4.938157082 0.368031472 0.007136795 -0.121044025 -0.921873271
1403636704563555584.000000 0.496907949 5.593791008 4.941708565 0.367699385 0.009427044 -0.121604748 -0.921911418
1403636704613555456.000000 0.500729799 5.617223263 4.949337959 -0.367557883 -0.011778670 0.121553130 0.921947539
1403636704663555584.000000 0.504432082 5.640224457 4.955145836 -0.367551595 -0.013669454 0.121518530 0.921928525
1403636704713555456.000000 0.506456733 5.663705826 4.962279797 -0.367354393 -0.018441886 0.121288359 0.921954334
1403636704763555584.000000 0.507340074 5.687510014 4.971008301 -0.366926581 -0.021403786 0.121053018 0.922091663
1403636704813555456.000000 0.507432520 5.713196754 4.980850220 0.365891129 0.024677077 -0.122449860 -0.922236860
1403636704863555584.000000 0.506291449 5.738721848 4.993396282 0.364792198 0.028118482 -0.123803928 -0.922392905
1403636704913555456.000000 0.504616559 5.765111446 5.007896423 0.363425493 0.030717760 -0.124993175 -0.922689021
1403636704963555584.000000 0.502312362 5.792567730 5.024327278 0.362772435 0.033765711 -0.125191718 -0.922812641
1403636705013555456.000000 0.499633670 5.820883751 5.042672157 0.362278700 0.035930704 -0.124907494 -0.922963321
1403636705063555584.000000 0.495767713 5.848830223 5.063320160 -0.362538964 -0.036797822 0.123025313 0.923079789
1403636705113555456.000000 0.494174182 5.879566193 5.085606575 -0.362810463 -0.032329656 0.120875441 0.923424363
1403636705163555584.000000 0.493944585 5.910791874 5.109281540 -0.363627464 -0.024329593 0.116951875 0.923853576
1403636705213555456.000000 0.495285273 5.943142891 5.133989334 0.364670783 0.016140802 -0.112373933 -0.924189806
1403636705263555584.000000 0.498514056 5.975486279 5.159758568 0.365385354 0.009798982 -0.108497426 -0.924459815
1403636705313555456.000000 0.503672540 6.007371426 5.185799122 0.365660369 0.005566237 -0.106638499 -0.924602509
1403636705363555584.000000 0.509767056 6.038778782 5.212107658 0.365709066 0.002579451 -0.105650991 -0.924709797
1403636705413555456.000000 0.516906083 6.069816113 5.238917351 0.365371197 0.004171181 -0.106382906 -0.924753606
1403636705463555584.000000 0.524588287 6.100483418 5.266310692 0.365025729 0.006091546 -0.107975163 -0.924694777
1403636705513555456.000000 0.533578038 6.128075600 5.291974068 -0.364891917 -0.009567662 0.109923027 0.924488664
1403636705563555584.000000 0.539836764 6.158257961 5.321723938 -0.364694357 -0.013038931 0.110727943 0.924428165
1403636705613555456.000000 0.544946134 6.188343048 5.352508545 -0.364453703 -0.014156453 0.112041391 0.924348354
1403636705663555584.000000 0.548954010 6.218637466 5.384303570 -0.364726275 -0.015588669 0.112508602 0.924161077
1403636705713555456.000000 0.552594423 6.250521183 5.418592453 0.364959896 0.013503584 -0.112226456 -0.924135923
1403636705763555584.000000 0.556031644 6.282138348 5.453526974 0.365044177 0.010490199 -0.112381585 -0.924122870
1403636705813555456.000000 0.559910417 6.313606262 5.489168167 0.364415914 0.006391270 -0.113368712 -0.924287736
1403636705863555584.000000 0.565835655 6.342150688 5.521912098 -0.364138633 -0.001423197 0.113780193 0.924367428
1403636705913555456.000000 0.572747529 6.373613358 5.557321548 -0.362880588 0.004263768 0.116470523 0.924518347
1403636705963555584.000000 0.581805706 6.405129910 5.592330933 -0.361268729 0.009589888 0.119540863 0.924717844
1403636706013555456.000000 0.592424989 6.436389446 5.625856876 -0.358515680 0.015123963 0.124725185 0.925030470
1403636706063555584.000000 0.605345428 6.467385769 5.658793926 0.355580956 -0.019490346 -0.130264059 -0.925318122
1403636706113555456.000000 0.615272403 6.497851849 5.687150002 -0.353534073 0.024295993 0.133921921 0.925466478
1403636706163555584.000000 0.627258956 6.530268192 5.717343807 -0.353836328 0.025120147 0.130967453 0.925751865
1403636706213555456.000000 0.637243152 6.563041687 5.746672630 -0.355454981 0.023427669 0.124722451 0.926038504
1403636706263555584.000000 0.645154715 6.595885277 5.774234772 0.356702447 -0.020464465 -0.119700022 -0.926291823
1403636706313555456.000000 0.645833075 6.626314640 5.803382874 -0.358549535 0.016442752 0.112960383 0.926505208
1403636706363555584.000000 0.649262905 6.658627987 5.832283974 -0.359499097 0.012028954 0.108751476 0.926708639
1403636706413555456.000000 0.651422024 6.690582275 5.861342430 -0.360377312 0.008177266 0.105076410 0.926833510
1403636706463555584.000000 0.652210772 6.721766949 5.890879631 0.360792696 -0.004499220 -0.102739394 -0.926959038
1403636706513555456.000000 0.655185342 6.752840996 5.920299053 0.361192256 -0.002017308 -0.100987546 -0.927004695
1403636706563555584.000000 0.655813098 6.780163288 5.947447777 -0.361783504 -0.000175773 0.100445710 0.926835179
1403636706613555456.000000 0.662282348 6.809775829 5.975917816 -0.361546159 -0.001137692 0.100608371 0.926909447
1403636706663555584.000000 0.669788778 6.838894844 6.004453659 -0.362016171 -0.002739310 0.100553259 0.926728606
1403636706713555456.000000 0.679665089 6.867103577 6.033403397 0.362038165 0.005018424 -0.101193830 -0.926640749
1403636706763555584.000000 0.692151845 6.895699501 6.062681198 0.361738086 0.007164268 -0.103704460 -0.926466227
1403636706813555456.000000 0.705297351 6.923925877 6.092018127 0.362233698 0.010196395 -0.104594290 -0.926144123
1403636706863555584.000000 0.719420254 6.951919556 6.121756554 0.362873316 0.012062552 -0.105694592 -0.925746322
1403636706913555456.000000 0.728037059 6.973223686 6.148048401 -0.363399625 -0.012065594 0.107561849 0.925324619
1403636706963555584.000000 0.744334936 7.001380444 6.178946495 -0.364699572 -0.012094180 0.107597344 0.924808502
1403636707013555456.000000 0.761717737 7.029617310 6.210618496 -0.365819871 -0.009336004 0.107511312 0.924407959
1403636707063555584.000000 0.779277265 7.057605743 6.242803097 -0.367382526 -0.006888676 0.106302619 0.923949361
1403636707113555456.000000 0.796696305 7.086436272 6.276370049 0.368781567 0.004473643 -0.105982579 -0.923443496
1403636707163555584.000000 0.814216852 7.114101410 6.309846878 0.370154679 0.004126705 -0.106322907 -0.922856450
1403636707213555456.000000 0.831974983 7.141442299 6.343633652 0.371831596 0.004607548 -0.106908686 -0.922112048
1403636707263555584.000000 0.850963116 7.168532848 6.377579689 0.373380989 0.005084559 -0.107174315 -0.921452403
1403636707313555456.000000 0.871738851 7.195072174 6.411514282 0.374999762 0.006496628 -0.106914878 -0.920816064
1403636707363555584.000000 0.892608702 7.214971542 6.439440727 -0.376214087 -0.007170707 0.107403986 0.920258641
1403636707413555456.000000 0.917373002 7.240501404 6.473291397 -0.376919776 -0.007822384 0.108332105 0.919855714
1403636707463555584.000000 0.944817126 7.265826225 6.507576942 -0.377632558 -0.008929269 0.108129993 0.919577062
1403636707513555456.000000 0.974495649 7.290320396 6.542052269 0.377684534 0.008783404 -0.109618284 -0.919380903
1403636707563555584.000000 1.005578279 7.314626694 6.576738358 0.377557933 0.008349814 -0.111231521 -0.919243097
1403636707613555456.000000 1.035997272 7.338659286 6.612237453 0.376959652 0.008788678 -0.113914929 -0.919155955
1403636707663555584.000000 1.064699411 7.362812996 6.649116516 0.374485910 0.007506659 -0.120831832 -0.919295192
1403636707713555456.000000 1.090955734 7.387521744 6.686991692 0.372890502 0.006608630 -0.124782920 -0.919422805
1403636707763555584.000000 1.114335060 7.412808418 6.726090431 0.371239752 0.006090732 -0.128413126 -0.919594526
1403636707813555456.000000 1.132782340 7.434307098 6.759847641 -0.370678514 -0.004588485 0.129834697 0.919629991
1403636707863555584.000000 1.151002049 7.460902214 6.801218987 -0.369860590 -0.002823528 0.129968509 0.919947505
1403636707913555456.000000 1.166633248 7.488354683 6.842907906 -0.369086713 -0.000495613 0.129558474 0.920320332
1403636707963555584.000000 1.180036306 7.515896320 6.886322498 0.368582577 -0.000664279 -0.127788961 -0.920769572
1403636708013555456.000000 1.191356778 7.544506073 6.930341721 0.368168414 -0.001599673 -0.125459328 -0.921254277
1403636708063555584.000000 1.200750113 7.573451042 6.974951744 0.367925256 -0.002142125 -0.122440808 -0.921756387
1403636708113555456.000000 1.209132671 7.602777958 7.019962311 0.367615074 -0.003282204 -0.119129494 -0.922310412
1403636708163555584.000000 1.216415882 7.632101059 7.065313339 0.367393196 -0.004174844 -0.116099864 -0.922781467
1403636708213555456.000000 1.222266555 7.661338806 7.110934258 0.366131842 -0.006002829 -0.116137475 -0.923267901
1403636708263555584.000000 1.226988435 7.690629005 7.156898499 0.364521325 -0.008871084 -0.118047707 -0.923639715
1403636708313555456.000000 1.228418708 7.713807583 7.193312645 -0.361967385 0.013703111 0.122624144 0.923988760
1403636708363555584.000000 1.231389284 7.743224144 7.238335133 -0.358858943 0.018742250 0.129382700 0.924191117
1403636708413555456.000000 1.234994054 7.772965908 7.281313896 -0.356562287 0.022881068 0.134356752 0.924277067
1403636708463555584.000000 1.240575671 7.803601742 7.324131012 0.354788691 -0.026257031 -0.137892321 -0.924349129
1403636708513555456.000000 1.247645497 7.835913181 7.364802361 0.354320914 -0.028079391 -0.139072791 -0.924298167
1403636708563555584.000000 1.255944729 7.869160652 7.403490067 0.354691952 -0.029381571 -0.137667209 -0.924325764
1403636708613555456.000000 1.265698314 7.896287918 7.433560371 -0.356839031 0.028779296 0.133110970 0.924185693
1403636708663555584.000000 1.273896337 7.930470943 7.468562126 -0.359743297 0.025618833 0.126709685 0.924052596
1403636708713555456.000000 1.281354666 7.964787960 7.502796173 -0.363466322 0.024126567 0.118670650 0.923703134
1403636708763555584.000000 1.286924005 7.998728275 7.536584854 -0.366962045 0.021396020 0.111234032 0.923313737
1403636708813555456.000000 1.291679621 8.033614159 7.570005417 0.370463848 -0.020629788 -0.103940107 -0.922782481
1403636708863555584.000000 1.294355154 8.066150665 7.603648186 0.372694224 -0.019124955 -0.101321064 -0.922207832
1403636708913555456.000000 1.297338605 8.097599030 7.636797905 0.375225604 -0.020088695 -0.098857023 -0.921428025
1403636708963555584.000000 1.305938959 8.118988991 7.662443161 -0.378028721 0.020345720 0.096899986 0.920483947
1403636709013555456.000000 1.311340570 8.147115707 7.693962097 -0.379516423 0.022979708 0.096658021 0.919835031
1403636709063555584.000000 1.317870140 8.173123360 7.723951340 -0.382361829 0.023931826 0.093790479 0.918928742
1403636709113555456.000000 1.325226188 8.195172310 7.753304005 0.383946925 -0.025214957 -0.094248593 -0.918186367
1403636709163555584.000000 1.334259272 8.216890335 7.782035828 0.385790110 -0.023821836 -0.094139181 -0.917461932
1403636709213555456.000000 1.344419718 8.236566544 7.809853554 0.386672437 -0.021310112 -0.096427388 -0.916914523
1403636709263555584.000000 1.365204334 8.257753372 7.835710526 -0.387560427 0.017050324 0.097272068 0.916539431
1403636709313555456.000000 1.377449512 8.274073601 7.862496853 -0.387731135 0.013843909 0.099163204 0.916318536
1403636709363555584.000000 1.389563918 8.289035797 7.889240265 -0.387568265 0.011008100 0.100994654 0.916225910
1403636709413555456.000000 1.400768995 8.301993370 7.915485382 0.388547301 -0.008420294 -0.099669777 -0.915983677
1403636709463555584.000000 1.410006166 8.314306259 7.943382263 0.388173103 -0.008077462 -0.100768365 -0.916025221
1403636709513555456.000000 1.417273879 8.325678825 7.972173691 0.388663024 -0.006440563 -0.099843189 -0.915931702
1403636709563555584.000000 1.422963142 8.335803986 8.001926422 0.388311386 -0.005610805 -0.100509480 -0.916013479
1403636709613555456.000000 1.438158751 8.346073151 8.044831276 -0.388749331 0.003678476 0.101019368 0.915781438
1403636709663555584.000000 1.441965461 8.354585648 8.076184273 -0.388384849 0.002789750 0.101143189 0.915925503
1403636709713555456.000000 1.445819139 8.362421036 8.108054161 -0.387983441 0.002136319 0.100487754 0.916169465
1403636709763555584.000000 1.449541211 8.368768692 8.140702248 0.386663824 -0.001979892 -0.101421528 -0.916624725
1403636709813555456.000000 1.453777075 8.374170303 8.173475266 0.386342824 -0.002028612 -0.099900834 -0.916926980
1403636709863555584.000000 1.459249496 8.378418922 8.206410408 0.385278523 -0.002896122 -0.100673974 -0.917287767
1403636709913555456.000000 1.475956440 8.396092415 8.248647690 -0.384911835 0.002761507 0.099688277 0.917549729
1403636709963555584.000000 1.485294819 8.398525238 8.281249046 -0.384287745 0.003524534 0.098791488 0.917905688
1403636710013555456.000000 1.496265650 8.400207520 8.313725471 -0.383245885 0.004086782 0.099158332 0.918299258
1403636710063555584.000000 1.508808851 8.401471138 8.346034050 0.382440984 -0.004525378 -0.098552138 -0.918697953
1403636710113555456.000000 1.520796061 8.401229858 8.378827095 0.381534278 -0.005423299 -0.097775541 -0.919153035
1403636710163555584.000000 1.531444073 8.400240898 8.412583351 0.380712032 -0.005758978 -0.096797474 -0.919595301
1403636710213555456.000000 1.543992519 8.410859108 8.457709312 -0.379492998 0.006045265 0.096077539 0.920172691
1403636710263555584.000000 1.550567150 8.408371925 8.493831635 -0.377565652 0.007327545 0.097063802 0.920852423
1403636710313555456.000000 1.555353761 8.405154228 8.531194687 -0.374103725 0.011103808 0.101722270 0.921724379
1403636710363555584.000000 1.558815718 8.402052879 8.568964005 0.369324952 -0.014402337 -0.108265027 -0.922859967
1403636710413555456.000000 1.561102033 8.397519112 8.607098579 0.363621145 -0.017411042 -0.113320269 -0.924464703
1403636710463555584.000000 1.562193155 8.392741203 8.645398140 0.357032001 -0.019211782 -0.117544584 -0.926467717
1403636710513555456.000000 1.562447786 8.396747589 8.693241119 -0.349750340 0.020986188 0.120715037 0.928796172
1403636710563555584.000000 1.561848283 8.392624855 8.731092453 -0.342841983 0.022168303 0.121856466 0.931192219
1403636710613555456.000000 1.560275316 8.389250755 8.768449783 -0.336515516 0.023375086 0.121560633 0.933506310
1403636710663555584.000000 1.558342934 8.387240410 8.806310654 0.329507709 -0.023753630 -0.119927295 -0.936204016
1403636710713555456.000000 1.555394173 8.385209084 8.842539787 0.322895318 -0.023988290 -0.115983516 -0.938994765
1403636710763555584.000000 1.549552917 8.386425018 8.880230904 -0.315540522 0.024145840 0.111630358 0.942013800
1403636710813555456.000000 1.548553586 8.385370255 8.913584709 -0.309031159 0.022964768 0.102956690 0.945183814
1403636710863555584.000000 1.548801899 8.384354591 8.945557594 -0.301777631 0.020559374 0.094438083 0.948466659
1403636710913555456.000000 1.550212383 8.383434296 8.976464272 -0.294341564 0.018101100 0.086434700 0.951611519
1403636710963555584.000000 1.549732208 8.381915092 9.010107040 -0.287670404 0.016843321 0.078704625 0.954341531
1403636711013555456.000000 1.554317474 8.380938530 9.038729668 -0.282418251 0.012871935 0.069615319 0.956675470
1403636711063555584.000000 1.559942007 8.379164696 9.066284180 -0.276936710 0.012280493 0.065357409 0.958584249
1403636711113555456.000000 1.566085219 8.377318382 9.093363762 0.273179978 -0.011228891 -0.059406038 -0.960061252
1403636711163555584.000000 1.573305845 8.374133110 9.119722366 0.269931525 -0.011477035 -0.055728912 -0.961196959
1403636711213555456.000000 1.580576062 8.369971275 9.146076202 0.267335117 -0.011605967 -0.052998159 -0.962075114
1403636711263555584.000000 1.587761045 8.364403725 9.171673775 0.265349597 -0.011755827 -0.051338106 -0.962712765
1403636711313555456.000000 1.595620513 8.357396126 9.196701050 0.262748063 -0.013558408 -0.052670334 -0.963330388
1403636711363555584.000000 1.599731565 8.342287064 9.222037315 -0.261364937 0.015913531 0.054253813 0.963582754
1403636711413555456.000000 1.610007405 8.333237648 9.246120453 -0.260135651 0.021626445 0.055555534 0.963729918
1403636711463555584.000000 1.620859027 8.322905540 9.268868446 -0.259552509 0.029380914 0.056062721 0.963652611
1403636711513555456.000000 1.630735874 8.311116219 9.290267944 0.259827673 -0.036154028 -0.055692203 -0.963369608
1403636711563555584.000000 1.641482115 8.299021721 9.311422348 0.261592537 -0.040824745 -0.052871559 -0.962864161
1403636711613555456.000000 1.651886344 8.285465240 9.331542015 0.263308853 -0.043376036 -0.050693724 -0.962401807
1403636711663555584.000000 1.661615133 8.270328522 9.350587845 0.265030712 -0.044188697 -0.049029604 -0.961978316
1403636711713555456.000000 1.671038389 8.253620148 9.368305206 0.267062962 -0.042662367 -0.047353439 -0.961569071
1403636711763555584.000000 1.680302739 8.234969139 9.384662628 0.268145412 -0.041675065 -0.048048515 -0.961276591
1403636711813555456.000000 1.688974857 8.214630127 9.399806023 0.268289655 -0.039749321 -0.051035680 -0.961163938
1403636711863555584.000000 1.698837996 8.185420990 9.405166626 -0.267831355 0.037227508 0.056141414 0.961108029
1403636711913555456.000000 1.707694054 8.161838531 9.417578697 -0.266380668 0.034418479 0.062958039 0.961193621
1403636711963555584.000000 1.717121124 8.137373924 9.428133011 -0.264854580 0.031963348 0.069759376 0.961230516
1403636712013555456.000000 1.726946235 8.112037659 9.436735153 -0.263099730 0.030620849 0.076881863 0.961212873
1403636712063555584.000000 1.737834573 8.086638451 9.443840981 -0.261348546 0.029967828 0.083281137 0.961178005
1403636712113555456.000000 1.748786449 8.064388275 9.452857018 0.260310858 -0.030683305 -0.086680084 -0.961136580
1403636712163555584.000000 1.761153221 8.040437698 9.457920074 0.259518027 -0.031717014 -0.087848343 -0.961211324
1403636712213555456.000000 1.775329113 8.012401581 9.455757141 -0.258857489 0.030394752 0.082677267 0.961890578
1403636712263555584.000000 1.789297104 7.988516808 9.457865715 -0.256722808 0.028908476 0.075474575 0.963099897
1403636712313555456.000000 1.804436207 7.964093685 9.458691597 -0.253113568 0.028672786 0.067335770 0.964664400
1403636712363555584.000000 1.819855690 7.940152168 9.459536552 0.248481229 -0.027696628 -0.059305441 -0.966422737
1403636712413555456.000000 1.835862756 7.914978981 9.458510399 0.243777439 -0.027573997 -0.053147163 -0.967981279
1403636712463555584.000000 1.852548480 7.888902187 9.456108093 0.238973767 -0.028300170 -0.047436997 -0.969453692
1403636712513555456.000000 1.869969845 7.861893654 9.452663422 0.233782813 -0.028701583 -0.043345943 -0.970898032
1403636712563555584.000000 1.887497902 7.833638668 9.448026657 0.228732839 -0.029608052 -0.040984165 -0.972175419
1403636712613555456.000000 1.905596137 7.803289413 9.438571930 -0.223413840 0.032307114 0.039549429 0.973385096
1403636712663555584.000000 1.920368195 7.773050785 9.432437897 -0.218211442 0.036171585 0.039625663 0.974425614
1403636712713555456.000000 1.933238745 7.742062092 9.425411224 -0.213787511 0.039532613 0.039723411 0.975271404
1403636712763555584.000000 1.944242477 7.711033344 9.417751312 0.209652469 -0.040970225 -0.039861750 -0.976103663
1403636712813555456.000000 1.952872634 7.679120541 9.409389496 0.206648082 -0.040540639 -0.040170114 -0.976749420
1403636712863555584.000000 1.959691763 7.646681786 9.399937630 0.204484016 -0.038366668 -0.040563419 -0.977276266
1403636712913555456.000000 1.965002656 7.613684654 9.389347076 0.202905223 -0.035994790 -0.040861648 -0.977683127
1403636712963555584.000000 1.968229771 7.580183506 9.377687454 0.202183291 -0.032699149 -0.040554382 -0.977961183
1403636713013555456.000000 1.970458031 7.546539307 9.365475655 0.202511027 -0.030389378 -0.038864568 -0.978036463
1403636713063555584.000000 1.973293066 7.512076378 9.351804733 0.201739490 -0.030929675 -0.039810449 -0.978141010
1403636713113555456.000000 1.975067616 7.480697632 9.339329720 -0.199934989 0.031517066 0.041414224 0.978426039
1403636713163555584.000000 1.979604959 7.444591999 9.321828842 -0.198671862 0.030388588 0.042430691 0.978675485
1403636713213555456.000000 1.985480309 7.408700466 9.302946091 -0.197921783 0.029011803 0.043963954 0.978801608
1403636713263555584.000000 1.992929339 7.372256279 9.282688141 -0.197330847 0.026506931 0.045057196 0.978942215
1403636713313555456.000000 2.001417875 7.335817337 9.258965492 0.197524175 -0.025188398 -0.044906840 -0.978944898
1403636713363555584.000000 2.012117863 7.299451828 9.235813141 0.197536141 -0.023004185 -0.045532722 -0.978967428
1403636713413555456.000000 2.023588419 7.265696049 9.215575218 -0.197014734 0.023002865 0.047798462 0.978964508
1403636713463555584.000000 2.036573410 7.229671478 9.191491127 -0.196815431 0.022439921 0.049605101 0.978927791
1403636713513555456.000000 2.049888134 7.193529606 9.165937424 -0.196338296 0.021837810 0.052039847 0.978910744
1403636713563555584.000000 2.062374830 7.157439709 9.140716553 0.195941225 -0.022162706 -0.054641519 -0.978841305
1403636713613555456.000000 2.073415041 7.121800423 9.114918709 0.195495054 -0.020657489 -0.058734395 -0.978726327
1403636713663555584.000000 2.082949400 7.086649895 9.089135170 0.195269585 -0.019354725 -0.062038105 -0.978594184
1403636713713555456.000000 2.090917587 7.052206993 9.063268661 0.194965854 -0.018755395 -0.065538555 -0.978438199
1403636713763555584.000000 2.095542908 7.021538258 9.037566185 -0.194877595 0.018121948 0.068835333 0.978241324
1403636713813555456.000000 2.100448847 6.989361286 9.011686325 -0.194957376 0.017489990 0.071143791 0.978071809
1403636713863555584.000000 2.103919268 6.958297729 8.985640526 -0.195901141 0.017374257 0.071690507 0.977845311
1403636713913555456.000000 2.106747866 6.929125309 8.959084511 0.197559625 -0.016442755 -0.070223719 -0.977634192
1403636713963555584.000000 2.107890844 6.900666714 8.932650566 0.199281797 -0.015582084 -0.068362162 -0.977430642
1403636714013555456.000000 2.107366800 6.873082161 8.906217575 0.200951740 -0.014152898 -0.067367561 -0.977179527
1403636714063555584.000000 2.106012821 6.846431255 8.879624367 0.203993589 -0.013930696 -0.062811017 -0.976855814
1403636714113555456.000000 2.102987766 6.820272446 8.853369713 0.205552429 -0.013324213 -0.062169611 -0.976578593
1403636714163555584.000000 2.099078894 6.794737816 8.827014923 0.207258835 -0.013123298 -0.061085936 -0.976288974
1403636714213555456.000000 2.094195366 6.769497395 8.800469398 0.208384886 -0.014620044 -0.061207671 -0.976020336
1403636714263555584.000000 2.083411932 6.743197441 8.778610229 -0.208598107 0.016443206 0.063625522 0.975791156
1403636714313555456.000000 2.076170206 6.719037056 8.752461433 -0.208749205 0.017163996 0.066098757 0.975581944
1403636714363555584.000000 2.067838907 6.695546627 8.726438522 -0.209385723 0.016275181 0.067349292 0.975375295
1403636714413555456.000000 2.058121204 6.672802448 8.700323105 -0.210103497 0.012624632 0.068004698 0.975229502
1403636714463555584.000000 2.047400951 6.650475502 8.674704552 -0.209107205 0.008022270 0.068677187 0.975445211
1403636714513555456.000000 2.036644697 6.630623817 8.648697853 0.206676394 -0.003461155 -0.068643801 -0.975992262
1403636714563555584.000000 2.024633884 6.609862804 8.623879433 0.202324405 0.000477681 -0.069225624 -0.976868749
1403636714613555456.000000 2.012276649 6.589795113 8.600087166 0.196681261 0.004178396 -0.068057448 -0.978093684
1403636714663555584.000000 2.002148151 6.567062378 8.578419685 -0.190658852 -0.006783957 0.064831696 0.979489744
1403636714713555456.000000 1.991740823 6.548975945 8.555808067 -0.182497874 -0.009043319 0.061488934 0.981240034
1403636714763555584.000000 1.983195901 6.531476974 8.533263206 -0.173363850 -0.010991131 0.056594376 0.983168960
1403636714813555456.000000 1.977604985 6.515525341 8.511180878 0.163383305 0.011807620 -0.049366176 -0.985256076
1403636714863555584.000000 1.973723650 6.499675751 8.489006996 0.152795643 0.012235449 -0.041380588 -0.987315357
1403636714913555456.000000 1.971660852 6.484331131 8.467155457 0.141458020 0.013117381 -0.034368414 -0.989260554
1403636714963555584.000000 1.971818805 6.469210148 8.445683479 0.129561439 0.014500638 -0.028642993 -0.991051614
1403636715013555456.000000 1.970770478 6.447613239 8.416986465 -0.119451456 -0.014973538 0.023415729 0.992450953
1403636715063555584.000000 1.975161076 6.433331490 8.396107674 -0.109797694 -0.015959280 0.018556768 0.993652582
1403636715113555456.000000 1.980823278 6.419197083 8.375171661 -0.102143511 -0.017559031 0.013163625 0.994527578
1403636715163555584.000000 1.987572432 6.405594826 8.354203224 0.094888404 0.018287316 -0.010638860 -0.995263159
1403636715213555456.000000 1.994974971 6.392096043 8.334705353 0.089650780 0.018597161 -0.007526592 -0.995771229
1403636715263555584.000000 2.001758575 6.378864288 8.316700935 0.084789991 0.017607218 -0.006456835 -0.996222436
1403636715313555456.000000 2.007319450 6.365984440 8.300411224 0.080693804 0.015410587 -0.006682908 -0.996597469
1403636715363555584.000000 2.011896849 6.353235722 8.285918236 0.077822015 0.013668430 -0.006270560 -0.996853888
1403636715413555456.000000 2.015446901 6.340393066 8.273276329 0.074626662 0.009666548 -0.009136898 -0.997122884
1403636715463555584.000000 2.017286539 6.328304768 8.261961937 0.072365902 0.005875451 -0.011902314 -0.997289896
1403636715513555456.000000 2.020468473 6.313653946 8.255866051 -0.069558352 -0.002415510 0.017467158 0.997422040
1403636715563555584.000000 2.018594027 6.302316666 8.246417999 -0.066428691 0.000679013 0.025101094 0.997475207
1403636715613555456.000000 2.015245676 6.292741299 8.237837791 -0.065376125 0.001443162 0.028158311 0.997462273
1403636715663555584.000000 2.011738300 6.284684658 8.229881287 -0.066187039 0.005588068 0.027306587 0.997417927
1403636715713555456.000000 2.005461931 6.279026508 8.219463348 0.068415560 -0.011710715 -0.022669431 -0.997330546
1403636715763555584.000000 2.000449419 6.273514271 8.210363388 0.071226567 -0.016889766 -0.017654823 -0.997160912
1403636715813555456.000000 1.995820761 6.268533230 8.200510025 0.073964208 -0.021501830 -0.013437224 -0.996938586
1403636715863555584.000000 1.992893100 6.263870239 8.190112114 0.075778730 -0.025793839 -0.010713093 -0.996733427
1403636715913555456.000000 1.991708755 6.259125233 8.177554131 0.078231730 -0.029760221 -0.007078810 -0.996465743
1403636715963555584.000000 1.991159320 6.254113674 8.163311005 0.079876669 -0.032377936 -0.006357890 -0.996258557
1403636716013555456.000000 1.982629061 6.250211239 8.154541016 -0.081009269 0.033731651 0.006249645 0.996122777
1403636716063555584.000000 1.982215524 6.244691372 8.137325287 -0.082367845 0.033225022 0.006489709 0.996026874
1403636716113555456.000000 1.982431769 6.238690376 8.118686676 -0.082897566 0.032049119 0.008907237 0.996002793
1403636716163555584.000000 1.984883904 6.233499527 8.097664833 0.083759397 -0.027087469 -0.011308148 -0.996053636
1403636716213555456.000000 1.986877203 6.227399826 8.075125694 0.084627844 -0.020649064 -0.014386895 -0.996094823
1403636716263555584.000000 1.988356948 6.221451759 8.051728249 0.086300321 -0.016562698 -0.015700283 -0.996007860
1403636716313555456.000000 1.988388062 6.215769291 8.028203011 0.087792858 -0.012733695 -0.016988326 -0.995912552
1403636716363555584.000000 1.986693859 6.210425854 8.005036354 0.089298166 -0.009976801 -0.018272119 -0.995787323
1403636716413555456.000000 1.983394146 6.205435276 7.982350349 0.090678051 -0.009393789 -0.018997641 -0.995654762
1403636716463555584.000000 1.977897048 6.200843334 7.960577011 0.092087336 -0.008236818 -0.019102164 -0.995533705
1403636716513555456.000000 1.960404515 6.201221943 7.945508957 -0.093483157 0.009385099 0.019332919 0.995388925
1403636716563555584.000000 1.951836467 6.197175503 7.925506115 -0.094060980 0.009876247 0.017185744 0.995369136
1403636716613555456.000000 1.941475391 6.193344593 7.906130314 -0.093041368 0.009596745 0.015405718 0.995496869
1403636716663555584.000000 1.931893587 6.186979771 7.884962082 0.090209834 -0.010047189 -0.013612324 -0.995779097
1403636716713555456.000000 1.919506192 6.181770325 7.865532875 0.086061515 -0.009796398 -0.011492518 -0.996175468
1403636716763555584.000000 1.905792713 6.176470757 7.846314907 0.080814272 -0.010205264 -0.009944746 -0.996627390
1403636716813555456.000000 1.891318440 6.171064377 7.826910496 0.073979124 -0.010015670 -0.007777742 -0.997179210
1403636716863555584.000000 1.877069831 6.165629387 7.807412148 0.066058956 -0.009418963 -0.005534275 -0.997756004
1403636716913555456.000000 1.861511350 6.168070316 7.787467957 -0.056393132 0.009260674 0.002712722 0.998362064
1403636716963555584.000000 1.849682093 6.162451744 7.766603947 -0.045934360 0.007657510 -0.001731852 0.998913586
1403636717013555456.000000 1.839548826 6.157179356 7.745141983 -0.035018507 0.007648563 -0.005829596 0.999340415
1403636717063555584.000000 1.830906391 6.152113914 7.723329544 -0.023838108 0.006492641 -0.010513892 0.999639511
1403636717113555456.000000 1.823210120 6.145552158 7.699866295 0.013052328 -0.006185792 0.014994456 -0.999783278
1403636717163555584.000000 1.817651749 6.140233994 7.676810741 0.004684513 -0.005735155 0.019649565 -0.999779522
1403636717213555456.000000 1.812829614 6.135201454 7.653761864 -0.002768718 -0.005206707 0.023688326 -0.999702036
1403636717263555584.000000 1.808138967 6.130529404 7.630298615 -0.008180121 -0.004920386 0.029187897 -0.999528408
1403636717313555456.000000 1.803471208 6.125970840 7.606592655 -0.011747814 -0.004244389 0.035905913 -0.999277115
1403636717363555584.000000 1.799154282 6.121284485 7.582884789 -0.013697873 -0.004755877 0.043860387 -0.998932540
1403636717413555456.000000 1.799390912 6.118977547 7.556163788 0.015635978 0.005235708 -0.050527591 0.998586595
1403636717463555584.000000 1.793912053 6.113018513 7.532210827 0.017105130 0.005607242 -0.054549940 0.998348773
1403636717513555456.000000 1.786650658 6.105976582 7.508741379 0.018551107 0.005294938 -0.055828493 0.998254061
1403636717563555584.000000 1.776863456 6.098428249 7.485510349 -0.020642782 -0.005815951 0.054208294 -0.998299301
1403636717613555456.000000 1.765603662 6.089342594 7.463194370 -0.022696592 -0.005262460 0.050840829 -0.998434961
1403636717663555584.000000 1.752936244 6.079466343 7.441285133 -0.023453215 -0.006072968 0.049270932 -0.998491585
1403636717713555456.000000 1.738650560 6.068612099 7.419848919 -0.023989785 -0.006757568 0.047581118 -0.998556435
1403636717763555584.000000 1.723277569 6.056696892 7.398633003 -0.023754355 -0.006252682 0.050814494 -0.998406053
1403636717813555456.000000 1.707739949 6.043581486 7.377163410 -0.025391258 -0.005840681 0.052570067 -0.998277366
1403636717863555584.000000 1.693343639 6.029040813 7.355126381 -0.028278284 -0.005235425 0.055779416 -0.998028874
1403636717913555456.000000 1.686537981 6.009742737 7.329348087 0.032692812 0.004723477 -0.058790151 0.997723758
1403636717963555584.000000 1.675499558 5.991428375 7.305874825 0.037933521 0.004879841 -0.062518910 0.997310758
1403636718013555456.000000 1.666236162 5.971665382 7.281897068 0.045240082 0.004898770 -0.065397352 0.996821225
1403636718063555584.000000 1.658510447 5.950115681 7.257035255 0.053531263 0.004347800 -0.067683436 0.996260226
1403636718113555456.000000 1.650049686 5.927795887 7.231047630 -0.064172663 -0.004240451 0.067255601 -0.995660901
1403636718163555584.000000 1.643153906 5.903737545 7.205601215 -0.074896157 -0.003300056 0.066741727 -0.994949877
1403636718213555456.000000 1.635408759 5.879296303 7.180447102 -0.084636122 -0.002610468 0.066222772 -0.994205534
1403636718263555584.000000 1.625473976 5.854657173 7.155439854 -0.093111910 -0.001526640 0.065947108 -0.993468106
1403636718313555456.000000 1.613383293 5.829889297 7.131112099 -0.100978427 -0.000290116 0.065120965 -0.992755055
1403636718363555584.000000 1.599597573 5.804755211 7.107203960 -0.108822390 0.000309661 0.065661594 -0.991890252
1403636718413555456.000000 1.581644654 5.784173012 7.086112499 0.117259502 -0.001694108 -0.066055991 0.990900576
1403636718463555584.000000 1.565296531 5.758559227 7.063982010 0.126045570 -0.002452308 -0.065371566 0.989865243
1403636718513555456.000000 1.547555327 5.732400894 7.042603493 0.134737208 -0.002711318 -0.066306598 0.988656640
1403636718563555584.000000 1.529149771 5.706568241 7.021293163 -0.142835587 0.003463016 0.065366983 -0.987579465
1403636718613555456.000000 1.510040045 5.681107521 7.001149654 -0.150128335 0.004791942 0.064194627 -0.986568630
1403636718663555584.000000 1.490350127 5.656285286 6.981849670 -0.157418445 0.006391167 0.060771376 -0.985639632
1403636718713555456.000000 1.464701772 5.636168003 6.960895061 0.163823456 -0.008142644 -0.058775932 0.984703481
1403636718763555584.000000 1.444127679 5.613694191 6.943797588 0.168558419 -0.008138016 -0.058871735 0.983898401
1403636718813555456.000000 1.423131227 5.592719078 6.927592278 0.170972884 -0.008168763 -0.063052431 0.983222187
1403636718863555584.000000 1.403711319 5.573017597 6.912193775 -0.171985760 0.007315151 0.069570519 -0.982612550
1403636718913555456.000000 1.385555983 5.553734303 6.897032261 -0.172565073 0.005991901 0.075124435 -0.982110918
1403636718963555584.000000 1.369183779 5.535090923 6.881289482 -0.172665477 0.004211514 0.080304675 -0.981692433
1403636719013555456.000000 1.355328798 5.516345024 6.865448475 -0.172925010 0.003043277 0.083947487 -0.981346309
1403636719063555584.000000 1.334682226 5.499380589 6.842895508 0.173452228 -0.000466000 -0.085676111 0.981108427
1403636719113555456.000000 1.324491262 5.480805397 6.825309753 0.173642784 0.002240042 -0.087045021 0.980951786
1403636719163555584.000000 1.316240907 5.461628437 6.807530880 0.174200907 0.005573130 -0.086594708 0.980879366
1403636719213555456.000000 1.310037732 5.442895889 6.788592815 -0.174478844 -0.008820109 0.085630454 -0.980890870
1403636719263555584.000000 1.302634358 5.424118519 6.769897938 -0.174500689 -0.011941224 0.084660873 -0.980938077
1403636719313555456.000000 1.293484569 5.405590057 6.751148224 -0.175110579 -0.013834785 0.081480905 -0.981073797
1403636719363555584.000000 1.282532573 5.387629509 6.732381821 -0.174918219 -0.016155327 0.080323935 -0.981168091
1403636719413555456.000000 1.269446254 5.370108604 6.713547230 -0.174787134 -0.017320521 0.078808278 -0.981294453
1403636719463555584.000000 1.254598141 5.353292465 6.694762707 -0.174492151 -0.017895974 0.077097140 -0.981472552
1403636719513555456.000000 1.237645149 5.337280273 6.675880432 -0.174020514 -0.017677583 0.075724900 -0.981666982
1403636719563555584.000000 1.212326050 5.321032047 6.650224686 0.172888249 0.015465743 -0.075469531 0.981924057
1403636719613555456.000000 1.193986535 5.306007862 6.629977703 0.172463730 0.012579094 -0.073601745 0.982181728
1403636719663555584.000000 1.177569270 5.291165352 6.608941078 0.170794934 0.009065162 -0.074053369 0.982478023
1403636719713555456.000000 1.162692785 5.277623653 6.587401867 -0.169196948 -0.005484887 0.073779814 -0.982801557
1403636719763555584.000000 1.150035620 5.264105797 6.564248562 -0.167586684 -0.003067689 0.073227406 -0.983129263
1403636719813555456.000000 1.139679193 5.250831127 6.540793419 -0.165999249 -0.000882933 0.072523445 -0.983455062
1403636719863555584.000000 1.131033897 5.238039017 6.515801430 0.164549664 0.000257738 -0.071665056 0.983761966
1403636719913555456.000000 1.123600006 5.225767136 6.491187572 0.163265526 -0.000433471 -0.070707560 0.984045088
1403636719963555584.000000 1.116080046 5.213947296 6.466784000 0.162138879 -0.002221147 -0.070048980 0.984275997
1403636720013555456.000000 1.107539296 5.202259064 6.442519188 -0.160564020 0.002443343 0.070339277 -0.984512925
1403636720063555584.000000 1.097911716 5.191090584 6.419761658 -0.160128623 0.003117462 0.069772072 -0.984622300
1403636720113555456.000000 1.087098956 5.180262089 6.398064613 -0.159333646 0.003424750 0.070095293 -0.984727263
1403636720163555584.000000 1.074461102 5.169921875 6.377327442 -0.158846870 0.004547072 0.070159763 -0.984796762
1403636720213555456.000000 1.060870409 5.159957409 6.357584953 -0.159059107 0.004795082 0.069340028 -0.984819412
1403636720263555584.000000 1.050312400 5.152268887 6.338891983 0.159209713 -0.004675180 -0.069207340 0.984804988
1403636720313555456.000000 1.035250068 5.143137455 6.320638657 0.159521922 -0.004634591 -0.068452060 0.984807432
1403636720363555584.000000 1.019535422 5.134377480 6.303005695 0.159774870 -0.004533230 -0.068792254 0.984743237
1403636720413555456.000000 1.003213286 5.125728607 6.285848141 0.160463944 -0.004623113 -0.068558045 0.984647036
1403636720463555584.000000 0.986852884 5.117232800 6.268646717 -0.161335453 0.005341954 0.068091094 -0.984533429
1403636720513555456.000000 0.972000897 5.109729767 6.251502037 -0.161933810 0.005876342 0.067822963 -0.984450638
1403636720563555584.000000 0.958963394 5.102738380 6.234150887 -0.162942410 0.006007800 0.067257486 -0.984322131
1403636720613555456.000000 0.947706103 5.096335888 6.216761112 -0.162992880 0.006522210 0.068712458 -0.984210074
1403636720663555584.000000 0.938658297 5.090286255 6.199212074 -0.164151967 0.006637391 0.068135537 -0.984056711
1403636720713555456.000000 0.931545615 5.085053921 6.180933475 -0.164001927 0.005112954 0.068120793 -0.984091878
1403636720763555584.000000 0.939260185 5.082884312 6.167430878 0.162968546 -0.006770670 -0.067075841 0.984325290
1403636720813555456.000000 0.935697377 5.078776360 6.150032520 0.159735411 -0.006933881 -0.066347301 0.984903336
1403636720863555584.000000 0.932279170 5.075249195 6.133378983 0.154894873 -0.006864056 -0.066195063 0.985686958
1403636720913555456.000000 0.927790642 5.072352409 6.117763996 0.148999006 -0.006737018 -0.064328194 0.986719728
1403636720963555584.000000 0.920929253 5.068711758 6.102189064 -0.142642081 0.005482278 0.061960626 -0.987817824
1403636721013555456.000000 0.913402379 5.066356182 6.088096142 -0.137224987 0.004080620 0.058274142 -0.988815844
1403636721063555584.000000 0.904789627 5.064526558 6.074854851 -0.131100744 0.002115165 0.054872874 -0.989847004
1403636721113555456.000000 0.894959152 5.063517094 6.062414646 -0.124173760 0.001007688 0.051359504 -0.990929902
1403636721163555584.000000 0.884659767 5.063397408 6.050396919 -0.115678184 -0.001542120 0.048612915 -0.992095292
1403636721213555456.000000 0.874706149 5.063852787 6.038169384 -0.107738912 -0.002971677 0.045166351 -0.993148267
1403636721263555584.000000 0.866149962 5.065780163 6.028380871 0.101076700 0.005765578 -0.041659407 0.993989348
1403636721313555456.000000 0.859460473 5.066854477 6.015305519 0.094535016 0.006047341 -0.039579187 0.994716108
1403636721363555584.000000 0.854353428 5.068580627 6.000923157 0.088288151 0.006508138 -0.037945058 0.995350718
1403636721413555456.000000 0.850889802 5.071284771 5.984331131 -0.083073117 -0.007580234 0.037168689 -0.995821297
1403636721463555584.000000 0.848396540 5.073777199 5.967780590 -0.078713059 -0.007366456 0.035888352 -0.996223927
1403636721513555456.000000 0.846292973 5.076755047 5.950751781 -0.073290423 -0.006835917 0.035616469 -0.996651053
1403636721563555584.000000 0.843277454 5.080126762 5.933756828 -0.067612335 -0.006159539 0.034466114 -0.997097194
1403636721613555456.000000 0.838900030 5.083839417 5.917274475 -0.061527327 -0.005441387 0.034180660 -0.997505188
1403636721663555584.000000 0.833001137 5.087743282 5.901331425 -0.056505736 -0.004351770 0.033754945 -0.997822046
1403636721713555456.000000 0.826013386 5.091480255 5.885704517 -0.052581366 -0.005272226 0.033746544 -0.998032391
1403636721763555584.000000 0.821256101 5.093881607 5.876436710 0.048851065 0.004817368 -0.034969036 0.998182178
1403636721813555456.000000 0.811836243 5.097561359 5.861825466 0.046834532 0.005182398 -0.034521695 0.998292506
1403636721863555584.000000 0.801284969 5.101171017 5.847639561 0.045772880 0.005796650 -0.033589233 0.998370230
1403636721913555456.000000 0.787198305 5.105393410 5.831869602 -0.044973087 -0.006015264 0.033655301 -0.998403013
1403636721963555584.000000 0.774582565 5.109009743 5.817561626 -0.043920942 -0.006474554 0.036461685 -0.998348475
1403636722013555456.000000 0.762945533 5.112418652 5.802913666 -0.042799726 -0.006779192 0.039885961 -0.998264194
1403636722063555584.000000 0.753089070 5.115397930 5.787723541 -0.042147186 -0.006996264 0.043043904 -0.998159289
1403636722113555456.000000 0.745133996 5.117719650 5.771747589 -0.042804927 -0.006781668 0.043982297 -0.998091877
1403636722163555584.000000 0.738621712 5.119504929 5.754842758 -0.044024650 -0.006252608 0.042778064 -0.998094618
1403636722213555456.000000 0.734317839 5.120687008 5.737298965 -0.045316279 -0.005937783 0.041811064 -0.998079658
1403636722263555584.000000 0.738062859 5.119850636 5.721414089 0.046637598 0.004513609 -0.040602982 0.998076141
1403636722313555456.000000 0.734872460 5.120317936 5.703743458 0.048333205 0.004746371 -0.039130092 0.998053193
1403636722363555584.000000 0.730760813 5.120902538 5.686006546 0.048783470 0.004227407 -0.038544621 0.998056471
1403636722413555456.000000 0.725421369 5.121515274 5.668585777 0.047446840 0.003974807 -0.038359355 0.998129010
1403636722463555584.000000 0.716092646 5.121756077 5.649902344 -0.045081228 -0.004644686 0.037677065 -0.998261809
1403636722513555456.000000 0.707668066 5.122486591 5.632808208 -0.042907052 -0.004952766 0.036300004 -0.998407125
1403636722563555584.000000 0.698380888 5.123184204 5.616085529 -0.040662635 -0.004855035 0.035621796 -0.998526037
1403636722613555456.000000 0.688540518 5.123659134 5.599632740 -0.038421437 -0.004872874 0.036519021 -0.998582244
1403636722663555584.000000 0.678180337 5.123976707 5.583509922 -0.036568683 -0.004540491 0.036606845 -0.998650134
1403636722713555456.000000 0.667725980 5.124068737 5.567572117 -0.034991194 -0.005070995 0.036946543 -0.998691618
1403636722763555584.000000 0.666176856 5.121812344 5.551856995 0.033156063 0.004238463 -0.037880987 0.998723149
1403636722813555456.000000 0.656391561 5.121133327 5.535530567 0.032134321 0.003521773 -0.038572129 0.998732805
1403636722863555584.000000 0.648282707 5.119835854 5.518073559 0.031164475 0.003658988 -0.039347544 0.998732805
1403636722913555456.000000 0.641112089 5.118187428 5.499347687 -0.031054955 -0.003355569 0.038257103 -0.998779655
1403636722963555584.000000 0.635319710 5.115892410 5.480366230 -0.031429809 -0.002848328 0.037107185 -0.998812914
1403636723013555456.000000 0.630283594 5.113239765 5.460098743 -0.032273810 -0.003340251 0.035231762 -0.998852372
1403636723063555584.000000 0.627302885 5.110148907 5.440277100 -0.033220142 -0.004223845 0.032943107 -0.998896122
1403636723113555456.000000 0.625351250 5.106931686 5.420916080 -0.033650830 -0.004592892 0.031950492 -0.998912275
1403636723163555584.000000 0.623817146 5.103679180 5.402297974 -0.033588227 -0.004883154 0.031696308 -0.998921096
1403636723213555456.000000 0.621538579 5.100578308 5.384006977 -0.033524625 -0.004797776 0.031147422 -0.998940885
1403636723263555584.000000 0.610201895 5.095394135 5.375017643 0.032800015 0.005157741 -0.032140806 0.998931766
1403636723313555456.000000 0.605399191 5.092231274 5.357508659 0.031544007 0.005600039 -0.034272075 0.998898923
1403636723363555584.000000 0.599639058 5.089076042 5.340583801 0.029446462 0.005711458 -0.034666292 0.998948753
1403636723413555456.000000 0.589077234 5.086448669 5.323069096 -0.025384814 -0.006589830 0.035800695 -0.999014795
1403636723463555584.000000 0.581149220 5.083551407 5.306308746 -0.019981343 -0.009003373 0.036870621 -0.999079764
1403636723513555456.000000 0.573240399 5.080261230 5.289567947 -0.014553336 -0.013191960 0.034828693 -0.999200284
1403636723563555584.000000 0.567529380 5.076153278 5.273151398 -0.010185181 -0.019748947 0.030520389 -0.999287188
1403636723613555456.000000 0.563060462 5.071623802 5.255405426 -0.006270374 -0.026291236 0.026602553 -0.999280632
1403636723663555584.000000 0.572195828 5.067495346 5.228577137 -0.002238600 -0.025821265 0.023868505 -0.999379098
1403636723713555456.000000 0.569427967 5.061964035 5.208743572 0.001655937 -0.022292493 0.022443850 -0.999498188
1403636723763555584.000000 0.554730415 5.055629730 5.187536716 -0.005572177 0.019145068 -0.020428853 0.999592543
1403636723813555456.000000 0.551494896 5.049461842 5.165319920 -0.008243814 0.014381408 -0.017687388 0.999706149
1403636723863555584.000000 0.547813833 5.043444157 5.142828465 -0.010739294 0.010869017 -0.015761800 0.999759018
1403636723913555456.000000 0.542832136 5.037012577 5.120056152 -0.012843508 0.007352642 -0.013818083 0.999795079
1403636723963555584.000000 0.536581159 5.030553818 5.102866650 0.014910032 -0.002957549 0.011863872 -0.999814093
1403636724013555456.000000 0.528979301 5.024606228 5.082901478 0.018169194 0.001205461 0.010864041 -0.999775171
1403636724063555584.000000 0.520583510 5.019048691 5.063759327 0.022572119 0.004564444 0.009081917 -0.999693513
1403636724113555456.000000 0.510741234 5.014103889 5.045295715 0.028430797 0.008187094 0.007275804 -0.999535739
1403636724163555584.000000 0.500644803 5.009712219 5.027252197 0.035477273 0.008191870 0.005866441 -0.999319673
1403636724213555456.000000 0.484619707 5.007926464 5.008338928 -0.042686854 -0.009162257 -0.002437009 0.999043524
1403636724263555584.000000 0.472946435 5.004117489 4.992046833 -0.051331196 -0.008820183 0.000360997 0.998642683
1403636724313555456.000000 0.461236805 5.000347614 4.976647854 -0.060701534 -0.007365967 0.002420136 0.998125851
1403636724363555584.000000 0.451485842 4.996603966 4.961963654 0.069971591 0.005045590 -0.005177084 -0.997522831
1403636724413555456.000000 0.441953659 4.992709160 4.946507454 0.079428501 0.001838863 -0.007654202 -0.996809542
1403636724463555584.000000 0.433851689 4.988492489 4.930902004 0.087240867 -0.000314244 -0.010398027 -0.996132970
1403636724513555456.000000 0.427684724 4.983905315 4.914966583 0.094339333 -0.003275889 -0.011348382 -0.995470047
1403636724563555584.000000 0.422204673 4.978827953 4.898421764 0.099895388 -0.005771811 -0.012919083 -0.994897366
1403636724613555456.000000 0.418461174 4.973585606 4.882035732 0.104789414 -0.006365360 -0.014180288 -0.994373024
1403636724663555584.000000 0.417280287 4.967710495 4.865077496 0.108382620 -0.007227542 -0.015140587 -0.993967772
1403636724713555456.000000 0.415337175 4.962916374 4.856697559 -0.110990427 0.007769961 0.016288990 0.993657649
1403636724763555584.000000 0.417797863 4.956032276 4.839377880 -0.112991780 0.007276987 0.017283879 0.993418992
1403636724813555456.000000 0.422026426 4.948635101 4.821410179 -0.114151664 0.006429319 0.018006954 0.993279338
1403636724863555584.000000 0.428681672 4.940768719 4.801724434 0.114462063 -0.005471512 -0.019130740 -0.993228436
1403636724913555456.000000 0.436711580 4.932485580 4.782646179 0.113688469 -0.004795553 -0.021046730 -0.993281960
1403636724963555584.000000 0.446500808 4.923932552 4.763238907 0.112327650 -0.004144456 -0.023395691 -0.993387103
1403636725013555456.000000 0.458254963 4.915330887 4.743679523 0.110460892 -0.004170823 -0.026006270 -0.993531466
1403636725063555584.000000 0.472130150 4.906859398 4.723553181 0.108869746 -0.004764905 -0.028011458 -0.993649840
1403636725113555456.000000 0.487391233 4.898888111 4.703195095 0.107396878 -0.004457352 -0.029570185 -0.993766427
1403636725163555584.000000 0.503587961 4.891417503 4.683229923 0.106056042 -0.003564515 -0.031125132 -0.993866503
1403636725213555456.000000 0.521652281 4.884227753 4.671945572 -0.105867714 0.003683653 0.030201577 0.993914664
1403636725263555584.000000 0.536770821 4.878018379 4.653194904 -0.104968272 0.003232274 0.030352257 0.994007051
1403636725313555456.000000 0.550797284 4.872577667 4.634932041 -0.105630502 0.002517772 0.028177802 0.994002998
1403636725363555584.000000 0.563417792 4.867714405 4.617654800 -0.105747357 0.002266107 0.026975928 0.994024515
1403636725413555456.000000 0.574096739 4.862563133 4.598324299 0.106222063 -0.002502032 -0.025048712 -0.994023800
1403636725463555584.000000 0.583857179 4.858280182 4.581854343 0.106467679 -0.002504234 -0.024276055 -0.994016647
1403636725513555456.000000 0.592359424 4.854351997 4.566038132 0.106948458 -0.002311412 -0.022721766 -0.994002223
1403636725563555584.000000 0.599305689 4.850680351 4.550965786 0.107504748 -0.001540499 -0.022006165 -0.993959844
1403636725613555456.000000 0.605179608 4.847227573 4.536801338 0.108099222 -0.001627974 -0.020629205 -0.993924797
1403636725663555584.000000 0.609937191 4.843774319 4.523884296 0.108233973 -0.003332747 -0.020427769 -0.993910015
1403636725713555456.000000 0.611139238 4.836926937 4.516957760 -0.108570226 0.003820412 0.020903500 0.993861675
1403636725763555584.000000 0.613559186 4.833520412 4.506349087 -0.108510934 0.003375579 0.020830641 0.993871331
1403636725813555456.000000 0.614549816 4.829969883 4.496252537 -0.108443499 0.003729035 0.020526458 0.993883729
1403636725863555584.000000 0.614111483 4.826605797 4.487317562 -0.107918106 0.002209201 0.021212572 0.993931055
1403636725913555456.000000 0.612174153 4.823792934 4.476268768 0.106787279 -0.002485977 -0.023064775 -0.994011283
1403636725963555584.000000 0.609999955 4.820843220 4.468096733 0.106064126 -0.001956208 -0.023567770 -0.994078100
1403636726013555456.000000 0.607091367 4.818104744 4.460591793 0.105343901 -0.002887126 -0.024136316 -0.994138718
1403636726063555584.000000 0.603359342 4.815581322 4.453927994 0.105062239 -0.003176704 -0.023142984 -0.994191289
1403636726113555456.000000 0.598603547 4.813319683 4.448012829 0.105048746 -0.003430704 -0.021867178 -0.994220793
1403636726163555584.000000 0.593020201 4.810940266 4.442811489 0.104799397 -0.005264038 -0.020739565 -0.994263172
1403636726213555456.000000 0.594398141 4.803836823 4.424083233 -0.104583189 0.004755618 0.019966526 0.994304359
1403636726263555584.000000 0.586837351 4.801218987 4.419698715 -0.104331389 0.004865614 0.018759120 0.994353771
1403636726313555456.000000 0.580034256 4.798540592 4.415297985 -0.103569478 0.005290247 0.018510699 0.994435966
1403636726363555584.000000 0.574605346 4.795734882 4.410852432 -0.103263043 0.006450891 0.017450126 0.994480073
1403636726413555456.000000 0.575870395 4.794628620 4.405150414 0.102424607 -0.006859961 -0.017030908 -0.994571328
1403636726463555584.000000 0.576735318 4.791848183 4.400317192 0.101367444 -0.007571787 -0.017356616 -0.994668841
1403636726513555456.000000 0.579070687 4.788964748 4.395568371 0.099857710 -0.008117854 -0.019532654 -0.994776905
1403636726563555584.000000 0.583142579 4.785912991 4.390380383 0.096675359 -0.009812371 -0.025850389 -0.994931877
1403636726613555456.000000 0.588075042 4.783079147 4.384451389 0.092987061 -0.011298908 -0.034031197 -0.995021403
1403636726663555584.000000 0.592849493 4.780827522 4.376966476 0.089758217 -0.014221950 -0.040968116 -0.995019078
1403636726713555456.000000 0.587034583 4.775243282 4.336288452 -0.089084730 0.015009945 0.041647151 0.995039761
1403636726763555584.000000 0.593884826 4.774681091 4.324856758 -0.090240061 0.015722159 0.038008060 0.995070398
1403636726813555456.000000 0.602007508 4.775154114 4.311431408 -0.091772713 0.015569155 0.032280676 0.995134830
1403636726863555584.000000 0.619873047 4.780748844 4.306213379 0.091830030 -0.015457424 -0.025951624 -0.995316446
1403636726913555456.000000 0.633083999 4.783492565 4.294087887 0.091368586 -0.014854226 -0.020925507 -0.995486498
1403636726963555584.000000 0.647000730 4.786227226 4.280871868 0.090417452 -0.014378040 -0.017284805 -0.995650172
1403636727013555456.000000 0.662228405 4.789030075 4.267248154 0.089367785 -0.014419909 -0.015396624 -0.995775342
1403636727063555584.000000 0.677394509 4.791709423 4.252969265 0.088981256 -0.014464366 -0.012736850 -0.995846868
1403636727113555456.000000 0.691233456 4.794048309 4.238201141 0.088530399 -0.013765727 -0.010330294 -0.995924771
1403636727163555584.000000 0.703368723 4.796229839 4.223080635 0.088741824 -0.012689262 -0.007227860 -0.995947719
1403636727213555456.000000 0.711406946 4.792862892 4.181222916 -0.089078985 0.012160586 0.004323744 0.995940983
1403636727263555584.000000 0.719246030 4.791876793 4.163220406 -0.089544542 0.011436705 0.001544926 0.995916009
1403636727313555456.000000 0.725172341 4.789833069 4.142783165 -0.090400569 0.010702693 -0.001300406 0.995847166
1403636727363555584.000000 0.730819643 4.788018703 4.124851227 -0.090575859 0.008936829 -0.002216393 0.995847046
1403636727413555456.000000 0.738703907 4.792251587 4.120294094 0.090580873 -0.008417585 0.003307645 -0.995848060
1403636727463555584.000000 0.743526042 4.790192127 4.105398178 0.090951979 -0.008494302 0.004423868 -0.995809257
1403636727513555456.000000 0.748445272 4.787123203 4.090119839 0.090231270 -0.010217138 0.002603638 -0.995865047
1403636727563555584.000000 0.754073858 4.783123970 4.074289799 0.088952586 -0.011945918 -0.000894103 -0.995963871
1403636727613555456.000000 0.760773301 4.778451443 4.057326794 0.088580787 -0.013594893 -0.001966707 -0.995974302
1403636727663555584.000000 0.768282294 4.773049355 4.039681911 0.087767810 -0.014068225 -0.004110333 -0.996033192
1403636727713555456.000000 0.783233583 4.767341137 4.018631935 -0.088019006 0.012145229 0.003864045 0.996037304
1403636727763555584.000000 0.794778287 4.760640621 3.999477625 -0.088414274 0.011472891 0.002859100 0.996013641
1403636727813555456.000000 0.807671130 4.753128529 3.979163647 -0.088789739 0.010794901 0.001350566 0.995991051
1403636727863555584.000000 0.822311521 4.745084763 3.957713127 -0.090950593 0.009566210 -0.003459837 0.995803475
1403636727913555456.000000 0.836706579 4.737902641 3.938777447 0.092735574 -0.009240449 0.008009167 -0.995615721
1403636727963555584.000000 0.849636436 4.728512764 3.918106079 0.093201250 -0.009131459 0.009164384 -0.995563269
1403636728013555456.000000 0.860896409 4.718103409 3.897789955 0.092915073 -0.008879347 0.007776650 -0.995604098
1403636728063555584.000000 0.870628357 4.706794739 3.877962828 0.092377968 -0.008778639 0.005983390 -0.995667338
1403636728113555456.000000 0.879004836 4.694695473 3.858341932 0.091173381 -0.010597371 0.002549275 -0.995775402
1403636728163555584.000000 0.886075795 4.682167053 3.838971138 0.090975925 -0.011836880 0.000848245 -0.995782375
1403636728213555456.000000 0.890869737 4.668069363 3.833062410 -0.090490811 0.012848051 0.001017436 0.995813906
1403636728263555584.000000 0.894974828 4.654659271 3.814536095 -0.090213150 0.013536736 0.002204006 0.995828092
1403636728313555456.000000 0.897509873 4.640556812 3.796280861 -0.089806177 0.013394224 0.003785946 0.995862007
1403636728363555584.000000 0.898410201 4.626838207 3.777848005 0.090130188 -0.013080318 -0.003533095 -0.995837867
1403636728413555456.000000 0.897706270 4.612083435 3.759937763 0.088541590 -0.012785759 -0.007548297 -0.995961845
1403636728463555584.000000 0.895630360 4.597311497 3.742357731 0.086454347 -0.013664706 -0.013760750 -0.996067107
1403636728513555456.000000 0.891933143 4.582773685 3.724784613 0.083951198 -0.013686351 -0.021058381 -0.996153355
1403636728563555584.000000 0.887119472 4.568822384 3.707076788 0.081986643 -0.013363391 -0.024446862 -0.996243954
1403636728613555456.000000 0.881684780 4.555655479 3.689484596 0.079566158 -0.013891247 -0.026061885 -0.996392071
1403636728663555584.000000 0.876028299 4.543225765 3.671560287 0.077851243 -0.012848612 -0.021340411 -0.996653736
1403636728713555456.000000 0.868899941 4.529328823 3.675410986 -0.075338051 0.012722248 0.014694882 0.996968627
1403636728763555584.000000 0.866228878 4.517450333 3.656939745 -0.070697263 0.012047994 0.008160927 0.997391701
1403636728813555456.000000 0.865203142 4.505570412 3.637818813 -0.065016195 0.011225289 0.001197496 0.997820377
1403636728863555584.000000 0.865808606 4.493030071 3.618167400 -0.058926586 0.010984093 -0.004051961 0.998193681
1403636728913555456.000000 0.865443826 4.480770111 3.593799591 0.053075142 -0.012146624 0.009026105 -0.998475850
1403636728963555584.000000 0.865711570 4.468263626 3.572011471 0.047571089 -0.012914781 0.011858940 -0.998713970
1403636729013555456.000000 0.865818918 4.451176167 3.555265188 -0.042739552 0.014061571 -0.014401481 0.998883545
1403636729063555584.000000 0.863733172 4.438245296 3.533661127 -0.038492743 0.015583238 -0.017108336 0.998990893
1403636729113555456.000000 0.860001028 4.425205708 3.512529373 -0.034449287 0.016481532 -0.018579332 0.999097824
1403636729163555584.000000 0.854628265 4.411955357 3.491546631 -0.031572245 0.016136872 -0.020186052 0.999167383
1403636729213555456.000000 0.847627580 4.397918701 3.470056534 0.029103121 -0.014064257 0.020547735 -0.999266207
1403636729263555584.000000 0.839663088 4.383729935 3.448880911 0.026257381 -0.012985677 0.019148996 -0.999387503
1403636729313555456.000000 0.830634952 4.369430065 3.427575111 0.024843389 -0.012594468 0.019686591 -0.999418199
1403636729363555584.000000 0.820886552 4.354759216 3.406111240 0.023393767 -0.012589560 0.019116433 -0.999464333
1403636729413555456.000000 0.811186194 4.340144157 3.384207964 0.022756759 -0.013293549 0.019696392 -0.999458611
1403636729463555584.000000 0.802459896 4.325316906 3.361335516 0.022243127 -0.013450529 0.019906135 -0.999463916
1403636729513555456.000000 0.796276331 4.310011864 3.357558250 -0.021857761 0.013601992 -0.019853298 0.999471426
1403636729563555584.000000 0.789922833 4.295201778 3.333119869 -0.021341253 0.013011229 -0.019372247 0.999499917
1403636729613555456.000000 0.785839438 4.279879570 3.308851480 -0.021107318 0.012118109 -0.019351462 0.999516487
1403636729663555584.000000 0.782560527 4.264461517 3.284080744 -0.020977896 0.011505084 -0.019042471 0.999532402
1403636729713555456.000000 0.779043794 4.246976852 3.254143953 0.020475250 -0.011884257 0.017691413 -0.999563217
1403636729763555584.000000 0.776658177 4.231048107 3.227459431 0.020986529 -0.009983250 0.018058734 -0.999566853
1403636729813555456.000000 0.773439705 4.215029240 3.200786829 0.021270033 -0.007890660 0.017373143 -0.999591708
1403636729863555584.000000 0.768890619 4.199172020 3.174386740 0.021799533 -0.005212797 0.017733036 -0.999591529
1403636729913555456.000000 0.762931526 4.183234215 3.148397684 0.021437244 -0.003467527 0.015634192 -0.999641955
1403636729963555584.000000 0.756124973 4.167441368 3.123334885 0.021911275 -0.001707384 0.016580371 -0.999620974
1403636730013555456.000000 0.752147019 4.151085377 3.108244181 -0.021959385 0.000021497 -0.015582477 0.999637425
1403636730063555584.000000 0.743965387 4.134876251 3.084989548 -0.021686830 -0.000824683 -0.015472446 0.999644756
1403636730113555456.000000 0.735129654 4.118535519 3.062679768 -0.021185007 -0.001478618 -0.015508070 0.999654174
1403636730163555584.000000 0.725484312 4.102093220 3.041196823 -0.020797027 -0.001291228 -0.014439506 0.999678612
1403636730213555456.000000 0.712787092 4.084437847 3.018334389 0.021027453 0.002489845 0.015322641 -0.999658406
1403636730263555584.000000 0.700900197 4.068009377 2.997431278 0.020742191 0.002529702 0.015584821 -0.999660254
1403636730313555456.000000 0.688306570 4.051767826 2.977103949 0.019861503 0.001957719 0.013710835 -0.999706864
1403636730363555584.000000 0.674879134 4.035904884 2.957438707 0.019488465 0.002418714 0.013641111 -0.999714136
1403636730413555456.000000 0.661115825 4.020277977 2.938309669 0.019499712 0.003668016 0.014382712 -0.999699712
1403636730463555584.000000 0.644949615 4.006819248 2.918442488 -0.018955387 -0.007301704 -0.013979836 0.999695957
1403636730513555456.000000 0.634442210 3.991426945 2.899782896 -0.019291325 -0.011138402 -0.015189501 0.999636531
1403636730563555584.000000 0.626436234 3.975835085 2.881589174 -0.018843776 -0.015331929 -0.014275712 0.999602973
1403636730613555456.000000 0.621181011 3.960338354 2.864655733 -0.018515902 -0.018250503 -0.013720305 0.999567866
1403636730663555584.000000 0.617975771 3.944646835 2.848384142 0.018375805 0.019779889 0.013193180 -0.999548435
1403636730713555456.000000 0.619422197 3.928958416 2.833270788 0.017945915 0.020830339 0.013011793 -0.999537230
1403636730763555584.000000 0.623915613 3.913080215 2.819240093 0.018335905 0.022099286 0.013595129 -0.999495208
1403636730813555456.000000 0.629669130 3.897189856 2.805149078 0.018124105 0.022583434 0.013990055 -0.999482751
1403636730863555584.000000 0.627383769 3.884320498 2.784737110 -0.017468719 -0.023070054 -0.011848730 0.999511063
1403636730913555456.000000 0.633988082 3.868686199 2.771910667 -0.016497739 -0.023816278 -0.008208402 0.999546528
1403636730963555584.000000 0.639845967 3.853248596 2.760500431 -0.014874835 -0.022510128 -0.003156298 0.999631047
1403636731013555456.000000 0.644500792 3.838409662 2.750481844 -0.013495650 -0.021099070 0.002102621 0.999684155
1403636731063555584.000000 0.650196075 3.824005842 2.742617607 0.011303304 0.015438417 -0.008823187 -0.999777973
1403636731113555456.000000 0.654631376 3.811198473 2.735471487 0.010485544 0.008841869 -0.012707294 -0.999825239
1403636731163555584.000000 0.657714188 3.799838781 2.729313374 0.010145289 0.003613030 -0.014713541 -0.999833822
1403636731213555456.000000 0.659753501 3.790118217 2.723843813 0.011256556 -0.000246383 -0.013051361 -0.999851525
1403636731263555584.000000 0.665852368 3.778119802 2.723184347 0.013151586 -0.003569486 -0.009096559 -0.999865830
1403636731313555456.000000 0.665383518 3.771304846 2.718047380 0.015589283 -0.005369416 -0.004023169 -0.999855995
1403636731363555584.000000 0.653478146 3.773389339 2.700902700 -0.016933858 0.006346536 0.000061010 0.999836504
1403636731413555456.000000 0.650234163 3.767878294 2.696607828 -0.019051194 0.005298920 -0.004925770 0.999792337
1403636731463555584.000000 0.646147430 3.762887239 2.692158461 -0.019747566 0.005906391 -0.006441367 0.999766827
1403636731513555456.000000 0.641125381 3.758376598 2.687908173 -0.019443603 0.005067963 -0.005245099 0.999784350
1403636731563555584.000000 0.635079861 3.755179882 2.684603930 0.017671891 -0.004581445 0.001150190 -0.999832749
1403636731613555456.000000 0.628390312 3.751683474 2.680950880 0.016726738 -0.004874130 -0.001847327 -0.999846578
1403636731663555584.000000 0.620732725 3.748912573 2.677369356 0.015734866 -0.004736252 -0.004342175 -0.999855578
1403636731713555456.000000 0.612438023 3.747236252 2.674115419 0.016112167 -0.004958964 -0.003860048 -0.999850512
1403636731763555584.000000 0.603145719 3.746519804 2.670782328 0.017268561 -0.004576910 -0.000812735 -0.999840140
1403636731813555456.000000 0.592811108 3.746576309 2.667366743 0.017920159 -0.004599596 0.001126424 -0.999828279
1403636731863555584.000000 0.577757657 3.745529890 2.672045946 -0.018602060 0.004900127 -0.003523388 0.999808729
1403636731913555456.000000 0.566035688 3.746430159 2.668525457 -0.018697949 0.005235772 -0.005321349 0.999797285
1403636731963555584.000000 0.553542912 3.747612476 2.664940834 -0.018590335 0.006025783 -0.005686066 0.999792874
1403636732013555456.000000 0.540030479 3.748869896 2.661786079 -0.018440260 0.006260185 -0.006397037 0.999789894
1403636732063555584.000000 0.525650144 3.751511097 2.661721230 0.018422423 -0.007824845 0.007395577 -0.999772370
1403636732113555456.000000 0.510000050 3.753714561 2.659671783 0.018033283 -0.007972143 0.006849360 -0.999782205
1403636732163555584.000000 0.493452966 3.756101370 2.657729626 0.017917475 -0.008110704 0.007988043 -0.999774635
1403636732213555456.000000 0.477561206 3.758661032 2.655122042 0.017825486 -0.009712053 0.008573682 -0.999757230
1403636732263555584.000000 0.462806910 3.761307716 2.651544094 0.018075174 -0.010526208 0.010498926 -0.999726176
1403636732313555456.000000 0.449078411 3.763934612 2.646471977 0.017264063 -0.011475385 0.009509371 -0.999739885
1403636732363555584.000000 0.443504155 3.766084433 2.652399302 -0.018124370 0.010788287 -0.012311451 0.999701738
1403636732413555456.000000 0.433978915 3.768625736 2.644693375 -0.019669041 0.012402325 -0.016687142 0.999590397
1403636732463555584.000000 0.426934779 3.771135330 2.635695934 -0.022049356 0.014833094 -0.023838321 0.999362648
1403636732513555456.000000 0.421549529 3.773165464 2.624413252 -0.024819950 0.017692400 -0.032366920 0.999011219
1403636732563555584.000000 0.413848907 3.772590160 2.611074686 0.026747152 -0.020724289 0.038582738 -0.998682439
1403636732613555456.000000 0.409059256 3.771413326 2.597107410 0.028153596 -0.023859218 0.043560725 -0.998368979
1403636732663555584.000000 0.404954761 3.768537998 2.581784964 0.027463719 -0.026477614 0.043297615 -0.998333633
1403636732713555456.000000 0.401658833 3.764197826 2.565111637 0.025646558 -0.028468892 0.039540846 -0.998483002
1403636732763555584.000000 0.399351299 3.758580923 2.547062397 0.023519533 -0.028813589 0.034899388 -0.998698533
1403636732813555456.000000 0.399209827 3.752650976 2.528841972 0.021181982 -0.029803155 0.030014010 -0.998880506
1403636732863555584.000000 0.405819714 3.742444992 2.521395922 -0.020438144 0.029320529 -0.028324626 0.998959661
1403636732913555456.000000 0.403699309 3.735304832 2.501828909 -0.019651668 0.028327700 -0.027146226 0.999036789
1403636732963555584.000000 0.399369359 3.727421284 2.481615067 -0.018966880 0.026193345 -0.026063943 0.999137044
1403636733013555456.000000 0.393075734 3.718922853 2.461427450 -0.018415378 0.023270624 -0.025650548 0.999230444
1403636733063555584.000000 0.382839859 3.706294298 2.435733795 0.018436177 -0.020598646 0.025804009 -0.999284685
1403636733113555456.000000 0.376623929 3.696045637 2.412755966 0.018025838 -0.016674384 0.025387617 -0.999376118
1403636733163555584.000000 0.369233251 3.687212467 2.381568909 0.018888766 -0.016651830 0.028196581 -0.999285161
1403636733213555456.000000 0.370144874 3.673866510 2.363483906 0.018599495 -0.015098666 0.028397473 -0.999309659
1403636733263555584.000000 0.372917056 3.658833981 2.342180252 -0.018557772 0.014169543 -0.029523842 0.999291420
1403636733313555456.000000 0.372440219 3.646035910 2.315073967 -0.017490350 0.013568606 -0.027884377 0.999366045
1403636733363555584.000000 0.372227013 3.632682800 2.287410021 -0.016378956 0.011375332 -0.026061883 0.999461412
1403636733413555456.000000 0.373538673 3.618882895 2.259783030 -0.015146176 0.008781523 -0.024493990 0.999546707
1403636733463555584.000000 0.374696165 3.603550434 2.231803894 0.014381863 -0.007074663 0.021924797 -0.999631226
1403636733513555456.000000 0.377860427 3.588698387 2.204054832 0.014026118 -0.004987799 0.021549480 -0.999657035
1403636733563555584.000000 0.380269617 3.573636770 2.176393270 0.013649185 -0.003511277 0.020638218 -0.999687672
1403636733613555456.000000 0.381714016 3.558478594 2.149104357 0.013532748 -0.002183226 0.021646455 -0.999671698
1403636733663555584.000000 0.381715208 3.543153286 2.122369766 0.012955475 -0.001000037 0.019882603 -0.999717951
1403636733713555456.000000 0.380510330 3.527737856 2.096357346 0.012789995 0.000131741 0.020103876 -0.999716163
1403636733763555584.000000 0.386918128 3.510702372 2.068697453 -0.013082727 -0.000798875 -0.021045746 0.999692559
1403636733813555456.000000 0.382880390 3.495179176 2.044465542 -0.012818370 -0.002785948 -0.020523576 0.999703348
1403636733863555584.000000 0.378243327 3.479566097 2.020467281 -0.012662919 -0.003679288 -0.020536408 0.999702215
1403636733913555456.000000 0.372770786 3.463731766 1.997392416 -0.013138161 -0.002520188 -0.022127612 0.999665618
1403636733963555584.000000 0.366732419 3.447968721 1.974930286 -0.014292374 -0.000345438 -0.025254041 0.999578893
1403636734013555456.000000 0.358785063 3.431359768 1.954259872 0.014721343 -0.002881267 0.026541149 -0.999535203
1403636734063555584.000000 0.350912541 3.415037394 1.932958364 0.015212466 -0.005403165 0.026555119 -0.999517024
1403636734113555456.000000 0.342844456 3.398244858 1.911890745 0.015272195 -0.007505367 0.024999563 -0.999542594
1403636734163555584.000000 0.335297614 3.381196260 1.890345454 0.015469522 -0.008243185 0.024572404 -0.999544442
1403636734213555456.000000 0.329061508 3.363574028 1.868543625 0.014730283 -0.008503945 0.023028852 -0.999590158
1403636734263555584.000000 0.325931668 3.349386930 1.839358687 -0.013322470 0.009276721 -0.021950426 0.999627292
1403636734313555456.000000 0.322623432 3.331386805 1.815485835 -0.012367164 0.008103766 -0.020388408 0.999682844
1403636734363555584.000000 0.321060508 3.313192606 1.791189551 -0.011630355 0.006651360 -0.019410804 0.999721885
1403636734413555456.000000 0.321640611 3.295115709 1.765906572 -0.010644373 0.005084409 -0.017989190 0.999768615
1403636734463555584.000000 0.323326916 3.276846647 1.740289450 -0.010108881 0.003159359 -0.017890768 0.999783933
1403636734513555456.000000 0.322923988 3.258711338 1.716615796 0.009426504 -0.001512111 0.017446334 -0.999802291
1403636734563555584.000000 0.323002785 3.240742445 1.692449927 0.008960756 0.000754237 0.017308407 -0.999809802
1403636734613555456.000000 0.322059155 3.222836256 1.668929458 0.008331371 0.002742446 0.017056113 -0.999816060
1403636734663555584.000000 0.319902927 3.205260038 1.646112204 0.008317757 0.004611685 0.018020961 -0.999792397
1403636734713555456.000000 0.316566527 3.187716484 1.624355078 0.007974820 0.005422805 0.018958578 -0.999773800
1403636734763555584.000000 0.316049337 3.170634747 1.591189861 -0.007721647 -0.006349797 -0.020842953 0.999732852
1403636734813555456.000000 0.309833169 3.153607607 1.570943475 -0.007137186 -0.007471198 -0.020743353 0.999731481
1403636734863555584.000000 0.302549243 3.136679411 1.551642060 -0.006421404 -0.007639276 -0.020827467 0.999733329
1403636734913555456.000000 0.294363499 3.120096445 1.533412218 -0.005659088 -0.007924538 -0.020471005 0.999743044
1403636734963555584.000000 0.287769914 3.104391098 1.517903686 0.005091345 0.008065361 0.019849410 -0.999757528
1403636735013555456.000000 0.279086351 3.088221073 1.502138257 0.005241201 0.007963764 0.020974379 -0.999734581
1403636735063555584.000000 0.269850999 3.072025537 1.487186193 0.004864170 0.007449568 0.020307856 -0.999754190
1403636735113555456.000000 0.260534465 3.055903912 1.472442031 0.004762645 0.007426370 0.019498959 -0.999770999
1403636735163555584.000000 0.252068013 3.040070534 1.457555890 0.004398990 0.007636189 0.018250592 -0.999794602
1403636735213555456.000000 0.245047450 3.024251699 1.443051338 0.004535294 0.008662623 0.017319905 -0.999802172
1403636735263555584.000000 0.211874664 3.011197329 1.410425901 -0.004277935 -0.009216548 -0.015596406 0.999826789
1403636735313555456.000000 0.209910661 2.995124817 1.395894647 -0.004623985 -0.010693886 -0.014093729 0.999832809
1403636735363555584.000000 0.210997686 2.979211092 1.381232142 -0.005271896 -0.011831608 -0.012835884 0.999833763
1403636735413555456.000000 0.214415208 2.963497639 1.365135550 -0.006562746 -0.010271479 -0.012754308 0.999844372
1403636735463555584.000000 0.228852987 2.951074362 1.353991866 0.007567097 0.009226690 0.011053702 -0.999867737
1403636735513555456.000000 0.238480821 2.936599255 1.339497328 0.009624878 0.008842279 0.011446932 -0.999849081
1403636735563555584.000000 0.250470579 2.922602892 1.325252175 0.011503335 0.007586419 0.011455312 -0.999839485
1403636735613555456.000000 0.262084424 2.908439875 1.310861945 0.013319585 0.006751126 0.011931856 -0.999817312
1403636735663555584.000000 0.273380667 2.894695520 1.297084570 0.015286013 0.006473305 0.012165453 -0.999788225
1403636735713555456.000000 0.283293545 2.881177425 1.284391642 0.016442113 0.007368734 0.011253182 -0.999774396
1403636735763555584.000000 0.271153122 2.873791218 1.264238119 -0.017719019 -0.005870467 -0.011420069 0.999760628
1403636735813555456.000000 0.277031392 2.860630274 1.252137423 -0.018460685 -0.005642788 -0.010301023 0.999760687
1403636735863555584.000000 0.281617582 2.847778082 1.240488172 -0.019138159 -0.004944047 -0.010513471 0.999749422
1403636735913555456.000000 0.284554183 2.835990906 1.229531169 -0.019308275 -0.004481177 -0.010358003 0.999749959
1403636735963555584.000000 0.293464959 2.826253653 1.223627210 0.019634914 0.004321206 0.010722924 -0.999740422
1403636736013555456.000000 0.297434539 2.814728022 1.214945316 0.018465763 0.003632735 0.012232441 -0.999748111
1403636736063555584.000000 0.302255988 2.802957296 1.206196308 0.015669184 0.003110725 0.014091018 -0.999773145
1403636736113555456.000000 0.308751881 2.790880442 1.196768880 0.010982891 0.001159751 0.014975484 -0.999826849
1403636736163555584.000000 0.316609412 2.778512955 1.186658144 0.005224608 -0.000651941 0.017205229 -0.999838173
1403636736213555456.000000 0.325971067 2.766093969 1.175365210 -0.001162078 -0.002337534 0.019064005 -0.999814868
1403636736263555584.000000 0.339825928 2.760218143 1.168170571 0.007346484 0.003359423 -0.021312322 0.999740303
1403636736313555456.000000 0.348852634 2.748473406 1.156789303 0.012406384 0.003751978 -0.024030712 0.999627292
1403636736363555584.000000 0.356466502 2.736893654 1.145969033 0.016702125 0.003898807 -0.026789544 0.999494016
1403636736413555456.000000 0.362759680 2.725929976 1.135844111 0.020470893 0.003738015 -0.028907966 0.999365449
1403636736463555584.000000 0.365634143 2.714728832 1.123988032 -0.022633689 -0.004172293 0.033619028 -0.999169767
1403636736513555456.000000 0.367988616 2.703723192 1.114397287 -0.023891075 -0.005167881 0.038997442 -0.998940349
1403636736563555584.000000 0.368509203 2.692761898 1.105323911 -0.024953043 -0.005893921 0.043716725 -0.998714924
1403636736613555456.000000 0.367545456 2.681769609 1.096526742 -0.025586762 -0.006526954 0.047599800 -0.998517454
1403636736663555584.000000 0.365444660 2.670199871 1.087712169 -0.026687661 -0.007441168 0.049118638 -0.998408616
1403636736713555456.000000 0.362323165 2.658028364 1.079022288 -0.027465215 -0.008224066 0.050662760 -0.998304248
1403636736763555584.000000 0.384703189 2.647472620 1.082893610 0.028372820 0.006468694 -0.051649086 0.998241246
1403636736813555456.000000 0.380048484 2.634286165 1.074605465 0.029137183 0.007532889 -0.052810404 0.998151004
1403636736863555584.000000 0.375584513 2.620682478 1.066627026 0.030627003 0.007851637 -0.051607832 0.998166859
1403636736913555456.000000 0.370863348 2.606265306 1.059241295 0.031374943 0.006866548 -0.052667338 0.998095572
1403636736963555584.000000 0.357362509 2.588642836 1.047309399 -0.032990359 -0.006770569 0.050785057 -0.998141646
1403636737013555456.000000 0.348770350 2.572184801 1.038161993 -0.035427872 -0.006668658 0.047474351 -0.998221755
1403636737063555584.000000 0.339166045 2.555326700 1.028776646 -0.037900064 -0.007058109 0.044719756 -0.998255432
1403636737113555456.000000 0.329023778 2.538188934 1.019347548 -0.040819053 -0.007771372 0.040865254 -0.998300374
1403636737163555584.000000 0.318146735 2.521277905 1.010024667 -0.042620156 -0.007517758 0.040058751 -0.998259723
1403636737213555456.000000 0.307083577 2.504439116 1.001168489 -0.044451140 -0.007399749 0.039113291 -0.998218179
1403636737263555584.000000 0.323927581 2.482397079 1.006282687 0.046523489 0.004783961 -0.037338495 0.998207688
1403636737313555456.000000 0.311872691 2.465887308 0.997398674 0.047466286 0.002616840 -0.038318913 0.998134136
1403636737363555584.000000 0.300690860 2.449398756 0.988236070 0.049039509 0.000658527 -0.037533280 0.998091161
1403636737413555456.000000 0.293749660 2.432926655 0.979176104 0.050190285 -0.001620938 -0.038171168 0.998008728
1403636737463555584.000000 0.286953330 2.416464806 0.968568563 0.051294081 -0.004061535 -0.038481854 0.997933686
1403636737513555456.000000 0.273816109 2.399737835 0.954116940 -0.051677406 0.005661713 0.039922103 -0.997849524
1403636737563555584.000000 0.269407630 2.383750200 0.942360520 -0.053000849 0.006406524 0.038419586 -0.997834623
1403636737613555456.000000 0.266549945 2.368191242 0.930494428 -0.054293949 0.007386706 0.036339186 -0.997836232
1403636737663555584.000000 0.258411825 2.351361275 0.921473444 0.056235012 -0.008174176 -0.032846425 0.997843623
1403636737713555456.000000 0.259386092 2.336475134 0.909575284 0.057518955 -0.009656555 -0.029744035 0.997854531
1403636737763555584.000000 0.262176871 2.322544098 0.897938490 0.058553047 -0.010218164 -0.027331943 0.997857749
1403636737813555456.000000 0.266077936 2.309154987 0.885915399 0.059284803 -0.010979308 -0.024665175 0.997875988
1403636737863555584.000000 0.274546176 2.296123266 0.874538422 0.059563421 -0.011096559 -0.023020886 0.997897387
1403636737913555456.000000 0.276492655 2.283442974 0.859211147 -0.059405334 0.011485236 0.022667732 -0.997910500
1403636737963555584.000000 0.288251787 2.272560835 0.846829534 -0.059397422 0.010570738 0.021841483 -0.997939527
1403636738013555456.000000 0.301654696 2.262683153 0.834049940 -0.058650363 0.009940393 0.021815399 -0.997990668
1403636738063555584.000000 0.316623926 2.253954411 0.821201563 -0.057687674 0.010060535 0.022355299 -0.998033643
1403636738113555456.000000 0.332332492 2.246281147 0.809228122 -0.056060661 0.008426716 0.025222015 -0.998073220
1403636738163555584.000000 0.359434038 2.232147217 0.815530896 0.054724541 -0.008218938 -0.026484739 0.998116374
1403636738213555456.000000 0.373608470 2.225573540 0.806551099 0.053412359 -0.006888707 -0.027839150 0.998160660
1403636738263555584.000000 0.386536330 2.219043970 0.800016761 0.052555308 -0.006720053 -0.027718432 0.998210609
1403636738313555456.000000 0.398090035 2.212598562 0.793860078 0.051605478 -0.006780809 -0.028252702 0.998244822
1403636738363555584.000000 0.409211963 2.206414223 0.781059980 -0.050411671 0.007000171 0.027784377 -0.998317480
1403636738413555456.000000 0.418647707 2.201010704 0.775280416 -0.049682613 0.007387151 0.027535954 -0.998358130
1403636738463555584.000000 0.426847219 2.196364641 0.770683110 -0.047735803 0.007795591 0.027438102 -0.998452663
1403636738513555456.000000 0.433761477 2.192618132 0.767497182 -0.044439245 0.008896136 0.025854565 -0.998637855
1403636738563555584.000000 0.438994586 2.189645767 0.765889406 -0.039684672 0.010542028 0.023814611 -0.998872817
1403636738613555456.000000 0.442695379 2.187377453 0.765984297 -0.033926174 0.012225614 0.020432524 -0.999140680
1403636738663555584.000000 0.435929030 2.181360960 0.771918893 0.026104458 -0.011866271 -0.016964871 0.999444842
1403636738713555456.000000 0.437129289 2.180534124 0.774747431 0.017775754 -0.011079961 -0.012378749 0.999704003
1403636738763555584.000000 0.436764240 2.180526495 0.778575301 0.008358455 -0.007993998 -0.007574355 0.999904454
1403636738813555456.000000 0.435000122 2.181065559 0.783266366 -0.001668271 -0.005048664 -0.001537394 0.999984682
1403636738863555584.000000 0.434662938 2.181981564 0.785224497 0.012192650 0.001411054 -0.005360528 -0.999910355
1403636738913555456.000000 0.430880159 2.184715271 0.790173888 0.023543766 -0.000613181 -0.011695196 -0.999654233
1403636738963555584.000000 0.425717175 2.188444138 0.795717895 0.034881450 -0.002332289 -0.019435249 -0.999199748
1403636739013555456.000000 0.419325680 2.193430185 0.801734269 0.046769455 -0.004258042 -0.027602974 -0.998515189
1403636739063555584.000000 0.411615431 2.199850798 0.808183312 0.059349142 -0.005137603 -0.035261855 -0.997601032
1403636739113555456.000000 0.403142571 2.207766294 0.814742684 0.073538803 -0.006053037 -0.039455678 -0.996493220
1403636739163555584.000000 0.381308734 2.217784882 0.808492362 -0.088558018 0.006525212 0.041339472 0.995191455
1403636739213555456.000000 0.370574921 2.228310108 0.814864337 -0.103930205 0.007414165 0.043175776 0.993619382
1403636739263555584.000000 0.358673960 2.239950895 0.821262956 -0.119815312 0.007346244 0.043721814 0.991805851
1403636739313555456.000000 0.345874518 2.252308130 0.827432811 -0.135646671 0.007728371 0.043620154 0.989766419
1403636739363555584.000000 0.335694611 2.264842510 0.833055258 0.151499495 -0.007545868 -0.042849567 -0.987499356
1403636739413555456.000000 0.324926674 2.277477980 0.838047743 0.165929958 -0.007046716 -0.043787595 -0.985139728
1403636739463555584.000000 0.315798193 2.289982319 0.842310965 0.179822221 -0.006936098 -0.045475885 -0.982622981
1403636739513555456.000000 0.308594048 2.302023649 0.845973492 0.192190707 -0.006607285 -0.049661785 -0.980077982
1403636739563555584.000000 0.293211043 2.313015461 0.833819389 -0.202131420 0.008822218 0.055168159 0.977763534
1403636739613555456.000000 0.289855629 2.324169159 0.836426616 -0.210308701 0.009497571 0.060372189 0.975722969
1403636739663555584.000000 0.288097799 2.335243464 0.838662863 -0.217712507 0.008523850 0.062995218 0.973940611
1403636739713555456.000000 0.287183374 2.346045971 0.840795398 -0.223204076 0.009380491 0.065331884 0.972534716
1403636739763555584.000000 0.286130071 2.357087135 0.842986524 0.226510480 -0.010057908 -0.070004515 -0.971437693
1403636739813555456.000000 0.283692777 2.367932320 0.846551657 0.229104087 -0.010552892 -0.072615273 -0.970632255
1403636739863555584.000000 0.280134559 2.379098654 0.850958824 0.231210545 -0.010230108 -0.074277729 -0.970010281
1403636739913555456.000000 0.275708139 2.390701771 0.855968177 0.232558861 -0.010119904 -0.074816041 -0.969647706
1403636739963555584.000000 0.269911528 2.402547359 0.861352563 0.233518213 -0.010168944 -0.074522659 -0.969439209
1403636740013555456.000000 0.263112515 2.414554596 0.866866767 0.234044328 -0.009244530 -0.073694386 -0.969384849
1403636740063555584.000000 0.241663620 2.418050528 0.856908917 -0.234353632 0.008980243 0.071956888 0.969443142
1403636740113555456.000000 0.232416153 2.429963350 0.862038732 -0.234823436 0.008897197 0.068678729 0.969567955
1403636740163555584.000000 0.221840143 2.441529512 0.866586924 -0.235361367 0.008018071 0.064579330 0.969726861
1403636740213555456.000000 0.209530383 2.452472925 0.869522452 -0.235719249 0.008012868 0.059963427 0.969936490
1403636740263555584.000000 0.201569930 2.466210842 0.880341113 0.235703886 -0.007416809 -0.056395594 -0.970158935
1403636740313555456.000000 0.189760193 2.477207661 0.886802673 0.234362394 -0.009177769 -0.056551408 -0.970459759
1403636740363555584.000000 0.176737905 2.487627506 0.893640757 0.232166141 -0.010193399 -0.057926122 -0.970896304
1403636740413555456.000000 0.162430733 2.497445822 0.900705993 0.229944497 -0.011563158 -0.060885623 -0.971228540
1403636740463555584.000000 0.146659002 2.506927729 0.907767177 0.228031799 -0.011395538 -0.062923610 -0.971551538
1403636740513555456.000000 0.130176544 2.515440226 0.912995219 0.225940838 -0.013876630 -0.064604647 -0.971897304
1403636740563555584.000000 0.104812220 2.517166138 0.904170156 -0.224769399 0.014966486 0.064308837 0.972172439
1403636740613555456.000000 0.090762883 2.525550842 0.907945931 -0.223514557 0.015359706 0.064047843 0.972472727
1403636740663555584.000000 0.077975318 2.533594847 0.910664320 -0.221918628 0.014542142 0.065657564 0.972743452
1403636740713555456.000000 0.065909117 2.541409254 0.911893189 -0.220626518 0.012569470 0.066931017 0.972978055
1403636740763555584.000000 0.058421619 2.552749872 0.917694449 0.219833955 -0.009734228 -0.066212051 -0.973239064
1403636740813555456.000000 0.048586294 2.562002420 0.919252157 0.218789220 -0.009206482 -0.066570841 -0.973455131
1403636740863555584.000000 0.037717275 2.571451902 0.920630097 0.218061641 -0.010029506 -0.066423446 -0.973620296
1403636740913555456.000000 0.025343753 2.581047058 0.922102213 0.218405694 -0.010778579 -0.063068964 -0.973758280
1403636740963555584.000000 0.011540268 2.590637922 0.923640668 0.219690502 -0.011935497 -0.058157083 -0.973761499
1403636741013555456.000000 -0.004013214 2.599765062 0.925101340 0.221879601 -0.011582740 -0.050792303 -0.973681450
1403636741063555584.000000 -0.018330038 2.611593246 0.926017165 -0.224851564 0.011981430 0.044656638 0.973295510
1403636741113555456.000000 -0.038374625 2.618903875 0.928168416 -0.227615371 0.013290857 0.042961691 0.972712100
1403636741163555584.000000 -0.060321715 2.625404835 0.930117369 -0.231012136 0.015236680 0.044428833 0.971816599
1403636741213555456.000000 -0.083795756 2.630827188 0.932538092 -0.233757973 0.017471390 0.049310833 0.970886469
1403636741263555584.000000 -0.108129174 2.637901783 0.936478257 0.235504791 -0.019069185 -0.055917814 -0.970075786
1403636741313555456.000000 -0.134511828 2.641825676 0.939407766 0.236467719 -0.019170225 -0.061752502 -0.969485521
1403636741363555584.000000 -0.156375855 2.645821095 0.949321628 -0.237594172 0.015958989 0.068171553 0.968837976
1403636741413555456.000000 -0.181889519 2.648586035 0.950726509 -0.239023656 0.012643552 0.072464369 0.968223512
1403636741463555584.000000 -0.205968991 2.651212931 0.951608777 -0.240464553 0.008532484 0.075440362 0.967684269
1403636741513555456.000000 -0.228718966 2.654011488 0.952097416 -0.241654128 0.001419526 0.078153677 0.967209041
1403636741563555584.000000 -0.248915017 2.654648781 0.952868819 0.241380081 0.001786619 -0.083690211 -0.966813564
1403636741613555456.000000 -0.267736137 2.657463789 0.952214122 0.243181646 0.006008178 -0.082072370 -0.966483712
1403636741663555584.000000 -0.284547925 2.660778522 0.951639950 0.243716657 0.007803737 -0.082267672 -0.966319442
1403636741713555456.000000 -0.298854589 2.664816380 0.951092839 0.244269535 0.007450949 -0.081388406 -0.966257155
1403636741763555584.000000 -0.310649723 2.669756651 0.951141238 0.244729072 0.005318285 -0.079290390 -0.966329396
1403636741813555456.000000 -0.321391523 2.675415039 0.951695681 0.244998902 0.003212228 -0.076555789 -0.966490805
1403636741863555584.000000 -0.322909951 2.688590288 0.957519412 -0.245216206 -0.001314900 0.072887674 0.966723680
1403636741913555456.000000 -0.335448563 2.695111752 0.960060716 -0.245384440 -0.000398846 0.068851456 0.966977656
1403636741963555584.000000 -0.349469155 2.702063084 0.963653445 -0.245799139 0.000021796 0.063253574 0.967254758
1403636742013555456.000000 -0.364855111 2.708765268 0.968570650 -0.245886624 -0.001983714 0.058909066 0.967504859
1403636742063555584.000000 -0.380826443 2.711061239 0.971193910 0.244673163 0.004958407 -0.057399474 -0.967892468
1403636742113555456.000000 -0.395945609 2.715470791 0.976653337 0.242433593 0.009635225 -0.058956318 -0.968327045
1403636742163555584.000000 -0.409331799 2.719383001 0.982475162 0.239889726 0.012401206 -0.062021434 -0.968737602
1403636742213555456.000000 -0.421069920 2.723262072 0.988963544 0.237632230 0.013451103 -0.064121448 -0.969143152
1403636742263555584.000000 -0.430485249 2.727234364 0.995823979 0.234739035 0.013320689 -0.067842238 -0.969596624
1403636742313555456.000000 -0.438170403 2.731472254 1.002416968 0.232639939 0.010792545 -0.068370558 -0.970096767
1403636742363555584.000000 -0.434357166 2.741130352 1.004575610 -0.230915472 -0.006706070 0.069375552 0.970474243
1403636742413555456.000000 -0.437948406 2.745740891 1.011394024 -0.229591176 -0.002299928 0.068562202 0.970866561
1403636742463555584.000000 -0.439787149 2.750716925 1.018300295 -0.228570849 0.000608431 0.068424232 0.971119523
1403636742513555456.000000 -0.440896124 2.756241560 1.025668263 -0.227737844 0.002629047 0.067574345 0.971371353
1403636742563555584.000000 -0.443906248 2.759242058 1.031308770 0.226884693 -0.003686713 -0.067264423 -0.971589088
1403636742613555456.000000 -0.444479585 2.764434099 1.038659096 0.226531819 -0.005813377 -0.066116124 -0.971739829
1403636742663555584.000000 -0.446024507 2.769720316 1.046366930 0.226229012 -0.008609146 -0.065317802 -0.971843600
1403636742713555456.000000 -0.449496418 2.775078535 1.054880857 0.225373089 -0.011319523 -0.064804040 -0.972049057
1403636742763555584.000000 -0.455286205 2.780627966 1.064206123 0.224741459 -0.013428970 -0.064036041 -0.972219348
1403636742813555456.000000 -0.462541163 2.786122084 1.073728323 0.224350780 -0.014912699 -0.063649401 -0.972313285
1403636742863555584.000000 -0.461298168 2.795116901 1.076274157 -0.222891450 0.015837356 0.064237289 0.972595632
1403636742913555456.000000 -0.471873522 2.800411224 1.085446358 -0.222111881 0.016555609 0.064706579 0.972730875
1403636742963555584.000000 -0.484084606 2.805643797 1.094307303 -0.222749025 0.016689148 0.065585420 0.972524047
1403636743013555456.000000 -0.500303984 2.811007261 1.105921030 0.224720553 -0.014519835 -0.066507965 -0.972042501
1403636743063555584.000000 -0.517274141 2.816662788 1.116280437 0.227216467 -0.009281853 -0.069578089 -0.971311212
1403636743113555456.000000 -0.534187138 2.823691130 1.123545170 -0.229558602 0.000800163 0.074029781 0.970475078
1403636743163555584.000000 -0.550571144 2.829762697 1.133693218 -0.231638864 -0.010051965 0.078497663 0.969577491
1403636743213555456.000000 -0.565148711 2.836521149 1.143851042 -0.233640477 -0.018048534 0.081413329 0.968740582
1403636743263555584.000000 -0.578152299 2.843914270 1.154151201 -0.236080065 -0.026761658 0.082793057 0.967830241
1403636743313555456.000000 -0.586365163 2.852257252 1.163782120 0.237330928 0.030220605 -0.085521892 -0.967185020
1403636743363555584.000000 -0.592764437 2.861403942 1.174869657 0.238093808 0.031831581 -0.088076979 -0.966716349
1403636743413555456.000000 -0.595853209 2.871865511 1.186878443 0.238981277 0.031576712 -0.089457676 -0.966378927
1403636743463555584.000000 -0.596432269 2.883592606 1.200282812 0.239986151 0.027909912 -0.089095950 -0.966276169
1403636743513555456.000000 -0.597127080 2.896355391 1.214519143 0.241150886 0.024425946 -0.088115722 -0.966170490
1403636743563555584.000000 -0.598498225 2.910060167 1.230114222 0.242186233 0.019449515 -0.086662248 -0.966155887
1403636743613555456.000000 -0.616659880 2.928093195 1.247807264 -0.243173450 -0.014392811 0.082465231 0.966363847
1403636743663555584.000000 -0.620757759 2.943338156 1.266632318 -0.244197980 -0.011322944 0.079595089 0.966387033
1403636743713555456.000000 -0.626096129 2.959180355 1.286451817 -0.245539472 -0.006762763 0.076431885 0.966345131
1403636743763555584.000000 -0.632706881 2.975826263 1.307435751 -0.248235494 -0.001763754 0.073918104 0.965873837
1403636743813555456.000000 -0.638991833 2.990973234 1.328609943 0.251278132 -0.001362380 -0.074540488 -0.965039492
1403636743863555584.000000 -0.647768080 3.006987333 1.351019621 0.253658473 -0.005280550 -0.077680565 -0.964155257
1403636743913555456.000000 -0.657413483 3.022960186 1.373983622 0.257230073 -0.008102890 -0.076484635 -0.963284612
1403636743963555584.000000 -0.668586254 3.039107084 1.397752285 0.260053605 -0.010743608 -0.075739816 -0.962559164
1403636744013555456.000000 -0.681323647 3.055401802 1.422589898 0.262045950 -0.012198708 -0.076535113 -0.961938441
1403636744063555584.000000 -0.695226312 3.071665287 1.447829247 0.266094446 -0.013180994 -0.075298131 -0.960911214
1403636744113555456.000000 -0.721665382 3.088924408 1.471905470 -0.270072997 0.014433585 0.076345332 0.959699810
1403636744163555584.000000 -0.738444984 3.104562283 1.497597456 -0.274155587 0.015579867 0.077643365 0.958419263
1403636744213555456.000000 -0.757113099 3.119305134 1.522963166 -0.276989847 0.017449420 0.080276057 0.957354724
1403636744263555584.000000 -0.777411342 3.133687973 1.548440933 -0.279040784 0.020082640 0.083493695 0.956431866
1403636744313555456.000000 -0.798649490 3.146025658 1.574266553 0.281115562 -0.020881936 -0.085575208 -0.955622792
1403636744363555584.000000 -0.821781278 3.159293890 1.600219965 0.282034397 -0.021835865 -0.089200042 -0.954999089
1403636744413555456.000000 -0.846323848 3.172343016 1.626078367 0.281974375 -0.023032274 -0.092793047 -0.954646230
1403636744463555584.000000 -0.875460327 3.187681198 1.652005196 -0.281356692 0.024307566 0.096721977 0.954406857
1403636744513555456.000000 -0.902512372 3.200638533 1.677224517 -0.279299706 0.026243944 0.102086194 0.954401076
1403636744563555584.000000 -0.930659771 3.214498043 1.702233672 -0.278687000 0.028371766 0.103031613 0.954417706
1403636744613555456.000000 -0.960353315 3.228771687 1.726704121 -0.277288347 0.030553309 0.105469070 0.954491496
1403636744663555584.000000 -0.990596533 3.243412018 1.751078606 0.276779383 -0.032407634 -0.105639473 -0.954559207
1403636744713555456.000000 -1.024941564 3.261162996 1.774797440 -0.277538031 0.033722024 0.102556594 0.954629540
1403636744763555584.000000 -1.057259798 3.276685238 1.796274900 -0.279483795 0.033041194 0.097267903 0.954639256
1403636744813555456.000000 -1.088829756 3.291983604 1.815943122 -0.280967444 0.031503797 0.093490399 0.954633117
1403636744863555584.000000 -1.119364381 3.306682825 1.833407998 -0.282116055 0.028666405 0.090350620 0.954686165
1403636744913555456.000000 -1.149274826 3.321086168 1.848149061 0.282879412 -0.023960892 -0.087859780 -0.954822421
1403636744963555584.000000 -1.175660968 3.336920500 1.865465045 -0.282379538 0.020704659 0.087096386 0.955116451
1403636745013555456.000000 -1.200940013 3.350138664 1.878244758 -0.281269163 0.016266424 0.087694071 0.955475211
1403636745063555584.000000 -1.223894835 3.363443375 1.890669227 -0.279969245 0.012359769 0.087407306 0.955941677
1403636745113555456.000000 -1.245692372 3.376449823 1.902520776 -0.277944058 0.007637515 0.088199727 0.956509054
1403636745163555584.000000 -1.265805006 3.388189077 1.913666606 0.275301874 -0.006453584 -0.090346441 -0.957081378
1403636745213555456.000000 -1.284351230 3.401238680 1.924964428 0.273721009 -0.005312444 -0.088397801 -0.957723618
1403636745263555584.000000 -1.302307010 3.414547920 1.936478257 0.271579206 -0.004195440 -0.087380998 -0.958431959
1403636745313555456.000000 -1.318976402 3.428057671 1.948009968 0.269814640 -0.004668707 -0.085242517 -0.959120452
1403636745363555584.000000 -1.332893968 3.441871643 1.959061742 0.268180400 -0.008589671 -0.082008056 -0.959833503
1403636745413555456.000000 -1.343867779 3.455701351 1.968780279 0.267270267 -0.013317077 -0.079221494 -0.960267305
1403636745463555584.000000 -1.344243050 3.477762699 1.987836599 -0.266933918 0.016734818 0.076093525 0.960560322
1403636745513555456.000000 -1.351164460 3.490809917 1.995916724 -0.266825944 0.019952098 0.075906046 0.960543633
1403636745563555584.000000 -1.356679678 3.503309727 2.003391266 -0.267457366 0.021542888 0.075970054 0.960328639
1403636745613555456.000000 -1.360815167 3.515189171 2.010142803 -0.269077182 0.022817420 0.076345690 0.959816813
1403636745663555584.000000 -1.367390275 3.525446892 2.012819052 0.271354347 -0.023514070 -0.076740988 -0.959127128
1403636745713555456.000000 -1.368905663 3.535633326 2.016661406 0.274090946 -0.024092199 -0.076516755 -0.958352208
1403636745763555584.000000 -1.368990421 3.545211792 2.019845009 0.277623147 -0.023618260 -0.075742625 -0.957408309
1403636745813555456.000000 -1.367676377 3.553952694 2.022463083 0.280802876 -0.022257270 -0.075779289 -0.956510305
1403636745863555584.000000 -1.363964558 3.562104464 2.024622202 0.284734160 -0.021336969 -0.074710168 -0.955452621
1403636745913555456.000000 -1.358825564 3.569308281 2.026376247 0.288669854 -0.021177530 -0.074236214 -0.954311490
1403636745963555584.000000 -1.346866131 3.577605247 2.040367365 -0.293535113 0.019568931 0.072090730 0.953025281
1403636746013555456.000000 -1.337881088 3.582411289 2.041732788 -0.297463626 0.018362606 0.070793569 0.951927841
1403636746063555584.000000 -1.327373981 3.585521221 2.042249203 -0.301092297 0.017163761 0.069476485 0.950905859
1403636746113555456.000000 -1.315930963 3.586948633 2.041251421 0.304524422 -0.015026087 -0.068048283 -0.949951887
1403636746163555584.000000 -1.302294254 3.586872101 2.040501118 0.306934774 -0.015434749 -0.067568742 -0.949203491
1403636746213555456.000000 -1.286929965 3.584830046 2.038957119 0.308847100 -0.017027186 -0.066840202 -0.948607445
1403636746263555584.000000 -1.270166039 3.581490040 2.037499189 0.310424417 -0.021455282 -0.066545568 -0.948023260
1403636746313555456.000000 -1.253135562 3.576877832 2.036516905 0.311936468 -0.029599829 -0.064301528 -0.947462320
1403636746363555584.000000 -1.238377810 3.570497751 2.035986662 0.312385291 -0.035744056 -0.064383760 -0.947096944
1403636746413555456.000000 -1.225970030 3.562572002 2.036176205 0.312723041 -0.038664464 -0.064085402 -0.946891010
1403636746463555584.000000 -1.228426218 3.553010702 2.028312922 -0.310952574 0.037627202 0.067761019 0.947259843
1403636746513555456.000000 -1.222390771 3.542242527 2.029793262 -0.309238732 0.033014972 0.071444467 0.947722077
1403636746563555584.000000 -1.219092727 3.530274868 2.032309771 -0.306338489 0.025089968 0.077148870 0.948459506
1403636746613555456.000000 -1.218181133 3.517829418 2.035439491 -0.303170830 0.014834401 0.082947329 0.949203491
1403636746663555584.000000 -1.214853883 3.502648354 2.037305832 0.299137026 -0.004662791 -0.089921519 -0.949952364
1403636746713555456.000000 -1.207186222 3.490832329 2.052658796 0.294948399 0.004378930 -0.097960383 -0.950468361
1403636746763555584.000000 -1.215295315 3.476744175 2.047231197 0.290463507 0.009321741 -0.104891896 -0.951074064
1403636746813555456.000000 -1.215238452 3.465728283 2.053737640 0.286946297 0.010258637 -0.110057890 -0.951548159
1403636746863555584.000000 -1.208842397 3.457389116 2.066188812 0.284301639 0.009973067 -0.113585487 -0.951930404
1403636746913555456.000000 -1.214687109 3.448215008 2.068988800 0.282174557 0.007878939 -0.115079120 -0.952403486
1403636746963555584.000000 -1.224807978 3.430214405 2.073840618 -0.281597465 -0.005809903 0.113716930 0.952752709
1403636747013555456.000000 -1.220982909 3.425703049 2.081132412 -0.280926764 -0.003498748 0.112519518 0.953104079
1403636747063555584.000000 -1.213795900 3.422586679 2.087669611 -0.282342851 -0.001003859 0.106026314 0.953435898
1403636747113555456.000000 -1.204046726 3.420253992 2.093615294 -0.284556001 0.001535101 0.099060312 0.953526378
1403636747163555584.000000 -1.190572619 3.421295643 2.102199078 0.285981715 -0.005017986 -0.094559200 -0.953544915
1403636747213555456.000000 -1.175562382 3.421908140 2.109922409 0.288313776 -0.006854786 -0.088144183 -0.953445792
1403636747263555584.000000 -1.158080339 3.422477722 2.117643356 0.290043324 -0.008622449 -0.084112369 -0.953271091
1403636747313555456.000000 -1.138997316 3.421808004 2.124212980 0.291483521 -0.008743877 -0.081498772 -0.953057706
1403636747363555584.000000 -1.120837808 3.418249607 2.128750086 0.292386681 -0.009240831 -0.080514841 -0.952859938
1403636747413555456.000000 -1.103574157 3.413721561 2.133326054 0.293658018 -0.009816491 -0.079876453 -0.952516913
1403636747463555584.000000 -1.102782011 3.396445751 2.129381657 -0.295511961 0.010748947 0.079111904 0.951997161
1403636747513555456.000000 -1.088556528 3.391615152 2.135528803 -0.296349198 0.009834808 0.080975667 0.951589942
1403636747563555584.000000 -1.076306462 3.385964394 2.142503262 -0.297069609 0.008720850 0.081956163 0.951292157
1403636747613555456.000000 -1.063704133 3.380353928 2.150866508 -0.297707975 0.008151089 0.083792724 0.950937569
1403636747663555584.000000 -1.040173888 3.381669283 2.168399334 0.298706919 -0.007106589 -0.084486023 -0.950571358
1403636747713555456.000000 -1.023276448 3.376353979 2.177850008 0.299845338 -0.006724406 -0.085498914 -0.950125039
1403636747763555584.000000 -1.004428387 3.370545864 2.186954260 0.301128954 -0.005769686 -0.086000204 -0.949679971
1403636747813555456.000000 -0.983638108 3.364210367 2.195582867 0.302060038 -0.005547989 -0.086977482 -0.949296594
1403636747863555584.000000 -0.961471021 3.356903076 2.203382730 0.302776515 -0.006714753 -0.088626489 -0.948908150
1403636747913555456.000000 -0.951860189 3.345851898 2.199846745 -0.301445156 0.010080163 0.095342495 0.948651135
1403636747963555584.000000 -0.929029763 3.337749958 2.205150604 -0.299935699 0.015324467 0.102900632 0.948269665
1403636748013555456.000000 -0.906122804 3.330170631 2.212069035 -0.298341751 0.018511314 0.110444903 0.947866797
1403636748063555584.000000 -0.884981036 3.323260307 2.218395233 -0.297633171 0.020680670 0.115921192 0.947390735
1403636748113555456.000000 -0.859068751 3.319884539 2.232507229 0.297770709 -0.020776767 -0.118492350 -0.947027266
1403636748163555584.000000 -0.840414405 3.315328598 2.240405321 0.297606796 -0.020811420 -0.122072965 -0.946623087
1403636748213555456.000000 -0.823640883 3.311827660 2.247890234 0.298976749 -0.019494031 -0.120983325 -0.946359336
1403636748263555584.000000 -0.808891416 3.309554577 2.255037546 0.301290333 -0.016692745 -0.115760177 -0.946332455
1403636748313555456.000000 -0.795974433 3.308394670 2.262051582 0.304247290 -0.013842385 -0.108892627 -0.946247518
1403636748363555584.000000 -0.784076989 3.308022499 2.269167900 0.307155520 -0.010973748 -0.101128794 -0.946207285
1403636748413555456.000000 -0.773106396 3.314675570 2.275582314 -0.308833152 0.009303633 0.094282933 0.946385980
1403636748463555584.000000 -0.761301577 3.314521313 2.282743931 -0.309734434 0.009350909 0.091352202 0.946378410
1403636748513555456.000000 -0.748669565 3.314166546 2.288931847 -0.310591072 0.009480162 0.087985106 0.946415365
1403636748563555584.000000 -0.734827340 3.313492775 2.294537783 -0.310762107 0.009799715 0.087775715 0.946375430
1403636748613555456.000000 -0.717840910 3.310634375 2.301328897 0.309682131 -0.011997643 -0.091292232 -0.946371436
1403636748663555584.000000 -0.701295793 3.308547974 2.306524754 0.308660716 -0.014111127 -0.094751582 -0.946335912
1403636748713555456.000000 -0.684446216 3.306548834 2.311545134 0.307300299 -0.016622402 -0.099669896 -0.946232617
1403636748763555584.000000 -0.668701053 3.304781675 2.316362143 0.306150556 -0.018467266 -0.104154244 -0.946088135
1403636748813555456.000000 -0.654270649 3.303477287 2.321375370 0.305540711 -0.019755952 -0.107916713 -0.945837557
1403636748863555584.000000 -0.640903533 3.302917719 2.326491833 0.305713505 -0.021125546 -0.110200539 -0.945488691
1403636748913555456.000000 -0.610456944 3.315100431 2.345376015 -0.306045324 0.021957127 0.113037221 0.945027351
1403636748963555584.000000 -0.599243999 3.316388369 2.350478649 -0.307268262 0.022734862 0.114426889 0.944444716
1403636749013555456.000000 -0.589099288 3.318268061 2.355049372 -0.308487743 0.023508169 0.115689941 0.943874180
1403636749063555584.000000 -0.579645872 3.320859432 2.359532833 -0.308625489 0.024956606 0.119113684 0.943366051
1403636749113555456.000000 -0.574226022 3.322061777 2.359856844 0.308414251 -0.027069263 -0.123173118 -0.942855418
1403636749163555584.000000 -0.567461193 3.325658083 2.361839771 0.308888912 -0.028316809 -0.124731630 -0.942458391
1403636749213555456.000000 -0.560351133 3.330305099 2.362596035 0.310527921 -0.028168287 -0.123544209 -0.942080617
1403636749263555584.000000 -0.551876903 3.335689306 2.361469984 0.313973486 -0.026860060 -0.117745273 -0.941719294
1403636749313555456.000000 -0.542084038 3.341672421 2.359189987 0.316924691 -0.025911629 -0.112358771 -0.941415370
1403636749363555584.000000 -0.530343175 3.348042011 2.356126547 0.319368094 -0.024029808 -0.107740283 -0.941179395
1403636749413555456.000000 -0.499164581 3.362222672 2.364963055 -0.321649641 0.021875368 0.103636473 0.940915823
1403636749463555584.000000 -0.484968543 3.368768692 2.360362053 -0.323624879 0.020698462 0.099065401 0.940757453
1403636749513555456.000000 -0.468886077 3.376034498 2.356438875 -0.325122058 0.018957170 0.095191225 0.940677941
1403636749563555584.000000 -0.452209115 3.382453442 2.351976156 -0.326554149 0.016621357 0.090576172 0.940681756
1403636749613555456.000000 -0.443450987 3.382807970 2.342092991 0.327827245 -0.016197212 -0.086012125 -0.940674722
1403636749663555584.000000 -0.431350708 3.386751413 2.337334633 0.327777982 -0.015833618 -0.084561333 -0.940829575
1403636749713555456.000000 -0.420494974 3.389884710 2.333642483 0.326990277 -0.017199267 -0.084618665 -0.941074550
1403636749763555584.000000 -0.397813320 3.399024010 2.334675789 -0.326049984 0.019910729 0.084689036 0.941340923
1403636749813555456.000000 -0.389482111 3.400909185 2.332490444 -0.325009227 0.024471022 0.084300965 0.941628158
1403636749863555584.000000 -0.382380068 3.402235508 2.330831528 -0.323682547 0.029608993 0.084581196 0.941912472
1403636749913555456.000000 -0.376748979 3.403041363 2.329774141 -0.322405279 0.032935031 0.084034219 0.942288876
1403636749963555584.000000 -0.373676360 3.402740002 2.327706814 0.320851564 -0.035992745 -0.083474480 -0.942757010
1403636750013555456.000000 -0.371518046 3.401432514 2.326001644 0.319151670 -0.037706617 -0.083050326 -0.943304360
1403636750063555584.000000 -0.370466888 3.399041176 2.323899031 0.317558825 -0.038474258 -0.083042093 -0.943811536
1403636750113555456.000000 -0.369896352 3.395773649 2.321273565 0.315809906 -0.037137643 -0.083477043 -0.944413364
1403636750163555584.000000 -0.368736714 3.391546011 2.317644835 0.314409494 -0.035132747 -0.083806790 -0.944927931
1403636750213555456.000000 -0.365875542 3.386871815 2.313151360 0.312672049 -0.033685710 -0.084682241 -0.945478976
1403636750263555584.000000 -0.359531194 3.380818367 2.304569721 -0.311265975 0.029657291 0.084905073 0.946057737
1403636750313555456.000000 -0.352556288 3.375555515 2.298855782 -0.309344172 0.027536467 0.085981198 0.946654737
1403636750363555584.000000 -0.342542529 3.370114803 2.291635275 -0.308096826 0.024283031 0.085264757 0.947215259
1403636750413555456.000000 -0.330302805 3.363810301 2.283873081 -0.306098998 0.023121163 0.087109536 0.947724044
1403636750463555584.000000 -0.318238735 3.356606960 2.273376465 0.304557621 -0.021588366 -0.086117566 -0.948347211
1403636750513555456.000000 -0.301466882 3.349358559 2.262586594 0.302741468 -0.021739643 -0.085444860 -0.948985875
1403636750563555584.000000 -0.282273889 3.342093229 2.251145363 0.301092148 -0.020677824 -0.084559396 -0.949613452
1403636750613555456.000000 -0.261849105 3.334415913 2.238790512 0.299291641 -0.019786391 -0.084337510 -0.950221181
1403636750663555584.000000 -0.240515351 3.326622725 2.225472450 0.298573822 -0.019064199 -0.082241118 -0.950645387
1403636750713555456.000000 -0.218987495 3.317505121 2.209723711 0.297249854 -0.017911509 -0.081964523 -0.951106548
1403636750763555584.000000 -0.207784161 3.296418667 2.190034151 -0.296254039 0.017034225 0.081652686 0.951460063
1403636750813555456.000000 -0.185675040 3.284672022 2.171815872 -0.295688540 0.015926521 0.080777004 0.951729894
1403636750863555584.000000 -0.160002515 3.274029970 2.154801607 -0.294902593 0.015155079 0.080466934 0.952012599
1403636750913555456.000000 -0.133226097 3.262401581 2.136365175 -0.294985503 0.012744575 0.079095364 0.952137113
1403636750963555584.000000 -0.099649243 3.257962227 2.125468969 0.295190811 -0.011116228 -0.077451475 -0.952229023
1403636751013555456.000000 -0.072721191 3.247361183 2.109118938 0.295564413 -0.009344039 -0.076751828 -0.952188849
1403636751063555584.000000 -0.046753794 3.236315727 2.093480349 0.295765281 -0.008861427 -0.076578490 -0.952145040
1403636751113555456.000000 -0.022785857 3.224699497 2.078807354 0.295733750 -0.008642637 -0.077327147 -0.952096283
1403636751163555584.000000 -0.000709444 3.212623596 2.065293074 0.295603931 -0.006440105 -0.079547167 -0.951971173
1403636751213555456.000000 0.020185709 3.200135708 2.052586317 0.296130896 -0.001593811 -0.080080494 -0.951783121
1403636751263555584.000000 0.040455163 3.178369522 2.043308735 -0.296506941 -0.002565032 0.082851991 0.951426625
1403636751313555456.000000 0.060169160 3.164786100 2.031271219 -0.296154290 -0.004371018 0.085712999 0.951276481
1403636751363555584.000000 0.079842418 3.151543617 2.020136595 -0.295422137 -0.003539571 0.089886524 0.951122344
1403636751413555456.000000 0.100984201 3.139441013 2.011324644 0.294812024 0.000192509 -0.093534395 -0.950966477
1403636751463555584.000000 0.121387973 3.127332449 2.001933813 0.293740213 -0.004216770 -0.098239459 -0.950814426
1403636751513555456.000000 0.141696811 3.115778923 1.992889524 0.292270541 -0.008589042 -0.101221025 -0.950925052
1403636751563555584.000000 0.161678135 3.104719877 1.984045267 0.289746404 -0.013079473 -0.102519900 -0.951507092
1403636751613555456.000000 0.180634648 3.094288588 1.975464106 0.286259145 -0.014989834 -0.104391731 -0.952330530
1403636751663555584.000000 0.198825821 3.084705353 1.966502666 0.282948792 -0.015368339 -0.105620675 -0.953177929
1403636751713555456.000000 0.215547368 3.075875521 1.957525492 0.279618323 -0.012585579 -0.106920026 -0.954056263
1403636751763555584.000000 0.235057220 3.076875448 1.958246946 -0.276748240 0.008506116 0.108218536 0.954791546
1403636751813555456.000000 0.250062197 3.070899487 1.949290991 -0.273960322 0.003995810 0.109459959 0.955483317
1403636751863555584.000000 0.265478969 3.066704035 1.940734863 -0.273057103 -0.001823228 0.107226171 0.956001639
1403636751913555456.000000 0.281284571 3.063614130 1.931747675 -0.272820115 -0.005669298 0.102842510 0.956535697
1403636751963555584.000000 0.294676483 3.060345411 1.920468926 0.272927493 0.008649142 -0.097991250 -0.956991971
1403636752013555456.000000 0.309870332 3.059342384 1.912091732 0.273452908 0.010787874 -0.093583278 -0.957261384
1403636752063555584.000000 0.325167656 3.059112072 1.904563904 0.273752153 0.010560405 -0.090631075 -0.957462430
1403636752113555456.000000 0.340664148 3.059720039 1.898173332 0.273856342 0.008771868 -0.088439085 -0.957655668
1403636752163555584.000000 0.356463313 3.060892344 1.892907143 0.272985965 0.004434637 -0.085640356 -0.958188295
1403636752213555456.000000 0.372034311 3.062584162 1.888777733 0.271009177 -0.000496311 -0.082603335 -0.959025800
1403636752263555584.000000 0.388334900 3.068007469 1.896806598 -0.267587811 0.004860154 0.079988956 0.960195303
1403636752313555456.000000 0.405643284 3.069914341 1.893332362 -0.262728781 0.010318398 0.076972492 0.961739242
1403636752363555584.000000 0.424328148 3.071669817 1.889680028 -0.256541878 0.014811900 0.073692627 0.963605940
1403636752413555456.000000 0.443963945 3.073371172 1.885623336 -0.249158248 0.017181486 0.070533320 0.965738118
1403636752463555584.000000 0.463279396 3.072727442 1.878660679 0.240465403 -0.017456029 -0.067650758 -0.968140066
1403636752513555456.000000 0.484214425 3.073235512 1.872687459 0.231467381 -0.017223500 -0.063436814 -0.970619380
1403636752563555584.000000 0.503972769 3.073719263 1.866818190 0.221905649 -0.015484389 -0.059606019 -0.973121405
1403636752613555456.000000 0.528693795 3.075865984 1.863293648 -0.211930737 0.013724124 0.055436719 0.975614667
1403636752663555584.000000 0.544949889 3.076473475 1.857977748 -0.201760277 0.010767685 0.051502977 0.978020668
1403636752713555456.000000 0.560008228 3.077022076 1.853008151 -0.191176698 0.010231429 0.047889188 0.980333328
1403636752763555584.000000 0.573559344 3.078044653 1.848930955 -0.180327371 0.009062836 0.044074729 0.982576907
1403636752813555456.000000 0.584624112 3.078754902 1.844743371 0.169970945 -0.007646098 -0.038278848 -0.984675705
1403636752863555584.000000 0.593946099 3.079230785 1.841082454 0.158988610 -0.005808128 -0.033407733 -0.986697972
1403636752913555456.000000 0.602201939 3.079724789 1.837741613 0.148825720 -0.006140544 -0.025879472 -0.988505661
1403636752963555584.000000 0.608376324 3.079976797 1.835275412 0.138260141 -0.005245280 -0.018429777 -0.990210593
1403636753013555456.000000 0.613167226 3.079795837 1.833320141 0.127395347 -0.004162699 -0.011428854 -0.991777480
1403636753063555584.000000 0.616279304 3.079174042 1.832009315 0.116147719 -0.003099890 -0.004625744 -0.993216336
1403636753113555456.000000 0.627480030 3.074935675 1.832897663 -0.104384005 0.001881900 -0.001535321 0.994534194
1403636753163555584.000000 0.627944231 3.072558880 1.833157897 -0.092242189 0.001218103 -0.007277639 0.995709300
1403636753213555456.000000 0.627494693 3.069099426 1.834003091 -0.080033809 0.000662084 -0.013164225 0.996705055
1403636753263555584.000000 0.625801802 3.065357924 1.835863233 -0.068322428 0.000105941 -0.020205775 0.997458696
1403636753313555456.000000 0.621227980 3.062713861 1.839646220 0.056861434 0.000142532 0.028636197 -0.997971356
1403636753363555584.000000 0.616727889 3.057347536 1.842931271 0.045635749 -0.001159649 0.033381850 -0.998399556
1403636753413555456.000000 0.612595618 3.050866842 1.846303821 0.035429683 -0.002297542 0.035512414 -0.998738348
1403636753463555584.000000 0.609399080 3.043286085 1.850017905 0.026080037 -0.003084519 0.034605611 -0.999055982
1403636753513555456.000000 0.607649207 3.034745216 1.852746248 0.018661248 -0.003545690 0.033318233 -0.999264300
1403636753563555584.000000 0.607656360 3.025414705 1.854252100 0.012306198 -0.003958467 0.031335071 -0.999425352
1403636753613555456.000000 0.612456381 3.008027554 1.853120923 -0.008066768 0.005155474 -0.030343469 0.999493718
1403636753663555584.000000 0.615005255 2.997511625 1.851657271 -0.005041611 0.005594149 -0.029167823 0.999546170
1403636753713555456.000000 0.617503643 2.986542225 1.850193262 -0.003130621 0.005657112 -0.027982429 0.999587536
1403636753763555584.000000 0.620169282 2.977531910 1.849611878 0.002483990 -0.006731830 0.028465556 -0.999569058
1403636753813555456.000000 0.621226132 2.967017651 1.848522305 0.002522726 -0.007367636 0.029188588 -0.999543667
1403636753863555584.000000 0.620585501 2.956282854 1.847141504 0.003115832 -0.008053429 0.029284410 -0.999533832
1403636753913555456.000000 0.618303776 2.945107460 1.846039295 0.003528772 -0.007750265 0.027918171 -0.999573946
1403636753963555584.000000 0.614941418 2.933659554 1.844666839 0.004612870 -0.008289386 0.027960032 -0.999564111
1403636754013555456.000000 0.611887813 2.921750546 1.842831492 0.006161148 -0.008980346 0.028247498 -0.999541640
1403636754063555584.000000 0.610463202 2.909212351 1.840448499 0.007279602 -0.012268159 0.027391411 -0.999522984
1403636754113555456.000000 0.610753655 2.891370296 1.835044622 -0.008640298 0.015650610 -0.026637612 0.999485373
1403636754163555584.000000 0.611897528 2.877739668 1.830893517 -0.010180507 0.018290065 -0.026657756 0.999425471
1403636754213555456.000000 0.613344133 2.863466263 1.825770855 -0.012221022 0.020798821 -0.027921366 0.999319017
1403636754263555584.000000 0.615691721 2.848694801 1.818677664 -0.014070197 0.021908751 -0.028696828 0.999249041
1403636754313555456.000000 0.621247470 2.834979057 1.812172771 0.015709059 -0.022024300 0.029123066 -0.999209762
1403636754363555584.000000 0.626362205 2.819391012 1.804156899 0.016884577 -0.022041211 0.030558933 -0.999147296
1403636754413555456.000000 0.632027626 2.802625179 1.794771314 0.016210729 -0.021828398 0.030476343 -0.999165595
1403636754463555584.000000 0.637459397 2.784760952 1.784253597 0.014205360 -0.021340717 0.030815842 -0.999196291
1403636754513555456.000000 0.641685665 2.766035557 1.773075223 0.011619616 -0.020433471 0.032218173 -0.999204457
1403636754563555584.000000 0.643902540 2.746397734 1.761613369 0.008088293 -0.018448910 0.035088364 -0.999181211
1403636754613555456.000000 0.647999644 2.728578568 1.739256859 -0.003228190 0.016566355 -0.037753757 0.999144614
1403636754663555584.000000 0.646969736 2.707207680 1.726868868 0.003237765 0.016053753 -0.040084224 0.999062061
1403636754713555456.000000 0.644595325 2.685045481 1.714418650 0.010830577 0.014847221 -0.041873243 0.998953938
1403636754763555584.000000 0.641250789 2.662421227 1.701282620 0.019269058 0.015053215 -0.044235352 0.998721898
1403636754813555456.000000 0.635635734 2.641106129 1.690608978 -0.027158931 -0.014637384 0.047241710 -0.998406887
1403636754863555584.000000 0.629050016 2.618253708 1.678044677 -0.034679957 -0.014365932 0.048445642 -0.998120308
1403636754913555456.000000 0.621280849 2.595142841 1.665111303 -0.040445894 -0.014835261 0.051220737 -0.997757792
1403636754963555584.000000 0.617715240 2.576886177 1.650292158 0.046489485 0.014186542 -0.051938485 0.997466743
1403636755013555456.000000 0.607798338 2.553063631 1.636917710 0.050521683 0.013742555 -0.055338446 0.997093976
1403636755063555584.000000 0.597458303 2.528807163 1.622800708 0.054440819 0.013900195 -0.055302497 0.996887505
1403636755113555456.000000 0.587633133 2.504154682 1.607232451 0.057484303 0.013480766 -0.056533597 0.996653318
1403636755163555584.000000 0.577892363 2.479955435 1.591024160 -0.060363978 -0.012580296 0.056197710 -0.996513844
1403636755213555456.000000 0.569329917 2.454824924 1.572482586 -0.062514655 -0.012390462 0.056167878 -0.996385276
1403636755263555584.000000 0.562426448 2.429332733 1.553057551 -0.063588008 -0.009768281 0.056445498 -0.996330857
1403636755313555456.000000 0.557023883 2.403314352 1.533036470 -0.064443722 -0.004690032 0.056552347 -0.996306598
1403636755363555584.000000 0.553142071 2.377137184 1.511553884 -0.064880110 0.001528272 0.056374129 -0.996298254
1403636755413555456.000000 0.551206589 2.350814104 1.489998341 -0.064560354 0.006755833 0.057329036 -0.996242821
1403636755463555584.000000 0.556687713 2.326952696 1.463134646 0.064719751 -0.010682576 -0.056996010 0.996217251
1403636755513555456.000000 0.557059407 2.299766779 1.442604065 0.063830927 -0.011577005 -0.057663277 0.996226132
1403636755563555584.000000 0.556727171 2.272122622 1.422989368 0.062609769 -0.011611975 -0.059075359 0.996220529
1403636755613555456.000000 0.554042995 2.245007038 1.405809760 -0.061737414 0.009834925 0.059876215 -0.996246278
1403636755663555584.000000 0.550831437 2.216620684 1.388902783 -0.061551064 0.008437243 0.058024492 -0.996380210
1403636755713555456.000000 0.546243012 2.187995195 1.372678995 -0.061079670 0.007594273 0.057283387 -0.996458828
1403636755763555584.000000 0.540667057 2.159010410 1.357061863 -0.060995258 0.005982950 0.055568121 -0.996572137
1403636755813555456.000000 0.534253418 2.129646301 1.342085600 -0.060872443 0.003074173 0.054332405 -0.996660948
1403636755863555584.000000 0.526566207 2.100024462 1.327440023 -0.060928509 0.001315509 0.053254981 -0.996719539
1403636755913555456.000000 0.518697202 2.069996834 1.313099027 -0.060857024 -0.001419102 0.052981313 -0.996738434
1403636755963555584.000000 0.507647157 2.044036388 1.287060738 0.061155871 0.002222517 -0.051556986 0.996793330
1403636756013555456.000000 0.501289606 2.013909817 1.271942496 0.061347257 0.003437844 -0.050866786 0.996813595
1403636756063555584.000000 0.496496499 1.983593702 1.256728649 0.061519567 0.004366652 -0.050283641 0.996828914
1403636756113555456.000000 0.493672282 1.953188539 1.241063356 0.061036341 0.005240872 -0.051583596 0.996788025
1403636756163555584.000000 0.493353456 1.921840429 1.227404594 -0.061125919 -0.006452400 0.052076235 -0.996749818
1403636756213555456.000000 0.493747473 1.890668392 1.211248279 -0.061333265 -0.007612300 0.051715896 -0.996747613
1403636756263555584.000000 0.494350344 1.859225273 1.194420218 -0.061696917 -0.007768141 0.051357374 -0.996742487
1403636756313555456.000000 0.494309157 1.827654839 1.177380681 -0.061996698 -0.007785051 0.051338524 -0.996724784
1403636756363555584.000000 0.493266463 1.795924783 1.160639286 -0.062329132 -0.008319738 0.051937215 -0.996668696
1403636756413555456.000000 0.485871077 1.771061063 1.137351394 0.062589489 0.009168001 -0.052718852 0.996603906
1403636756463555584.000000 0.480634212 1.739674926 1.119906306 0.063070089 0.009327707 -0.052480511 0.996584654
1403636756513555456.000000 0.474043489 1.708214641 1.102951407 0.063735865 0.009353308 -0.052159943 0.996558905
1403636756563555584.000000 0.465873122 1.676832557 1.086184621 0.064013034 0.009516116 -0.052703604 0.996510983
1403636756613555456.000000 0.459591120 1.646803498 1.071029425 -0.064715341 -0.010188467 0.052394401 -0.996475339
1403636756663555584.000000 0.450593770 1.615545511 1.054234862 -0.065330304 -0.010237062 0.052087251 -0.996450782
1403636756713555456.000000 0.442154199 1.584444046 1.036284804 -0.065888360 -0.011391192 0.052160788 -0.996397614
1403636756763555584.000000 0.434557498 1.553315759 1.016939759 -0.066377759 -0.012042664 0.052227542 -0.996353984
1403636756813555456.000000 0.427358270 1.522209764 0.996353209 -0.067153379 -0.012538791 0.051745012 -0.996321082
1403636756863555584.000000 0.422807366 1.495771527 0.976816118 0.068113275 0.012603866 -0.051486090 0.996268511
1403636756913555456.000000 0.418473810 1.464907169 0.953440905 0.068224058 0.012393142 -0.051949374 0.996239543
1403636756963555584.000000 0.415801078 1.434105039 0.928536475 0.068991140 0.012039694 -0.051282857 0.996225595
1403636757013555456.000000 0.413223475 1.403679609 0.902821183 0.069192700 0.012235657 -0.051897634 0.996177375
1403636757063555584.000000 0.406352669 1.375037432 0.877631426 -0.070422672 -0.011577492 0.049821865 -0.996204972
1403636757113555456.000000 0.401422828 1.345100403 0.851748765 -0.070568688 -0.012161878 0.050074257 -0.996175110
1403636757163555584.000000 0.394916862 1.315259933 0.825939000 -0.070690878 -0.011361955 0.049932480 -0.996182978
1403636757213555456.000000 0.387168974 1.285801530 0.799918294 -0.070848443 -0.011855669 0.049606577 -0.996182323
1403636757263555584.000000 0.379644424 1.257767558 0.782349646 0.070878163 0.011321294 -0.050491426 0.996141970
1403636757313555456.000000 0.369126856 1.228965878 0.756586969 0.070068024 0.010662992 -0.053089771 0.996071458
1403636757363555584.000000 0.357198238 1.199944496 0.730934262 0.070445761 0.009553143 -0.052851953 0.996068776
1403636757413555456.000000 0.343926102 1.170682669 0.705371678 0.070073076 0.007848340 -0.054674670 0.996011555
1403636757463555584.000000 0.330632865 1.142691731 0.679878771 -0.069518134 -0.005802683 0.056771774 -0.995947123
1403636757513555456.000000 0.318152815 1.113317847 0.653340757 -0.070542626 -0.003365626 0.059218965 -0.995743692
1403636757563555584.000000 0.302965254 1.084201574 0.633246601 0.072745621 -0.000678802 -0.061067309 0.995479047
1403636757613555456.000000 0.292992949 1.053452969 0.605967283 0.075948142 -0.006666070 -0.063127942 0.995089114
1403636757663555584.000000 0.285089999 1.022020221 0.578247845 0.078996144 -0.013096140 -0.064998738 0.994667470
1403636757713555456.000000 0.278980136 0.989897847 0.551039398 0.082544573 -0.019438878 -0.066194259 0.994196594
1403636757763555584.000000 0.275862694 0.957109571 0.526221454 -0.085964955 0.024594456 0.066837400 -0.993749499
1403636757813555456.000000 0.270327419 0.924576044 0.504184067 0.089149520 -0.028565643 -0.067734249 0.993301809
1403636757863555584.000000 0.273382664 0.890275598 0.479786813 0.092357524 -0.031028576 -0.067228593 0.992969096
1403636757913555456.000000 0.279360980 0.855578244 0.455626965 0.095107049 -0.031319469 -0.067096375 0.992709398
1403636757963555584.000000 0.288508475 0.820680797 0.432923257 -0.098325685 0.028725130 0.065437190 -0.992585063
1403636758013555456.000000 0.291213930 0.786531568 0.412642092 0.100428015 -0.020621311 -0.065292060 0.992585480
1403636758063555584.000000 0.299770772 0.751278520 0.392782778 0.102775715 -0.013784493 -0.064432465 0.992519796
1403636758113555456.000000 0.306436688 0.716353178 0.374301165 0.104751833 -0.007639066 -0.062830135 0.992482364
1403636758163555584.000000 0.311764717 0.681445897 0.356593370 0.106164820 -0.002362975 -0.062026020 0.992409348
1403636758213555456.000000 0.314946383 0.647164524 0.339990795 -0.107475050 -0.002698749 0.061232761 -0.992316723
1403636758263555584.000000 0.316295028 0.613447309 0.323089838 -0.108440943 -0.004577018 0.059995249 -0.992280304
1403636758313555456.000000 0.315772891 0.580179632 0.306727409 -0.109309003 -0.006314876 0.058414843 -0.992269874
1403636758363555584.000000 0.312382549 0.547520280 0.290871918 -0.109816827 -0.004537333 0.057409026 -0.992282212
1403636758413555456.000000 0.305972040 0.515356421 0.275390208 -0.110447571 0.002201795 0.055264454 -0.992341876
1403636758463555584.000000 0.297306895 0.483521193 0.260606706 -0.111229181 0.011648586 0.052234482 -0.992352784
1403636758513555456.000000 0.281798750 0.452342272 0.244442850 0.112691931 -0.022634244 -0.047055256 0.992257118
1403636758563555584.000000 0.271697283 0.421578348 0.232215673 0.114374317 -0.034031093 -0.041021757 0.992006898
1403636758613555456.000000 0.261833370 0.391963601 0.221827865 0.115801975 -0.043114480 -0.035890184 0.991687000
1403636758663555584.000000 0.253884941 0.363809526 0.213522866 0.115762070 -0.045047887 -0.034504823 0.991654813
1403636758713555456.000000 0.249317810 0.337075502 0.207771778 -0.115292460 0.038587175 0.034691568 -0.991975427
1403636758763555584.000000 0.244325802 0.311684281 0.204180107 -0.113576435 0.029406991 0.037585761 -0.992382467
1403636758813555456.000000 0.239192709 0.287201911 0.202223033 -0.113454811 0.021040980 0.037842896 -0.992599189
1403636758863555584.000000 0.233910590 0.263980538 0.201474994 -0.112591013 0.012215808 0.040672839 -0.992733538
1403636758913555456.000000 0.227460727 0.242183939 0.201228380 -0.110518388 0.006206182 0.045999508 -0.992789686
1403636758963555584.000000 0.220025450 0.221349612 0.201140195 -0.109715462 0.001417892 0.048204962 -0.992792428
1403636759013555456.000000 0.215537786 0.197764710 0.193065822 0.109042928 0.000783137 -0.050091766 0.992773890
1403636759063555584.000000 0.206108421 0.177662760 0.192998871 0.110142909 0.003118071 -0.047793508 0.992761135
1403636759113555456.000000 0.195917785 0.158153400 0.192850471 0.112799682 0.003825392 -0.040670130 0.992777765
1403636759163555584.000000 0.185560480 0.139716297 0.192586392 0.116949648 0.003422656 -0.030025827 0.992677987
1403636759213555456.000000 0.173147172 0.124070488 0.192939311 -0.120832056 -0.002699915 0.019697137 -0.992473900
1403636759263555584.000000 0.160733595 0.109705336 0.193633810 -0.124133199 -0.002097531 0.011073167 -0.992201567
1403636759313555456.000000 0.154290318 0.094317824 0.191862121 0.125051782 0.001718382 -0.008913624 0.992108703
1403636759363555584.000000 0.141250759 0.085238658 0.193170220 0.123064123 0.003474553 -0.015554047 0.992270768
1403636759413555456.000000 0.127248272 0.078717142 0.194761485 0.120354623 0.004083105 -0.023781693 0.992437720
1403636759463555584.000000 0.111929864 0.074406624 0.196857274 -0.117839873 -0.005814686 0.031629298 -0.992511809
1403636759513555456.000000 0.096118815 0.071250685 0.198666260 -0.115193091 -0.006734928 0.039592829 -0.992530942
1403636759563555584.000000 0.084335744 0.067135930 0.198318899 0.113952324 0.007625163 -0.044924013 0.992440760
1403636759613555456.000000 0.069653645 0.065582648 0.198964208 0.112332985 0.008574525 -0.051120169 0.992317736
1403636759663555584.000000 0.057513110 0.064345084 0.197540298 0.111559600 0.008749903 -0.054745395 0.992210150
1403636759713555456.000000 0.046625435 0.063506283 0.194820523 -0.111153938 -0.008224922 0.057157226 -0.992124140
1403636759763555584.000000 0.038757481 0.062125184 0.191081271 -0.111990169 -0.008833605 0.056578353 -0.992058039
1403636759813555456.000000 0.033780772 0.060668517 0.186737418 -0.111550078 -0.010092942 0.058240127 -0.991999447
1403636759863555584.000000 0.031981573 0.060569480 0.180151001 0.111674033 0.008876783 -0.057614543 0.992033660
1403636759913555456.000000 0.027018085 0.059699122 0.174594477 0.111473009 0.003737141 -0.058118165 0.992059588
1403636759963555584.000000 0.021156041 0.059164096 0.168702692 0.110915557 -0.001859707 -0.058972709 0.992076933
1403636760013555456.000000 0.013241483 0.057666205 0.163383290 -0.110593259 0.006566954 0.058750477 -0.992106080
1403636760063555584.000000 0.005796251 0.056881666 0.158080727 -0.110696450 0.010855314 0.057185337 -0.992148340
1403636760113555456.000000 -0.001852151 0.056428038 0.153280973 -0.109852433 0.015405940 0.058209509 -0.992122352
1403636760163555584.000000 -0.009144420 0.057575073 0.148080915 0.109619692 -0.019069409 -0.058566999 0.992063463
1403636760213555456.000000 -0.015391866 0.056967013 0.144717216 0.110118508 -0.014909952 -0.057295185 0.992153704
1403636760263555584.000000 -0.021422107 0.056569092 0.141906962 0.110332958 -0.007522868 -0.056346856 0.992267668
1403636760313555456.000000 -0.028081680 0.054951642 0.140297577 -0.111161895 0.000615314 0.054277092 -0.992318869
1403636760363555584.000000 -0.035473201 0.055017319 0.138443366 -0.110784143 -0.003647075 0.055272542 -0.992299676
1403636760413555456.000000 -0.043478042 0.054987177 0.136818126 -0.110405505 -0.007667364 0.056846458 -0.992229998
1403636760463555584.000000 -0.053193912 0.056724548 0.134082213 -0.110030882 -0.009116037 0.058261130 -0.992177308
1403636760513555456.000000 -0.063008726 0.057778817 0.131047696 -0.109371424 -0.007587992 0.060173139 -0.992148995
1403636760563555584.000000 -0.074379563 0.058719151 0.129746661 0.109139882 0.002550940 -0.061400972 0.992125034
1403636760613555456.000000 -0.084715076 0.059400328 0.126217023 0.108630471 -0.002896883 -0.062891982 0.992086530
1403636760663555584.000000 -0.094668515 0.059775300 0.122786969 0.107818671 -0.006758600 -0.065527655 0.991985738
1403636760713555456.000000 -0.103262864 0.059398603 0.117890038 -0.107269250 0.010078498 0.067650467 -0.991874635
1403636760763555584.000000 -0.111430615 0.058886588 0.114044130 -0.106762663 0.009749565 0.069757648 -0.991786540
1403636760813555456.000000 -0.120715804 0.058570515 0.113446236 0.106996901 -0.007015903 -0.070512958 0.991731048
1403636760863555584.000000 -0.128370881 0.056891438 0.110374719 0.106756449 -0.003200921 -0.072151072 0.991658807
1403636760913555456.000000 -0.135991976 0.054592986 0.106976144 0.106949285 0.000052042 -0.073368527 0.991553783
1403636760963555584.000000 -0.143502399 0.051237781 0.102132395 -0.107016191 0.000262205 0.073477335 -0.991538525
1403636761013555456.000000 -0.152210400 0.047610849 0.098097026 -0.107730068 0.004095261 0.071999565 -0.991561234
1403636761063555584.000000 -0.161234140 0.043507122 0.094385915 -0.108281687 0.009133500 0.070154071 -0.991599739
1403636761113555456.000000 -0.171608061 0.039557651 0.093931913 0.109126411 -0.015709935 -0.068421453 0.991545856
1403636761163555584.000000 -0.180886298 0.034554999 0.091681093 0.109247610 -0.023519333 -0.067887507 0.991414726
1403636761213555456.000000 -0.189141065 0.028948275 0.089718081 0.108969830 -0.030333539 -0.069358781 0.991158366
1403636761263555584.000000 -0.195478410 0.022099471 0.087685369 -0.109162554 0.035048582 0.068379067 -0.991049707
1403636761313555456.000000 -0.201692045 0.015248737 0.088401191 0.108868517 -0.036208238 -0.069132119 0.990988076
1403636761363555584.000000 -0.205396667 0.007793412 0.089261629 0.109396473 -0.033422630 -0.068477169 0.991073310
1403636761413555456.000000 -0.207400829 -0.000116191 0.090933912 0.109764025 -0.026304320 -0.067927435 0.991284966
1403636761463555584.000000 -0.207427293 -0.008682533 0.092970386 -0.109805822 0.018235374 0.067881174 -0.991464734
1403636761513555456.000000 -0.207173973 -0.017735803 0.096409611 0.110254399 -0.010876347 -0.066606477 0.991609454
1403636761563555584.000000 -0.206517473 -0.026500048 0.099074244 0.110291116 -0.004654753 -0.065750524 0.991711199
1403636761613555456.000000 -0.205485627 -0.035397038 0.101446204 0.110491924 0.000112045 -0.064358935 0.991791070
1403636761663555584.000000 -0.204547033 -0.044154644 0.103503503 0.111715235 0.001992130 -0.059998475 0.991925418
1403636761713555456.000000 -0.203372806 -0.052811839 0.104869328 -0.113634109 -0.003131193 0.053207248 -0.992092013
1403636761763555584.000000 -0.201774299 -0.061051562 0.106327742 -0.115534097 -0.002925655 0.047246404 -0.992174983
1403636761813555456.000000 -0.199463442 -0.068501852 0.107479565 -0.116944797 -0.002645330 0.042184114 -0.992238581
1403636761863555584.000000 -0.196600571 -0.074978113 0.108316489 -0.117843002 -0.002262634 0.039194543 -0.992255867
1403636761913555456.000000 -0.193263769 -0.079971425 0.108911313 -0.117109194 -0.001532454 0.040364970 -0.992297292
1403636761963555584.000000 -0.190268502 -0.084189489 0.107200660 0.115455054 0.001422681 -0.043818545 0.992344797
1403636762013555456.000000 -0.186000168 -0.087217025 0.107252032 0.112040296 0.003034370 -0.052660294 0.992302775
1403636762063555584.000000 -0.181488201 -0.089874677 0.106943950 0.108258843 0.004626192 -0.061612397 0.992200851
1403636762113555456.000000 -0.176815674 -0.091521725 0.107098795 -0.103723988 -0.006248372 0.073563397 -0.991862237
1403636762163555584.000000 -0.172538266 -0.094753563 0.105929978 -0.100282684 -0.005724344 0.082014129 -0.991556525
1403636762213555456.000000 -0.169220462 -0.099222168 0.104258008 -0.098438323 -0.001003019 0.085375816 -0.991473556
1403636762263555584.000000 -0.166960806 -0.105113693 0.102532096 -0.098083079 0.006834663 0.084836937 -0.991532028
1403636762313555456.000000 -0.167206138 -0.111140013 0.100037821 0.098237596 -0.015025442 -0.082474381 0.991625786
1403636762363555584.000000 -0.168415010 -0.118944861 0.099875182 0.098812588 -0.022387546 -0.079550736 0.991668582
1403636762413555456.000000 -0.171140000 -0.127661198 0.101600200 0.099954247 -0.026454737 -0.075388484 0.991779149
1403636762463555584.000000 -0.175176054 -0.137697697 0.106369436 -0.102720805 0.028545069 0.067447133 -0.992010355
1403636762513555456.000000 -0.180924952 -0.147784576 0.110223286 0.107956611 -0.025560249 -0.052955654 0.992415190
1403636762563555584.000000 -0.187710062 -0.158094868 0.116916925 0.112841934 -0.021020608 -0.039218802 0.992616177
1403636762613555456.000000 -0.196108490 -0.167671353 0.124802619 0.117647223 -0.016126184 -0.025946289 0.992585480
1403636762663555584.000000 -0.205884323 -0.175821409 0.134244144 0.120600089 -0.010337998 -0.018284969 0.992478967
1403636762713555456.000000 -0.216619015 -0.182257205 0.144898251 -0.119701914 0.005204733 0.021722067 -0.992558599
1403636762763555584.000000 -0.227229297 -0.184232324 0.157347322 0.117691584 -0.001756079 -0.028058298 0.992652237
1403636762813555456.000000 -0.241679341 -0.186828643 0.169497326 0.114744827 0.000413950 -0.037426114 0.992689669
1403636762863555584.000000 -0.243038639 -0.185263291 0.171024695 0.119453393 0.031769376 -0.027976850 0.991936922
1403636762913555456.000000 -0.243389279 -0.179183260 0.165747017 -0.116046071 -0.043299671 0.032766934 -0.991758466
1403636762963555584.000000 -0.249239728 -0.173408270 0.161563456 0.105995886 0.015184226 -0.046172120 0.993178010
1403636763013555456.000000 -0.254671544 -0.164656356 0.156156793 0.095752366 0.005914657 -0.039387565 0.994608045
1403636763063555584.000000 -0.264018446 -0.155285820 0.152132705 0.088027611 0.005113319 -0.026452256 0.995753646
1403636763113555456.000000 -0.263484031 -0.148211747 0.146872774 0.081796557 0.016719915 -0.019134033 0.996325135
1403636763163555584.000000 -0.263732940 -0.145820826 0.142894745 0.075963929 0.030603707 -0.014284568 0.996538460
1403636763213555456.000000 -0.270922005 -0.144786656 0.142439470 0.073872946 0.022368340 -0.010923802 0.996957004
1403636763263555584.000000 -0.272152990 -0.143547520 0.146163717 0.074295253 0.013665878 -0.009550633 0.997096956
1403636763313555456.000000 -0.275190085 -0.143565580 0.146591663 0.074327230 0.017033609 -0.008837177 0.997049272
1403636763363555584.000000 -0.276756376 -0.142861694 0.144680142 0.074569494 0.016723521 -0.009185358 0.997033298
1403636763413555456.000000 -0.280654460 -0.143302768 0.144595146 0.074657291 0.015412903 -0.008230069 0.997056186
1403636763463555584.000000 -0.284408927 -0.143234685 0.143794432 0.074342214 0.015771227 -0.008846896 0.997068822
1403636763513555456.000000 -0.285577476 -0.141905472 0.140905485 0.074599907 0.015603595 -0.008284525 0.997057080
1403636763563555584.000000 -0.288828641 -0.141555414 0.139415905 0.074457601 0.015775746 -0.008514830 0.997063041
1403636763613555456.000000 -0.292150468 -0.141140193 0.137426093 0.074491031 0.015870474 -0.008221410 0.997061551
1403636763663555584.000000 -0.294664621 -0.140335038 0.135404110 -0.074518703 -0.015754327 0.008459331 -0.997059345
1403636763713555456.000000 -0.297755629 -0.139788643 0.133236066 -0.074581578 -0.015702279 0.008038493 -0.997058928
1403636763763555584.000000 -0.300584346 -0.139013901 0.130890936 -0.074368969 -0.015824756 0.008484690 -0.997069180
1403636763813555456.000000 -0.303288043 -0.138475746 0.128390655 -0.074672602 -0.016050024 0.007800578 -0.997048497
