1403636579963555584.000000 0.000000024 0.000000015 -0.000000017 -0.000000003 0.000000035 -0.000000011 1.000000000
1403636580013555456.000000 -0.025056677 -0.000284443 0.008321303 0.000097618 -0.004820864 0.001845021 0.999986708
1403636580063555584.000000 -0.051377095 -0.000824346 0.016477572 -0.000297669 -0.008402426 0.002511865 0.999961555
1403636580113555456.000000 -0.076099820 -0.001016555 0.024372544 0.000127891 -0.010927176 0.004967679 0.999927998
1403636580163555584.000000 -0.100516610 -0.001409960 0.031879053 0.000619755 -0.012733737 0.006326875 0.999898732
1403636580213555456.000000 -0.124191821 -0.001857081 0.038146660 0.000855134 -0.015232163 0.006185105 0.999864519
1403636580263555584.000000 -0.145266354 -0.002240100 0.044712048 0.000904747 -0.017913278 0.005514623 0.999823928
1403636580313555456.000000 -0.164432883 -0.002894109 0.048751783 0.000609229 -0.021775244 0.003109926 0.999757946
1403636580363555584.000000 -0.182558045 -0.003302370 0.053436231 0.001757593 -0.027440831 0.002822165 0.999617994
1403636580413555456.000000 -0.198481441 -0.003875866 0.056743361 0.001635796 -0.034746561 0.001657668 0.999393523
1403636580463555584.000000 -0.210070908 -0.004663030 0.057942428 0.001990008 -0.043744169 0.001207440 0.999040067
1403636580513555456.000000 -0.215933859 -0.005297553 0.058890980 0.002159369 -0.052909791 0.001420389 0.998595953
1403636580563555584.000000 -0.214920774 -0.005864845 0.058182940 0.003073310 -0.059457891 0.002258724 0.998223543
1403636580613555456.000000 -0.205079913 -0.006873655 0.054400321 0.004658668 -0.061886963 0.003500134 0.998066187
1403636580663555584.000000 -0.187036142 -0.008052795 0.048342112 0.005035899 -0.060937002 0.003349695 0.998123288
1403636580713555456.000000 -0.162147954 -0.009345425 0.041017406 0.003425955 -0.056431200 0.000949377 0.998400211
1403636580763555584.000000 -0.131098121 -0.010658284 0.032648504 0.001129139 -0.051400729 -0.002088924 0.998675287
1403636580813555456.000000 -0.096661404 -0.012031516 0.023807833 -0.002445139 -0.044931218 -0.005865325 0.998969913
1403636580863555584.000000 -0.058484409 -0.012120209 0.015924307 -0.007592228 -0.036842652 -0.008988749 0.999251902
1403636580913555456.000000 -0.017147956 -0.013231286 0.006566169 -0.012743892 -0.029632606 -0.012934601 0.999395967
1403636580963555584.000000 0.019403657 -0.015287476 -0.004991240 -0.014667495 -0.021840053 -0.014824843 0.999544024
1403636581013555456.000000 0.055679068 -0.017427392 -0.015494439 -0.014842594 -0.014849510 -0.016348660 0.999645948
1403636581063555584.000000 0.087126635 -0.018506540 -0.023103712 -0.013644173 -0.008037392 -0.015400374 0.999756038
1403636581113555456.000000 0.118752830 -0.019591419 -0.033287961 -0.014181780 -0.001486146 -0.014897544 0.999787390
1403636581163555584.000000 0.148626313 -0.021557070 -0.041908398 -0.014649776 0.006216235 -0.012387347 0.999796629
1403636581213555456.000000 0.172627002 -0.021177497 -0.047589216 -0.014899915 0.014618441 -0.010169081 0.999730468
1403636581263555584.000000 0.193212822 -0.020680914 -0.052457575 -0.014815605 0.023561472 -0.007864339 0.999581695
1403636581313555456.000000 0.208636746 -0.020033129 -0.059457522 -0.014361368 0.031100312 -0.008744839 0.999374866
1403636581363555584.000000 0.217856646 -0.019958680 -0.065271035 -0.014981980 0.036160227 -0.008778316 0.999195158
1403636581413555456.000000 0.215804681 -0.019229816 -0.065483429 -0.017046139 0.037748810 -0.011204133 0.999079049
1403636581463555584.000000 0.209198996 -0.017530447 -0.065336913 -0.018495584 0.035015233 -0.014095538 0.999116242
1403636581513555456.000000 0.191804960 -0.014933310 -0.057272427 -0.019770203 0.029937632 -0.016699580 0.999216735
1403636581563555584.000000 0.170527771 -0.014291457 -0.049995534 -0.020630063 0.023606256 -0.015579368 0.999387085
1403636581613555456.000000 0.143513307 -0.010421976 -0.040105246 -0.019551460 0.017190523 -0.014150471 0.999560952
1403636581663555584.000000 0.114141501 -0.011085042 -0.036935154 -0.019041203 0.011969981 -0.011654114 0.999679148
1403636581713555456.000000 0.083014749 -0.006716339 -0.024218416 -0.018572105 0.008448387 -0.013443839 0.999701500
1403636581763555584.000000 0.051612277 -0.002701297 -0.012277284 -0.016919868 0.006752255 -0.011352221 0.999769628
1403636581813555456.000000 0.020171819 -0.000679972 -0.003437589 -0.013910580 0.005218326 -0.011260598 0.999826252
1403636581863555584.000000 -0.012292206 0.001368568 0.007119607 -0.012720917 0.002876319 -0.010652863 0.999858201
1403636581913555456.000000 -0.044772904 0.002766035 0.015799353 -0.011045371 -0.001890077 -0.008437083 0.999901652
1403636581963555584.000000 -0.078398660 0.001260466 0.020990605 -0.013532721 -0.008517219 -0.007379105 0.999844968
1403636582013555456.000000 -0.107035711 0.001835105 0.029189155 -0.015539956 -0.016524117 -0.005960414 0.999724925
1403636582063555584.000000 -0.133101657 0.002129545 0.036374900 -0.017276090 -0.025232788 -0.006102345 0.999513686
1403636582113555456.000000 -0.154403612 0.001881875 0.041646719 -0.016836045 -0.033804361 -0.006441013 0.999265909
1403636582163555584.000000 -0.170165181 0.000676881 0.044647153 -0.015272753 -0.041051954 -0.005757293 0.999023676
1403636582213555456.000000 -0.178722039 -0.001135196 0.046240762 -0.013677176 -0.046580788 -0.006443657 0.998800159
1403636582263555584.000000 -0.178122982 -0.002311132 0.046548087 0.012718605 0.050180424 0.006612609 -0.998637378
1403636582313555456.000000 -0.168650344 -0.004094694 0.043585651 -0.011256432 -0.051297009 -0.006575453 0.998598397
1403636582363555584.000000 -0.150785938 -0.006340781 0.038731124 0.010192560 0.048767909 0.005818182 -0.998741269
1403636582413555456.000000 -0.126915872 -0.008820249 0.031873073 0.009699923 0.042381231 0.005862909 -0.999037206
1403636582463555584.000000 -0.100307435 -0.010808215 0.023324931 -0.009578276 -0.034563899 -0.005491880 0.999341547
1403636582513555456.000000 -0.070383824 -0.012413942 0.015054807 0.010900551 0.028004454 0.007543462 -0.999519944
1403636582563555584.000000 -0.038953315 -0.013854804 0.006268794 0.012661213 0.022908585 0.007955404 -0.999625742
1403636582613555456.000000 -0.005618801 -0.015237634 -0.003588273 0.015696062 0.020282805 0.010209356 -0.999618948
1403636582663555584.000000 0.026717184 -0.015812522 -0.013063029 0.018412011 0.017828958 0.010400612 -0.999617457
1403636582713555456.000000 0.058384575 -0.015988860 -0.022464978 0.019593153 0.015429800 0.009791825 -0.999641061
1403636582763555584.000000 0.090094671 -0.014864901 -0.031002859 0.021694534 0.011759573 0.007923787 -0.999664068
1403636582813555456.000000 0.121528596 -0.013738722 -0.039499409 0.024883993 0.006808346 0.005452339 -0.999652326
1403636582863555584.000000 0.153640553 -0.012796807 -0.048928283 0.029307367 0.000081533 0.003165437 -0.999565482
1403636582913555456.000000 0.182518020 -0.011711778 -0.057749648 0.032362971 -0.008215906 0.000706323 -0.999442220
1403636582963555584.000000 0.207581535 -0.008559522 -0.065965943 -0.033731118 0.016930476 -0.000451795 0.999287426
1403636583013555456.000000 0.227237985 -0.008004731 -0.073198445 0.035433162 -0.025290402 0.000204384 -0.999051988
1403636583063555584.000000 0.239817411 -0.006824879 -0.079277530 -0.035291471 0.030731110 -0.001490748 0.998903394
1403636583113555456.000000 0.245205671 -0.006172862 -0.081685863 -0.036199607 0.033011012 -0.002554378 0.998795986
1403636583163555584.000000 0.242215037 -0.005185082 -0.081223816 0.038254637 -0.033062976 0.004727480 -0.998709738
1403636583213555456.000000 0.231566206 -0.004492294 -0.077870063 0.038840499 -0.031785648 0.006703246 -0.998717308
1403636583263555584.000000 0.214194477 -0.003970931 -0.071967863 0.038050536 -0.029869439 0.007483361 -0.998801291
1403636583313555456.000000 0.192426577 -0.003015691 -0.063929670 0.037139267 -0.027803969 0.007424292 -0.998895705
1403636583363555584.000000 0.166423053 -0.001600581 -0.053616565 0.036429338 -0.025292454 0.008082167 -0.998983502
1403636583413555456.000000 0.137561783 0.000900208 -0.043348216 0.034166414 -0.022937585 0.007241711 -0.999126673
1403636583463555584.000000 0.106300414 0.003678900 -0.033173427 0.031897422 -0.019558161 0.009194824 -0.999257505
1403636583513555456.000000 0.075466864 0.006915416 -0.020818718 -0.030405227 0.016245386 -0.009619472 0.999359369
1403636583563555584.000000 0.042223804 0.009563167 -0.010737419 0.030164838 -0.011797585 0.011452950 -0.999409676
1403636583613555456.000000 0.008379431 0.012012012 0.000838682 -0.032686055 0.006249078 -0.012868153 0.999363363
1403636583663555584.000000 -0.025230048 0.013383993 0.010808513 0.029748669 0.002077830 0.011114654 -0.999493480
1403636583713555456.000000 -0.057231314 0.014308978 0.020432012 -0.028118303 -0.012635292 -0.007180165 0.999498963
1403636583763555584.000000 -0.086863823 0.015277606 0.028431064 0.026054006 0.024091182 0.003192538 -0.999365151
1403636583813555456.000000 -0.114087760 0.015967434 0.035835229 -0.025792994 -0.034202609 -0.000284721 0.999082088
1403636583863555584.000000 -0.138344005 0.016697237 0.041845482 -0.025874486 -0.041810140 0.000092272 0.998790503
1403636583913555456.000000 -0.159329459 0.017504314 0.046508055 0.026513832 0.047069427 0.002906815 -0.998535514
1403636583963555584.000000 -0.175786495 0.017340761 0.051288646 -0.024982298 -0.050286837 -0.005797989 0.998405457
1403636584013555456.000000 -0.187073573 0.016329827 0.052678365 -0.022169430 -0.051724158 -0.007450982 0.998387516
1403636584063555584.000000 -0.192125365 0.014726265 0.052629530 -0.018419061 -0.051828627 -0.008414107 0.998450756
1403636584113555456.000000 -0.189610630 0.013283371 0.051115151 -0.015367056 -0.051790342 -0.008137825 0.998506606
1403636584163555584.000000 -0.179714948 0.012085678 0.048909657 -0.013359364 -0.051947653 -0.008443785 0.998524785
1403636584213555456.000000 -0.163564503 0.010813267 0.046330418 0.012704492 0.051793706 0.009200679 -0.998534620
1403636584263555584.000000 -0.141575441 0.009494258 0.041226417 0.012537293 0.050308891 0.009170012 -0.998613000
1403636584313555456.000000 -0.115837939 0.008250146 0.033942591 0.012721342 0.048203744 0.009716196 -0.998709321
1403636584363555584.000000 -0.086407453 0.007187781 0.027489157 0.013881044 0.046432372 0.011298968 -0.998761117
1403636584413555456.000000 -0.054688446 0.006070312 0.020739345 0.017875323 0.044406213 0.014831812 -0.998743534
1403636584463555584.000000 -0.018848000 0.006624665 0.013488322 0.021066353 0.041132972 0.017402619 -0.998779953
1403636584513555456.000000 0.017055565 0.005515995 0.002648704 -0.022684900 -0.036095604 -0.018111540 0.998926699
1403636584563555584.000000 0.053524438 0.004380663 -0.005574189 -0.024429239 -0.029259918 -0.017373720 0.999122202
1403636584613555456.000000 0.090323210 0.003341175 -0.013331318 0.026943620 0.020442968 0.016652508 -0.999289274
1403636584663555584.000000 0.125645801 0.001311256 -0.021609994 0.030959746 0.010004325 0.015827224 -0.999345243
1403636584713555456.000000 0.159169585 -0.000103944 -0.030714346 0.033992711 -0.000975123 0.015782710 -0.999297023
1403636584763555584.000000 0.188929841 -0.001554831 -0.040143475 0.037747387 -0.010967247 0.015365541 -0.999109030
1403636584813555456.000000 0.216431856 -0.003033054 -0.049117498 0.039434489 -0.019263642 0.015360034 -0.998918414
1403636584863555584.000000 0.239102617 -0.004874128 -0.057382066 0.040259268 -0.026142152 0.013014097 -0.998762429
1403636584913555456.000000 0.255935043 -0.006530451 -0.065355524 0.039676767 -0.031010926 0.011414130 -0.998666048
1403636584963555584.000000 0.266101450 -0.008016475 -0.069898561 0.040504392 -0.033530589 0.008256835 -0.998582482
1403636585013555456.000000 0.271567464 -0.006766425 -0.069710605 -0.041997615 0.033413477 -0.006688008 0.998536468
1403636585063555584.000000 0.268119752 -0.006978825 -0.068653584 -0.043715142 0.031779956 -0.005397419 0.998523891
1403636585113555456.000000 0.258790910 -0.006631958 -0.065126248 -0.043950759 0.029460846 -0.004924939 0.998587072
1403636585163555584.000000 0.243127450 -0.006454189 -0.058026601 0.046456333 -0.026637401 0.004188538 -0.998556316
1403636585213555456.000000 0.223671153 -0.004872750 -0.050288241 0.049294755 -0.023489095 0.004538543 -0.998497784
1403636585263555584.000000 0.201640725 -0.002699241 -0.041387513 0.052598383 -0.019992771 0.007704135 -0.998385906
1403636585313555456.000000 0.177103728 -0.001109300 -0.033756454 0.055371683 -0.016689625 0.010844125 -0.998267472
1403636585363555584.000000 0.151560694 0.002277029 -0.024825985 0.056682602 -0.013417184 0.015388626 -0.998183489
1403636585413555456.000000 0.126236036 0.005725099 -0.015940337 0.057152163 -0.009766184 0.017499389 -0.998164356
1403636585463555584.000000 0.100870483 0.010030961 -0.008127818 0.053922486 -0.005134522 0.019226227 -0.998346865
1403636585513555456.000000 0.074967526 0.014079866 -0.000580751 -0.051049516 -0.000295298 -0.020241788 0.998490989
1403636585563555584.000000 0.050887298 0.016145833 0.003707968 -0.045118898 -0.006183319 -0.020992821 0.998741925
1403636585613555456.000000 0.028686464 0.016308766 0.004592671 0.038541626 0.012393845 0.020558776 -0.998968601
1403636585663555584.000000 0.010491465 0.015795324 0.000846648 0.032323789 0.019258751 0.018435525 -0.999121845
1403636585713555456.000000 -0.005060289 0.017969498 0.004281360 -0.025926853 -0.026699316 -0.015287424 0.999190271
1403636585763555584.000000 -0.016358742 0.018360727 0.001958622 -0.021918081 -0.034539640 -0.012190762 0.999088645
1403636585813555456.000000 -0.024713049 0.018160541 -0.001447267 0.017502205 0.042430654 0.008000853 -0.998914123
1403636585863555584.000000 -0.029978700 0.017298589 -0.004900793 -0.014041720 -0.051509127 -0.004420730 0.998564005
1403636585913555456.000000 -0.032682873 0.016710768 -0.009241594 -0.011573003 -0.060797527 -0.001286143 0.998082221
1403636585963555584.000000 -0.034090232 0.016631864 -0.013370951 0.011984692 0.071474746 -0.001221497 -0.997369707
1403636586013555456.000000 -0.034393094 0.016531788 -0.016713735 0.015413819 0.083436675 -0.003640673 -0.996387243
1403636586063555584.000000 -0.034380853 0.016346456 -0.019294636 -0.022387085 -0.095841289 0.004365010 0.995135307
1403636586113555456.000000 -0.033352606 0.015172195 -0.022430630 -0.028984992 -0.106578678 0.006330262 0.993861556
1403636586163555584.000000 -0.031822532 0.013018054 -0.025698923 -0.034430932 -0.115959637 0.008665912 0.992619216
1403636586213555456.000000 -0.030729631 0.010617105 -0.029417055 -0.036994074 -0.124443173 0.011126251 0.991474509
1403636586263555584.000000 -0.030089658 0.008378681 -0.033731233 -0.037874408 -0.133888826 0.012800988 0.990189672
1403636586313555456.000000 -0.029663952 0.006725451 -0.038390737 0.038895614 0.143778235 -0.015632745 -0.988721669
1403636586363555584.000000 -0.030072972 0.005770630 -0.043542996 0.039842386 0.154045582 -0.017985132 -0.987096310
1403636586413555456.000000 -0.031067662 0.005403973 -0.048976738 -0.040587477 -0.164086029 0.020989077 0.985387206
1403636586463555584.000000 -0.032140061 0.005717460 -0.054683983 -0.040776044 -0.173786417 0.021230102 0.983709753
1403636586513555456.000000 -0.032630064 0.006771895 -0.060384683 0.040667634 0.182279050 -0.020668497 -0.982188046
1403636586563555584.000000 -0.032199841 0.008850940 -0.065070942 0.039324630 0.188910440 -0.020117192 -0.981000423
1403636586613555456.000000 -0.030919718 0.012001588 -0.068510413 0.037901357 0.192745581 -0.019768979 -0.980317235
1403636586663555584.000000 -0.028781893 0.016352173 -0.070502535 0.037935603 0.193313971 -0.020545522 -0.980188012
1403636586713555456.000000 -0.026587095 0.021136155 -0.071298145 0.036894117 0.190852240 -0.020571591 -0.980709493
1403636586763555584.000000 -0.024981225 0.025463115 -0.070978999 0.034573782 0.187055960 -0.021516964 -0.981504858
1403636586813555456.000000 -0.023242602 0.030224247 -0.069686085 0.032588217 0.182890266 -0.021654693 -0.982354462
1403636586863555584.000000 -0.022517184 0.033890188 -0.067955144 0.031441052 0.179173619 -0.020744644 -0.983096123
1403636586913555456.000000 -0.021808269 0.035467636 -0.066323094 -0.029738795 -0.176307246 0.018464504 0.983712614
1403636586963555584.000000 -0.021332450 0.036685728 -0.064040110 -0.027455088 -0.174141034 0.017301984 0.984185815
1403636587013555456.000000 -0.020440366 0.037930630 -0.061257642 0.024939017 0.173143208 -0.014365605 -0.984476089
1403636587063555584.000000 -0.019513622 0.038829379 -0.058584880 0.023494158 0.173877925 -0.013185142 -0.984398663
1403636587113555456.000000 -0.018199552 0.040243965 -0.055932678 0.022276131 0.176318243 -0.011208464 -0.984017313
1403636587163555584.000000 -0.017233219 0.042813063 -0.053175971 0.021893689 0.178781703 -0.009723815 -0.983597159
1403636587213555456.000000 -0.016206335 0.046874240 -0.050290022 0.021076124 0.180270359 -0.009375348 -0.983346641
1403636587263555584.000000 -0.015303671 0.052546162 -0.047462102 0.021499051 0.181240603 -0.010026841 -0.983152688
1403636587313555456.000000 -0.014214650 0.060103752 -0.044473104 0.022160543 0.181826413 -0.011050581 -0.983018816
1403636587363555584.000000 -0.012944601 0.069638625 -0.041300859 0.023436693 0.182583258 -0.011999610 -0.982837796
1403636587413555456.000000 -0.012995463 0.081399597 -0.038355026 -0.024442857 -0.182861164 0.013212813 0.982746005
1403636587463555584.000000 -0.011966995 0.094226338 -0.035562940 -0.025394743 -0.183921605 0.015285967 0.982493937
1403636587513555456.000000 -0.010438170 0.108617045 -0.033706397 0.026137725 0.184967145 -0.017466100 -0.982241809
1403636587563555584.000000 -0.009003572 0.124708444 -0.032014530 0.027021317 0.185542524 -0.019280883 -0.982075453
1403636587613555456.000000 -0.007596013 0.141761318 -0.030536223 -0.028952088 -0.185017705 0.021156516 0.982080817
1403636587663555584.000000 -0.005415902 0.160036087 -0.028704993 -0.031043416 -0.182768121 0.023051841 0.982395470
1403636587713555456.000000 -0.002608990 0.179139525 -0.027432270 0.033850204 0.179326519 -0.025271071 -0.982882261
1403636587763555584.000000 0.000130402 0.198119447 -0.025901150 0.037005704 0.175444975 -0.028027369 -0.983394265
1403636587813555456.000000 0.001754691 0.216507316 -0.023575427 -0.040846363 -0.172471911 0.029820880 0.983715296
1403636587863555584.000000 0.002911716 0.234941632 -0.022250175 -0.044144351 -0.171428353 0.031984095 0.983687341
1403636587913555456.000000 0.002942945 0.253135264 -0.021506697 0.047480356 0.172571018 -0.033261247 -0.983289659
1403636587963555584.000000 0.002170921 0.270493746 -0.020057280 -0.052040916 -0.176121905 0.034217268 0.982396066
1403636588013555456.000000 0.001113398 0.286982894 -0.019486083 -0.057250861 -0.181441769 0.034468379 0.981128514
1403636588063555584.000000 -0.000590726 0.301561922 -0.019080989 0.061266430 0.186075851 -0.036568668 -0.979941368
1403636588113555456.000000 -0.002325467 0.314222842 -0.018262904 0.062310938 0.189338356 -0.037906524 -0.979199409
1403636588163555584.000000 -0.004215552 0.325305551 -0.016051855 -0.063472852 -0.191161633 0.037158098 0.978799164
1403636588213555456.000000 -0.005858112 0.334608018 -0.015080597 0.062873811 0.191507429 -0.037067354 -0.978773713
1403636588263555584.000000 -0.007291994 0.341698766 -0.014154319 0.062058557 0.190635279 -0.037441261 -0.978981674
1403636588313555456.000000 -0.008415411 0.346470565 -0.013465693 0.060751490 0.188904673 -0.038405761 -0.979361713
1403636588363555584.000000 -0.009499904 0.349071383 -0.012935394 0.059001151 0.187074423 -0.038808435 -0.979804039
1403636588413555456.000000 -0.010555099 0.349490702 -0.013011266 0.058392804 0.185446694 -0.040059030 -0.980099559
1403636588463555584.000000 -0.011389073 0.347926348 -0.013397644 0.058376763 0.184918866 -0.040751785 -0.980171680
1403636588513555456.000000 -0.011498529 0.344530493 -0.014533820 0.060097750 0.185471758 -0.039722878 -0.980005443
1403636588563555584.000000 -0.010622192 0.338845074 -0.015923474 0.061177816 0.185414001 -0.038928356 -0.979981482
1403636588613555456.000000 -0.009540968 0.330635905 -0.017896418 0.061013751 0.185017377 -0.039002199 -0.980063677
1403636588663555584.000000 -0.008386903 0.320571154 -0.020363726 -0.060265362 -0.184405565 0.038616754 0.980240583
1403636588713555456.000000 -0.008529200 0.308558285 -0.022691619 -0.058276501 -0.184915185 0.039120957 0.980244815
1403636588763555584.000000 -0.009427913 0.295194685 -0.025036678 -0.055807546 -0.186390102 0.037903849 0.980156958
1403636588813555456.000000 -0.010548327 0.280509800 -0.026918143 -0.053612523 -0.187968180 0.037258744 0.980002820
1403636588863555584.000000 -0.011819735 0.264309287 -0.028627813 0.051263925 0.188850030 -0.037099313 -0.979964972
1403636588913555456.000000 -0.012609718 0.246119261 -0.030293902 0.048412431 0.188768938 -0.037003342 -0.980129242
1403636588963555584.000000 -0.013182031 0.226678655 -0.031953491 -0.045781307 -0.187996358 0.035992961 0.980441749
1403636589013555456.000000 -0.013080603 0.206196547 -0.034165524 -0.042799313 -0.186256275 0.034803700 0.980951369
1403636589063555584.000000 -0.012314263 0.185224980 -0.037424013 0.039462328 0.183793724 -0.033454303 -0.981602490
1403636589113555456.000000 -0.011371174 0.163409233 -0.040238246 0.036296584 0.181246743 -0.031358220 -0.982267201
1403636589163555584.000000 -0.010289395 0.140749127 -0.042795453 0.033918530 0.178879857 -0.030222762 -0.982821524
1403636589213555456.000000 -0.009372735 0.117247425 -0.045121279 0.031768773 0.177621990 -0.029308924 -0.983149171
1403636589263555584.000000 -0.009155784 0.093184076 -0.047308806 0.029741460 0.177849740 -0.028263507 -0.983202040
1403636589313555456.000000 -0.007963296 0.069766499 -0.051090695 0.026162570 0.179654822 -0.026733555 -0.983018339
1403636589363555584.000000 -0.009189337 0.045200996 -0.052601650 0.023579868 0.181895480 -0.025480894 -0.982704878
1403636589413555456.000000 -0.010486386 0.021314332 -0.053456109 0.021365648 0.183830395 -0.023285601 -0.982449830
1403636589463555584.000000 -0.012207286 -0.003336326 -0.054275379 -0.020604089 -0.183962092 0.020990836 0.982493222
1403636589513555456.000000 -0.013880372 -0.027233534 -0.055217829 -0.019403577 -0.183119118 0.020375531 0.982688069
1403636589563555584.000000 -0.015792400 -0.051254362 -0.056863397 -0.017466279 -0.181856751 0.019971212 0.982967138
1403636589613555456.000000 -0.017784938 -0.074795015 -0.057923008 0.016234431 0.180570170 -0.018797603 -0.983248472
1403636589663555584.000000 -0.019658057 -0.098237135 -0.059418220 -0.014663220 -0.179345250 0.017725395 0.983517289
1403636589713555456.000000 -0.021927370 -0.121235609 -0.060546339 -0.013227602 -0.178737089 0.016882002 0.983663082
1403636589763555584.000000 -0.024594743 -0.143738776 -0.061502185 -0.009752560 -0.179136351 0.016617211 0.983635604
1403636589813555456.000000 -0.027887583 -0.165057093 -0.061986413 -0.005800642 -0.181195542 0.015816037 0.983302832
1403636589863555584.000000 -0.031212814 -0.185451344 -0.063477352 -0.001916984 -0.184449866 0.014697038 0.982730210
1403636589913555456.000000 -0.034792196 -0.203464001 -0.063580409 0.002337600 -0.187657505 0.013940617 0.982132852
1403636589963555584.000000 -0.038261253 -0.219878167 -0.063976951 0.007045246 -0.189540997 0.014338888 0.981742859
1403636590013555456.000000 -0.040978000 -0.234639540 -0.064140394 0.011582967 -0.189180374 0.014383536 0.981768787
1403636590063555584.000000 -0.042271163 -0.247163638 -0.064923383 0.014821506 -0.186584964 0.013878040 0.982229054
1403636590113555456.000000 -0.042732902 -0.257111967 -0.065401413 0.017851505 -0.183169529 0.013459767 0.982827127
1403636590163555584.000000 -0.042371649 -0.264120311 -0.065945894 -0.020809788 0.179792315 -0.013678273 -0.983389378
1403636590213555456.000000 -0.042940754 -0.269701034 -0.067308269 0.021669287 -0.177303538 0.013429265 0.983826041
1403636590263555584.000000 -0.042415455 -0.270175785 -0.068436831 0.021792192 -0.176702514 0.012470752 0.983944058
1403636590313555456.000000 -0.041691016 -0.267280668 -0.069860555 -0.020925129 0.177560776 -0.011174180 -0.983823955
1403636590363555584.000000 -0.040902872 -0.261623979 -0.071384944 -0.018691989 0.178668901 -0.010877535 -0.983671546
1403636590413555456.000000 -0.039778158 -0.253027856 -0.073128894 -0.016105095 0.179375559 -0.010184577 -0.983596206
1403636590463555584.000000 -0.037753098 -0.239575371 -0.074881658 -0.012680819 0.179446444 -0.009602995 -0.983639181
1403636590513555456.000000 -0.035783514 -0.225706741 -0.076970026 -0.009277600 0.178290695 -0.008753001 -0.983895242
1403636590563555584.000000 -0.033483636 -0.209725872 -0.078943409 -0.005545620 0.176721111 -0.007984505 -0.984212995
1403636590613555456.000000 -0.031207448 -0.192088544 -0.080811925 -0.002650539 0.175162554 -0.007695560 -0.984505951
1403636590663555584.000000 -0.029467501 -0.172974229 -0.082057945 0.000768660 0.174247280 -0.007899184 -0.984669983
1403636590713555456.000000 -0.028647671 -0.152917147 -0.082977429 -0.004351263 -0.174052075 0.008620228 0.984689116
1403636590763555584.000000 -0.027732430 -0.131611556 -0.083262876 -0.007357612 -0.175516680 0.010139848 0.984396756
1403636590813555456.000000 -0.027074354 -0.110177606 -0.082607329 0.008421894 0.178215116 -0.012136426 -0.983880699
1403636590863555584.000000 -0.026926043 -0.087465011 -0.081523582 0.009798010 0.181259528 -0.014357810 -0.983281732
1403636590913555456.000000 -0.026574355 -0.063896939 -0.080243729 0.011292794 0.183897138 -0.015614513 -0.982756674
1403636590963555584.000000 -0.026377909 -0.039803676 -0.078769460 0.012983065 0.185121909 -0.016014094 -0.982499301
1403636591013555456.000000 -0.026067544 -0.015927048 -0.077000678 0.013287027 0.185163319 -0.016310893 -0.982482612
1403636591063555584.000000 -0.024585698 0.008760453 -0.075010613 0.012054125 0.184794724 -0.016659087 -0.982562065
1403636591113555456.000000 -0.023757633 0.031438090 -0.072743140 0.011186480 0.184203178 -0.017471561 -0.982669234
1403636591163555584.000000 -0.023024917 0.053214546 -0.070701182 0.011335285 0.184139490 -0.019118223 -0.982648790
1403636591213555456.000000 -0.022369031 0.074757829 -0.068344302 -0.011783620 -0.184558317 0.020292034 0.982541382
1403636591263555584.000000 -0.022472758 0.094426177 -0.065944985 -0.012928645 -0.185782492 0.021237193 0.982276320
1403636591313555456.000000 -0.023071118 0.112289727 -0.063404515 -0.014743443 -0.187250063 0.021791603 0.981959939
1403636591363555584.000000 -0.024362680 0.127998859 -0.060956255 -0.017145146 -0.188544706 0.022771262 0.981650889
1403636591413555456.000000 -0.026540633 0.141467392 -0.058377687 0.019310284 0.189124092 -0.023906553 -0.981472254
1403636591463555584.000000 -0.029061597 0.152621329 -0.055025727 0.020560289 0.189111486 -0.025553560 -0.981407821
1403636591513555456.000000 -0.031344965 0.162936062 -0.051046312 0.023238432 0.188082144 -0.025471170 -0.981547952
1403636591563555584.000000 -0.033528686 0.172264919 -0.046713568 0.029090211 0.184343472 -0.026081085 -0.982085109
1403636591613555456.000000 -0.036006063 0.180479750 -0.041685745 -0.037294399 -0.177852079 0.027345020 0.982969999
1403636591663555584.000000 -0.037520293 0.186797440 -0.036920033 -0.044096969 -0.168503955 0.027692882 0.984324694
1403636591713555456.000000 -0.037843127 0.191410393 -0.033308867 0.049519468 0.158094659 -0.026774239 -0.985818028
1403636591763555584.000000 -0.037476514 0.195246384 -0.029887376 0.055108171 0.147657692 -0.025438575 -0.987174392
1403636591813555456.000000 -0.036258176 0.198573217 -0.026728613 0.060992204 0.136900663 -0.024899699 -0.988391697
1403636591863555584.000000 -0.034927357 0.201291710 -0.023813112 0.065889388 0.128041700 -0.025099460 -0.989259303
1403636591913555456.000000 -0.033404119 0.204147652 -0.020681867 0.070759110 0.122463889 -0.026340317 -0.989596844
1403636591963555584.000000 -0.032297585 0.207151607 -0.017103717 0.074685134 0.121933624 -0.029784719 -0.989276171
1403636592013555456.000000 -0.030774925 0.211763769 -0.012369010 0.078914523 0.125272036 -0.033084884 -0.988425493
1403636592063555584.000000 -0.028887352 0.217672631 -0.005892699 0.084247306 0.128627926 -0.037377018 -0.987400830
1403636592113555456.000000 -0.025931010 0.224547744 0.001146586 -0.089477077 -0.132046640 0.041625019 0.986318946
1403636592163555584.000000 -0.023596236 0.231807962 0.010285545 -0.094234481 -0.135908410 0.045519076 0.985178530
1403636592213555456.000000 -0.021095408 0.238592356 0.020173930 0.097679600 0.140545174 -0.048114110 -0.984068513
1403636592263555584.000000 -0.017829690 0.245422930 0.030969778 -0.099574491 -0.145037770 0.049627133 0.983151138
1403636592313555456.000000 -0.014113239 0.250575304 0.042789981 -0.099429920 -0.149100557 0.050508771 0.982512951
1403636592363555584.000000 -0.009971262 0.253859937 0.056108341 -0.097562514 -0.152466685 0.053190548 0.982041895
1403636592413555456.000000 -0.005022934 0.255107611 0.070316963 -0.093337156 -0.155248433 0.053728659 0.981987476
1403636592463555584.000000 0.000825624 0.254046589 0.085450463 -0.088043526 -0.155694351 0.053196654 0.982434690
1403636592513555456.000000 0.007009933 0.249811575 0.100532748 0.080897622 0.153372213 -0.050911717 -0.983534813
1403636592563555584.000000 0.013751424 0.244096130 0.118172154 -0.073542513 -0.149121284 0.046949983 0.984961987
1403636592613555456.000000 0.019677458 0.235664755 0.133996606 -0.064838447 -0.144398272 0.042106256 0.986494899
1403636592663555584.000000 0.024608582 0.224913254 0.149751604 0.056570902 0.140770987 -0.036486939 -0.987751007
1403636592713555456.000000 0.029187888 0.211865872 0.164644003 0.047365930 0.138667822 -0.031382412 -0.988707721
1403636592763555584.000000 0.033145271 0.196075603 0.178686708 -0.036013789 -0.138238922 0.026599567 0.989386439
1403636592813555456.000000 0.036130339 0.177050635 0.190539852 -0.022872515 -0.138866499 0.022861175 0.989782989
1403636592863555584.000000 0.037381262 0.154499993 0.199792266 -0.007859539 -0.140932366 0.019851625 0.989789009
1403636592913555456.000000 0.036856517 0.129635036 0.206381664 0.006641452 -0.143907964 0.016154151 0.989436984
1403636592963555584.000000 0.035050504 0.101738952 0.210834384 0.020820020 -0.147246435 0.012680757 0.988799393
1403636593013555456.000000 0.032269351 0.072305225 0.209881946 0.035437897 -0.150407404 0.008898968 0.987948716
1403636593063555584.000000 0.029131666 0.041701455 0.205646351 0.049247049 -0.153365701 0.004700035 0.986930370
1403636593113555456.000000 0.024970034 0.010493245 0.197384790 0.062134683 -0.155350804 -0.000718453 0.985903084
1403636593163555584.000000 0.019786647 -0.020611171 0.186108604 0.075370602 -0.156676710 -0.003072476 0.984765112
1403636593213555456.000000 0.014546128 -0.051182050 0.171391562 0.086887836 -0.157421172 -0.003209962 0.983696520
1403636593263555584.000000 0.007371470 -0.080510966 0.153601617 0.098456278 -0.157681122 -0.001682128 0.982568145
1403636593313555456.000000 0.000620491 -0.105980441 0.134597719 0.106369831 -0.159812346 -0.001623022 0.981398463
1403636593363555584.000000 -0.006906383 -0.127413407 0.114063911 0.110970713 -0.162252858 -0.002956295 0.980485022
1403636593413555456.000000 -0.015591461 -0.144408867 0.092511229 0.113410160 -0.164349943 -0.003612756 0.979854167
1403636593463555584.000000 -0.025178343 -0.155907050 0.070781797 0.113019198 -0.165926278 -0.005170156 0.979626656
1403636593513555456.000000 -0.035623960 -0.162784815 0.048564013 0.109428987 -0.167499930 -0.004755547 0.979768634
1403636593563555584.000000 -0.046137996 -0.165126592 0.027058074 -0.105400555 0.169745758 0.002331789 -0.979832470
1403636593613555456.000000 -0.056944158 -0.164006248 0.005170786 0.099261224 -0.173201978 0.001495532 0.979870498
1403636593663555584.000000 -0.067825474 -0.158630490 -0.015254181 0.092262499 -0.177425995 0.007317650 0.979772508
1403636593713555456.000000 -0.078037605 -0.148972526 -0.037735429 0.081961639 -0.181734011 0.012803559 0.979842424
1403636593763555584.000000 -0.087514877 -0.135483667 -0.056592777 0.068627462 -0.184825569 0.019728068 0.980173767
1403636593813555456.000000 -0.096273094 -0.117913499 -0.075538978 0.052520774 -0.185530841 0.026678324 0.980871141
1403636593863555584.000000 -0.103089958 -0.097657830 -0.092044175 0.034487795 -0.183098480 0.034844633 0.981871367
1403636593913555456.000000 -0.108789273 -0.075308584 -0.108552292 0.015182584 -0.178256243 0.042783804 0.982936323
1403636593963555584.000000 -0.112371169 -0.050590213 -0.121853620 -0.004912656 -0.172245294 0.049887139 0.983777821
1403636594013555456.000000 -0.114791073 -0.024625711 -0.134229898 -0.025084632 -0.166241542 0.055909470 0.984179258
1403636594063555584.000000 -0.115487903 0.002876646 -0.142890349 -0.045122281 -0.161611333 0.061786909 0.983884215
1403636594113555456.000000 -0.115377113 0.030414814 -0.147873625 -0.063007988 -0.158848599 0.068263911 0.982922792
1403636594163555584.000000 -0.114284664 0.058950484 -0.149245128 -0.079490162 -0.158160299 0.074293450 0.981400609
1403636594213555456.000000 -0.112444960 0.087730952 -0.146516293 0.093644120 0.158572495 -0.078324549 -0.979770839
1403636594263555584.000000 -0.109817326 0.115976349 -0.139790148 -0.105938725 -0.159047976 0.081030585 0.978220224
1403636594313555456.000000 -0.105435014 0.144913599 -0.128991053 -0.115642205 -0.159572378 0.081446387 0.977000594
1403636594363555584.000000 -0.099888317 0.173247531 -0.114711776 0.124105334 0.159177035 -0.080610335 -0.976095557
1403636594413555456.000000 -0.092792153 0.200948328 -0.097197555 0.130400538 0.156810537 -0.078509629 -0.975829124
1403636594463555584.000000 -0.084880166 0.226983756 -0.078124687 -0.134606540 -0.152793095 0.075015709 0.976170123
1403636594513555456.000000 -0.076427162 0.250563323 -0.056612946 -0.136466354 -0.147478670 0.071537524 0.976989985
1403636594563555584.000000 -0.067837715 0.269842327 -0.033747964 0.136943430 0.141525015 -0.071357511 -0.977816641
1403636594613555456.000000 -0.059335764 0.284135938 -0.010656145 0.135908172 0.136853635 -0.071376845 -0.978624284
1403636594663555584.000000 -0.050643820 0.293892324 0.014345703 -0.134757221 -0.132805631 0.072502114 0.979258239
1403636594713555456.000000 -0.042929776 0.295785725 0.036482710 -0.131425291 -0.130385846 0.071474150 0.980111480
1403636594763555584.000000 -0.036571078 0.291207075 0.058201190 -0.125087366 -0.128533870 0.069628708 0.981317520
1403636594813555456.000000 -0.031541288 0.279385060 0.078792125 -0.115360513 -0.126787126 0.065505438 0.983018875
1403636594863555584.000000 -0.026899206 0.261781752 0.098540507 -0.104069546 -0.125108376 0.060539365 0.984810829
1403636594913555456.000000 -0.023467163 0.237001836 0.115435809 -0.090555266 -0.123242043 0.053035267 0.986812294
1403636594963555584.000000 -0.020930570 0.206849217 0.130112514 -0.074612893 -0.122073598 0.044446267 0.988714099
1403636595013555456.000000 -0.019847376 0.171270609 0.140663996 -0.054703936 -0.121167153 0.037189875 0.990425646
1403636595063555584.000000 -0.020956956 0.134403989 0.152252376 -0.034567438 -0.122123912 0.028717753 0.991496980
1403636595113555456.000000 -0.022872454 0.094670467 0.156487271 -0.014386436 -0.124749206 0.021836929 0.991843700
1403636595163555584.000000 -0.025748394 0.056102820 0.158648714 0.004608118 -0.127880663 0.015686795 0.991654873
1403636595213555456.000000 -0.029407037 0.018668408 0.156457454 0.023171544 -0.131247744 0.011615959 0.991010666
1403636595263555584.000000 -0.034089789 -0.015502671 0.152634308 0.040561341 -0.134273320 0.007475565 0.990085721
1403636595313555456.000000 -0.039269846 -0.045468520 0.144382551 0.055475414 -0.137314796 0.003621366 0.988966167
1403636595363555584.000000 -0.045096390 -0.070101187 0.134561509 0.066821150 -0.139525279 -0.000411019 0.987961292
1403636595413555456.000000 -0.050837036 -0.087980822 0.122191712 0.074607633 -0.141205654 -0.002244605 0.987162471
1403636595463555584.000000 -0.056937501 -0.101200245 0.108143486 0.079904415 -0.142758742 -0.003994566 0.986518800
1403636595513555456.000000 -0.062942892 -0.104843348 0.093858235 0.082403108 -0.144877806 -0.003959880 0.986004353
1403636595563555584.000000 -0.069092415 -0.102017544 0.078931406 0.084453762 -0.147441685 -0.005526071 0.985443115
1403636595613555456.000000 -0.075262949 -0.092092618 0.063786350 -0.083484732 0.149845719 0.005822101 -0.985161304
1403636595663555584.000000 -0.081797153 -0.078446336 0.047587804 0.079578616 -0.151966140 -0.006395095 0.985156178
1403636595713555456.000000 -0.088216163 -0.058636606 0.032813072 0.072348714 -0.153171465 -0.005210835 0.985533893
1403636595763555584.000000 -0.094743803 -0.035229016 0.017536795 0.061938059 -0.153600976 -0.005478986 0.986174703
1403636595813555456.000000 -0.101264045 -0.007888670 0.003969938 0.047425084 -0.153228208 -0.004235975 0.987043142
1403636595863555584.000000 -0.107979991 0.020779507 -0.009085851 -0.031966098 0.152620584 0.002507856 -0.987764597
1403636595913555456.000000 -0.114753321 0.049529038 -0.022031225 -0.016016373 0.152581289 -0.001756738 -0.988159657
1403636595963555584.000000 -0.120873198 0.078172356 -0.037321378 0.000725670 -0.153728828 0.005515176 0.988097429
1403636596013555456.000000 -0.127438322 0.102558278 -0.052469447 -0.014767727 -0.155825332 0.009438385 0.987629175
1403636596063555584.000000 -0.134149045 0.123086616 -0.068663120 -0.029709138 -0.157807276 0.014715138 0.986913323
1403636596113555456.000000 -0.140690461 0.137355521 -0.085226528 -0.042409439 -0.159767836 0.020025769 0.986039937
1403636596163555584.000000 -0.146721646 0.144027591 -0.102447450 -0.051898722 -0.160606012 0.025690854 0.985318363
1403636596213555456.000000 -0.151091918 0.144206285 -0.119189605 -0.057689246 -0.160216793 0.029491248 0.984953284
1403636596263555584.000000 -0.154343396 0.137127042 -0.136361599 0.060379647 0.159046069 -0.033390190 -0.984857202
1403636596313555456.000000 -0.156249329 0.124572933 -0.153997168 0.061787974 0.157074824 -0.036373146 -0.984980643
1403636596363555584.000000 -0.157718748 0.107870311 -0.173235044 0.063115910 0.154841274 -0.037498947 -0.985207796
1403636596413555456.000000 -0.158773869 0.088601544 -0.193326265 0.063802108 0.152219325 -0.036364980 -0.985614657
1403636596463555584.000000 -0.160083249 0.068458401 -0.213267431 0.063040257 0.149280369 -0.034176439 -0.986191332
1403636596513555456.000000 -0.161594287 0.049339354 -0.232208669 -0.061498396 -0.146791369 0.030910159 0.986769915
1403636596563555584.000000 -0.162511110 0.030721337 -0.248533294 -0.059771266 -0.144775406 0.027562967 0.987272918
1403636596613555456.000000 -0.164269626 0.013992438 -0.262074351 -0.059706774 -0.144794554 0.025765095 0.987322569
1403636596663555584.000000 -0.165087268 -0.001043796 -0.272233248 0.059337169 0.146108925 -0.025004437 -0.987170815
1403636596713555456.000000 -0.166423798 -0.012157260 -0.278668404 0.058426734 0.147530943 -0.024221091 -0.987033069
1403636596763555584.000000 -0.166694105 -0.019270850 -0.280404329 0.057116445 0.147511765 -0.021666735 -0.987172008
1403636596813555456.000000 -0.166213244 -0.022520715 -0.277099520 0.056722641 0.145119995 -0.019854227 -0.987587273
1403636596863555584.000000 -0.164109483 -0.022181416 -0.268503934 0.056872535 0.142210677 -0.016160345 -0.988069117
1403636596913555456.000000 -0.160637170 -0.019146377 -0.254832178 0.057527103 0.139454260 -0.013991632 -0.988457084
1403636596963555584.000000 -0.155503795 -0.013479347 -0.236568511 0.058721777 0.139427483 -0.010495838 -0.988433957
1403636597013555456.000000 -0.149299547 -0.005502688 -0.214063600 -0.059416741 -0.141811386 0.010461547 0.988053560
1403636597063555584.000000 -0.142208993 0.003289797 -0.188313305 -0.059474040 -0.147210851 0.009360988 0.987271070
1403636597113555456.000000 -0.133865625 0.012607316 -0.159269199 0.056940839 0.153148666 -0.009934587 -0.986511350
1403636597163555584.000000 -0.124132954 0.022072449 -0.129013821 0.052068457 0.158380479 -0.008233178 -0.985969961
1403636597213555456.000000 -0.112340406 0.031511761 -0.097783275 0.045731835 0.161558777 -0.006224380 -0.985783339
1403636597263555584.000000 -0.098841675 0.040065017 -0.066112883 0.038976952 0.162382960 -0.003187207 -0.985952616
1403636597313555456.000000 -0.085066058 0.047750752 -0.034542326 0.031677369 0.161290169 0.000915393 -0.986398101
1403636597363555584.000000 -0.070134394 0.053876985 -0.002310388 0.023629855 0.159309015 0.004602498 -0.986935258
1403636597413555456.000000 -0.057133839 0.058319934 0.028373906 -0.016467975 -0.157287717 -0.009302411 0.987371683
1403636597463555584.000000 -0.044869199 0.060814429 0.057641447 -0.007957299 -0.155519858 -0.013649759 0.987706423
1403636597513555456.000000 -0.034323495 0.061003815 0.083984919 -0.001669356 0.153565109 0.019313727 -0.987948358
1403636597563555584.000000 -0.025917044 0.058088761 0.107002631 0.012801751 -0.150852740 -0.022216788 0.988223672
1403636597613555456.000000 -0.020340202 0.052178185 0.124427795 0.025093449 -0.146953285 -0.023757141 0.988539696
1403636597663555584.000000 -0.017642338 0.043677527 0.136390477 0.037521493 -0.142612830 -0.024828166 0.988755465
1403636597713555456.000000 -0.017589392 0.032889295 0.142781958 -0.049147680 0.138191909 0.026093718 -0.988841057
1403636597763555584.000000 -0.019165331 0.020895505 0.143335447 -0.058465179 0.133967325 0.027976567 -0.988864005
1403636597813555456.000000 -0.022270145 0.008731338 0.138612136 -0.065980554 0.129990786 0.030088766 -0.988859773
1403636597863555584.000000 -0.027033264 -0.002395099 0.129196942 -0.070943683 0.127075255 0.033715341 -0.988778174
1403636597913555456.000000 -0.033226494 -0.012037022 0.115977906 -0.075587504 0.125460565 0.037911344 -0.988488197
1403636597963555584.000000 -0.040642373 -0.020174591 0.099887103 -0.078291886 0.125846550 0.042064793 -0.988060534
1403636598013555456.000000 -0.049053829 -0.026677890 0.081088983 -0.080130480 0.128080562 0.045137823 -0.987490356
1403636598063555584.000000 -0.057921886 -0.031514131 0.061297551 0.080936551 -0.131912574 -0.046553176 0.986854196
1403636598113555456.000000 -0.068528265 -0.034648046 0.040986814 0.081313811 -0.137839139 -0.045918565 0.986042559
1403636598163555584.000000 -0.080290794 -0.035838593 0.021504616 -0.079613127 0.145513058 0.046314567 -0.985059798
1403636598213555456.000000 -0.091671593 -0.034657314 0.003752888 0.076763302 -0.154956326 -0.046633914 0.983829916
1403636598263555584.000000 -0.103355058 -0.032204732 -0.010790088 0.073742524 -0.164341658 -0.048900086 0.982426941
1403636598313555456.000000 -0.114599533 -0.028463572 -0.021622298 -0.070159011 0.171549633 0.049372587 -0.981433094
1403636598363555584.000000 -0.123989262 -0.023197262 -0.027992280 0.065710336 -0.176095784 -0.051803175 0.980810344
1403636598413555456.000000 -0.131968111 -0.017389847 -0.029165659 0.061079096 -0.178114086 -0.052456815 0.980710447
1403636598463555584.000000 -0.138409108 -0.011095278 -0.025409354 -0.058649298 0.177889839 0.054237165 -0.980802655
1403636598513555456.000000 -0.142701417 -0.004968280 -0.017312877 0.058177009 -0.175409988 -0.054845326 0.981243491
1403636598563555584.000000 -0.144793376 0.000858182 -0.004824094 0.060869116 -0.170153916 -0.055444475 0.981971741
1403636598613555456.000000 -0.145523518 0.006436039 0.010945787 -0.064282015 0.162973329 0.054813828 -0.983007133
1403636598663555584.000000 -0.145739764 0.011713007 0.028914433 -0.069044791 0.154638872 0.054311100 -0.984057963
1403636598713555456.000000 -0.147377491 0.017073160 0.047662053 0.075266235 -0.145103902 -0.053684723 0.985087752
1403636598763555584.000000 -0.149446636 0.021492278 0.067176901 0.082526959 -0.134124234 -0.053092755 0.986093879
1403636598813555456.000000 -0.152766094 0.025745241 0.086521424 0.088590376 -0.122757606 -0.051597919 0.987127125
1403636598863555584.000000 -0.157370999 0.030060355 0.105368294 0.092649445 -0.110745743 -0.050085314 0.988252461
1403636598913555456.000000 -0.163332462 0.034756493 0.122721389 0.094929025 -0.100069158 -0.047945630 0.989280522
1403636598963555584.000000 -0.169751093 0.038897056 0.139728963 0.094961993 -0.090820827 -0.048387293 0.990147710
1403636599013555456.000000 -0.176714644 0.042336356 0.154602140 0.095990300 -0.083047144 -0.048579067 0.990721524
1403636599063555584.000000 -0.182502359 0.044865005 0.167773023 0.098410875 -0.074371383 -0.046642378 0.991266251
1403636599113555456.000000 -0.187573686 0.047024645 0.178647324 0.102718309 -0.064724579 -0.044140622 0.991620541
1403636599163555584.000000 -0.190816000 0.048613321 0.187891498 0.107528292 -0.052346982 -0.040813792 0.991983712
1403636599213555456.000000 -0.193066105 0.049847052 0.196403429 0.108431280 -0.036190264 -0.040276751 0.992628217
1403636599263555584.000000 -0.194742113 0.050762478 0.204731554 0.109104156 -0.020381380 -0.037124693 0.993127763
1403636599313555456.000000 -0.196216479 0.051204737 0.212392002 0.109258048 -0.007312876 -0.035093293 0.993366838
1403636599363555584.000000 -0.198398754 0.052108180 0.219347924 -0.108125336 -0.002318150 0.033355109 -0.993574917
1403636599413555456.000000 -0.201173142 0.052706629 0.226449430 0.105360381 0.008229409 -0.034267448 0.993809462
1403636599463555584.000000 -0.204338580 0.053550214 0.232206732 0.101537146 0.010608214 -0.035972044 0.994124651
1403636599513555456.000000 -0.207730174 0.054451186 0.236921877 -0.097072832 -0.009310860 0.034360975 -0.994640470
1403636599563555584.000000 -0.211033791 0.055187672 0.240795985 -0.092980348 -0.006499735 0.032698281 -0.995109737
1403636599613555456.000000 -0.214420319 0.055442594 0.245159984 0.090417676 0.003122351 -0.031577628 0.995398343
1403636599663555584.000000 -0.217868805 0.056202743 0.247460604 0.088221438 0.000721448 -0.031992983 0.995586693
1403636599713555456.000000 -0.220840141 0.057571694 0.248315290 -0.087787732 -0.002146937 0.030917242 -0.995657086
1403636599763555584.000000 -0.220843717 0.058692358 0.247584984 -0.089361005 -0.011436986 0.031164231 -0.995445967
1403636599813555456.000000 -0.220738977 0.059934609 0.250204831 0.089412488 0.019543016 -0.030412065 0.995338440
1403636599863555584.000000 -0.221461326 0.060398381 0.249658972 0.089736901 0.025846390 -0.029139606 0.995203555
1403636599913555456.000000 -0.222099110 0.061232153 0.248621956 -0.090733282 -0.027947456 0.027581094 -0.995100856
1403636599963555584.000000 -0.222520694 0.061803691 0.248574376 -0.089591958 -0.027032569 0.025927946 -0.995273948
1403636600013555456.000000 -0.223029867 0.062324025 0.248379827 -0.088939309 -0.026470978 0.024806663 -0.995376229
1403636600063555584.000000 -0.224071860 0.063218080 0.248573244 -0.089882374 -0.026525863 0.022407660 -0.995346963
1403636600113555456.000000 -0.224098057 0.064009801 0.248170242 -0.090931043 -0.029763252 0.019948827 -0.995212436
1403636600163555584.000000 -0.224106982 0.064451188 0.248023614 -0.090571716 -0.030396745 0.021378370 -0.995196402
1403636600213555456.000000 -0.224198267 0.064098053 0.248198912 -0.091051280 -0.030030413 0.020051990 -0.995191395
1403636600263555584.000000 -0.224113405 0.064290151 0.249694094 0.091223128 0.030034201 -0.019970881 0.995177090
1403636600313555456.000000 -0.224098325 0.064272173 0.249742091 0.091423102 0.029990001 -0.019490875 0.995169640
1403636600363555584.000000 -0.224383429 0.064316601 0.248808816 -0.091542259 -0.030116174 0.018883532 -0.995166540
1403636600413555456.000000 -0.224345431 0.064303078 0.248573706 -0.091658093 -0.030122040 0.018902602 -0.995155334
1403636600463555584.000000 -0.224288628 0.064160168 0.248326913 -0.091894597 -0.030081855 0.018273685 -0.995146513
1403636600513555456.000000 -0.224104837 0.064169154 0.248290494 -0.091660090 -0.030313073 0.018497080 -0.995157003
1403636600563555584.000000 -0.224011019 0.064164139 0.248504981 -0.091653153 -0.030167481 0.018912951 -0.995154262
1403636600613555456.000000 -0.224030271 0.063991264 0.248646706 -0.091841705 -0.030136304 0.018292302 -0.995149434
1403636600663555584.000000 -0.223971069 0.064151630 0.248980716 -0.091741480 -0.030066792 0.018441934 -0.995158017
1403636600713555456.000000 -0.223982945 0.064153761 0.249219328 -0.091768637 -0.029994559 0.018459892 -0.995157361
1403636600763555584.000000 -0.224030450 0.063935466 0.248833150 0.091759153 0.029936336 -0.018237719 0.995164096
1403636600813555456.000000 -0.224017233 0.064081192 0.249022365 0.091573328 0.029991440 -0.018672537 0.995171428
1403636600863555584.000000 -0.223882824 0.064148277 0.248821110 -0.091759212 -0.029855728 0.018229172 -0.995166600
1403636600913555456.000000 -0.223804072 0.064242512 0.248908862 -0.091628008 -0.029900393 0.018570395 -0.995171070
1403636600963555584.000000 -0.223850369 0.064109027 0.248897955 -0.091765083 -0.029828036 0.018145245 -0.995168507
1403636601013555456.000000 -0.223865330 0.064158492 0.248901621 -0.091599576 -0.029855637 0.018629111 -0.995173931
1403636601063555584.000000 -0.223919228 0.063993156 0.248908877 -0.091759823 -0.029830422 0.018134464 -0.995169103
1403636601113555456.000000 -0.223905727 0.064077698 0.249017835 -0.091615990 -0.029853918 0.018540593 -0.995174170
1403636601163555584.000000 -0.223958299 0.063992120 0.249006450 -0.091761619 -0.029859871 0.018174671 -0.995167255
1403636601213555456.000000 -0.223973244 0.064028963 0.249021634 -0.091643706 -0.029886149 0.018533759 -0.995170772
1403636601263555584.000000 -0.223962322 0.063948818 0.247310683 0.091690719 0.030243795 -0.018359065 0.995158851
1403636601313555456.000000 -0.223952413 0.064046577 0.247337237 0.091562428 0.030285263 -0.018752061 0.995162070
1403636601363555584.000000 -0.223891735 0.064151727 0.247556165 -0.091655619 -0.030239891 0.018388046 -0.995161653
1403636601413555456.000000 -0.223848060 0.064177178 0.247719482 -0.091589957 -0.030248674 0.018574966 -0.995163977
1403636601463555584.000000 -0.223825738 0.064098887 0.247806281 -0.091669910 -0.030255262 0.018352306 -0.995160520
1403636601513555456.000000 -0.223815650 0.064150937 0.247811988 -0.091632254 -0.030347101 0.018487258 -0.995158732
1403636601563555584.000000 -0.223855197 0.064034328 0.247757554 -0.091666140 -0.030367900 0.018289415 -0.995158672
1403636601613555456.000000 -0.223931968 0.064020976 0.247587919 -0.091655433 -0.030357050 0.018399527 -0.995157897
1403636601663555584.000000 -0.223967165 0.064005531 0.247496918 -0.091613367 -0.030430567 0.018395394 -0.995159626
1403636601713555456.000000 -0.224036172 0.064026594 0.247413501 -0.091647193 -0.030406661 0.018379981 -0.995157540
1403636601763555584.000000 -0.224087000 0.063985758 0.247183025 0.091545686 0.030371109 -0.018372122 0.995168090
1403636601813555456.000000 -0.224105939 0.063970208 0.247132137 0.091622226 0.030302659 -0.018315420 0.995164156
1403636601863555584.000000 -0.224068508 0.064027995 0.247468993 -0.091575764 -0.030334754 0.018325360 -0.995167315
1403636601913555456.000000 -0.224026099 0.064102821 0.247581258 -0.091620713 -0.030323885 0.018244343 -0.995164990
1403636601963555584.000000 -0.223909870 0.064218953 0.248281747 -0.091615684 -0.030273737 0.018289210 -0.995166123
1403636602013555456.000000 -0.223938420 0.064136580 0.247572303 -0.091641061 -0.030371267 0.018231146 -0.995161831
1403636602063555584.000000 -0.223971307 0.064226814 0.247452840 -0.091624826 -0.030343646 0.018403035 -0.995161116
1403636602113555456.000000 -0.223956078 0.064151354 0.247394413 -0.091667093 -0.030329829 0.018179365 -0.995161712
1403636602163555584.000000 -0.223978668 0.064192943 0.247299165 -0.091608115 -0.030329123 0.018417358 -0.995162785
1403636602213555456.000000 -0.224008754 0.064097799 0.247209817 -0.091665253 -0.030354571 0.018179459 -0.995161116
1403636602263555584.000000 -0.223994806 0.063962542 0.247078851 0.091527700 0.030258346 -0.018452179 0.995171666
1403636602313555456.000000 -0.224032149 0.063829035 0.246981815 0.091623567 0.030254180 -0.018197143 0.995167732
1403636602363555584.000000 -0.223952487 0.064195253 0.248021901 -0.091587484 -0.030176641 0.018287815 -0.995171726
1403636602413555456.000000 -0.223977014 0.064181589 0.248108789 -0.091676258 -0.030214248 0.018111948 -0.995165646
1403636602463555584.000000 -0.223983839 0.064163342 0.248131797 -0.091647997 -0.030263081 0.018182579 -0.995165467
1403636602513555456.000000 -0.224041149 0.064143643 0.248014629 -0.091638461 -0.030240593 0.018135566 -0.995167851
1403636602563555584.000000 -0.224033624 0.064116582 0.248148918 -0.091669455 -0.030256076 0.018114300 -0.995164931
1403636602613555456.000000 -0.224088803 0.064135075 0.247587591 -0.091648392 -0.030246459 0.018165026 -0.995166242
1403636602663555584.000000 -0.224094152 0.064111911 0.247436181 -0.091624677 -0.030260779 0.018174671 -0.995167851
1403636602713555456.000000 -0.224065691 0.064072438 0.247609660 -0.091646299 -0.030282430 0.018126003 -0.995166063
1403636602763555584.000000 -0.223923892 0.063944601 0.247212887 0.091607302 0.030207183 -0.018203888 0.995170474
1403636602813555456.000000 -0.223962769 0.063934110 0.247076154 0.091601968 0.030238738 -0.018229928 0.995169520
1403636602863555584.000000 -0.223999202 0.063900828 0.246963114 0.091612361 0.030247971 -0.018190382 0.995168984
1403636602913555456.000000 -0.224092871 0.064320907 0.247610390 -0.091606438 -0.030199388 0.018108448 -0.995172501
1403636602963555584.000000 -0.224021047 0.064280793 0.247598112 -0.091616832 -0.030235419 0.018024728 -0.995172083
1403636603013555456.000000 -0.223852634 0.064088762 0.247147933 -0.091604888 -0.030276529 0.018238107 -0.995168030
1403636603063555584.000000 -0.224000990 0.064065643 0.247495323 -0.091635793 -0.030242683 0.018039763 -0.995169818
1403636603113555456.000000 -0.224029258 0.063982837 0.247347310 -0.091550976 -0.030283043 0.018174823 -0.995173931
1403636603163555584.000000 -0.224053979 0.063924871 0.247143805 -0.091564544 -0.030260606 0.018088367 -0.995174885
1403636603213555456.000000 -0.224055499 0.063941322 0.247034401 -0.091571540 -0.030255720 0.018149529 -0.995173335
1403636603263555584.000000 -0.224026382 0.063922584 0.247098446 0.091594271 0.030251898 -0.018160645 0.995171130
1403636603313555456.000000 -0.224048600 0.063971944 0.247105628 0.091562636 0.030259840 -0.018230440 0.995172501
1403636603363555584.000000 -0.224044472 0.063988931 0.247184396 0.091587402 0.030287646 -0.018184127 0.995170236
1403636603413555456.000000 -0.224092871 0.064162150 0.247958794 -0.091579311 -0.030291552 0.018097168 -0.995172501
1403636603463555584.000000 -0.224100232 0.064038515 0.247764379 -0.091584936 -0.030274261 0.018087843 -0.995172620
1403636603513555456.000000 -0.224067017 0.064089254 0.247726321 -0.091567054 -0.030236488 0.018116472 -0.995174885
1403636603563555584.000000 -0.224075884 0.064046286 0.247807309 -0.091616049 -0.030264474 0.018136922 -0.995169163
1403636603613555456.000000 -0.224059269 0.064008281 0.247357249 -0.091596492 -0.030233363 0.018140193 -0.995171845
1403636603663555584.000000 -0.224038959 0.063981555 0.247211576 -0.091579862 -0.030253148 0.018150259 -0.995172620
1403636603713555456.000000 -0.224042848 0.063961871 0.247019351 -0.091578543 -0.030247496 0.018142952 -0.995172977
1403636603763555584.000000 -0.224038929 0.063989259 0.247525901 0.091558740 0.030297592 -0.018324457 0.995169997
1403636603813555456.000000 -0.224072203 0.064021796 0.247514173 0.091558009 0.030271292 -0.018372022 0.995169997
1403636603863555584.000000 -0.224107638 0.063911922 0.247527093 -0.091556534 -0.030395661 0.018329991 -0.995167136
1403636603913555456.000000 -0.224128306 0.063906990 0.247502238 -0.091609389 -0.030318957 0.018263405 -0.995165825
1403636603963555584.000000 -0.224029601 0.064011306 0.247494683 -0.091538638 -0.030406548 0.018411646 -0.995166898
1403636604013555456.000000 -0.224086598 0.063934550 0.247409657 -0.091631487 -0.030294897 0.018041778 -0.995168567
1403636604063555584.000000 -0.224047199 0.064003795 0.247081503 -0.091577739 -0.030266548 0.018121526 -0.995172918
1403636604113555456.000000 -0.223970056 0.064101905 0.247448981 -0.091650881 -0.030422609 0.018228326 -0.995159447
1403636604163555584.000000 -0.223980486 0.064136542 0.247394726 -0.091616228 -0.030434456 0.018368345 -0.995159745
1403636604213555456.000000 -0.223975673 0.064134069 0.247361287 -0.091629416 -0.030419672 0.018273674 -0.995160699
1403636604263555584.000000 -0.224155918 0.064001277 0.247560531 0.091609977 0.030397736 -0.018285235 0.995162904
1403636604313555456.000000 -0.224153653 0.064002313 0.247565657 0.091607943 0.030394880 -0.018246479 0.995163977
1403636604363555584.000000 -0.224094808 0.064157560 0.247540012 -0.091609739 -0.030372145 0.018296741 -0.995163620
1403636604413555456.000000 -0.224026024 0.064197823 0.247515485 -0.091660723 -0.030352082 0.018239284 -0.995160520
1403636604463555584.000000 -0.223996043 0.064191930 0.247476265 -0.091643468 -0.030393137 0.018292436 -0.995159924
1403636604513555456.000000 -0.223968372 0.064134173 0.247480839 -0.091646463 -0.030405642 0.018255586 -0.995159864
1403636604563555584.000000 -0.223977730 0.064111225 0.247457758 -0.091635875 -0.030404130 0.018231301 -0.995161355
1403636604613555456.000000 -0.223986819 0.064082548 0.247445464 -0.091611169 -0.030417416 0.018235436 -0.995163143
1403636604663555584.000000 -0.223996148 0.064042911 0.247441053 -0.091639578 -0.030398009 0.018242408 -0.995160997
1403636604713555456.000000 -0.223994195 0.064029433 0.247445554 -0.091633350 -0.030409163 0.018264357 -0.995160818
1403636604763555584.000000 -0.224154517 0.064032450 0.247563645 0.091618448 0.030379165 -0.018249739 0.995163441
1403636604813555456.000000 -0.224154189 0.064042374 0.247503325 0.091622658 0.030384865 -0.018322714 0.995161474
1403636604863555584.000000 -0.224144369 0.064033352 0.247529551 -0.091616556 -0.030364966 0.018270483 -0.995163620
1403636604913555456.000000 -0.224144951 0.063940190 0.247036308 -0.091597632 -0.030199705 0.018072359 -0.995173991
1403636604963555584.000000 -0.224039346 0.064043440 0.247475728 -0.091672786 -0.030355895 0.018281857 -0.995158553
1403636605013555456.000000 -0.224074647 0.064077221 0.247427151 -0.091638699 -0.030313987 0.018229270 -0.995163918
1403636605063555584.000000 -0.224100187 0.064100198 0.247429281 -0.091669247 -0.030283656 0.018195158 -0.995162666
1403636605113555456.000000 -0.224007919 0.064134575 0.247548550 -0.091653660 -0.030386021 0.018330438 -0.995158494
1403636605163555584.000000 -0.224052727 0.064145111 0.247485414 -0.091660053 -0.030333724 0.018159799 -0.995162547
1403636605213555456.000000 -0.224065751 0.064114429 0.247477755 -0.091631584 -0.030336762 0.018223941 -0.995163977
1403636605263555584.000000 -0.224122331 0.064066820 0.247833833 0.091707096 0.030359149 -0.018199867 0.995156765
1403636605313555456.000000 -0.224145681 0.064051770 0.247823268 0.091665104 0.030387167 -0.018311530 0.995157719
1403636605363555584.000000 -0.224139452 0.064113259 0.247911781 -0.091672577 -0.030296436 0.018089313 -0.995163858
1403636605413555456.000000 -0.224137187 0.064084105 0.247927323 -0.091674440 -0.030381102 0.018243648 -0.995158315
1403636605463555584.000000 -0.224149898 0.064033113 0.247861415 -0.091685861 -0.030311339 0.018118443 -0.995161653
1403636605513555456.000000 -0.224094003 0.064104527 0.247751907 -0.091654964 -0.030288480 0.018154530 -0.995164514
1403636605563555584.000000 -0.224106982 0.064066887 0.247666672 -0.091646440 -0.030283654 0.018114109 -0.995166183
1403636605613555456.000000 -0.224122599 0.064029709 0.247566849 -0.091661543 -0.030332066 0.018195236 -0.995161891
1403636605663555584.000000 -0.224057093 0.064069554 0.247497872 -0.091711193 -0.030365324 0.018201800 -0.995156169
1403636605713555456.000000 -0.224097088 0.064072497 0.247459352 -0.091707848 -0.030347733 0.018216083 -0.995156705
1403636605763555584.000000 -0.224076644 0.064041227 0.247624561 0.091684952 0.030289629 -0.018198473 0.995160997
1403636605813555456.000000 -0.224096060 0.064022578 0.247542098 0.091666609 0.030348200 -0.018234050 0.995160162
1403636605863555584.000000 -0.224263385 0.064032897 0.247795716 -0.091654122 -0.030259784 0.018104453 -0.995166421
1403636605913555456.000000 -0.224254444 0.064047076 0.247777686 -0.091678537 -0.030251492 0.018136989 -0.995163798
1403636605963555584.000000 -0.224209368 0.064033821 0.247759819 -0.091689296 -0.030253224 0.018103061 -0.995163441
1403636606013555456.000000 -0.224114016 0.064116895 0.247734323 -0.091685042 -0.030258026 0.018143881 -0.995162845
1403636606063555584.000000 -0.224123970 0.064046197 0.247632667 -0.091678396 -0.030278264 0.018123157 -0.995163321
1403636606113555456.000000 -0.224137649 0.063993968 0.247618139 -0.091670677 -0.030312385 0.018157652 -0.995162308
1403636606163555584.000000 -0.224116817 0.064025000 0.247531459 -0.091641217 -0.030294953 0.018137518 -0.995165944
1403636606213555456.000000 -0.224108666 0.064006023 0.247443452 -0.091649227 -0.030317659 0.018152094 -0.995164216
1403636606263555584.000000 -0.224144518 0.063979879 0.247574717 0.091569692 0.030339871 -0.018361134 0.995167017
1403636606313555456.000000 -0.224144503 0.063958317 0.247520685 0.091562383 0.030327141 -0.018337036 0.995168507
1403636606363555584.000000 -0.224133939 0.063933142 0.247542560 0.091547601 0.030357560 -0.018358983 0.995168567
1403636606413555456.000000 -0.223938957 0.064193361 0.247743174 -0.091610700 -0.030277194 0.018119019 -0.995169580
1403636606463555584.000000 -0.224023029 0.063960806 0.247615859 -0.091572061 -0.030335296 0.018317502 -0.995167732
1403636606513555456.000000 -0.223984987 0.064035766 0.247688755 -0.091663882 -0.030277342 0.018037282 -0.995166183
1403636606563555584.000000 -0.224049658 0.063975692 0.247512564 -0.091588415 -0.030343045 0.018286552 -0.995166600
1403636606613555456.000000 -0.224123150 0.063939378 0.247500479 -0.091583870 -0.030390471 0.018324401 -0.995164871
1403636606663555584.000000 -0.224101380 0.064033315 0.247522801 -0.091642089 -0.030325906 0.018089764 -0.995165825
1403636606713555456.000000 -0.224152297 0.063896269 0.247436717 -0.091591120 -0.030401176 0.018373096 -0.995162964
1403636606763555584.000000 -0.224149793 0.063914895 0.247648314 0.091499902 0.030394722 -0.018316772 0.995172560
1403636606813555456.000000 -0.224185765 0.063912891 0.247665703 0.091545671 0.030387469 -0.018340036 0.995168209
1403636606863555584.000000 -0.224185586 0.063922703 0.247647375 0.091555163 0.030389559 -0.018333836 0.995167375
1403636606913555456.000000 -0.223997876 0.064021327 0.247765750 -0.091575094 -0.030296285 0.018286260 -0.995169282
1403636606963555584.000000 -0.224002674 0.064028338 0.247706160 -0.091569774 -0.030315310 0.018283118 -0.995169222
1403636607013555456.000000 -0.223994076 0.064007364 0.247624531 -0.091566414 -0.030326370 0.018266782 -0.995169461
1403636607063555584.000000 -0.224036291 0.063996807 0.247537479 -0.091688730 -0.030272221 0.018106282 -0.995162785
1403636607113555456.000000 -0.224041551 0.063969947 0.247492447 -0.091596276 -0.030328570 0.018293483 -0.995166183
1403636607163555584.000000 -0.224042758 0.063957043 0.247521743 -0.091578215 -0.030335605 0.018309871 -0.995167375
1403636607213555456.000000 -0.224076748 0.063970916 0.247495428 -0.091676354 -0.030254498 0.018131264 -0.995164037
1403636607263555584.000000 -0.224056378 0.064035803 0.247658148 0.091597266 0.030260211 -0.018136734 0.995171010
1403636607313555456.000000 -0.224073082 0.064003892 0.247695178 0.091615081 0.030225653 -0.018153032 0.995170176
1403636607363555584.000000 -0.224091724 0.063983858 0.247628510 0.091592923 0.030242527 -0.018190647 0.995170951
1403636607413555456.000000 -0.224059999 0.063970707 0.247635499 -0.091570452 -0.030251021 0.018301141 -0.995170832
1403636607463555584.000000 -0.224049106 0.064024583 0.247610673 -0.091702759 -0.030261384 0.018148249 -0.995161116
1403636607513555456.000000 -0.224043116 0.063977346 0.247676015 -0.091618024 -0.030287638 0.018290693 -0.995165527
1403636607563555584.000000 -0.224041015 0.064045198 0.247195274 -0.091637060 -0.030238211 0.018152734 -0.995167732
1403636607613555456.000000 -0.224074796 0.064022154 0.247574523 -0.091567419 -0.030307664 0.018330907 -0.995168805
1403636607663555584.000000 -0.224093497 0.063995160 0.247566655 -0.091539837 -0.030287193 0.018358309 -0.995171487
1403636607713555456.000000 -0.224120364 0.063929670 0.247375846 -0.091526933 -0.030267881 0.018350353 -0.995173395
1403636607763555584.000000 -0.224052772 0.063979559 0.247609034 0.091561697 0.030285735 -0.018423010 0.995168328
1403636607813555456.000000 -0.224072307 0.063996769 0.247645870 0.091591619 0.030299796 -0.018435966 0.995164871
1403636607863555584.000000 -0.224200338 0.063993819 0.247491106 -0.091606617 -0.030241713 0.018267900 -0.995168328
1403636607913555456.000000 -0.224228933 0.064036779 0.247609481 -0.091566257 -0.030316707 0.018347634 -0.995168328
1403636607963555584.000000 -0.224235222 0.064040199 0.247342750 -0.091654368 -0.030251317 0.018132912 -0.995166123
1403636608013555456.000000 -0.224170357 0.063997537 0.247428373 -0.091662474 -0.030246666 0.018135237 -0.995165467
1403636608063555584.000000 -0.224116966 0.063979268 0.247554317 -0.091562569 -0.030271381 0.018282190 -0.995171249
1403636608113555456.000000 -0.224089384 0.063991450 0.247566834 -0.091559105 -0.030271880 0.018262859 -0.995171905
1403636608163555584.000000 -0.224086344 0.064002842 0.247512281 -0.091670252 -0.030270161 0.018090498 -0.995164812
1403636608213555456.000000 -0.224085808 0.063997373 0.247720361 -0.091538899 -0.030337650 0.018367097 -0.995169878
1403636608263555584.000000 -0.224129558 0.063969165 0.247337878 0.091556363 0.030285472 -0.018313091 0.995170772
1403636608313555456.000000 -0.224138349 0.064030886 0.247339040 0.091542691 0.030306278 -0.018354753 0.995170653
1403636608363555584.000000 -0.224118665 0.064100504 0.247492924 -0.091572881 -0.030270113 0.018319381 -0.995169640
1403636608413555456.000000 -0.224091023 0.064125516 0.247583628 -0.091574602 -0.030281894 0.018317621 -0.995169103
1403636608463555584.000000 -0.224077344 0.064099476 0.247640923 -0.091611303 -0.030279418 0.018301578 -0.995166123
1403636608513555456.000000 -0.224045292 0.064090952 0.247643560 -0.091599800 -0.030299105 0.018303506 -0.995166600
1403636608563555584.000000 -0.224057600 0.064042538 0.247566804 -0.091608070 -0.030339638 0.018306926 -0.995164514
1403636608613555456.000000 -0.224046633 0.064071804 0.247523054 -0.091594763 -0.030348979 0.018332463 -0.995164931
1403636608663555584.000000 -0.224083915 0.064042002 0.247461155 -0.091570310 -0.030343046 0.018350651 -0.995167077
1403636608713555456.000000 -0.224089921 0.064022765 0.247421980 -0.091544494 -0.030361306 0.018386416 -0.995168269
1403636608763555584.000000 -0.224162549 0.063839436 0.247425079 0.091452412 0.030354246 -0.018424448 0.995176256
1403636608813555456.000000 -0.224170074 0.063830413 0.247430041 0.091458999 0.030334553 -0.018438695 0.995175958
1403636608863555584.000000 -0.224186584 0.063925520 0.247500002 -0.091460481 -0.030313382 0.018412830 -0.995176911
1403636608913555456.000000 -0.224138245 0.064233936 0.247844145 -0.091592953 -0.030258618 0.018298667 -0.995168507
1403636608963555584.000000 -0.224141076 0.064214125 0.247744352 -0.091602094 -0.030286051 0.018249510 -0.995167732
1403636609013555456.000000 -0.224157393 0.064158715 0.247643232 -0.091593020 -0.030278418 0.018273110 -0.995168328
1403636609063555584.000000 -0.224161401 0.064077228 0.247555852 -0.091617227 -0.030282602 0.018279668 -0.995165944
1403636609113555456.000000 -0.224147096 0.064008884 0.247497246 -0.091607369 -0.030297995 0.018291842 -0.995166123
1403636609163555584.000000 -0.224149555 0.063962094 0.247416228 -0.091615997 -0.030330295 0.018259481 -0.995164931
1403636609213555456.000000 -0.224148214 0.063990377 0.247421309 -0.091622397 -0.030339265 0.018240349 -0.995164394
1403636609263555584.000000 -0.224172130 0.064040914 0.247657612 0.091597237 0.030333929 -0.018175794 0.995168030
1403636609313555456.000000 -0.224147156 0.064095214 0.247704878 0.091594383 0.030313924 -0.018205360 0.995168447
1403636609363555584.000000 -0.224147186 0.063877635 0.247727469 -0.091593325 -0.030270843 0.018200519 -0.995169938
1403636609413555456.000000 -0.224035934 0.063970290 0.247856334 -0.091590054 -0.030251862 0.018258788 -0.995169759
1403636609463555584.000000 -0.224048421 0.063959487 0.247793868 -0.091589436 -0.030254865 0.018282028 -0.995169222
1403636609513555456.000000 -0.224069640 0.063973203 0.247706309 -0.091575466 -0.030251598 0.018284395 -0.995170593
1403636609563555584.000000 -0.224075541 0.064027175 0.247644112 -0.091597356 -0.030298853 0.018264132 -0.995167494
1403636609613555456.000000 -0.224096060 0.064044558 0.247550413 -0.091594093 -0.030281147 0.018255655 -0.995168507
1403636609663555584.000000 -0.224098489 0.064070843 0.247528300 -0.091607295 -0.030252602 0.018210933 -0.995168924
1403636609713555456.000000 -0.224068269 0.064062886 0.247530714 -0.091584243 -0.030305065 0.018275538 -0.995168328
1403636609763555584.000000 -0.224109575 0.064053878 0.247430041 0.091552079 0.030332278 -0.018144052 0.995172858
1403636609813555456.000000 -0.224146038 0.064100884 0.247464329 0.091595292 0.030179268 -0.018157164 0.995173335
1403636609863555584.000000 -0.224098936 0.064115033 0.247527137 -0.091601714 -0.030275192 0.018254776 -0.995168030
1403636609913555456.000000 -0.224190429 0.064240932 0.248138309 -0.091677919 -0.030199645 0.018112207 -0.995165944
1403636609963555584.000000 -0.224260792 0.064108230 0.247958556 -0.091579966 -0.030233648 0.018232880 -0.995171666
1403636610013555456.000000 -0.224064112 0.064195603 0.248101160 -0.091663249 -0.030234817 0.018094126 -0.995166481
1403636610063555584.000000 -0.224151284 0.064003393 0.247797817 -0.091588199 -0.030285329 0.018211816 -0.995169759
1403636610113555456.000000 -0.224059731 0.064115316 0.247882351 -0.091670491 -0.030270519 0.018051764 -0.995165527
1403636610163555584.000000 -0.224076495 0.064067118 0.247236937 -0.091580108 -0.030328650 0.018114911 -0.995170891
1403636610213555456.000000 -0.224079385 0.064125270 0.247671247 -0.091646552 -0.030270595 0.018044526 -0.995167851
1403636610263555584.000000 -0.224011689 0.064008646 0.247320279 0.091540575 0.030197728 -0.018148080 0.995177984
1403636610313555456.000000 -0.224061102 0.063974075 0.247244716 0.091577381 0.030250188 -0.018062426 0.995174527
1403636610363555584.000000 -0.224077120 0.064176641 0.247578263 -0.091581084 -0.030180216 0.018035730 -0.995176792
1403636610413555456.000000 -0.224088192 0.064160630 0.247666523 -0.091560461 -0.030202501 0.018127482 -0.995176315
1403636610463555584.000000 -0.224088162 0.064131007 0.247718647 -0.091593318 -0.030200049 0.018053131 -0.995174706
1403636610513555456.000000 -0.224098712 0.064096190 0.247718304 -0.091581866 -0.030179737 0.018160859 -0.995174408
1403636610563555584.000000 -0.224005386 0.064048953 0.247725829 -0.091589525 -0.030213986 0.018124135 -0.995173335
1403636610613555456.000000 -0.224007875 0.063994572 0.247672111 -0.091549620 -0.030198369 0.018218197 -0.995175838
1403636610663555584.000000 -0.224041685 0.063964322 0.247647762 -0.091564342 -0.030216299 0.018190907 -0.995174408
1403636610713555456.000000 -0.224049985 0.063975424 0.247560889 -0.091554783 -0.030198438 0.018246150 -0.995174766
1403636610763555584.000000 -0.223985687 0.063870199 0.247569740 0.091433905 0.030018460 -0.018366301 0.995189130
1403636610813555456.000000 -0.223890975 0.063961424 0.247616142 0.091411486 0.029991638 -0.018446397 0.995190561
1403636610863555584.000000 -0.223988608 0.064041518 0.247430399 -0.091648400 -0.029954175 0.018320488 -0.995172262
1403636610913555456.000000 -0.223864824 0.064040177 0.247558787 -0.091539316 -0.030045241 0.018496683 -0.995176256
1403636610963555584.000000 -0.223870352 0.063860975 0.247563794 -0.091672346 -0.029908542 0.018334279 -0.995171130
1403636611013555456.000000 -0.223781481 0.063835740 0.247710168 -0.091547936 -0.030158974 0.018363627 -0.995174468
1403636611063555584.000000 -0.223986208 0.063988954 0.247171059 -0.091743819 -0.029908113 0.018192891 -0.995167196
1403636611113555456.000000 -0.223858356 0.063857421 0.247558579 -0.091582038 -0.030130891 0.018365979 -0.995172143
1403636611163555584.000000 -0.223919496 0.063873746 0.247489125 -0.091599017 -0.030063720 0.018388420 -0.995172203
1403636611213555456.000000 -0.223942697 0.063870184 0.247487798 -0.091577955 -0.030093271 0.018509015 -0.995171010
1403636611263555584.000000 -0.224141270 0.063806824 0.247209311 0.091536105 0.030115742 -0.018407119 0.995176136
1403636611313555456.000000 -0.224139407 0.063823283 0.247250840 0.091465786 0.030139390 -0.018475715 0.995180547
1403636611363555584.000000 -0.223950252 0.063669890 0.248037741 -0.092218898 -0.029891727 0.017671680 -0.995133162
1403636611413555456.000000 -0.224014044 0.063985564 0.248009592 -0.092015639 -0.030148074 0.018029934 -0.995137811
1403636611463555584.000000 -0.224416196 0.064298347 0.247909993 -0.092152953 -0.029779697 0.017133979 -0.995151997
1403636611513555456.000000 -0.224299163 0.064738952 0.247454330 -0.091308340 -0.030229433 0.018561469 -0.995190740
1403636611563555584.000000 -0.224482000 0.064544857 0.247494578 -0.091672972 -0.029905817 0.017725114 -0.995182157
1403636611613555456.000000 -0.224424645 0.064723790 0.248061627 -0.091644391 -0.030204700 0.018340103 -0.995164692
1403636611663555584.000000 -0.224433854 0.064547755 0.247954965 -0.091742299 -0.030076161 0.017697321 -0.995171189
1403636611713555456.000000 -0.224344879 0.064764075 0.247759506 -0.091375798 -0.030428775 0.018458160 -0.995180309
1403636611763555584.000000 -0.224203482 0.064217664 0.247432247 0.091613032 0.030230809 -0.017867556 0.995175302
1403636611813555456.000000 -0.224164382 0.064193889 0.247282490 0.091592342 0.030203722 -0.017631728 0.995182335
1403636611863555584.000000 -0.224433884 0.064515032 0.247301191 -0.091180503 -0.030620242 0.018339686 -0.995194614
1403636611913555456.000000 -0.224586532 0.064483464 0.247183353 -0.091440387 -0.030259319 0.018301871 -0.995182455
1403636611963555584.000000 -0.224507093 0.064266361 0.247159481 -0.091730155 -0.030247334 0.017855573 -0.995164275
1403636612013555456.000000 -0.224380061 0.064208537 0.247144133 -0.091941796 -0.030343134 0.017465360 -0.995148778
1403636612063555584.000000 -0.224390909 0.064829938 0.247307643 -0.091658905 -0.030204959 0.018329296 -0.995163560
1403636612113555456.000000 -0.224428847 0.064252585 0.247235283 -0.092167012 -0.030116918 0.017126324 -0.995140672
1403636612163555584.000000 -0.224169970 0.064350463 0.247676894 -0.092304677 -0.030350331 0.017239694 -0.995118916
1403636612213555456.000000 -0.224254385 0.064258158 0.247052863 -0.092203945 -0.029892977 0.017088896 -0.995144665
1403636612263555584.000000 -0.224056721 0.064970635 0.247843876 0.090917498 0.030697914 -0.020149069 0.995181262
1403636612313555456.000000 -0.224291056 0.064141408 0.247742400 0.092220530 0.030174959 -0.016948879 0.995136976
1403636612363555584.000000 -0.224103421 0.064777151 0.247058213 -0.091245905 -0.030289529 0.019631214 -0.995174110
1403636612413555456.000000 -0.224174261 0.064073697 0.247759148 -0.092030950 -0.030249011 0.017452095 -0.995143592
1403636612463555584.000000 -0.224143997 0.064552471 0.247770473 -0.091258734 -0.030479332 0.019474821 -0.995170176
1403636612513555456.000000 -0.224095270 0.064273976 0.247941822 -0.091971122 -0.030205922 0.017566919 -0.995148420
1403636612563555584.000000 -0.223981321 0.064545058 0.247598052 -0.091407232 -0.030362867 0.018784819 -0.995173395
1403636612613555456.000000 -0.224007666 0.064439468 0.247167617 -0.091763951 -0.030217262 0.017684117 -0.995165110
1403636612663555584.000000 -0.223984748 0.064680405 0.247547388 -0.091504022 -0.030346004 0.018749651 -0.995165646
1403636612713555456.000000 -0.224005312 0.064345315 0.246902287 -0.091829740 -0.030188659 0.017709529 -0.995159447
1403636612763555584.000000 -0.224180594 0.064729631 0.247580975 0.091333933 0.030388197 -0.018991165 0.995175362
1403636612813555456.000000 -0.224218890 0.064527012 0.247775927 0.091552354 0.030404400 -0.018386707 0.995166242
1403636612863555584.000000 -0.224062443 0.064543046 0.247481421 -0.091558769 -0.030327830 0.018399104 -0.995167732
1403636612913555456.000000 -0.223756269 0.064416096 0.247589260 -0.091588140 -0.030256832 0.018280281 -0.995169401
1403636612963555584.000000 -0.223739594 0.064470142 0.247490898 -0.091660112 -0.030293208 0.018036516 -0.995166063
1403636613013555456.000000 -0.223769143 0.064560257 0.247514397 -0.091502659 -0.030415775 0.018296022 -0.995172083
1403636613063555584.000000 -0.224036291 0.064444065 0.247648865 -0.091595717 -0.030456545 0.018059667 -0.995166540
1403636613113555456.000000 -0.224001512 0.064590953 0.247528031 -0.091488279 -0.030363467 0.018520057 -0.995170832
1403636613163555584.000000 -0.224081486 0.064415984 0.247560710 -0.091737829 -0.030453397 0.017626010 -0.995161355
1403636613213555456.000000 -0.224125117 0.064703591 0.247396231 -0.091360755 -0.030421957 0.018382853 -0.995183349
1403636613263555584.000000 -0.224370599 0.064511232 0.247370809 0.091513097 0.030457858 -0.018067570 0.995173991
1403636613313555456.000000 -0.224302098 0.064619333 0.247370094 0.091329709 0.030648990 -0.018567597 0.995175838
1403636613363555584.000000 -0.223997191 0.064566746 0.247786134 -0.091772377 -0.030396312 0.017628338 -0.995159924
1403636613413555456.000000 -0.223883942 0.064790599 0.247821912 -0.091445737 -0.030453792 0.018349815 -0.995175183
1403636613463555584.000000 -0.223943368 0.064709283 0.247974172 -0.091548957 -0.030488554 0.017933616 -0.995172203
1403636613513555456.000000 -0.224069878 0.064892657 0.247744486 -0.091478750 -0.030465951 0.018150581 -0.995175362
1403636613563555584.000000 -0.224119201 0.064733692 0.247912198 -0.091561384 -0.030484974 0.017969174 -0.995170474
1403636613613555456.000000 -0.224218383 0.064845070 0.247585848 -0.091485135 -0.030480605 0.018094724 -0.995175421
1403636613663555584.000000 -0.224270314 0.064620607 0.247667506 -0.091732949 -0.030456796 0.017676745 -0.995160758
1403636613713555456.000000 -0.224248260 0.064717270 0.247482285 -0.091534555 -0.030509073 0.017902434 -0.995173454
1403636613763555584.000000 -0.224370047 0.064400502 0.247317076 0.091254234 0.030724149 -0.018546578 0.995180786
1403636613813555456.000000 -0.224377096 0.064377621 0.247298315 0.091229916 0.030703025 -0.018596461 0.995182753
1403636613863555584.000000 -0.224382445 0.064408831 0.247294351 0.091266692 0.030644111 -0.018572478 0.995181561
1403636613913555456.000000 -0.224464849 0.064581700 0.247249857 -0.091279954 -0.030627182 0.018596672 -0.995180488
1403636613963555584.000000 -0.224437863 0.064563558 0.247262701 -0.091301888 -0.030604888 0.018544042 -0.995180070
1403636614013555456.000000 -0.224373549 0.064826570 0.247412890 -0.091545202 -0.030494487 0.017984914 -0.995171487
1403636614063555584.000000 -0.224392995 0.064574301 0.247368589 -0.091272235 -0.030697325 0.018538674 -0.995180070
1403636614113555456.000000 -0.224417150 0.064532459 0.247363433 -0.091313958 -0.030694699 0.018482927 -0.995177448
1403636614163555584.000000 -0.224394649 0.064510860 0.247403547 -0.091277651 -0.030702244 0.018575732 -0.995178759
1403636614213555456.000000 -0.224403277 0.064506806 0.247419342 -0.091304459 -0.030659871 0.018514354 -0.995178759
1403636614263555584.000000 -0.224328667 0.064383298 0.247253209 0.091252051 0.030659016 -0.018622478 0.995181561
1403636614313555456.000000 -0.224362269 0.064314649 0.247304410 0.091326021 0.030696103 -0.018441647 0.995177031
1403636614363555584.000000 -0.224306703 0.064640895 0.247348204 -0.091281481 -0.030711817 0.018577479 -0.995178044
1403636614413555456.000000 -0.224339366 0.064610228 0.247393012 -0.091395020 -0.030595360 0.018303428 -0.995176315
1403636614463555584.000000 -0.224335507 0.064697452 0.247459486 -0.091289327 -0.030677639 0.018615395 -0.995177686
1403636614513555456.000000 -0.224299937 0.064446799 0.247501105 -0.091376990 -0.030708382 0.018374437 -0.995173156
1403636614563555584.000000 -0.224404737 0.064618818 0.247502252 -0.091317669 -0.030630695 0.018545404 -0.995177865
1403636614613555456.000000 -0.224341258 0.064380109 0.247483701 -0.091339774 -0.030614370 0.018377077 -0.995179415
1403636614663555584.000000 -0.224405810 0.064521648 0.247525364 -0.091296166 -0.030618001 0.018532835 -0.995180428
1403636614713555456.000000 -0.224328205 0.064296104 0.247539133 -0.091326289 -0.030640075 0.018397460 -0.995179534
1403636614763555584.000000 -0.224380180 0.064380921 0.247160807 0.091312997 0.030610375 -0.018543959 0.995178938
1403636614813555456.000000 -0.224370539 0.064371601 0.247104466 0.091315895 0.030620849 -0.018477891 0.995179534
1403636614863555584.000000 -0.224404141 0.064673170 0.247658893 -0.091355987 -0.030578706 0.018500721 -0.995176733
1403636614913555456.000000 -0.224365756 0.064917132 0.247918710 -0.091523603 -0.030483417 0.017997758 -0.995173514
1403636614963555584.000000 -0.224351421 0.064595610 0.247811466 -0.091294125 -0.030657880 0.018507494 -0.995179892
1403636615013555456.000000 -0.224328578 0.064469323 0.247838914 -0.091339357 -0.030689528 0.018404987 -0.995176673
1403636615063555584.000000 -0.224481553 0.064462967 0.247726828 -0.091348194 -0.030653398 0.018427309 -0.995176613
1403636615113555456.000000 -0.224401683 0.064434208 0.247699663 -0.091331623 -0.030623654 0.018511066 -0.995177448
1403636615163555584.000000 -0.224347502 0.064301483 0.247218311 -0.091337793 -0.030613909 0.018513145 -0.995177150
1403636615213555456.000000 -0.224320546 0.064435422 0.247553810 -0.091319047 -0.030641068 0.018568287 -0.995177031
1403636615263555584.000000 -0.224321768 0.064385936 0.247312352 0.091336720 0.030663665 -0.018540841 0.995175123
1403636615313555456.000000 -0.224371880 0.064402141 0.247286990 0.091297351 0.030599235 -0.018624203 0.995179176
1403636615363555584.000000 -0.224299774 0.064366706 0.247343615 -0.091295570 -0.030629391 0.018535366 -0.995180070
1403636615413555456.000000 -0.224304244 0.064400524 0.247282177 -0.091264531 -0.030648848 0.018597960 -0.995181143
1403636615463555584.000000 -0.224362478 0.064435542 0.247357607 -0.091310836 -0.030624840 0.018528918 -0.995178998
1403636615513555456.000000 -0.224284798 0.064434186 0.247252375 -0.091256410 -0.030650878 0.018584980 -0.995182157
1403636615563555584.000000 -0.224282116 0.064385474 0.247274086 -0.091252208 -0.030621303 0.018546542 -0.995184124
1403636615613555456.000000 -0.224270880 0.064403176 0.247263744 -0.091227137 -0.030600293 0.018623091 -0.995185673
1403636615663555584.000000 -0.224257007 0.064365759 0.247245595 -0.091256790 -0.030604934 0.018547019 -0.995184243
1403636615713555456.000000 -0.224273458 0.064373881 0.247243792 -0.091255940 -0.030561555 0.018623184 -0.995184243
1403636615763555584.000000 -0.224197894 0.064457580 0.247602940 0.091435835 0.030523885 -0.018109489 0.995178342
1403636615813555456.000000 -0.224131882 0.064463705 0.247623250 0.091389351 0.030587118 -0.018161168 0.995179713
1403636615863555584.000000 -0.224229157 0.064480007 0.247406438 -0.091261894 -0.030580120 0.018468646 -0.995185971
1403636615913555456.000000 -0.224159420 0.064487725 0.247348368 -0.091229044 -0.030590892 0.018606870 -0.995186090
1403636615963555584.000000 -0.224206328 0.064435840 0.247359201 -0.091268271 -0.030584598 0.018555906 -0.995183587
1403636616013555456.000000 -0.224247918 0.064425379 0.247309119 -0.091241390 -0.030571818 0.018572498 -0.995186150
1403636616063555584.000000 -0.224198923 0.064502053 0.247538865 -0.091411218 -0.030507168 0.018102087 -0.995181203
1403636616113555456.000000 -0.224211439 0.064499460 0.247526973 -0.091380022 -0.030573353 0.018100441 -0.995182097
1403636616163555584.000000 -0.224350050 0.064394057 0.247461244 -0.091264091 -0.030611433 0.018495223 -0.995184302
1403636616213555456.000000 -0.224238902 0.064507589 0.247498065 -0.091383569 -0.030552737 0.018135479 -0.995181799
1403636616263555584.000000 -0.224361137 0.064468011 0.247353703 0.091355175 0.030624721 -0.018344859 0.995178282
1403636616313555456.000000 -0.224349439 0.064454712 0.247355118 0.091359712 0.030641977 -0.018364932 0.995176971
1403636616363555584.000000 -0.224395186 0.064555205 0.247412518 -0.091380008 -0.030648954 0.018298807 -0.995176196
1403636616413555456.000000 -0.224456832 0.064522751 0.247523084 -0.091290131 -0.030623658 0.018552629 -0.995180488
1403636616463555584.000000 -0.224305511 0.064555101 0.247732431 -0.091407731 -0.030548269 0.018080551 -0.995180666
1403636616513555456.000000 -0.224316850 0.064400174 0.247434065 -0.091369934 -0.030682888 0.018284442 -0.995176315
1403636616563555584.000000 -0.224333674 0.064329229 0.247483045 -0.091227710 -0.030627221 0.018542832 -0.995186329
1403636616613555456.000000 -0.224234045 0.064333975 0.247326434 -0.091366984 -0.030606473 0.018326638 -0.995178103
1403636616663555584.000000 -0.224202067 0.064328589 0.247262463 -0.091379076 -0.030619130 0.018310836 -0.995176971
1403636616713555456.000000 -0.224139050 0.064432569 0.247436970 -0.091396138 -0.030499022 0.018086951 -0.995183110
1403636616763555584.000000 -0.224255651 0.064492561 0.247537047 0.091362379 0.030540457 -0.018147880 0.995183885
1403636616813555456.000000 -0.224292561 0.064490199 0.247552812 0.091380939 0.030537114 -0.018149706 0.995182216
1403636616863555584.000000 -0.224283040 0.064423934 0.247261822 -0.091431521 -0.030598493 0.018290929 -0.995173097
1403636616913555456.000000 -0.224383548 0.064183414 0.247521043 -0.091392122 -0.030574340 0.018266028 -0.995177984
1403636616963555584.000000 -0.224230468 0.064325824 0.247746378 -0.091405578 -0.030495793 0.018026182 -0.995183468
1403636617013555456.000000 -0.224230021 0.064424835 0.247701630 -0.091410428 -0.030499646 0.018068330 -0.995182157
1403636617063555584.000000 -0.224230036 0.064483024 0.247687936 -0.091386810 -0.030542120 0.018071560 -0.995182931
1403636617113555456.000000 -0.224221542 0.064502947 0.247612908 -0.091379665 -0.030509936 0.018107537 -0.995183945
1403636617163555584.000000 -0.224368140 0.064462379 0.247328132 -0.091388240 -0.030586500 0.018334014 -0.995176613
1403636617213555456.000000 -0.224376082 0.064423069 0.247339234 -0.091397002 -0.030628517 0.018320443 -0.995174766
1403636617263555584.000000 -0.224223956 0.064513147 0.247625902 0.091359548 0.030578788 -0.018188905 0.995182216
1403636617313555456.000000 -0.224205360 0.064481452 0.247557059 0.091354609 0.030567717 -0.018185517 0.995183051
1403636617363555584.000000 -0.224370509 0.064361505 0.247286022 -0.091243379 -0.030607188 0.018589966 -0.995184600
1403636617413555456.000000 -0.224400192 0.064476609 0.247433126 -0.091284029 -0.030568156 0.018543579 -0.995182931
1403636617463555584.000000 -0.224218205 0.064550765 0.247630864 -0.091425039 -0.030472359 0.018096412 -0.995181084
1403636617513555456.000000 -0.224312529 0.064498328 0.247419983 -0.091413200 -0.030561810 0.018307514 -0.995175600
1403636617563555584.000000 -0.224286258 0.064376205 0.247425243 -0.091286674 -0.030558890 0.018530015 -0.995183229
1403636617613555456.000000 -0.224283263 0.064343974 0.247203499 -0.091284819 -0.030549496 0.018560156 -0.995183051
1403636617663555584.000000 -0.224255696 0.064409576 0.247336537 -0.091420859 -0.030567482 0.018273257 -0.995175362
1403636617713555456.000000 -0.224371254 0.064390846 0.247388527 -0.091293536 -0.030628690 0.018574022 -0.995179653
1403636617763555584.000000 -0.224318162 0.064476483 0.247402623 0.091459803 0.030593107 -0.018232109 0.995171726
1403636617813555456.000000 -0.224331588 0.064502180 0.247352168 0.091421038 0.030575247 -0.018294003 0.995174766
1403636617863555584.000000 -0.224311069 0.064544752 0.247645006 -0.091401115 -0.030557858 0.018289573 -0.995177209
1403636617913555456.000000 -0.224159673 0.064582430 0.248016775 -0.091355368 -0.030493340 0.018164726 -0.995185614
1403636617963555584.000000 -0.224157199 0.064556405 0.248049051 -0.091352873 -0.030498877 0.018133087 -0.995186269
1403636618013555456.000000 -0.224295780 0.064388260 0.247606665 -0.091252044 -0.030572556 0.018545989 -0.995185673
1403636618063555584.000000 -0.224290848 0.064371452 0.247576103 -0.091232799 -0.030575119 0.018501893 -0.995188177
1403636618113555456.000000 -0.224211454 0.064429037 0.247544393 -0.091346979 -0.030605750 0.018300138 -0.995180488
1403636618163555584.000000 -0.224145114 0.064482860 0.247797221 -0.091365717 -0.030531928 0.018087495 -0.995184898
1403636618213555456.000000 -0.224223316 0.064409100 0.247397572 -0.091355510 -0.030582778 0.018381175 -0.995178878
1403636618263555584.000000 -0.224347547 0.064425156 0.247218817 0.091384582 0.030552976 -0.018299958 0.995178699
1403636618313555456.000000 -0.224324971 0.064421937 0.247161061 0.091373757 0.030518902 -0.018312406 0.995180488
1403636618363555584.000000 -0.224204004 0.064514853 0.247662961 -0.091362275 -0.030512396 0.018095978 -0.995185673
1403636618413555456.000000 -0.224368423 0.064384356 0.247297227 -0.091224067 -0.030616652 0.018582588 -0.995186210
1403636618463555584.000000 -0.224357247 0.064440221 0.247399390 -0.091361269 -0.030626530 0.018353915 -0.995177567
1403636618513555456.000000 -0.224368632 0.064285263 0.247337028 -0.091597922 -0.030637454 0.018722018 -0.995148599
1403636618563555584.000000 -0.224311262 0.064455725 0.247468576 -0.091674663 -0.030575369 0.018335784 -0.995150626
1403636618613555456.000000 -0.224387452 0.064445250 0.247479469 -0.091639698 -0.030543268 0.018272143 -0.995155990
1403636618663555584.000000 -0.224412620 0.064435109 0.247612759 -0.091505691 -0.030550109 0.018246070 -0.995168567
1403636618713555456.000000 -0.224361375 0.064334668 0.247373641 -0.091173224 -0.030508261 0.017972045 -0.995205402
1403636618763555584.000000 -0.224354789 0.064477444 0.247448027 0.091376461 0.030662674 -0.018276950 0.995176435
1403636618813555456.000000 -0.224351048 0.064467981 0.247466609 0.091417260 0.030583818 -0.018200539 0.995176494
1403636618863555584.000000 -0.224700525 0.064013541 0.247225329 -0.091448195 -0.030648151 0.018250825 -0.995170772
1403636618913555456.000000 -0.224671006 0.063874379 0.247087330 -0.091739707 -0.030601682 0.018186228 -0.995146632
1403636618963555584.000000 -0.224423304 0.064133033 0.247125372 -0.091776922 -0.030485209 0.017953487 -0.995150924
1403636619013555456.000000 -0.224408641 0.064197525 0.247127116 -0.091762319 -0.030526806 0.018036658 -0.995149493
1403636619063555584.000000 -0.224275604 0.064354755 0.247127593 -0.091675647 -0.030449126 0.018139828 -0.995158017
1403636619113555456.000000 -0.224254593 0.064371474 0.247223035 -0.091562957 -0.030488808 0.017945768 -0.995170712
1403636619163555584.000000 -0.224331155 0.064206369 0.246961504 -0.091196597 -0.030554406 0.018372821 -0.995194495
1403636619213555456.000000 -0.224192664 0.064384684 0.247498050 -0.091206834 -0.030524114 0.017869052 -0.995203674
1403636619263555584.000000 -0.224316686 0.064438358 0.247548133 0.091288023 0.030500507 -0.017917519 0.995196044
1403636619313555456.000000 -0.224321634 0.064398542 0.247531101 0.091379233 0.030473249 -0.018042803 0.995186269
1403636619363555584.000000 -0.224374935 0.064116053 0.246811986 -0.091637842 -0.030536536 0.018445874 -0.995153189
1403636619413555456.000000 -0.224183857 0.064369753 0.247011870 -0.091809839 -0.030457633 0.017938266 -0.995148957
1403636619463555584.000000 -0.224168986 0.064463332 0.246957675 -0.091708876 -0.030386683 0.017886788 -0.995161474
1403636619513555456.000000 -0.224262446 0.064630568 0.247061640 -0.091560245 -0.030405222 0.017951790 -0.995173395
1403636619563555584.000000 -0.224318877 0.064633384 0.247213945 -0.091417618 -0.030405331 0.017986191 -0.995185852
1403636619613555456.000000 -0.224551946 0.064476818 0.246795967 -0.091274403 -0.030617377 0.018536327 -0.995182395
1403636619663555584.000000 -0.224449232 0.064375691 0.246807262 -0.091330521 -0.030621260 0.018410563 -0.995179534
1403636619713555456.000000 -0.224538639 0.064282097 0.246805802 -0.091250367 -0.030625338 0.018293926 -0.995188892
1403636619763555584.000000 -0.224294484 0.064405285 0.247240007 0.091327354 0.030518593 -0.017954789 0.995191276
1403636619813555456.000000 -0.224291682 0.064400248 0.247307137 0.091309480 0.030522229 -0.018037975 0.995191216
1403636619863555584.000000 -0.224636286 0.064381324 0.247154757 -0.091310292 -0.030622644 0.018292259 -0.995183468
1403636619913555456.000000 -0.224584833 0.064452417 0.247387484 -0.091332316 -0.030609882 0.017924575 -0.995188534
1403636619963555584.000000 -0.224639207 0.064392298 0.247159436 -0.091384389 -0.030647645 0.018334329 -0.995175123
1403636620013555456.000000 -0.224595949 0.064442739 0.247211665 -0.091469809 -0.030564370 0.018042909 -0.995175183
1403636620063555584.000000 -0.224550635 0.064376190 0.247156069 -0.091313325 -0.030634530 0.018391976 -0.995180964
1403636620113555456.000000 -0.224475920 0.064465985 0.247236520 -0.091450438 -0.030674078 0.018207172 -0.995170593
1403636620163555584.000000 -0.224295959 0.064542733 0.247410044 -0.091424838 -0.030578425 0.018103683 -0.995177805
1403636620213555456.000000 -0.224252954 0.064569712 0.247424498 -0.091429457 -0.030577680 0.018105166 -0.995177329
1403636620263555584.000000 -0.224178657 0.064415723 0.247768834 0.091387898 0.030564856 -0.017988198 0.995183706
1403636620313555456.000000 -0.224178731 0.064402275 0.247806683 0.091319725 0.030630307 -0.017955467 0.995188534
1403636620363555584.000000 -0.224174306 0.064459026 0.247260958 -0.091382481 -0.030603284 0.018235117 -0.995178521
1403636620413555456.000000 -0.223978862 0.064489305 0.247624472 -0.091420576 -0.030552508 0.018136572 -0.995178342
1403636620463555584.000000 -0.223958060 0.064382784 0.247805610 -0.091325045 -0.030620409 0.018071309 -0.995186210
1403636620513555456.000000 -0.224199921 0.064440750 0.247324809 -0.091429569 -0.030612277 0.018229831 -0.995173991
1403636620563555584.000000 -0.224260032 0.064443775 0.247286677 -0.091392756 -0.030595712 0.018263346 -0.995177269
1403636620613555456.000000 -0.224279985 0.064474061 0.247349456 -0.091428176 -0.030551182 0.018216096 -0.995176256
1403636620663555584.000000 -0.224166021 0.064555712 0.247603774 -0.091403425 -0.030487657 0.018108593 -0.995182455
1403636620713555456.000000 -0.224304751 0.064441279 0.247521624 -0.091287591 -0.030637810 0.018549224 -0.995180368
1403636620763555584.000000 -0.224390388 0.064491332 0.247398123 0.091356374 0.030613760 -0.017959433 0.995185614
1403636620813555456.000000 -0.224383533 0.064479753 0.247441366 0.091419071 0.030625658 -0.017917279 0.995180249
1403636620863555584.000000 -0.224390343 0.064520381 0.247445732 0.091406807 0.030632444 -0.017925622 0.995180964
1403636620913555456.000000 -0.224375635 0.064500935 0.247500464 0.091412358 0.030641863 -0.017871147 0.995181143
1403636620963555584.000000 -0.224040553 0.064537786 0.247650772 -0.091335572 -0.030565791 0.018428748 -0.995180368
1403636621013555456.000000 -0.224197879 0.064616203 0.248120442 -0.091426939 -0.030504363 0.017881699 -0.995183885
1403636621063555584.000000 -0.224094585 0.064643413 0.247942552 -0.091209054 -0.030650768 0.018712465 -0.995184124
1403636621113555456.000000 -0.224251837 0.064321816 0.247754529 -0.091402136 -0.030593464 0.018390613 -0.995174110
1403636621163555584.000000 -0.224365875 0.064497225 0.248074695 -0.091324151 -0.030662235 0.018358417 -0.995179772
1403636621213555456.000000 -0.224391475 0.064386539 0.248119816 -0.091442376 -0.030676650 0.017943719 -0.995176017
1403636621263555584.000000 -0.224371374 0.064559221 0.247580484 0.091093548 0.030808400 -0.018884625 0.995186508
1403636621313555456.000000 -0.224338755 0.064537011 0.247521117 0.091225401 0.030774921 -0.018525448 0.995182276
1403636621363555584.000000 -0.224231422 0.064362071 0.248382390 -0.091219500 -0.030661553 0.018820025 -0.995180786
1403636621413555456.000000 -0.224363819 0.064357512 0.248554349 -0.091343150 -0.030571297 0.018472521 -0.995178699
1403636621463555584.000000 -0.224335328 0.064595222 0.248638421 -0.091357619 -0.030650936 0.018510630 -0.995174229
1403636621513555456.000000 -0.224426195 0.064584360 0.248450920 -0.091313981 -0.030627578 0.018571747 -0.995177805
1403636621563555584.000000 -0.224420950 0.064805932 0.248777598 -0.091334619 -0.030610800 0.018256996 -0.995182216
1403636621613555456.000000 -0.224222720 0.064775616 0.248254180 -0.091369122 -0.030508006 0.018153947 -0.995184183
1403636621663555584.000000 -0.224261597 0.064710915 0.247740597 -0.091311321 -0.030628601 0.018539611 -0.995178640
1403636621713555456.000000 -0.224354059 0.064659551 0.248028725 -0.091396555 -0.030580057 0.018074576 -0.995180786
1403636621763555584.000000 -0.224303827 0.064555615 0.247562662 0.091379091 0.030615022 -0.018268401 0.995177865
1403636621813555456.000000 -0.224321783 0.064514950 0.247375652 0.091392480 0.030616416 -0.018213239 0.995177567
1403636621863555584.000000 -0.224588156 0.064630643 0.247547284 -0.091271095 -0.030555826 0.018730903 -0.995180964
1403636621913555456.000000 -0.224470302 0.064791165 0.247876987 -0.091340326 -0.030481771 0.018296737 -0.995184958
1403636621963555584.000000 -0.224448398 0.064757422 0.247829840 -0.091377094 -0.030542715 0.018225722 -0.995180964
1403636622013555456.000000 -0.224524379 0.064580128 0.247430056 -0.091199473 -0.030600665 0.018769527 -0.995185435
1403636622063555584.000000 -0.224472702 0.064481631 0.247281402 -0.091244332 -0.030654259 0.018656345 -0.995181799
1403636622113555456.000000 -0.224319816 0.064542316 0.247587875 -0.091313221 -0.030522596 0.018206827 -0.995187819
1403636622163555584.000000 -0.224274635 0.064470440 0.247519135 -0.091363013 -0.030513627 0.018195661 -0.995183766
1403636622213555456.000000 -0.224171802 0.064480983 0.247412965 -0.091352403 -0.030499799 0.018260723 -0.995183945
1403636622263555584.000000 -0.224265248 0.064661875 0.247715011 0.091412403 0.030560322 -0.018244199 0.995176852
1403636622313555456.000000 -0.224211633 0.064697556 0.247745961 0.091363519 0.030570854 -0.018223450 0.995181441
1403636622363555584.000000 -0.224162295 0.064413033 0.246819735 -0.091182627 -0.030470174 0.018781062 -0.995190740
1403636622413555456.000000 -0.223992974 0.064415075 0.247030914 -0.091325939 -0.030365149 0.018203570 -0.995191574
1403636622463555584.000000 -0.223986089 0.064360470 0.247042149 -0.091315672 -0.030369721 0.018231541 -0.995191872
1403636622513555456.000000 -0.223969504 0.064359814 0.247054815 -0.091275074 -0.030415155 0.018306568 -0.995192766
1403636622563555584.000000 -0.224009901 0.064384498 0.247175932 -0.091263674 -0.030418780 0.018307611 -0.995193660
1403636622613555456.000000 -0.224022448 0.064409710 0.247338071 -0.091260493 -0.030462598 0.018336317 -0.995192111
1403636622663555584.000000 -0.224113539 0.064452931 0.247562602 -0.091350913 -0.030505598 0.018176818 -0.995185494
1403636622713555456.000000 -0.224139720 0.064503081 0.247706339 -0.091331355 -0.030530544 0.018092133 -0.995188057
1403636622763555584.000000 -0.224469081 0.064624093 0.247161165 0.091378689 0.030628452 -0.018169045 0.995179296
1403636622813555456.000000 -0.224486664 0.064656056 0.247188494 0.091344424 0.030595398 -0.018082259 0.995185018
1403636622863555584.000000 -0.224109948 0.064728774 0.247366846 -0.091102347 -0.030715207 0.018458556 -0.995196581
1403636622913555456.000000 -0.223905280 0.065119259 0.247940063 -0.091151938 -0.030744486 0.017980929 -0.995199859
1403636622963555584.000000 -0.224010199 0.064935602 0.247920647 -0.091087632 -0.030788137 0.018202923 -0.995200455
1403636623013555456.000000 -0.224063993 0.064946041 0.248160407 -0.091006920 -0.030963439 0.018377947 -0.995199144
1403636623063555584.000000 -0.224171713 0.064886272 0.248253182 -0.091041557 -0.030930668 0.018331289 -0.995197892
1403636623113555456.000000 -0.224187613 0.064828351 0.248124048 -0.091018304 -0.030902509 0.018288799 -0.995201647
1403636623163555584.000000 -0.224227786 0.064765260 0.248121604 -0.090991497 -0.030969586 0.018333057 -0.995201230
1403636623213555456.000000 -0.224076137 0.064931586 0.248274788 -0.091145590 -0.030756639 0.018000554 -0.995199740
1403636623263555584.000000 -0.224034473 0.064755648 0.247511730 0.091103218 0.030793389 -0.017713176 0.995207667
1403636623313555456.000000 -0.223980367 0.064784862 0.247416168 0.091003262 0.030925762 -0.017861325 0.995210052
1403636623363555584.000000 -0.224310324 0.064652920 0.247867540 -0.091075808 -0.030821504 0.017569246 -0.995211840
1403636623413555456.000000 -0.224465072 0.064680852 0.247847944 -0.091028661 -0.030910846 0.017767336 -0.995209932
1403636623463555584.000000 -0.224496976 0.064714447 0.247449592 -0.091032073 -0.030981312 0.017643584 -0.995209575
1403636623513555456.000000 -0.224585384 0.064961873 0.246791303 -0.091003448 -0.030925384 0.017675290 -0.995213389
1403636623563555584.000000 -0.224561051 0.065114558 0.246337354 -0.091003068 -0.030810103 0.017598055 -0.995218337
1403636623613555456.000000 -0.224387735 0.065179452 0.246171013 -0.090872802 -0.030762346 0.017558688 -0.995232403
1403636623663555584.000000 -0.223944142 0.064977497 0.246755689 -0.090916805 -0.030622093 0.017609511 -0.995231807
1403636623713555456.000000 -0.223618433 0.065079644 0.247885585 -0.090667874 -0.030779740 0.017729733 -0.995247483
1403636623763555584.000000 -0.224207222 0.065137066 0.247806609 0.090789877 0.031001700 -0.016409645 0.995252132
1403636623813555456.000000 -0.224249318 0.065139025 0.248215705 0.090522289 0.030620558 -0.016401539 0.995288432
1403636623863555584.000000 -0.223189861 0.065071233 0.249063015 -0.090100192 -0.030559452 0.017320851 -0.995313108
1403636623913555456.000000 -0.223144725 0.065388642 0.249981761 -0.090188332 -0.030719148 0.016333967 -0.995316923
1403636623963555584.000000 -0.223130286 0.065398403 0.250310987 -0.090044446 -0.030680789 0.016004197 -0.995336413
1403636624013555456.000000 -0.223023236 0.065324865 0.250081956 -0.089817248 -0.030466316 0.017502312 -0.995338321
1403636624063555584.000000 -0.223099709 0.065344639 0.250006378 -0.089644723 -0.030464046 0.017309520 -0.995357335
1403636624113555456.000000 -0.223306343 0.065344855 0.249515608 -0.088944189 -0.030010689 0.017353073 -0.995433152
1403636624163555584.000000 -0.223633781 0.065416843 0.248569518 -0.088732734 -0.029963098 0.016937580 -0.995460629
1403636624213555456.000000 -0.223643616 0.065454483 0.247894451 -0.088637173 -0.029759016 0.017079797 -0.995472848
1403636624263555584.000000 -0.224339500 0.065295815 0.247452945 0.088734314 0.029529743 -0.016662469 0.995478094
1403636624313555456.000000 -0.224342570 0.065568157 0.247357711 0.087501228 0.026999002 -0.017478580 0.995645106
1403636624363555584.000000 -0.223566622 0.066692889 0.247738868 -0.085951485 -0.022336660 0.018194759 -0.995882750
1403636624413555456.000000 -0.224290296 0.068798095 0.246153593 0.084101945 0.018756466 -0.018771615 0.996103823
1403636624463555584.000000 -0.224890277 0.071303487 0.244349688 0.082619965 0.014007241 -0.018394889 0.996312916
1403636624513555456.000000 -0.225607246 0.074363887 0.241887182 0.080555834 0.009335855 -0.018642943 0.996532023
1403636624563555584.000000 -0.226493090 0.077993728 0.238531381 0.078625955 0.006128390 -0.018653983 0.996710896
1403636624613555456.000000 -0.227123529 0.082173720 0.235577598 0.077186406 0.005420268 -0.020372575 0.996793866
1403636624663555584.000000 -0.227705017 0.087189525 0.232971981 0.075680688 0.007440636 -0.022459935 0.996851385
1403636624713555456.000000 -0.229727283 0.092778251 0.229972512 -0.074018687 -0.007898987 0.026825422 -0.996864736
1403636624763555584.000000 -0.231026828 0.099357791 0.226212442 -0.073140666 -0.010531329 0.029329861 -0.996834636
1403636624813555456.000000 -0.232274935 0.106822282 0.221295804 -0.070692219 -0.007275795 0.036858890 -0.996790409
1403636624863555584.000000 -0.231804922 0.114571579 0.214866519 0.068658806 0.003706884 -0.043630425 0.996678770
1403636624913555456.000000 -0.230217546 0.122544765 0.207206324 0.065798305 -0.002865465 -0.051989503 0.996473491
1403636624963555584.000000 -0.226243019 0.130220771 0.197869971 0.063254021 -0.009123235 -0.059581306 0.996175587
1403636625013555456.000000 -0.220621988 0.136863485 0.188285023 0.061661776 -0.014972001 -0.064666674 0.995887518
1403636625063555584.000000 -0.213097349 0.142579660 0.177782536 0.060451195 -0.021216135 -0.068172000 0.995614469
1403636625113555456.000000 -0.204046428 0.146513447 0.167717099 0.060618713 -0.026499093 -0.068987407 0.995421469
1403636625163555584.000000 -0.193164989 0.148480177 0.158187419 0.062209398 -0.029281367 -0.064599171 0.995539844
1403636625213555456.000000 -0.180985838 0.149975583 0.149350747 0.064122073 -0.027938811 -0.060747724 0.995699525
1403636625263555584.000000 -0.168625176 0.150878638 0.141869575 -0.065786198 0.024165593 0.057264023 -0.995896101
1403636625313555456.000000 -0.158418238 0.151120022 0.136856481 -0.067413695 0.020432539 0.054659247 -0.996017218
1403636625363555584.000000 -0.152878582 0.151033774 0.134278268 -0.068992995 0.018082034 0.053181794 -0.996034563
1403636625413555456.000000 -0.151977956 0.151199698 0.134209752 -0.069569692 0.019456932 0.053066947 -0.995974600
1403636625463555584.000000 -0.153894663 0.151329339 0.135803372 -0.069956832 0.022615345 0.053652771 -0.995849371
1403636625513555456.000000 -0.157319739 0.151070639 0.138917640 -0.070354924 0.024252305 0.053480312 -0.995792150
1403636625563555584.000000 -0.160264730 0.150140747 0.143133998 -0.070830278 0.025416451 0.054107968 -0.995695472
1403636625613555456.000000 -0.160543263 0.148915946 0.146904349 -0.071151622 0.025425384 0.055259187 -0.995609105
1403636625663555584.000000 -0.156908661 0.148598984 0.148926869 0.071556464 -0.024031993 -0.055781215 0.995585561
1403636625713555456.000000 -0.148549929 0.145828307 0.151813820 0.072708592 -0.020904984 -0.055176504 0.995606422
1403636625763555584.000000 -0.136215523 0.142226577 0.153800294 0.073279969 -0.015681574 -0.055320669 0.995652497
1403636625813555456.000000 -0.119228080 0.136467844 0.157921523 -0.074172705 0.010404660 0.054643147 -0.995692909
1403636625863555584.000000 -0.098719791 0.131127432 0.159193695 -0.075379431 0.004413422 0.053128518 -0.995728791
1403636625913555456.000000 -0.075433590 0.125316381 0.159796134 -0.076274581 0.000769716 0.051710241 -0.995744824
1403636625963555584.000000 -0.050788809 0.118946835 0.160567835 -0.076721199 -0.002088977 0.052019302 -0.995692492
1403636626013555456.000000 -0.025735401 0.113260202 0.159414917 -0.077415504 -0.004479069 0.051092044 -0.995678842
1403636626063555584.000000 -0.001462732 0.108997688 0.156839967 -0.079280905 -0.005533669 0.047000643 -0.995728374
1403636626113555456.000000 0.021976370 0.104366347 0.154423669 -0.081420109 -0.005902892 0.042124473 -0.995771825
1403636626163555584.000000 0.046202421 0.102848418 0.152089477 0.083701819 0.006335317 -0.036082033 0.995817304
1403636626213555456.000000 0.066622756 0.099283420 0.150240824 0.085456572 0.006583625 -0.031818017 0.995811999
1403636626263555584.000000 0.083712831 0.095493078 0.149769232 -0.086429238 -0.006772144 0.029361229 -0.995802224
1403636626313555456.000000 0.097675130 0.093292490 0.149859056 -0.087018050 -0.006872112 0.028436458 -0.995777130
1403636626363555584.000000 0.108041793 0.092303813 0.150636360 -0.086903341 -0.007047203 0.028615111 -0.995780826
1403636626413555456.000000 0.115284763 0.092495538 0.152200401 -0.086521499 -0.007828312 0.030310536 -0.995758057
1403636626463555584.000000 0.120650247 0.094220430 0.154427111 -0.085720383 -0.008926488 0.033241168 -0.995724559
1403636626513555456.000000 0.125257552 0.096730627 0.156478584 -0.085005037 -0.012493687 0.036576983 -0.995630622
1403636626563555584.000000 0.128903598 0.100140400 0.158271179 -0.084338538 -0.016352767 0.040332958 -0.995486319
1403636626613555456.000000 0.131445616 0.104478195 0.159823284 -0.084085807 -0.019907018 0.043780033 -0.995297253
1403636626663555584.000000 0.135517880 0.110554785 0.161707669 0.084237032 0.022096798 -0.046463087 0.995116591
1403636626713555456.000000 0.134987921 0.115703434 0.162411988 0.084662259 0.021680286 -0.047856119 0.995023668
1403636626763555584.000000 0.132321194 0.119794443 0.161743522 -0.085460879 -0.019332308 0.048811752 -0.994957328
1403636626813555456.000000 0.128802061 0.124769032 0.160893440 -0.086026758 -0.016440906 0.049455941 -0.994928777
1403636626863555584.000000 0.124031812 0.130000859 0.159557700 -0.086445533 -0.012651456 0.050186757 -0.994911313
1403636626913555456.000000 0.118450969 0.135488734 0.157889694 -0.086608589 -0.008403660 0.050951429 -0.994903207
1403636626963555584.000000 0.112002365 0.141198143 0.156127915 -0.086231329 -0.003647452 0.052119948 -0.994904220
1403636627013555456.000000 0.104856901 0.147102997 0.154351011 -0.086102441 0.000733004 0.052817434 -0.994885027
1403636627063555584.000000 0.098043419 0.152921915 0.152380362 -0.085657626 0.004747298 0.053374033 -0.994882703
1403636627113555456.000000 0.092830800 0.158543050 0.150182202 -0.085653037 0.009659758 0.053864975 -0.994821072
1403636627163555584.000000 0.087817535 0.164123937 0.146742299 0.086296946 -0.008291130 -0.053475741 0.994798720
1403636627213555456.000000 0.089073509 0.168935791 0.143209204 0.086385243 -0.005579323 -0.053813584 0.994791746
1403636627263555584.000000 0.094218738 0.173110932 0.138446137 -0.086572662 0.001513821 0.053738672 -0.994794011
1403636627313555456.000000 0.100831755 0.177278101 0.133080170 -0.087522656 -0.001683309 0.052561089 -0.994773507
1403636627363555584.000000 0.109392099 0.181267008 0.127407223 -0.087919235 -0.002912993 0.051517624 -0.994790316
1403636627413555456.000000 0.119516298 0.185215697 0.120915785 -0.088476926 -0.003142355 0.050568972 -0.994788766
1403636627463555584.000000 0.131389380 0.189401954 0.113082893 -0.088391960 -0.004067624 0.048936777 -0.994874656
1403636627513555456.000000 0.144799069 0.193146586 0.108105876 -0.086671285 -0.002910408 0.047011439 -0.995122910
1403636627563555584.000000 0.152468726 0.198157907 0.101872809 -0.083497547 -0.001993762 0.044926330 -0.995492816
1403636627613555456.000000 0.156061098 0.203980774 0.096427232 -0.079344250 -0.000716898 0.043405659 -0.995901585
1403636627663555584.000000 0.157354951 0.210443437 0.085081637 0.075722285 -0.002125876 -0.042440370 0.996223152
1403636627713555456.000000 0.153375059 0.216961324 0.082140923 0.070837364 -0.006786833 -0.041499540 0.996601105
1403636627763555584.000000 0.146227419 0.224455461 0.080078579 -0.064991616 0.012628435 0.040590987 -0.996979952
1403636627813555456.000000 0.139133126 0.231741726 0.079352856 -0.058645491 0.017949564 0.039592750 -0.997331977
1403636627863555584.000000 0.131976008 0.239319086 0.079630286 -0.051611032 0.023021920 0.038339499 -0.997665465
1403636627913555456.000000 0.126340747 0.246550381 0.080394641 -0.045776259 0.027817361 0.037640054 -0.997854710
1403636627963555584.000000 0.124056779 0.253137887 0.082110338 -0.040691335 0.030269951 0.037397701 -0.998012781
1403636628013555456.000000 0.124683812 0.259277016 0.084709853 -0.036252763 0.031182898 0.036970090 -0.998171687
1403636628063555584.000000 0.128886342 0.264757305 0.088201702 -0.033018094 0.028905764 0.036128733 -0.998383224
1403636628113555456.000000 0.136819080 0.269683540 0.091207616 -0.030581815 0.022368459 0.034708813 -0.998679042
1403636628163555584.000000 0.149316818 0.275314033 0.090710357 0.029180113 -0.013545290 -0.032587919 0.998951077
1403636628213555456.000000 0.160975263 0.279906392 0.093909413 0.028434863 -0.005068744 -0.029810190 0.999138236
1403636628263555584.000000 0.173823446 0.284245968 0.096701063 0.028371641 0.001048472 -0.025663910 0.999267459
1403636628313555456.000000 0.185725719 0.288494557 0.100558028 -0.029146450 -0.005263257 0.021095823 -0.999338746
1403636628363555584.000000 0.199305236 0.293533236 0.102903962 -0.029638814 -0.007055408 0.018352184 -0.999367297
1403636628413555456.000000 0.212489620 0.299210608 0.105104782 -0.030101456 -0.007469981 0.016005343 -0.999390841
1403636628463555584.000000 0.224468946 0.305423498 0.107299812 -0.030754572 -0.007564500 0.014600113 -0.999391735
1403636628513555456.000000 0.235017255 0.312483102 0.109681703 -0.031558212 -0.007050495 0.013525976 -0.999385595
1403636628563555584.000000 0.243968040 0.320306122 0.112070441 -0.032404527 -0.006325452 0.012335984 -0.999378741
1403636628613555456.000000 0.251616389 0.328661770 0.117716447 0.033716951 0.005291897 -0.011663131 0.999349356
1403636628663555584.000000 0.257573694 0.338198096 0.120321006 0.034406897 0.005204821 -0.011711521 0.999325812
1403636628713555456.000000 0.261965424 0.349589258 0.123334721 -0.033136785 -0.005125241 0.013481512 -0.999346793
1403636628763555584.000000 0.264512748 0.362003297 0.126442954 -0.029829867 -0.002869247 0.015923418 -0.999424100
1403636628813555456.000000 0.265582949 0.375168711 0.129878655 -0.025202777 0.000570946 0.018359302 -0.999513686
1403636628863555584.000000 0.266030997 0.388852477 0.133529082 -0.020359524 0.004745753 0.019982716 -0.999581814
1403636628913555456.000000 0.268137485 0.402415395 0.137245759 -0.015901120 0.008998151 0.020700416 -0.999618828
1403636628963555584.000000 0.271631628 0.415961415 0.138690189 -0.012212696 0.012476130 0.021333288 -0.999620020
1403636629013555456.000000 0.277328849 0.429466158 0.138523430 -0.009202718 0.015417289 0.020934362 -0.999619663
1403636629063555584.000000 0.285456330 0.442855626 0.136869162 -0.006249940 0.016890738 0.020211939 -0.999633551
1403636629113555456.000000 0.290423691 0.458242685 0.152404472 0.003414918 -0.016654268 -0.020182809 0.999651790
1403636629163555584.000000 0.299844682 0.472406924 0.151871920 -0.000809640 -0.016862074 -0.018596800 0.999684572
1403636629213555456.000000 0.307655782 0.486495167 0.151315287 0.006158262 0.015595868 0.016746840 -0.999719143
1403636629263555584.000000 0.315114170 0.500683188 0.152338177 0.011100505 0.013679408 0.014723251 -0.999736428
1403636629313555456.000000 0.321642816 0.514014363 0.162945613 -0.015268093 -0.011221041 -0.011623142 0.999752939
1403636629363555584.000000 0.327171177 0.528169155 0.166073680 -0.018481143 -0.008711345 -0.008340651 0.999756515
1403636629413555456.000000 0.331677437 0.542429626 0.170029938 -0.020805653 -0.005519964 -0.003681548 0.999761581
1403636629463555584.000000 0.334962398 0.557515025 0.174715802 -0.024577988 -0.001762406 0.001735196 0.999694884
1403636629513555456.000000 0.336815327 0.573247731 0.182577878 0.029578993 -0.000628307 -0.007089437 -0.999537110
1403636629563555584.000000 0.334427714 0.588510752 0.220527932 -0.035515826 0.000468137 0.011794802 0.999299467
1403636629613555456.000000 0.332400799 0.606649697 0.227662534 -0.043967348 -0.002369720 0.014143094 0.998930097
1403636629663555584.000000 0.328504920 0.624937594 0.237446383 0.053242192 0.007183580 -0.016369557 -0.998421609
1403636629713555456.000000 0.325648665 0.644724846 0.256653339 -0.063216724 -0.012037281 0.018370625 0.997758210
1403636629763555584.000000 0.319647491 0.665127456 0.266632527 -0.074130982 -0.016380420 0.020354902 0.996906221
1403636629813555456.000000 0.313113332 0.686165929 0.279035747 0.085427575 0.019234914 -0.023122508 -0.995890379
1403636629863555584.000000 0.308199376 0.707925856 0.295702487 -0.096643351 -0.021567306 0.026515771 0.994732082
1403636629913555456.000000 0.301676989 0.729756534 0.309752315 -0.106961086 -0.022893753 0.029862845 0.993550956
1403636629963555584.000000 0.296687305 0.751208901 0.323947400 0.116243564 0.023430843 -0.032062750 -0.992426515
1403636630013555456.000000 0.296372145 0.775199354 0.347332031 -0.123523742 -0.022895949 0.034399156 0.991480887
1403636630063555584.000000 0.295148939 0.796298265 0.360373914 -0.129678816 -0.020973116 0.036029108 0.990679264
1403636630113555456.000000 0.296849132 0.817815304 0.374824375 0.134941787 0.016193599 -0.036893528 -0.990034044
1403636630163555584.000000 0.304416716 0.840286136 0.392137021 -0.139196247 -0.008981684 0.037674163 0.989507198
1403636630213555456.000000 0.310016155 0.861918867 0.406266570 -0.143162370 -0.002043367 0.037528839 0.988985360
1403636630263555584.000000 0.320169449 0.883838415 0.422856510 -0.145950496 0.004145299 0.037902683 0.988556862
1403636630313555456.000000 0.329266578 0.905665338 0.437153906 -0.148063585 0.007770615 0.037688557 0.988228917
1403636630363555584.000000 0.341301978 0.929863870 0.455551267 -0.149320558 0.007254624 0.037792493 0.988039732
1403636630413555456.000000 0.352449864 0.951421261 0.469198048 -0.150125012 0.005979537 0.037654713 0.987931609
1403636630463555584.000000 0.365170270 0.972865462 0.482334435 0.150515735 -0.002857299 -0.036519989 -0.987928689
1403636630513555456.000000 0.379798710 0.993971944 0.495151550 0.150520593 -0.001319195 -0.035215035 -0.987978578
1403636630563555584.000000 0.395707309 1.014863849 0.507888913 0.150568336 0.000642533 -0.032304030 -0.988071501
1403636630613555456.000000 0.411768496 1.035576820 0.521055520 0.150243908 0.001322885 -0.029339798 -0.988212645
1403636630663555584.000000 0.432093769 1.061923385 0.537921906 -0.149245843 -0.003103783 0.026645971 0.988436162
1403636630713555456.000000 0.446080238 1.082064509 0.553085744 -0.148167506 -0.004037126 0.025098946 0.988635540
1403636630763555584.000000 0.459057450 1.101709962 0.569283962 -0.146553993 -0.003887384 0.025796881 0.988858581
1403636630813555456.000000 0.470997304 1.120119929 0.587260246 0.144507796 0.004532257 -0.026891489 -0.989127815
1403636630863555584.000000 0.481473297 1.138763428 0.605720222 0.142826498 0.004441760 -0.028258536 -0.989334285
1403636630913555456.000000 0.490571797 1.157266736 0.624872983 0.140960783 0.003995267 -0.029758627 -0.989559770
1403636630963555584.000000 0.498522371 1.175802946 0.644914329 0.139463425 0.003653357 -0.031090159 -0.989732325
1403636631013555456.000000 0.505686283 1.194695354 0.665604055 0.138814077 0.003389279 -0.031726047 -0.989804327
1403636631063555584.000000 0.512117863 1.213608503 0.687012851 0.137795553 0.002274635 -0.031810045 -0.989947200
1403636631113555456.000000 0.518106818 1.232701540 0.708814681 0.137483835 0.000465235 -0.031784326 -0.989993811
1403636631163555584.000000 0.521480799 1.255401611 0.715461552 -0.136837676 0.000990589 0.031450402 0.990093648
1403636631213555456.000000 0.526718080 1.274134278 0.737671137 -0.136152625 0.003096672 0.031247156 0.990190148
1403636631263555584.000000 0.532273173 1.293700099 0.759795725 0.135987356 -0.004490523 -0.030555507 -0.990229130
1403636631313555456.000000 0.537057221 1.312814474 0.782201946 0.135359943 -0.004565711 -0.030851156 -0.990305543
1403636631363555584.000000 0.540865183 1.332068682 0.805198431 0.135207072 -0.004598008 -0.030238556 -0.990345180
1403636631413555456.000000 0.543217659 1.351114750 0.828910649 0.134715587 -0.004552464 -0.030230127 -0.990412593
1403636631463555584.000000 0.544093907 1.370085359 0.852767229 0.134571120 -0.004327173 -0.029334657 -0.990460217
1403636631513555456.000000 0.543856502 1.388746142 0.876755834 0.134412944 -0.003935341 -0.028097160 -0.990519166
1403636631563555584.000000 0.543013990 1.406917214 0.900919855 0.134504989 -0.004044449 -0.026584450 -0.990548074
1403636631613555456.000000 0.542273819 1.424562454 0.924471974 0.134213492 -0.003549600 -0.025288912 -0.990623415
1403636631663555584.000000 0.538168252 1.444414496 0.925117433 -0.133473635 0.002630211 0.024535157 0.990745187
1403636631713555456.000000 0.539015055 1.461251616 0.948126495 -0.133184448 0.002235047 0.023808772 0.990802765
1403636631763555584.000000 0.541048884 1.479793787 0.969533801 0.132783860 -0.001641507 -0.023064785 -0.990875304
1403636631813555456.000000 0.545949280 1.496859789 0.991285682 0.132141083 -0.001976793 -0.022557460 -0.990972281
1403636631863555584.000000 0.553031564 1.514048219 1.013917923 0.132267386 -0.001300163 -0.021391176 -0.990982473
1403636631913555456.000000 0.561372817 1.530791521 1.036023855 0.132248148 -0.000220041 -0.020452699 -0.991005659
1403636631963555584.000000 0.570163250 1.547091007 1.058259487 0.132286817 0.000258983 -0.020001411 -0.991009653
1403636632013555456.000000 0.579394102 1.562463045 1.080299854 0.132433206 0.000040559 -0.020095468 -0.990988195
1403636632063555584.000000 0.589307249 1.577125430 1.102197289 0.132785186 -0.001374801 -0.019660840 -0.990948915
1403636632113555456.000000 0.598076344 1.589487433 1.122500181 0.133334681 -0.002751205 -0.018011384 -0.990903616
1403636632163555584.000000 0.602797925 1.598259807 1.120457292 -0.135047510 0.004245775 0.015089877 0.990715206
1403636632213555456.000000 0.611196637 1.609479785 1.140529990 -0.135873362 0.003850049 0.014147421 0.990617692
1403636632263555584.000000 0.619434893 1.623444080 1.163297772 0.136087164 -0.004726856 -0.015262568 -0.990568042
1403636632313555456.000000 0.625448048 1.634971261 1.185469985 0.136328682 -0.004908548 -0.016264871 -0.990518034
1403636632363555584.000000 0.629607916 1.645641446 1.207912803 0.136333033 -0.005328544 -0.017265033 -0.990498304
1403636632413555456.000000 0.631704330 1.655622244 1.230582118 0.136884227 -0.004336954 -0.017768875 -0.990418196
1403636632463555584.000000 0.631799579 1.664603829 1.253539085 0.136175558 -0.001572703 -0.021157900 -0.990457535
1403636632513555456.000000 0.630703509 1.672575355 1.276794076 0.133540824 0.001599505 -0.024966773 -0.990727544
1403636632563555584.000000 0.628299654 1.679737926 1.300259113 0.129261822 0.006644423 -0.029969824 -0.991135240
1403636632613555456.000000 0.625494123 1.686455011 1.323786855 0.123704568 0.011287419 -0.034091093 -0.991669118
1403636632663555584.000000 0.618042231 1.687557697 1.326973081 -0.117025912 -0.014655386 0.036315661 0.992356539
1403636632713555456.000000 0.615937710 1.694495797 1.350844026 -0.108859599 -0.016900489 0.036516849 0.993242443
1403636632763555584.000000 0.615492582 1.703889608 1.375787854 0.099375948 0.018059304 -0.034923878 -0.994272947
1403636632813555456.000000 0.617407382 1.712567806 1.399694681 0.089373186 0.017709004 -0.029657021 -0.995399117
1403636632863555584.000000 0.621860623 1.721833944 1.423968434 0.079479001 0.015086717 -0.021211442 -0.996496677
1403636632913555456.000000 0.628475547 1.731476545 1.447713852 0.069486529 0.011206640 -0.012069133 -0.997446954
1403636632963555584.000000 0.636157215 1.741576672 1.471517682 0.060884748 0.008861282 -0.003704653 -0.998098671
1403636633013555456.000000 0.650786817 1.754843593 1.492560863 -0.053166907 -0.006764491 -0.003485408 0.998556674
1403636633063555584.000000 0.660629034 1.764830947 1.515961409 -0.046255741 -0.006259683 -0.009171913 0.998867989
1403636633113555456.000000 0.669800580 1.775663853 1.538043141 0.039869893 0.005579856 0.013084644 -0.999103665
1403636633163555584.000000 0.677847564 1.785762191 1.561347604 0.034696251 0.005565140 0.016377443 -0.999248266
1403636633213555456.000000 0.684298873 1.795434237 1.585317731 0.030315841 0.005443165 0.018125245 -0.999361217
1403636633263555584.000000 0.688940644 1.804891467 1.609763741 0.026573814 0.006712299 0.018272184 -0.999457359
1403636633313555456.000000 0.692538798 1.814094543 1.634713292 0.023520196 0.008096251 0.017633487 -0.999535024
1403636633363555584.000000 0.695047975 1.823218465 1.660255790 0.020638809 0.009702800 0.015496848 -0.999619842
1403636633413555456.000000 0.696743071 1.832464933 1.686731577 0.019093119 0.011764763 0.013417901 -0.999658525
1403636633463555584.000000 0.697784722 1.841582417 1.713685751 0.017731445 0.013525033 0.011216822 -0.999688387
1403636633513555456.000000 0.707305074 1.850315452 1.747488260 -0.017576300 -0.015456458 -0.009805487 0.999677956
1403636633563555584.000000 0.708100736 1.859599233 1.776506186 -0.017967295 -0.017197920 -0.008293473 0.999656260
1403636633613555456.000000 0.708572388 1.869507194 1.805869341 0.018687826 0.019280065 0.007497743 -0.999611378
1403636633663555584.000000 0.711326599 1.879630089 1.836078644 0.020242726 0.020699056 0.007239219 -0.999554634
1403636633713555456.000000 0.716341794 1.889832377 1.866219759 0.021615725 0.020301560 0.006519357 -0.999538958
1403636633763555584.000000 0.723089278 1.900136828 1.896539211 0.022667104 0.019564696 0.005396993 -0.999537110
1403636633813555456.000000 0.732382476 1.910532236 1.927168608 0.023963502 0.019352729 0.004329544 -0.999516129
1403636633863555584.000000 0.743682802 1.920828104 1.957951188 0.024797974 0.018117167 0.002294933 -0.999525666
1403636633913555456.000000 0.752997994 1.930342555 1.988831162 -0.025105158 -0.016987329 0.001813471 0.999538898
1403636633963555584.000000 0.765911937 1.940909743 2.020033598 -0.025034478 -0.014991244 0.006370654 0.999553919
1403636634013555456.000000 0.778302431 1.952059746 2.052324057 0.025316048 0.012981513 -0.010199318 -0.999543250
1403636634063555584.000000 0.789933383 1.964148879 2.085129738 0.026169326 0.012686868 -0.012421459 -0.999499857
1403636634113555456.000000 0.802260339 1.976776958 2.118084192 0.025958760 0.013135164 -0.012612203 -0.999497175
1403636634163555584.000000 0.816243112 1.990402579 2.150833845 0.026086923 0.014439802 -0.011426737 -0.999490082
1403636634213555456.000000 0.832399428 2.004883289 2.183693409 0.026546661 0.016084513 -0.008259532 -0.999484062
1403636634263555584.000000 0.850994229 2.020136118 2.216919422 0.027253862 0.015971452 -0.003955289 -0.999493122
1403636634313555456.000000 0.865976155 2.036314487 2.246479034 -0.027587984 -0.012740971 0.000265631 0.999538183
1403636634363555584.000000 0.886161923 2.052010298 2.280331135 -0.027731236 -0.008373882 -0.003056751 0.999575675
1403636634413555456.000000 0.906043887 2.068511486 2.314632416 0.027747722 0.003798882 0.006266795 -0.999588132
1403636634463555584.000000 0.923871994 2.084915638 2.349618673 0.027686110 0.001056471 0.008733980 -0.999577940
1403636634513555456.000000 0.940088511 2.101116657 2.385021925 0.027086910 -0.002272410 0.010473642 -0.999575615
1403636634563555584.000000 0.946866453 2.118391514 2.417681694 -0.026390422 0.004841241 -0.011879439 0.999569416
1403636634613555456.000000 0.959457099 2.133971453 2.453346968 -0.025044817 0.005783063 -0.014063475 0.999570668
1403636634663555584.000000 0.970268011 2.148956299 2.489008904 -0.021907348 0.006223802 -0.016284777 0.999608040
1403636634713555456.000000 0.980319858 2.164154768 2.523448229 0.018562691 -0.006617008 0.019391665 -0.999617815
1403636634763555584.000000 0.990792394 2.178382874 2.557501316 0.014986522 -0.004528326 0.021437362 -0.999647677
1403636634813555456.000000 1.002083659 2.192015171 2.590661287 0.011543512 -0.002251306 0.022401867 -0.999679863
1403636634863555584.000000 1.014472961 2.205110073 2.623000860 0.008335769 -0.000015352 0.023159230 -0.999697089
1403636634913555456.000000 1.028296471 2.217586040 2.654510736 0.004951030 0.001736198 0.024288466 -0.999691248
1403636634963555584.000000 1.036439538 2.232377529 2.684516430 -0.001975658 -0.003688111 -0.025608573 0.999663293
1403636635013555456.000000 1.053198576 2.243838787 2.714756727 0.000410903 -0.004189653 -0.027636761 0.999609232
1403636635063555584.000000 1.069222450 2.254731655 2.745005369 0.002451454 -0.005840579 -0.029286271 0.999551058
1403636635113555456.000000 1.084914088 2.266205549 2.774708271 -0.004199179 0.007393801 0.030600999 -0.999495566
1403636635163555584.000000 1.098319411 2.276963711 2.805357933 -0.005850117 0.008424810 0.030994333 -0.999466956
1403636635213555456.000000 1.110096693 2.287616730 2.836626768 -0.007283812 0.010123504 0.031115087 -0.999438107
1403636635263555584.000000 1.120718718 2.297891855 2.868722439 -0.009259697 0.011108982 0.029612428 -0.999456882
1403636635313555456.000000 1.130060315 2.307826519 2.901465893 -0.010915292 0.012641269 0.027738729 -0.999475718
1403636635363555584.000000 1.139291883 2.318232536 2.938188791 0.013035939 -0.014461017 -0.024059881 0.999520957
1403636635413555456.000000 1.149232864 2.328181028 2.971112728 0.014274064 -0.015595606 -0.022571314 0.999521673
1403636635463555584.000000 1.160548210 2.338018656 3.004599810 0.014888889 -0.015224678 -0.021167882 0.999549210
1403636635513555456.000000 1.174288392 2.347975254 3.036893129 -0.015873760 0.015735084 0.018237958 -0.999583900
1403636635563555584.000000 1.189605713 2.358104467 3.068857431 -0.016063815 0.015865605 0.017419357 -0.999593318
1403636635613555456.000000 1.204699874 2.368992329 3.099846125 -0.016244065 0.015139209 0.016284658 -0.999620855
1403636635663555584.000000 1.220549464 2.380881786 3.140388966 0.016207544 -0.013664868 -0.014876367 0.999664605
1403636635713555456.000000 1.238970041 2.392668962 3.172349215 0.015940569 -0.012314600 -0.014282395 0.999695122
1403636635763555584.000000 1.259318471 2.404422045 3.205214262 -0.016266026 0.009022066 0.012056088 -0.999754310
1403636635813555456.000000 1.281854033 2.416761398 3.237301826 -0.017257532 0.004855652 0.007902022 -0.999808073
1403636635863555584.000000 1.306771517 2.429983616 3.269515753 -0.017820463 0.002187873 0.004217161 -0.999830008
1403636635913555456.000000 1.338460445 2.442381144 3.302378178 0.018569622 -0.003794696 -0.000418727 0.999820292
1403636635963555584.000000 1.365112424 2.457678318 3.333727360 0.018249173 -0.007170515 0.000465735 0.999807715
1403636636013555456.000000 1.391525865 2.473960161 3.365144968 0.016996056 -0.012421616 -0.001483496 0.999777317
1403636636063555584.000000 1.417621136 2.491583586 3.397349596 -0.014853302 0.016536519 0.005867980 -0.999735713
1403636636113555456.000000 1.442629099 2.509562016 3.430240631 -0.012915125 0.019171713 0.010533259 -0.999677360
1403636636163555584.000000 1.472755075 2.526423693 3.465179682 0.011299023 -0.017589739 -0.014739009 0.999672771
1403636636213555456.000000 1.500733614 2.544874430 3.498084545 0.009976501 -0.012514110 -0.019147672 0.999688566
1403636636263555584.000000 1.530760050 2.563213825 3.530457258 0.008871174 -0.006218117 -0.022693550 0.999683797
1403636636313555456.000000 1.562834382 2.580579519 3.562766314 -0.008275296 0.000766691 0.024600741 -0.999662876
1403636636363555584.000000 1.596727490 2.598465919 3.594831467 0.007786311 0.006005189 -0.026159873 0.999609470
1403636636413555456.000000 1.628179550 2.615763187 3.625820160 0.007857095 0.014709201 -0.027247678 0.999489665
1403636636463555584.000000 1.657737255 2.633032084 3.656620979 -0.007948541 -0.021690428 0.028004296 -0.999340892
1403636636513555456.000000 1.684231997 2.650077105 3.686991692 -0.006823767 -0.024641847 0.030980881 -0.999192894
1403636636563555584.000000 1.711305857 2.668312073 3.717198133 0.005725059 0.025850894 -0.034496486 0.999054015
1403636636613555456.000000 1.733023047 2.684498549 3.746165037 0.004230521 0.026460202 -0.038722616 0.998890698
1403636636663555584.000000 1.752184510 2.700052738 3.774431705 0.002574967 0.025922433 -0.043306407 0.998722196
1403636636713555456.000000 1.768152475 2.714490414 3.801990986 -0.001027001 -0.025812646 0.047207903 -0.998551011
1403636636763555584.000000 1.781885982 2.727640867 3.828986645 0.000339584 -0.025225667 0.051188517 -0.998370290
1403636636813555456.000000 1.795325518 2.740839720 3.852134228 -0.001919086 0.024768936 -0.056349363 0.998102069
1403636636863555584.000000 1.803956985 2.750959396 3.877824783 -0.003306096 0.023219816 -0.060751662 0.997877300
1403636636913555456.000000 1.810122967 2.759130239 3.903017521 -0.001953612 0.020312209 -0.058239538 0.998094082
1403636636963555584.000000 1.815530539 2.765288591 3.928175688 -0.000869148 -0.018173268 0.052802742 -0.998439193
1403636637013555456.000000 1.818490028 2.770326614 3.952433825 -0.004159689 -0.015565407 0.045939717 -0.998814285
1403636637063555584.000000 1.820404410 2.774539232 3.976115704 -0.007064846 -0.014041812 0.039828174 -0.999082923
1403636637113555456.000000 1.820920229 2.778305769 3.999408722 -0.009413242 -0.011484002 0.035201080 -0.999269903
1403636637163555584.000000 1.820700288 2.782045841 4.022486210 -0.010820984 -0.007843186 0.032445561 -0.999384224
1403636637213555456.000000 1.834070444 2.785070896 4.046587944 0.011334697 0.002411579 -0.031324357 0.999442160
1403636637263555584.000000 1.834430218 2.788505554 4.069034100 0.012164971 -0.000660822 -0.030660653 0.999455631
1403636637313555456.000000 1.836759925 2.791486502 4.091974735 0.012754572 -0.003318024 -0.030548727 0.999446392
1403636637363555584.000000 1.842702508 2.793393850 4.115809917 -0.012612402 0.005223501 0.031430524 -0.999412715
1403636637413555456.000000 1.851188779 2.795083046 4.140267372 -0.013747909 0.006293231 0.030827830 -0.999410391
1403636637463555584.000000 1.862702250 2.796350241 4.164292812 -0.014090508 0.008356703 0.031864855 -0.999357939
1403636637513555456.000000 1.863490820 2.798782349 4.171563148 0.014866262 -0.008598957 -0.031217203 0.999365091
1403636637563555584.000000 1.876183271 2.799564362 4.193081379 0.015508355 -0.010288523 -0.031012090 0.999345720
1403636637613555456.000000 1.889649868 2.800044537 4.213376522 0.016541110 -0.010593893 -0.029987251 0.999357283
1403636637663555584.000000 1.904923677 2.801824093 4.232086658 -0.017231343 0.011424484 0.029380089 -0.999354541
1403636637713555456.000000 1.923444152 2.802415133 4.252688408 -0.017621422 0.010798907 0.029804708 -0.999342144
1403636637763555584.000000 1.943498611 2.802865982 4.274519920 -0.018133990 0.009683118 0.030227618 -0.999331653
1403636637813555456.000000 1.956248164 2.803271770 4.284100533 0.018378656 -0.007187236 -0.030721761 0.999333143
1403636637863555584.000000 1.979645491 2.802965403 4.304331779 0.018764049 -0.005624070 -0.030946532 0.999329090
1403636637913555456.000000 2.004465342 2.802215576 4.324625969 0.019271631 -0.003690787 -0.030963641 0.999327898
1403636637963555584.000000 2.028290510 2.802367449 4.345477104 -0.019635236 0.001070420 0.030996192 -0.999326110
1403636638013555456.000000 2.041210890 2.802673340 4.361719608 0.019999148 0.000738585 -0.030934863 0.999321043
1403636638063555584.000000 2.056074381 2.802469015 4.385381222 0.020479547 0.002393207 -0.030925224 0.999309063
1403636638113555456.000000 2.066895962 2.802372217 4.410296917 0.020779012 0.004470583 -0.030675245 0.999303460
1403636638163555584.000000 2.073243141 2.802278996 4.434006214 -0.021269526 -0.006023979 0.030373136 -0.999294162
1403636638213555456.000000 2.074651718 2.803943872 4.450984001 0.021566376 0.006345878 -0.030345265 0.999286652
1403636638263555584.000000 2.078885794 2.804014921 4.475520134 0.021457372 0.006821614 -0.030716766 0.999274552
1403636638313555456.000000 2.081073761 2.804043770 4.499860287 0.022404833 0.004801054 -0.028989416 0.999317050
1403636638363555584.000000 2.079899788 2.804527760 4.522124767 -0.024007393 0.000950049 0.024673713 -0.999406815
1403636638413555456.000000 2.077398062 2.805281162 4.545566559 -0.025543941 0.011276544 0.019475680 -0.999420345
1403636638463555584.000000 2.074104071 2.806472063 4.569606781 -0.026932925 0.021554226 0.015293092 -0.999287844
1403636638513555456.000000 2.070963621 2.808285236 4.594312668 -0.028336816 0.030296378 0.010843732 -0.999080420
1403636638563555584.000000 2.065406084 2.812488556 4.625830650 0.028738134 -0.034634624 -0.009287587 0.998943627
1403636638613555456.000000 2.066728592 2.816681862 4.649802208 0.028102653 -0.036686029 -0.011454018 0.998865962
1403636638663555584.000000 2.072048426 2.821578026 4.674723148 0.026638066 -0.034956299 -0.016823424 0.998892128
1403636638713555456.000000 2.080323696 2.826330662 4.697673798 -0.025320290 0.031994287 0.020564329 -0.998955667
1403636638763555584.000000 2.091383219 2.831973076 4.722138405 -0.024718028 0.027273318 0.023596613 -0.999043763
1403636638813555456.000000 2.105969191 2.837802410 4.756634712 0.024720227 -0.021980792 -0.025114594 0.999137223
1403636638863555584.000000 2.121811867 2.843493700 4.781669140 0.024981815 -0.017476605 -0.024854882 0.999226153
1403636638913555456.000000 2.137761354 2.849515676 4.806300163 0.026170408 -0.014187779 -0.023138948 0.999289036
1403636638963555584.000000 2.153857470 2.856284618 4.847318172 0.027260546 -0.011300577 -0.020628888 0.999351621
1403636639013555456.000000 2.172102213 2.862539768 4.872969151 0.029302835 -0.010897334 -0.015497697 0.999391079
1403636639063555584.000000 2.189953327 2.869321585 4.899491787 0.031588081 -0.010192242 -0.009719130 0.999401748
1403636639113555456.000000 2.205526114 2.876968861 4.929379940 -0.033398323 0.009827810 0.004908953 -0.999381781
1403636639163555584.000000 2.221344233 2.886095285 4.963637829 0.034805596 -0.010546200 -0.000868242 0.999338150
1403636639213555456.000000 2.230230331 2.896366596 4.995098114 0.035964530 -0.010853424 0.002319922 0.999291480
1403636639263555584.000000 2.235620499 2.908211946 5.028715611 0.036412291 -0.011795172 0.003617503 0.999260783
1403636639313555456.000000 2.239253759 2.921262026 5.065185547 -0.034651320 0.011897392 0.000948025 -0.999328256
1403636639363555584.000000 2.241528749 2.936005831 5.100937843 -0.032513004 0.012029451 0.007082267 -0.999373794
1403636639413555456.000000 2.248165369 2.955139875 5.145499229 0.030354684 -0.012435416 -0.013470879 0.999371111
1403636639463555584.000000 2.249071836 2.971538067 5.182809830 0.028185008 -0.012352544 -0.019850381 0.999329269
1403636639513555456.000000 2.249406099 2.988501787 5.220564842 0.025893807 -0.010921326 -0.026437612 0.999255419
1403636639563555584.000000 2.250085115 3.005287886 5.258950710 -0.023433797 0.008898406 0.033891108 -0.999111176
1403636639613555456.000000 2.250536203 3.023893356 5.299724102 0.021853276 -0.007062502 -0.039469503 0.998956859
1403636639663555584.000000 2.250097275 3.039596319 5.338210583 0.021631395 -0.003672040 -0.041376535 0.998902738
1403636639713555456.000000 2.250559568 3.054556370 5.375781059 0.022351978 0.000521262 -0.040203203 0.998941362
1403636639763555584.000000 2.251968861 3.068554163 5.412977695 -0.023789499 -0.004326947 0.037228178 -0.999014258
1403636639813555456.000000 2.254589319 3.082276344 5.448293686 -0.024576159 -0.006435383 0.035234869 -0.999056101
1403636639863555584.000000 2.253937483 3.099805832 5.488869667 0.025835374 0.007920544 -0.032643735 0.999101698
1403636639913555456.000000 2.259980917 3.112638712 5.521099567 0.027123731 0.008584199 -0.030526759 0.999128997
1403636639963555584.000000 2.267578363 3.125401258 5.552354813 0.027435873 0.009151276 -0.029884772 0.999134839
1403636640013555456.000000 2.277270555 3.138652325 5.582858562 -0.028226200 -0.009646865 0.029989861 -0.999105036
1403636640063555584.000000 2.289386988 3.150952101 5.612546444 -0.030276140 -0.009951011 0.031596381 -0.998992503
1403636640113555456.000000 2.303881168 3.162929773 5.641386509 -0.033170473 -0.010195549 0.035465222 -0.998768270
1403636640163555584.000000 2.319891930 3.174502611 5.668894291 -0.037459344 -0.010309286 0.037330531 -0.998547494
1403636640213555456.000000 2.337493181 3.185876846 5.694759846 -0.041814156 -0.010377398 0.038978759 -0.998310864
1403636640263555584.000000 2.338466167 3.201575756 5.724843502 0.045436922 0.009217180 -0.041537013 0.998060822
1403636640313555456.000000 2.355287552 3.212790012 5.748999596 0.048543852 0.008492297 -0.042201437 0.997893035
1403636640363555584.000000 2.370816469 3.224056482 5.773048878 0.051483378 0.008431405 -0.043771163 0.997678578
1403636640413555456.000000 2.386183262 3.235049963 5.796575546 -0.053801775 -0.008442082 0.045195732 -0.997492611
1403636640463555584.000000 2.398923635 3.246135473 5.820467472 -0.055675589 -0.008412675 0.046560284 -0.997327268
1403636640513555456.000000 2.409717798 3.257286072 5.844346523 -0.057440188 -0.006871101 0.047005277 -0.997218132
1403636640563555584.000000 2.419402361 3.268396616 5.868356228 -0.058821481 -0.006753525 0.048078828 -0.997087240
1403636640613555456.000000 2.427482128 3.279365063 5.892756462 -0.059984300 -0.006558451 0.048190437 -0.997013867
1403636640663555584.000000 2.433837652 3.290211916 5.916922569 -0.060854584 -0.006832717 0.048714340 -0.996933758
1403636640713555456.000000 2.420373440 3.301014423 5.941491604 0.061845642 0.007088271 -0.048778418 0.996867895
1403636640763555584.000000 2.424784184 3.311399221 5.965506077 0.062613212 0.005428830 -0.048758041 0.996831417
1403636640813555456.000000 2.429933548 3.322319508 5.987747669 -0.062979229 -0.004273304 0.049455889 -0.996779561
1403636640863555584.000000 2.435814381 3.332499027 6.009659290 -0.063304044 -0.002500432 0.050160054 -0.996729851
1403636640913555456.000000 2.443657160 3.342256784 6.031002045 -0.063594237 -0.001661315 0.050355613 -0.996703327
1403636640963555584.000000 2.453358412 3.351635933 6.051336765 -0.063442737 -0.001098179 0.050774835 -0.996692419
1403636641013555456.000000 2.462904692 3.360740662 6.070086479 -0.063206896 -0.001646099 0.051060919 -0.996692002
1403636641063555584.000000 2.471246243 3.369347811 6.088990211 -0.063237831 -0.002767676 0.050114229 -0.996735632
1403636641113555456.000000 2.477788210 3.377720118 6.108163357 -0.062730625 -0.003371895 0.050342154 -0.996754289
1403636641163555584.000000 2.482259989 3.385783434 6.127917767 -0.062248912 -0.003047299 0.050601888 -0.996772408
1403636641213555456.000000 2.487909317 3.387762308 6.144304752 0.061548468 0.004461438 -0.050306786 0.996825576
1403636641263555584.000000 2.489157915 3.394908905 6.163992405 0.061871957 0.005439734 -0.048730198 0.996879041
1403636641313555456.000000 2.488395929 3.401919365 6.183967590 0.062515832 0.005031517 -0.045180265 0.997008145
1403636641363555584.000000 2.487238169 3.410395384 6.203593254 -0.063651830 -0.004456097 0.040828042 -0.997126698
1403636641413555456.000000 2.484419346 3.418157339 6.223395824 -0.064824946 -0.004135576 0.037098404 -0.997198284
1403636641463555584.000000 2.480866909 3.426425695 6.243232727 -0.064759918 -0.004355136 0.036370002 -0.997228444
1403636641513555456.000000 2.477304459 3.435094118 6.262063980 -0.063951805 -0.004926411 0.037663154 -0.997229934
1403636641563555584.000000 2.473876238 3.444090605 6.279219627 -0.063254714 -0.004813545 0.039545413 -0.997202039
1403636641613555456.000000 2.476013899 3.451653957 6.283517838 0.062116697 0.005514840 -0.041356701 0.997196436
1403636641663555584.000000 2.475436211 3.460556746 6.299041271 0.061275385 0.005248486 -0.042908873 0.997184396
1403636641713555456.000000 2.477261782 3.469522476 6.313019276 0.060735386 0.006356216 -0.044116039 0.997158289
1403636641763555584.000000 2.479435205 3.478393793 6.326117039 -0.059954002 -0.005715437 0.044716831 -0.997182667
1403636641813555456.000000 2.484677076 3.486694574 6.338272095 -0.059859209 -0.006746018 0.045000106 -0.997169197
1403636641863555584.000000 2.491655350 3.494563580 6.350892067 -0.059675299 -0.007800689 0.045154810 -0.997165501
1403636641913555456.000000 2.500090837 3.502244234 6.363375187 -0.058508497 -0.008237355 0.044656441 -0.997253656
1403636641963555584.000000 2.510332823 3.509947777 6.374997616 -0.056076735 -0.008816170 0.042908002 -0.997465074
1403636642013555456.000000 2.521705151 3.517716646 6.385408878 -0.052122749 -0.010323606 0.041585565 -0.997721076
1403636642063555584.000000 2.549630880 3.522785902 6.378391266 0.047450908 0.010161417 -0.039565433 0.998037994
1403636642113555456.000000 2.561554909 3.530438662 6.388046741 0.042910550 0.011079474 -0.038681820 0.998268425
1403636642163555584.000000 2.572242737 3.537814140 6.397403717 0.038902272 0.011821894 -0.037779771 0.998458624
1403636642213555456.000000 2.580615282 3.544733286 6.410012722 -0.035754085 -0.012671775 0.036476109 -0.998614371
1403636642263555584.000000 2.587592840 3.551610231 6.420541763 -0.032766525 -0.013192787 0.034937315 -0.998765111
1403636642313555456.000000 2.592654467 3.558489084 6.431052208 -0.029216021 -0.013715237 0.032958858 -0.998935461
1403636642363555584.000000 2.595575809 3.565659046 6.441351414 -0.024350647 -0.014441534 0.031014962 -0.999117970
1403636642413555456.000000 2.596992970 3.572851419 6.451584339 -0.020053633 -0.015597561 0.028789664 -0.999262571
1403636642463555584.000000 2.596752405 3.579756975 6.461462975 -0.016125238 -0.015655840 0.027317105 -0.999374151
1403636642513555456.000000 2.594921112 3.586724520 6.470620155 -0.012962587 -0.014547558 0.025758253 -0.999478281
1403636642563555584.000000 2.597652912 3.596691608 6.461068630 0.010025933 0.010605870 -0.025326680 0.999572694
1403636642613555456.000000 2.593137980 3.602895260 6.468010902 0.008059238 0.006612326 -0.023802528 0.999662340
1403636642663555584.000000 2.587366819 3.609565735 6.474727631 0.006222251 0.002174613 -0.022697955 0.999720693
1403636642713555456.000000 2.579651117 3.616777182 6.488564491 -0.004504799 0.001695409 0.022156661 -0.999742925
1403636642763555584.000000 2.573638439 3.623232365 6.498107433 -0.003629514 0.005321265 0.021546151 -0.999747097
1403636642813555456.000000 2.570155144 3.629410744 6.507161617 -0.002945932 0.008126102 0.020618314 -0.999750078
1403636642863555584.000000 2.568797827 3.635312319 6.514705181 -0.002650955 0.009832407 0.019720249 -0.999753714
1403636642913555456.000000 2.568065166 3.644719601 6.515383244 0.002723957 -0.011741662 -0.019554270 0.999736190
1403636642963555584.000000 2.570556879 3.650612116 6.521945477 0.002667176 -0.012404780 -0.018796233 0.999742866
1403636643013555456.000000 2.575392246 3.656710386 6.528172970 0.002919771 -0.011747297 -0.018413497 0.999757230
1403636643063555584.000000 2.581632376 3.663648844 6.534606457 -0.003165591 0.008027303 0.018267276 -0.999795973
1403636643113555456.000000 2.588048220 3.670355082 6.542039871 -0.003501317 0.003612102 0.017872827 -0.999827623
1403636643163555584.000000 2.593067646 3.677340746 6.550075531 -0.004025647 0.000414688 0.017161207 -0.999844611
1403636643213555456.000000 2.596569061 3.684761286 6.558697224 -0.004272251 -0.002118172 0.016739244 -0.999848545
1403636643263555584.000000 2.598427057 3.692435980 6.567677975 -0.004644643 -0.003124929 0.016661514 -0.999845564
1403636643313555456.000000 2.599118233 3.700531721 6.577033997 -0.004763200 -0.002734419 0.017037649 -0.999839842
1403636643363555584.000000 2.601172447 3.707859993 6.589563370 -0.004832830 -0.000640454 0.017456722 -0.999835789
1403636643413555456.000000 2.607632875 3.716792583 6.599056244 0.005430412 -0.002374517 -0.017104717 0.999836206
1403636643463555584.000000 2.611945868 3.725354195 6.608598232 0.006047470 -0.006105902 -0.016460279 0.999827623
1403636643513555456.000000 2.617855549 3.733738661 6.619251728 0.006438436 -0.010105485 -0.016692149 0.999788940
1403636643563555584.000000 2.627384424 3.742739201 6.629382133 -0.006945865 0.013518228 0.016999843 -0.999740064
1403636643613555456.000000 2.637553930 3.751916409 6.640676975 -0.006881849 0.017383439 0.017886413 -0.999665201
1403636643663555584.000000 2.649642467 3.761159897 6.652027130 -0.007705197 0.020723552 0.018809352 -0.999578655
1403636643713555456.000000 2.663628578 3.770468235 6.663143158 -0.008100539 0.023747647 0.019707173 -0.999490917
1403636643763555584.000000 2.678960323 3.779591084 6.673814774 -0.008261893 0.025337189 0.020497886 -0.999434650
1403636643813555456.000000 2.694026947 3.788740158 6.685114384 -0.008067917 0.028292205 0.022066941 -0.999323606
1403636643863555584.000000 2.705398798 3.795906782 6.683699608 0.008111116 -0.030855896 -0.022126440 0.999246001
1403636643913555456.000000 2.718912125 3.805074930 6.697618961 0.008180270 -0.032792039 -0.022728110 0.999170244
1403636643963555584.000000 2.731303692 3.814159870 6.713237286 0.007961211 -0.034846701 -0.023647236 0.999081194
1403636644013555456.000000 2.743011475 3.825878859 6.733282566 -0.007743680 0.035720628 0.024320761 -0.999035835
1403636644063555584.000000 2.753844023 3.835694551 6.753318310 -0.007969899 0.036462959 0.024346713 -0.999006569
1403636644113555456.000000 2.763876200 3.845403910 6.775063038 -0.007748087 0.037394460 0.024563795 -0.998968661
1403636644163555584.000000 2.773681164 3.854922771 6.798627377 -0.007809212 0.036026292 0.024842871 -0.999011576
1403636644213555456.000000 2.783231497 3.863910913 6.823661327 -0.008744834 0.030642541 0.022441374 -0.999240220
1403636644263555584.000000 2.792330980 3.872786999 6.850226879 -0.010633757 0.023476807 0.016927451 -0.999524534
1403636644313555456.000000 2.798935413 3.880680323 6.877023697 0.012719097 -0.015156191 -0.010497528 0.999749124
1403636644363555584.000000 2.805710554 3.890592337 6.905870438 0.014530673 -0.007551688 -0.004690745 0.999854982
1403636644413555456.000000 2.810815334 3.901696920 6.935610771 0.015906174 -0.001666509 -0.000959789 0.999871671
1403636644463555584.000000 2.815559387 3.914034367 6.966161251 -0.016787190 -0.003506258 -0.001827018 -0.999851286
1403636644513555456.000000 2.817490578 3.927479982 6.996748447 -0.018666079 -0.008200208 -0.006809240 -0.999769032
1403636644563555584.000000 2.817239046 3.942438126 7.027656555 -0.020329397 -0.010729072 -0.010621558 -0.999679387
1403636644613555456.000000 2.809387207 3.960619450 7.063014984 0.020640770 0.012523358 0.011956094 0.999637067
1403636644663555584.000000 2.805981398 3.979035616 7.093623638 0.019085711 0.013508311 0.007791213 0.999696314
1403636644713555456.000000 2.800846100 3.998985291 7.124012947 0.016422061 0.014307203 0.000768112 0.999762535
1403636644763555584.000000 2.793742418 4.020112038 7.153563976 -0.013097970 -0.013810509 0.008273060 -0.999784589
1403636644813555456.000000 2.785307646 4.042083740 7.183082104 -0.009515729 -0.013972021 0.016665848 -0.999718249
1403636644863555584.000000 2.775267839 4.064166069 7.212215900 -0.006607278 -0.011981107 0.022615062 -0.999650717
1403636644913555456.000000 2.758845568 4.087375164 7.248331547 0.004978404 0.009465883 -0.024332291 0.999646723
1403636644963555584.000000 2.749855280 4.108734131 7.275534153 0.004370482 0.006382380 -0.024287244 0.999675095
1403636645013555456.000000 2.741938591 4.129693508 7.301217556 0.003646631 -0.001195679 -0.024379190 0.999695420
1403636645063555584.000000 2.735588074 4.149874687 7.325355530 -0.003398939 0.012551219 0.022223823 -0.999668479
1403636645113555456.000000 2.731305599 4.170151711 7.347846985 -0.003218769 0.024154142 0.020390216 -0.999495149
1403636645163555584.000000 2.728482246 4.190404415 7.369633198 -0.002270903 0.034709170 0.021361912 -0.999166548
1403636645213555456.000000 2.728802204 4.210378170 7.393272400 -0.002148870 0.043761093 0.019608099 -0.998847365
1403636645263555584.000000 2.725783587 4.231252193 7.434460163 0.001565458 -0.048273105 -0.019993493 0.998632848
1403636645313555456.000000 2.732230186 4.250619888 7.461211205 0.001550095 -0.047663860 -0.019765640 0.998666704
1403636645363555584.000000 2.740714550 4.270053864 7.490190029 0.001325834 -0.043248460 -0.020263091 0.998857975
1403636645413555456.000000 2.748702526 4.289324284 7.519750118 -0.000750071 0.037958745 0.020908501 -0.999060273
1403636645463555584.000000 2.757220984 4.308401585 7.551820278 -0.000607534 0.033865511 0.020649189 -0.999212980
1403636645513555456.000000 2.764848232 4.327451706 7.585768223 -0.000464576 0.030607253 0.021025663 -0.999310255
1403636645563555584.000000 2.771162033 4.346456051 7.621919155 -0.000073514 0.029239882 0.021366451 -0.999344051
1403636645613555456.000000 2.777042389 4.365263939 7.659787178 0.000333406 0.027073633 0.021518247 -0.999401808
1403636645663555584.000000 2.785109282 4.385563850 7.716184616 -0.000378594 -0.025635606 -0.022547383 0.999416947
1403636645713555456.000000 2.792304993 4.403996468 7.756387711 -0.000548396 -0.024325317 -0.022876967 0.999442220
1403636645763555584.000000 2.801581144 4.422003269 7.797678947 0.000027732 -0.023323635 -0.022209836 0.999481201
1403636645813555456.000000 2.813376427 4.438777924 7.840220928 -0.000384223 0.022871194 0.021253686 -0.999512434
1403636645863555584.000000 2.828974724 4.455755234 7.881762505 -0.000378146 0.023696557 0.020661501 -0.999505579
1403636645913555456.000000 2.847588778 4.472469807 7.922297478 -0.000983512 0.024132963 0.019408256 -0.999519944
1403636645963555584.000000 2.869876146 4.489214897 7.963486671 -0.000108226 0.019443313 0.017544081 -0.999657035
1403636646013555456.000000 2.893700600 4.506303310 8.004397392 0.002169083 0.014974938 0.014499102 -0.999780416
1403636646063555584.000000 2.919657707 4.526061535 8.051439285 -0.005239162 -0.011544081 -0.008959100 0.999879539
1403636646113555456.000000 2.944838762 4.544308662 8.091208458 -0.011115408 -0.007936942 -0.003733420 0.999899805
1403636646163555584.000000 2.970074177 4.563842773 8.131941795 -0.019327598 -0.004330894 0.001834514 0.999802172
1403636646213555456.000000 2.994803429 4.584151745 8.173789024 -0.028354604 -0.000687237 0.008705524 0.999559820
1403636646263555584.000000 3.020334482 4.604115486 8.215980530 -0.039301939 0.003037770 0.015730407 0.999098957
1403636646313555456.000000 3.041611910 4.626183987 8.256942749 -0.051284190 0.007848721 0.022949336 0.998389542
1403636646363555584.000000 3.060722589 4.649378300 8.297432899 -0.063573778 0.012660539 0.030449104 0.997432172
1403636646413555456.000000 3.077645540 4.673463345 8.337675095 0.077968813 -0.016400225 -0.034223311 -0.996233225
1403636646463555584.000000 3.100948811 4.701180935 8.376135826 -0.090906665 0.021789027 0.035485979 0.994988501
1403636646513555456.000000 3.116767406 4.726428986 8.413692474 -0.103043415 0.026543848 0.034729946 0.993715882
1403636646563555584.000000 3.132039309 4.751876831 8.449215889 -0.113565341 0.029506635 0.034533571 0.992491722
1403636646613555456.000000 3.153353930 4.778117657 8.483537674 -0.121802323 0.029340124 0.035233557 0.991494775
1403636646663555584.000000 3.170113325 4.803673267 8.516136169 -0.129428968 0.027100587 0.034273870 0.990625560
1403636646713555456.000000 3.188658953 4.828775883 8.546741486 -0.135108292 0.025238167 0.035313599 0.989879727
1403636646763555584.000000 3.210712910 4.853389740 8.576341629 0.139690578 -0.024077548 -0.036204007 -0.989240229
1403636646813555456.000000 3.233441353 4.877586842 8.603613853 0.143240407 -0.024322916 -0.036436107 -0.988717914
1403636646863555584.000000 3.268654108 4.903086662 8.623866081 -0.146246284 0.024533341 0.036972962 0.988252640
1403636646913555456.000000 3.292321205 4.926404953 8.648042679 -0.147591591 0.023738647 0.037871946 0.988037944
1403636646963555584.000000 3.315027952 4.949531078 8.671518326 -0.149031654 0.022373581 0.038208183 0.987840652
1403636647013555456.000000 3.338574648 4.972242355 8.695177078 0.150053412 -0.020494264 -0.038237043 -0.987725675
1403636647063555584.000000 3.358796597 4.994815350 8.718463898 0.150439978 -0.018086527 -0.037873633 -0.987727880
1403636647113555456.000000 3.377011776 5.017533302 8.741477013 0.150787011 -0.014065604 -0.038017675 -0.987734854
1403636647163555584.000000 3.394100189 5.040220261 8.764628410 0.150487468 -0.011075926 -0.038506355 -0.987799704
1403636647213555456.000000 3.414739847 5.066269875 8.779179573 -0.150092125 0.008605288 0.037959449 0.987905622
1403636647263555584.000000 3.429862261 5.089113712 8.802458763 -0.149303973 0.008802177 0.038440127 0.988004684
1403636647313555456.000000 3.443818569 5.112206459 8.825847626 -0.147950068 0.009987555 0.039430585 0.988157988
1403636647363555584.000000 3.457847834 5.134243011 8.848912239 0.146728992 -0.011646752 -0.040007129 -0.988298774
1403636647413555456.000000 3.469702244 5.157178879 8.872364998 0.145691514 -0.013545319 -0.040389948 -0.988412499
1403636647463555584.000000 3.480193377 5.180090904 8.895512581 0.144117460 -0.015674828 -0.041314580 -0.988573492
1403636647513555456.000000 3.489723444 5.203261375 8.918110847 0.142489314 -0.019094234 -0.041895419 -0.988724947
1403636647563555584.000000 3.498301744 5.228564262 8.930528641 -0.140030429 0.023305951 0.043261252 0.988927066
1403636647613555456.000000 3.508195400 5.252312660 8.950393677 -0.138250068 0.028824741 0.045646895 0.988924861
1403636647663555584.000000 3.518511057 5.277046680 8.969101906 -0.139013588 0.029854594 0.046105158 0.988766074
1403636647713555456.000000 3.530952930 5.303224564 8.987493515 0.140154436 -0.028653938 -0.045412574 -0.988672554
1403636647763555584.000000 3.543729544 5.329437733 9.004509926 0.141688138 -0.026158283 -0.044499375 -0.988564670
1403636647813555456.000000 3.556891441 5.355933666 9.020254135 0.143942371 -0.024844585 -0.043025855 -0.988338053
1403636647863555584.000000 3.568146944 5.382751465 9.035237312 0.147061184 -0.022780314 -0.043454856 -0.987909853
1403636647913555456.000000 3.572283030 5.405255318 9.036424637 -0.151434854 0.022479471 0.044094518 0.987227380
1403636647963555584.000000 3.578972816 5.432491779 9.050103188 -0.157271102 0.022571553 0.045980923 0.986226201
1403636648013555456.000000 3.582696676 5.460057259 9.062927246 -0.165172368 0.022022787 0.048138659 0.984843016
1403636648063555584.000000 3.583382607 5.488717079 9.075736046 0.174564466 -0.021861468 -0.051246010 -0.983068228
1403636648113555456.000000 3.580967188 5.514952660 9.083501816 -0.185285345 0.021714849 0.055353612 0.980884194
1403636648163555584.000000 3.578161001 5.543498039 9.095123291 -0.197246611 0.021993201 0.059653118 0.978290141
1403636648213555456.000000 3.574547291 5.572143078 9.106388092 -0.209360719 0.022523191 0.063695937 0.975501776
1403636648263555584.000000 3.568196058 5.599994659 9.114915848 0.221804768 -0.023287650 -0.068566754 -0.972398520
1403636648313555456.000000 3.561637402 5.627534389 9.119070053 -0.234373838 0.023355654 0.073715590 0.969066262
1403636648363555584.000000 3.553301573 5.655621529 9.127351761 -0.247399926 0.024227273 0.077844940 0.965477347
1403636648413555456.000000 3.543462515 5.683285713 9.134489059 -0.260624945 0.024257142 0.082290865 0.961620808
1403636648463555584.000000 3.531856060 5.710077763 9.139375687 0.274030924 -0.024218172 -0.087269917 -0.957446933
1403636648513555456.000000 3.520177364 5.737001896 9.144423485 0.286861211 -0.024573056 -0.092162013 -0.953211963
1403636648563555584.000000 3.509954929 5.763585567 9.148295403 0.298203021 -0.025117032 -0.096581206 -0.949271441
1403636648613555456.000000 3.500156403 5.788959980 9.150198936 0.308154553 -0.025264150 -0.099813767 -0.945748210
1403636648663555584.000000 3.495986938 5.815598488 9.151932716 -0.316427529 0.023653612 0.102267534 0.942791402
1403636648713555456.000000 3.488344431 5.839463234 9.150903702 -0.323861092 0.020648815 0.103622317 0.940186203
1403636648763555584.000000 3.482419729 5.863030434 9.149455070 -0.329318315 0.017458348 0.106036775 0.938083589
1403636648813555456.000000 3.477600574 5.886280060 9.147638321 -0.332988769 0.010351388 0.109330140 0.936513960
1403636648863555584.000000 3.475415230 5.908061028 9.142996788 0.335519671 -0.003743391 -0.112740509 -0.935255170
1403636648913555456.000000 3.475494385 5.930868626 9.139356613 0.337635517 0.003096502 -0.114389777 -0.934295297
1403636648963555584.000000 3.478342772 5.953990459 9.135509491 0.338701963 0.007576645 -0.115674563 -0.933725357
1403636649013555456.000000 3.484087229 5.977894306 9.131505966 0.339977324 0.008838456 -0.115367495 -0.933288693
1403636649063555584.000000 3.492631197 6.002381325 9.127778053 0.340890527 0.005770327 -0.113644920 -0.933190942
1403636649113555456.000000 3.503920555 6.027329445 9.124176979 0.341612220 -0.000804925 -0.110483348 -0.933324158
1403636649163555584.000000 3.526568651 6.063347816 9.129949570 -0.341891468 0.008135868 0.107851528 0.933494627
1403636649213555456.000000 3.541161537 6.088165760 9.126214027 -0.342166543 0.014438430 0.104402117 0.933709681
1403636649263555584.000000 3.556843758 6.112628460 9.121926308 -0.341832936 0.019454194 0.101819701 0.934026003
1403636649313555456.000000 3.574609756 6.136959076 9.116891861 0.341034204 -0.020778799 -0.100624122 -0.934418976
1403636649363555584.000000 3.592422485 6.160102367 9.110841751 0.339678675 -0.019594887 -0.100044705 -0.935000300
1403636649413555456.000000 3.611450195 6.182486534 9.103776932 0.338029712 -0.017238421 -0.100241147 -0.935623109
1403636649463555584.000000 3.631580591 6.204343796 9.096056938 0.336079329 -0.013464113 -0.100410223 -0.936369181
1403636649513555456.000000 3.650686264 6.230897427 9.092693329 -0.334134310 0.013653514 0.099848263 0.937122345
1403636649563555584.000000 3.674879551 6.251700878 9.083071709 -0.332226634 0.016484240 0.099342972 0.937808514
1403636649613555456.000000 3.699892521 6.272368908 9.073165894 -0.331163704 0.019860672 0.099956647 0.938053727
1403636649663555584.000000 3.723634958 6.293509960 9.062061310 0.331759959 -0.024403898 -0.101310298 -0.937590599
1403636649713555456.000000 3.745227337 6.313544273 9.050458908 0.334113806 -0.027023556 -0.103430286 -0.936450720
1403636649763555584.000000 3.764953136 6.333407402 9.038597107 0.338235825 -0.028722424 -0.103943542 -0.934862256
1403636649813555456.000000 3.781157255 6.355265617 9.034424782 -0.342115313 0.029461412 0.104152031 0.933403254
1403636649863555584.000000 3.796961069 6.374165535 9.022501945 -0.345914245 0.030626236 0.104006037 0.931980789
1403636649913555456.000000 3.810619354 6.392657280 9.010955811 -0.349190205 0.031110039 0.104036428 0.930738866
1403636649963555584.000000 3.821945906 6.411023617 8.999891281 -0.352307975 0.031259336 0.103765540 0.929588437
1403636650013555456.000000 3.829075813 6.429378510 8.990493774 0.355076313 -0.031025741 -0.103748530 -0.928544283
1403636650063555584.000000 3.834355116 6.446700573 8.980161667 0.357508212 -0.031916015 -0.104437217 -0.927503169
1403636650113555456.000000 3.836737871 6.463181496 8.969352722 0.361251205 -0.032476168 -0.105933085 -0.925862372
1403636650163555584.000000 3.836737156 6.479228020 8.958008766 0.366800040 -0.033107892 -0.107824497 -0.923436821
1403636650213555456.000000 3.837580442 6.495976925 8.953422546 -0.374901772 0.032570142 0.110138625 0.919922471
1403636650263555584.000000 3.832973957 6.510585308 8.940643311 -0.384217918 0.032198697 0.113509424 0.915672183
1403636650313555456.000000 3.826745749 6.524899960 8.928065300 -0.394217789 0.031980462 0.118405424 0.910796225
1403636650363555584.000000 3.819097519 6.539135933 8.915031433 0.405447423 -0.030726271 -0.123461537 -0.905221283
1403636650413555456.000000 3.810307026 6.552588463 8.901454926 0.417014897 -0.028956829 -0.128208414 -0.899345756
1403636650463555584.000000 3.801819324 6.566292763 8.894079208 -0.428887457 0.026420742 0.133449018 0.893055975
1403636650513555456.000000 3.790476799 6.577595711 8.879638672 -0.440021157 0.023524400 0.138815448 0.886881232
1403636650563555584.000000 3.778429508 6.587642670 8.866378784 0.449385047 -0.020757973 -0.144470274 -0.881334603
1403636650613555456.000000 3.765588284 6.597370625 8.852961540 0.457420170 -0.018623983 -0.148551688 -0.876557171
1403636650663555584.000000 3.752172709 6.606794834 8.839998245 0.464027554 -0.017306887 -0.151988640 -0.872512698
1403636650713555456.000000 3.738733768 6.615962029 8.827056885 0.470251083 -0.015675312 -0.154090866 -0.868835032
1403636650763555584.000000 3.726627350 6.624440670 8.813741684 0.475041449 -0.015548615 -0.156476334 -0.865799665
1403636650813555456.000000 3.716707706 6.632650375 8.799997330 0.479140580 -0.016240336 -0.157573864 -0.863325655
1403636650863555584.000000 3.709829807 6.640793800 8.785648346 0.482769489 -0.018145923 -0.157106355 -0.861348987
1403636650913555456.000000 3.705024242 6.648516655 8.770650864 0.485836804 -0.021705804 -0.155340850 -0.859860897
1403636650963555584.000000 3.701353073 6.666069984 8.763547897 -0.487803668 0.024839489 0.154221132 0.858863473
1403636651013555456.000000 3.699119568 6.672708511 8.747920036 -0.489391208 0.027420545 0.152357265 0.858214200
1403636651063555584.000000 3.698147297 6.679333687 8.732157707 -0.490088850 0.028850988 0.151243299 0.857966185
1403636651113555456.000000 3.699377060 6.684693336 8.715049744 0.490044057 -0.030427035 -0.150563478 -0.858056962
1403636651163555584.000000 3.701182365 6.689566612 8.697738647 0.489844739 -0.030022377 -0.150290743 -0.858232737
1403636651213555456.000000 3.703961849 6.693118572 8.679666519 0.488619477 -0.028370962 -0.151042745 -0.858855247
1403636651263555584.000000 3.707830429 6.695781231 8.660829544 0.487519026 -0.026035285 -0.151730642 -0.859433115
1403636651313555456.000000 3.712529659 6.697865963 8.641662598 0.485957474 -0.023232322 -0.152557373 -0.860251069
1403636651363555584.000000 3.717030287 6.699720383 8.622823715 0.484111160 -0.020721324 -0.153961003 -0.861105680
1403636651413555456.000000 3.720403433 6.701506615 8.604384422 0.482686579 -0.019135395 -0.153994590 -0.861935735
1403636651463555584.000000 3.718017817 6.708364487 8.591136932 -0.480730087 0.018244421 0.154462025 0.862964272
1403636651513555456.000000 3.717648029 6.710012436 8.574057579 -0.479493171 0.018620819 0.153385609 0.863835931
1403636651563555584.000000 3.715799809 6.711699963 8.557888031 -0.478163153 0.021263452 0.152288005 0.864705920
1403636651613555456.000000 3.713253260 6.712777138 8.541109085 0.477329314 -0.024562476 -0.149880111 -0.865499556
1403636651663555584.000000 3.709062576 6.713559151 8.525163651 0.476371050 -0.027953766 -0.148493960 -0.866163313
1403636651713555456.000000 3.703317165 6.713605881 8.509269714 0.475388408 -0.030692585 -0.148762256 -0.866564333
1403636651763555584.000000 3.696200848 6.713351250 8.493080139 0.475399971 -0.033856627 -0.150860876 -0.866077185
1403636651813555456.000000 3.687834740 6.712712288 8.476457596 0.476441324 -0.037660267 -0.155036330 -0.864609301
1403636651863555584.000000 3.678425789 6.712147236 8.462224960 -0.479390681 0.041642107 0.158634052 0.862140298
1403636651913555456.000000 3.666580200 6.710310936 8.443880081 -0.484296650 0.044228304 0.162843242 0.858476996
1403636651963555584.000000 3.653074265 6.707923889 8.424144745 -0.491048515 0.046428964 0.166815311 0.853749692
1403636652013555456.000000 3.637224197 6.705377579 8.403305054 0.499899656 -0.047927070 -0.169624254 -0.847957015
1403636652063555584.000000 3.619865417 6.702982903 8.381689072 0.510605276 -0.046367351 -0.172929972 -0.840968192
1403636652113555456.000000 3.604414940 6.701297283 8.359308243 -0.523110032 0.042681061 0.175308928 0.832947195
1403636652163555584.000000 3.584709167 6.697510719 8.335475922 -0.536875188 0.038565751 0.178526789 0.823654056
1403636652213555456.000000 3.563694477 6.692861080 8.311397552 0.551418841 -0.033831950 -0.183552325 -0.813081384
1403636652263555584.000000 3.545565128 6.691522598 8.288722038 -0.565305054 0.029767165 0.189574078 0.802250445
1403636652313555456.000000 3.519997120 6.682641983 8.263980865 -0.578872919 0.024020398 0.197642833 0.790737987
1403636652363555584.000000 3.493199825 6.673606396 8.239568710 -0.591430843 0.019365596 0.205739439 0.779426634
1403636652413555456.000000 3.472461462 6.668834209 8.215063095 -0.602594554 0.015889389 0.212331891 0.769118011
1403636652463555584.000000 3.447041512 6.660854816 8.191524506 -0.611719668 0.014147224 0.218255177 0.760239184
1403636652513555456.000000 3.422908306 6.653221130 8.167943954 -0.619123340 0.012376859 0.223824814 0.752619207
1403636652563555584.000000 3.402371883 6.647837639 8.142951965 0.625126243 -0.009607038 -0.229609042 -0.745925307
1403636652613555456.000000 3.383122683 6.642412186 8.118141174 0.629658699 -0.006360400 -0.234469488 -0.740617037
1403636652663555584.000000 3.374825001 6.644943714 8.092547417 -0.633324802 0.001949594 0.238344029 0.736266315
1403636652713555456.000000 3.360782862 6.642218590 8.066158295 -0.636927664 -0.001385059 0.239120781 0.732900143
1403636652763555584.000000 3.349537373 6.640720367 8.039495468 -0.638692021 -0.001996166 0.241090178 0.730714798
1403636652813555456.000000 3.342225075 6.642105579 8.012282372 0.640464127 0.002776542 -0.241120189 -0.729149580
1403636652863555584.000000 3.335679770 6.644477367 7.984828949 0.641550541 0.001787874 -0.241073877 -0.728212237
1403636652913555456.000000 3.331475258 6.648237228 7.956943989 0.642537534 0.000530415 -0.239217982 -0.727956057
1403636652963555584.000000 3.328984022 6.653150082 7.928802967 0.643303633 -0.000699712 -0.236785099 -0.728074729
1403636653013555456.000000 3.326311111 6.659331799 7.901086807 0.643637419 -0.002127595 -0.234740913 -0.728438795
1403636653063555584.000000 3.321217775 6.666671276 7.874680042 0.644003928 -0.003134807 -0.231373131 -0.729188383
1403636653113555456.000000 3.316659689 6.680243492 7.851827621 -0.643829942 0.005610514 0.228816494 0.730133235
1403636653163555584.000000 3.305454016 6.690828323 7.828544617 -0.643868804 0.008277854 0.224972755 0.731267273
1403636653213555456.000000 3.294428825 6.703584671 7.806005001 -0.643978238 0.012145596 0.220299393 0.732538581
1403636653263555584.000000 3.283652782 6.715768814 7.783575058 -0.643865645 0.016476579 0.215527460 0.733971119
1403636653313555456.000000 3.273992538 6.727679253 7.761103630 -0.643721521 0.019231942 0.210683256 0.735435545
1403636653363555584.000000 3.265933275 6.739385605 7.738674164 -0.642648876 0.020986069 0.207939848 0.737104535
1403636653413555456.000000 3.259974957 6.750268459 7.715987206 -0.641294122 0.021613190 0.206138223 0.738770425
1403636653463555584.000000 3.256196737 6.760524750 7.693016529 -0.639763117 0.021369742 0.205603644 0.740252435
1403636653513555456.000000 3.246047020 6.763814449 7.674117565 -0.638221443 0.021159539 0.204825759 0.741803288
1403636653563555584.000000 3.246227264 6.772502422 7.650601864 -0.636436045 0.020867385 0.204972565 0.743303418
1403636653613555456.000000 3.248462200 6.780958652 7.626859665 -0.635395050 0.022521490 0.204081237 0.744390190
1403636653663555584.000000 3.251367569 6.789036751 7.601890087 0.634584486 -0.024307860 -0.202071920 -0.745572746
1403636653713555456.000000 3.253234386 6.796537876 7.578303337 0.634257972 -0.025933055 -0.199875459 -0.746387422
1403636653763555584.000000 3.253728867 6.803327084 7.555609226 0.633955121 -0.027990948 -0.198356032 -0.746975482
1403636653813555456.000000 3.252519608 6.809208393 7.533933163 0.633691549 -0.028631834 -0.196718544 -0.747607589
1403636653863555584.000000 3.249685049 6.814319134 7.512952328 0.633870363 -0.029233839 -0.195273876 -0.747811437
1403636653913555456.000000 3.245131969 6.818315029 7.493048668 0.633702457 -0.029313080 -0.194963500 -0.748031557
1403636653963555584.000000 3.238761902 6.821249962 7.474269390 0.632696569 -0.029234083 -0.197156966 -0.748311162
1403636654013555456.000000 3.209817410 6.811215401 7.467804909 -0.631969988 0.029914826 0.199621871 0.748244703
1403636654063555584.000000 3.200183153 6.812413216 7.450697422 -0.631015718 0.030430211 0.202047557 0.748378277
1403636654113555456.000000 3.189409733 6.812881470 7.433255196 0.631450236 -0.031482596 -0.203356534 -0.747613251
1403636654163555584.000000 3.179529428 6.812800407 7.415474415 0.633248866 -0.033250887 -0.204270273 -0.745763958
1403636654213555456.000000 3.171096325 6.812339306 7.396885395 0.636308968 -0.034116745 -0.204951569 -0.742927909
1403636654263555584.000000 3.163581848 6.810714722 7.377350807 0.640398085 -0.032650236 -0.205720127 -0.739258826
1403636654313555456.000000 3.157898188 6.808206081 7.356734276 0.645224631 -0.031261969 -0.207313061 -0.734662592
1403636654363555584.000000 3.140186548 6.794407368 7.344010830 0.650462747 -0.029756062 -0.209760368 -0.729392529
1403636654413555456.000000 3.137831211 6.790719032 7.322109699 0.656432807 -0.027521564 -0.212753698 -0.723238885
1403636654463555584.000000 3.136685848 6.785802841 7.299992085 0.662627876 -0.026030825 -0.216174230 -0.716599941
1403636654513555456.000000 3.137119055 6.779543400 7.277202606 0.669894099 -0.024837282 -0.218392462 -0.709175467
1403636654563555584.000000 3.135379791 6.770172596 7.255886555 0.677301943 -0.023668353 -0.221125901 -0.701288283
1403636654613555456.000000 3.137720108 6.763647079 7.233307838 0.682834089 -0.022413053 -0.225877628 -0.694416702
1403636654663555584.000000 3.139225006 6.757123947 7.211681843 0.686948955 -0.022384576 -0.231974095 -0.688322783
1403636654713555456.000000 3.139651299 6.750555992 7.190931797 0.691037297 -0.021351149 -0.235640213 -0.682997286
1403636654763555584.000000 3.154547691 6.753829002 7.173216820 0.694597781 -0.019829977 -0.239636719 -0.678022802
1403636654813555456.000000 3.151547670 6.747666359 7.154300690 0.698058784 -0.018729040 -0.241415039 -0.673856080
1403636654863555584.000000 3.145917416 6.740976334 7.136816978 0.700976372 -0.017746927 -0.242678538 -0.670391142
1403636654913555456.000000 3.139266491 6.735057831 7.119865417 0.703734875 -0.017743308 -0.242945760 -0.667397797
1403636654963555584.000000 3.131546021 6.729503632 7.103567123 0.706931591 -0.019497413 -0.240114719 -0.664990664
1403636655013555456.000000 3.122662783 6.723868370 7.088123798 0.709719777 -0.023252036 -0.236950889 -0.663032115
1403636655063555584.000000 3.112808704 6.718045235 7.073441029 0.711806178 -0.026863974 -0.234266773 -0.661611259
1403636655113555456.000000 3.109410524 6.704351425 7.057913780 0.713332534 -0.029572552 -0.232294336 -0.660546362
1403636655163555584.000000 3.098439217 6.697192669 7.044465542 0.714759290 -0.031861749 -0.230012879 -0.659695566
1403636655213555456.000000 3.086952686 6.688849926 7.031664848 0.715296447 -0.034633301 -0.229084685 -0.659296453
1403636655263555584.000000 3.074773788 6.679609299 7.018886566 0.716605425 -0.037276197 -0.229042083 -0.657743871
1403636655313555456.000000 3.062067509 6.669034958 7.006117821 0.718613327 -0.038967323 -0.229122579 -0.655423105
1403636655363555584.000000 3.049169064 6.656991959 6.993343353 0.721001089 -0.041239258 -0.230262801 -0.652254522
1403636655413555456.000000 3.037047386 6.643126011 6.980615616 0.723334670 -0.043257132 -0.231547102 -0.649077654
1403636655463555584.000000 3.032448769 6.628403664 6.964455128 0.726397753 -0.043894488 -0.232053176 -0.645423114
1403636655513555456.000000 3.023978233 6.611402512 6.950068951 0.729885340 -0.043851126 -0.233951822 -0.640789390
1403636655563555584.000000 3.016693354 6.591193676 6.935805321 0.732735872 -0.041588400 -0.239042416 -0.635788798
1403636655613555456.000000 3.008677483 6.569469452 6.921464920 0.735610723 -0.037962992 -0.246233299 -0.629924476
1403636655663555584.000000 2.999507904 6.546911240 6.907523632 0.738073587 -0.035564784 -0.253872037 -0.624124646
1403636655713555456.000000 2.990000010 6.530129433 6.891973972 0.740025282 -0.033209108 -0.260775566 -0.619076729
1403636655763555584.000000 2.975787640 6.507528305 6.879418373 0.742900908 -0.030877616 -0.265692830 -0.613638401
1403636655813555456.000000 2.958143234 6.485124111 6.867640972 0.746439040 -0.030230779 -0.270066082 -0.607436597
1403636655863555584.000000 2.936680555 6.462265491 6.855645657 0.750569642 -0.030002033 -0.274558246 -0.600302339
1403636655913555456.000000 2.917543411 6.448008537 6.843327522 0.755539358 -0.030525070 -0.278644562 -0.592102885
1403636655963555584.000000 2.894455194 6.425677776 6.831021786 0.761101842 -0.031462189 -0.281506717 -0.583513498
1403636656013555456.000000 2.872703552 6.403863907 6.817340851 0.765792370 -0.032860510 -0.283675253 -0.576203644
1403636656063555584.000000 2.852965117 6.381598473 6.802242756 0.770509601 -0.033279154 -0.284733087 -0.569328249
1403636656113555456.000000 2.834676743 6.358846188 6.785996437 0.774439692 -0.031748768 -0.285552591 -0.563644350
1403636656163555584.000000 2.816741467 6.345573425 6.770103455 0.777979910 -0.031022612 -0.286286086 -0.558413088
1403636656213555456.000000 2.803659439 6.322524071 6.751019478 0.780733645 -0.027467415 -0.286712378 -0.554523826
1403636656263555584.000000 2.793450594 6.299780846 6.730613708 0.782519579 -0.026173538 -0.287579238 -0.551612377
1403636656313555456.000000 2.785394192 6.277941227 6.708208561 0.783650279 -0.024323501 -0.288770646 -0.549465358
1403636656363555584.000000 2.779662132 6.256565571 6.685116291 0.784313202 -0.024036018 -0.289907068 -0.547931671
1403636656413555456.000000 2.775827646 6.236337662 6.660745144 0.784652948 -0.022898987 -0.290329576 -0.547269642
1403636656463555584.000000 2.776041031 6.227969170 6.635853767 0.784852087 -0.022851342 -0.290749073 -0.546763361
1403636656513555456.000000 2.775019884 6.209794044 6.609214783 0.784869432 -0.021602174 -0.290438414 -0.546954274
1403636656563555584.000000 2.774415970 6.193788528 6.581928253 0.785188079 -0.020997651 -0.288686723 -0.547447443
1403636656613555456.000000 2.772987843 6.177955151 6.554744720 0.785509288 -0.021299424 -0.286331326 -0.548211634
1403636656663555584.000000 2.770988703 6.162937164 6.527591705 0.786299586 -0.023751413 -0.282344490 -0.549045086
1403636656713555456.000000 2.768162012 6.148430824 6.500395775 0.787686408 -0.028711678 -0.275918782 -0.550086081
1403636656763555584.000000 2.763657570 6.133899212 6.473632812 0.788969219 -0.033100300 -0.269720107 -0.551074505
1403636656813555456.000000 2.759560823 6.128826141 6.446175575 0.790182531 -0.034502618 -0.264488131 -0.551785529
1403636656863555584.000000 2.751309395 6.114205837 6.420852661 0.790872216 -0.034698442 -0.260348827 -0.552752852
1403636656913555456.000000 2.741563797 6.099010944 6.396549225 0.791138172 -0.035910033 -0.257092446 -0.553818047
1403636656963555584.000000 2.729881763 6.084213257 6.372513294 0.790853620 -0.037421729 -0.255372316 -0.554919183
1403636657013555456.000000 2.716762543 6.067808151 6.350472450 0.790271461 -0.039655920 -0.254588664 -0.555952311
1403636657063555584.000000 2.702065706 6.050507069 6.329494476 0.789602160 -0.041930083 -0.254340559 -0.556849420
1403636657113555456.000000 2.686243773 6.032278538 6.309523582 0.788706124 -0.044178430 -0.254837781 -0.557717443
1403636657163555584.000000 2.670632601 6.009323120 6.293939590 0.787918746 -0.046661086 -0.255665690 -0.558248878
1403636657213555456.000000 2.656097651 5.988725185 6.274403572 0.786721885 -0.048336089 -0.257450849 -0.558973551
1403636657263555584.000000 2.642908812 5.966810703 6.255133152 0.785425961 -0.047935814 -0.260483742 -0.559425056
1403636657313555456.000000 2.630802631 5.943712234 6.235253334 0.784502923 -0.046737008 -0.262976915 -0.559655309
1403636657363555584.000000 2.619776726 5.919869423 6.214805126 0.783323288 -0.045894392 -0.266557753 -0.559683263
1403636657413555456.000000 2.608582258 5.895411968 6.194231510 0.781589806 -0.044884890 -0.271899313 -0.559619009
1403636657463555584.000000 2.596426487 5.870289326 6.173559666 0.779807270 -0.042924479 -0.277249485 -0.559634686
1403636657513555456.000000 2.583092213 5.844862938 6.152614594 0.778174758 -0.041644383 -0.281943530 -0.559658468
1403636657563555584.000000 2.569520235 5.812218666 6.131997108 0.777460039 -0.039794385 -0.284625024 -0.559429169
1403636657613555456.000000 2.553750992 5.786470890 6.110273361 0.777182162 -0.038775343 -0.285761833 -0.559307277
1403636657663555584.000000 2.537469387 5.761260986 6.088842392 0.777127922 -0.038456950 -0.286052585 -0.559255958
1403636657713555456.000000 2.519990444 5.735985279 6.066665173 0.777448416 -0.039196022 -0.285793126 -0.558891773
1403636657763555584.000000 2.501116514 5.710832596 6.044010162 0.778223813 -0.040191755 -0.286316037 -0.557472408
1403636657813555456.000000 2.480785370 5.685513020 6.021116257 0.778723359 -0.041262660 -0.287983537 -0.555835307
1403636657863555584.000000 2.459118128 5.660114765 5.997907639 0.778320670 -0.043589022 -0.291613460 -0.554327130
1403636657913555456.000000 2.439060688 5.632179260 5.970299244 0.777417481 -0.045307763 -0.296198875 -0.553023934
1403636657963555584.000000 2.418158054 5.605652332 5.944403648 0.776920557 -0.045883045 -0.299579799 -0.551852405
1403636658013555456.000000 2.398794651 5.579666138 5.915562630 0.777349770 -0.044760473 -0.300443590 -0.550869882
1403636658063555584.000000 2.381263733 5.552714348 5.884692192 0.778205693 -0.041439347 -0.300338000 -0.549978077
1403636658113555456.000000 2.365339994 5.527276516 5.853862762 0.780399024 -0.036881298 -0.296849638 -0.549087942
1403636658163555584.000000 2.350506783 5.500538826 5.820258617 0.782088995 -0.032255575 -0.294567347 -0.548202932
1403636658213555456.000000 2.339990854 5.475305080 5.779633522 0.783665538 -0.028725838 -0.292391151 -0.547312260
1403636658263555584.000000 2.324864626 5.449508667 5.744861603 0.785381198 -0.024006827 -0.289446354 -0.546645224
1403636658313555456.000000 2.307763815 5.423801899 5.709952354 0.786310077 -0.021128345 -0.288275748 -0.546046972
1403636658363555584.000000 2.289699078 5.398979664 5.675810814 0.787093639 -0.018833498 -0.287474036 -0.545424223
1403636658413555456.000000 2.270864487 5.374955177 5.642036438 0.787571490 -0.016696749 -0.287036717 -0.545034289
1403636658463555584.000000 2.251554966 5.351775646 5.608478546 0.788352132 -0.013750029 -0.285958022 -0.544554830
1403636658513555456.000000 2.235132217 5.330296040 5.570575714 0.789099813 -0.010408846 -0.284785300 -0.544160426
1403636658563555584.000000 2.215682983 5.309079170 5.537498474 0.790364802 -0.006517376 -0.282117575 -0.543774486
1403636658613555456.000000 2.195811987 5.288987637 5.504691124 0.791193843 -0.003587835 -0.280117422 -0.543630183
1403636658663555584.000000 2.175709963 5.269803524 5.473065376 0.791783273 -0.002096090 -0.278814107 -0.543449759
1403636658713555456.000000 2.155405045 5.251759052 5.442430496 0.792603016 -0.001237548 -0.276845247 -0.543263972
1403636658763555584.000000 2.134959698 5.234716892 5.412719727 0.793782055 -0.000159362 -0.273777872 -0.543098330
1403636658813555456.000000 2.118315697 5.216788292 5.386446476 0.795698881 0.001458884 -0.269617617 -0.542372286
1403636658863555584.000000 2.097957611 5.201939583 5.359014034 0.797099888 0.001062292 -0.265866727 -0.542167366
1403636658913555456.000000 2.077179432 5.188009262 5.332901955 0.797790706 -0.002604991 -0.263981819 -0.542067230
1403636658963555584.000000 2.056165218 5.174807549 5.308577538 0.797917962 -0.007929960 -0.263471752 -0.542076230
1403636659013555456.000000 2.034715652 5.162185669 5.285717010 0.797847033 -0.012658486 -0.263382226 -0.542134464
1403636659063555584.000000 2.012961388 5.149705410 5.263740540 0.798484802 -0.017444789 -0.261298656 -0.542070866
1403636659113555456.000000 1.990371466 5.137253284 5.242984772 0.798707902 -0.020177718 -0.260276794 -0.542138815
1403636659163555584.000000 1.967055202 5.124801159 5.223509789 0.798993528 -0.022729445 -0.259230137 -0.542118549
1403636659213555456.000000 1.941738486 5.109708786 5.207278252 0.799041569 -0.024421986 -0.258565962 -0.542291284
1403636659263555584.000000 1.919277072 5.096495628 5.189602852 0.798864722 -0.025073331 -0.258911937 -0.542357028
1403636659313555456.000000 1.898293495 5.083065987 5.172844410 0.798181236 -0.023648553 -0.260679722 -0.542580426
1403636659363555584.000000 1.878822565 5.069484234 5.156076431 0.797280669 -0.021772886 -0.263447016 -0.542646348
1403636659413555456.000000 1.860736132 5.055650234 5.139562607 0.796131134 -0.018322457 -0.266657561 -0.542893469
1403636659463555584.000000 1.844255209 5.042257309 5.122938633 0.794817269 -0.014809499 -0.270306051 -0.543121397
1403636659513555456.000000 1.829290628 5.023405075 5.109903336 0.794907689 -0.012759926 -0.270524412 -0.542932451
1403636659563555584.000000 1.816174626 5.010302544 5.093340874 0.794415236 -0.013703903 -0.272085130 -0.542850196
1403636659613555456.000000 1.803325891 4.997472286 5.077597618 0.795273066 -0.013483269 -0.270169467 -0.542556465
1403636659663555584.000000 1.789661884 4.984941959 5.062028885 0.796198905 -0.014290341 -0.268558085 -0.541977644
1403636659713555456.000000 1.774915457 4.972871780 5.048156738 0.797053576 -0.014898986 -0.266972452 -0.541488171
1403636659763555584.000000 1.758971334 4.961157799 5.035808086 0.797922015 -0.015849808 -0.265655935 -0.540829241
1403636659813555456.000000 1.741927147 4.949610710 5.024927616 0.798490942 -0.015666928 -0.265118331 -0.540258467
1403636659863555584.000000 1.723683000 4.932376385 5.019029617 0.798879802 -0.016678777 -0.265894592 -0.539270818
1403636659913555456.000000 1.704685688 4.920494556 5.011196136 0.798700690 -0.015799534 -0.267416388 -0.538809896
1403636659963555584.000000 1.684733391 4.908730507 5.004664421 0.798305035 -0.012792842 -0.270410568 -0.537980974
1403636660013555456.000000 1.664246678 4.897345066 4.999174118 0.797426045 -0.010458509 -0.273958415 -0.537539899
1403636660063555584.000000 1.643150330 4.886285782 4.994631290 0.796534061 -0.007959228 -0.277976453 -0.536841869
1403636660113555456.000000 1.619740009 4.874572277 4.990993977 0.795908511 -0.005365321 -0.280874074 -0.536293507
1403636660163555584.000000 1.597858906 4.864603519 4.987977982 0.795243979 -0.003252704 -0.283411443 -0.535961270
1403636660213555456.000000 1.575646281 4.855647087 4.985348225 0.794960618 -0.002900701 -0.284419060 -0.535849869
1403636660263555584.000000 1.553168297 4.847040653 4.982977867 0.794303596 -0.000737541 -0.286987454 -0.535461962
1403636660313555456.000000 1.532155156 4.840207100 4.980732918 0.793393672 0.001918798 -0.289814174 -0.535285532
1403636660363555584.000000 1.512110233 4.834414005 4.978496552 0.791513085 0.006563100 -0.295203894 -0.535087466
1403636660413555456.000000 1.491823196 4.833248138 4.974226952 0.789715528 0.010068703 -0.300508350 -0.534736216
1403636660463555584.000000 1.477034330 4.831207752 4.970622063 0.788683414 0.011877852 -0.303206265 -0.534699440
1403636660513555456.000000 1.463382602 4.830850124 4.967106819 0.788678527 0.012615837 -0.302955240 -0.534831882
1403636660563555584.000000 1.450218081 4.832931995 4.963411331 0.790086627 0.010962895 -0.299246013 -0.534878254
1403636660613555456.000000 1.436723471 4.837081432 4.959827423 0.792302907 0.007695389 -0.292935073 -0.535150468
1403636660663555584.000000 1.422305942 4.842902184 4.956875801 0.795059323 0.004450799 -0.284986228 -0.535391212
1403636660713555456.000000 1.406717300 4.850063801 4.954908371 0.797804117 0.001872488 -0.276960939 -0.535535097
1403636660763555584.000000 1.390352130 4.858189106 4.954223156 0.800548196 0.000861218 -0.268745393 -0.535628378
1403636660813555456.000000 1.372834444 4.866909504 4.954868317 0.802767634 0.001673865 -0.261866301 -0.535712004
1403636660863555584.000000 1.354261160 4.876081467 4.957188606 0.804596066 0.003463941 -0.256005257 -0.535793424
1403636660913555456.000000 1.332913518 4.891627312 4.956923485 0.805674851 0.004099529 -0.252421230 -0.535868287
1403636660963555584.000000 1.312885165 4.901897430 4.963071823 0.805706024 0.002020364 -0.251924425 -0.536067069
1403636661013555456.000000 1.293585658 4.911571503 4.972023010 0.805216670 -0.001651893 -0.252828926 -0.536377668
1403636661063555584.000000 1.273553610 4.921802521 4.982234001 0.804830313 -0.005537206 -0.253827214 -0.536459982
1403636661113555456.000000 1.253116846 4.932056904 4.994087696 0.804392576 -0.009196992 -0.254821986 -0.536594689
1403636661163555584.000000 1.232463598 4.942239285 5.007379532 0.803930461 -0.012253177 -0.256175995 -0.536581337
1403636661213555456.000000 1.211434722 4.954560280 5.020307541 0.803892314 -0.015662543 -0.256166339 -0.536554515
1403636661263555584.000000 1.193781614 4.963601112 5.034847260 0.803332627 -0.016950971 -0.257840753 -0.536551595
1403636661313555456.000000 1.178573012 4.971634388 5.049534798 0.803274512 -0.018673472 -0.257756859 -0.536621571
1403636661363555584.000000 1.165373802 4.978538513 5.065674305 0.803187966 -0.019343160 -0.257835239 -0.536689878
1403636661413555456.000000 1.152785420 4.987949371 5.079945087 0.803226590 -0.019319808 -0.257542819 -0.536773324
1403636661463555584.000000 1.143663883 4.994494915 5.095189571 0.802992642 -0.019948434 -0.258129627 -0.536818504
1403636661513555456.000000 1.136612415 5.000243664 5.110254288 0.802398860 -0.019693123 -0.259463161 -0.537072718
1403636661563555584.000000 1.131733418 5.005368710 5.125675678 0.801529348 -0.020769170 -0.261242568 -0.537467957
1403636661613555456.000000 1.128580570 5.009672642 5.141366005 0.800493658 -0.021368517 -0.263776988 -0.537750065
1403636661663555584.000000 1.124860883 5.018034458 5.156919479 0.800210774 -0.023017624 -0.263919860 -0.538032770
1403636661713555456.000000 1.125478029 5.021803856 5.171999931 0.800338984 -0.023877695 -0.262982756 -0.538263440
1403636661763555584.000000 1.127783775 5.025131702 5.187166691 0.799681723 -0.028957861 -0.264283210 -0.538353980
1403636661813555456.000000 1.131737232 5.027475834 5.201976776 0.798555493 -0.033878699 -0.266097397 -0.538844705
1403636661863555584.000000 1.137529492 5.028831005 5.216042042 0.797906280 -0.037339665 -0.266540229 -0.539358616
1403636661913555456.000000 1.145110607 5.029396057 5.228967667 0.797763050 -0.039079472 -0.266505569 -0.539464295
1403636661963555584.000000 1.154243469 5.028957367 5.241138458 0.797259748 -0.040188145 -0.266609341 -0.540075302
1403636662013555456.000000 1.164941192 5.027657509 5.252402306 0.797387779 -0.040198270 -0.266011238 -0.540180445
1403636662063555584.000000 1.176814437 5.025632381 5.262848854 0.797673345 -0.039886147 -0.264983863 -0.540286958
1403636662113555456.000000 1.189075589 5.022856236 5.273047447 0.797774553 -0.039323200 -0.264310241 -0.540508568
1403636662163555584.000000 1.199574709 5.018261909 5.286658764 0.798290193 -0.035659201 -0.263559610 -0.540367961
1403636662213555456.000000 1.209573388 5.013739586 5.298058033 0.798993528 -0.030672079 -0.262460411 -0.540169537
1403636662263555584.000000 1.218418598 5.007301807 5.309277058 0.799990833 -0.025065280 -0.260587066 -0.539889693
1403636662313555456.000000 1.225690365 5.000939846 5.321842194 0.800542891 -0.021039804 -0.260237992 -0.539411366
1403636662363555584.000000 1.231725216 4.994407177 5.335396767 0.800852478 -0.016972652 -0.260405004 -0.539014399
1403636662413555456.000000 1.236435175 4.988072395 5.350091934 0.800607860 -0.013770816 -0.262395918 -0.538503408
1403636662463555584.000000 1.239470005 4.981692791 5.366316319 0.799628794 -0.010200679 -0.266290009 -0.538125813
1403636662513555456.000000 1.241798639 4.975382805 5.383693695 0.798473060 -0.007326208 -0.270466328 -0.537805855
1403636662563555584.000000 1.243402481 4.969541073 5.402091503 0.797299147 -0.007054547 -0.274704486 -0.537402868
1403636662613555456.000000 1.244346499 4.964165211 5.421422958 0.795630634 -0.010756906 -0.279795885 -0.537187576
1403636662663555584.000000 1.246937752 4.953982353 5.443230152 0.794111907 -0.018312311 -0.285007596 -0.536490083
1403636662713555456.000000 1.246691227 4.949937344 5.462409496 0.792844236 -0.026078079 -0.288403869 -0.536228657
1403636662763555584.000000 1.244621992 4.947091579 5.480831146 0.792170167 -0.032449245 -0.290141732 -0.535939753
1403636662813555456.000000 1.241505027 4.943915844 5.498764038 0.791893959 -0.037162863 -0.291508555 -0.535299540
1403636662863555584.000000 1.237558842 4.938630104 5.516396523 0.791081071 -0.038028423 -0.293811709 -0.535181582
1403636662913555456.000000 1.231195450 4.935150623 5.533237457 0.790733993 -0.034679323 -0.295824736 -0.534812987
1403636662963555584.000000 1.223667145 4.931640625 5.549307346 0.789867043 -0.032684661 -0.298795462 -0.534568191
1403636663013555456.000000 1.216048837 4.928446293 5.564156532 0.788260639 -0.033185050 -0.303407937 -0.534310460
1403636663063555584.000000 1.209393263 4.925438404 5.577076912 0.786590695 -0.035264663 -0.308173031 -0.533910990
1403636663113555456.000000 1.205258131 4.920409679 5.586532593 0.785048485 -0.037453271 -0.312013686 -0.533801198
1403636663163555584.000000 1.200648308 4.917904854 5.594561577 0.784034073 -0.037117351 -0.314998150 -0.533562541
1403636663213555456.000000 1.196744680 4.915134907 5.600162506 0.785173833 -0.032937802 -0.313502014 -0.533042014
1403636663263555584.000000 1.191886425 4.913053989 5.603546143 0.787787735 -0.022839973 -0.307923883 -0.532965124
1403636663313555456.000000 1.185209036 4.911705494 5.606436729 0.789631844 -0.013377271 -0.304049820 -0.532781780
1403636663363555584.000000 1.176519871 4.912354946 5.608091354 0.791039586 -0.004386316 -0.301070750 -0.532535136
1403636663413555456.000000 1.165820956 4.912981987 5.611318588 0.791489661 0.004058245 -0.299997270 -0.532474756
1403636663463555584.000000 1.153834343 4.915357590 5.614778519 0.791293859 0.010089076 -0.300322533 -0.532502294
1403636663513555456.000000 1.140735745 4.918900013 5.618491173 0.791205168 0.015828753 -0.300962359 -0.532132983
1403636663563555584.000000 1.132247329 4.931877613 5.617700577 0.790596306 0.019720787 -0.302485228 -0.532044530
1403636663613555456.000000 1.117780805 4.940058231 5.622235298 0.790125132 0.021164449 -0.303398907 -0.532168686
1403636663663555584.000000 1.103070617 4.951100826 5.626888275 0.789894640 0.022862883 -0.303786904 -0.532219291
1403636663713555456.000000 1.089080930 4.964485168 5.631042480 0.790659189 0.026649090 -0.301141471 -0.532411277
1403636663763555584.000000 1.076482058 4.980052471 5.635047913 0.791744292 0.030093912 -0.297201544 -0.532828927
1403636663813555456.000000 1.065942645 4.998098850 5.638987541 0.793766499 0.033682317 -0.290376097 -0.533368528
1403636663863555584.000000 1.057623029 5.019061565 5.643276691 0.795659363 0.036482666 -0.283274084 -0.534182608
1403636663913555456.000000 1.047957420 5.048502922 5.644007683 0.796946645 0.037109774 -0.277943105 -0.535020232
1403636663963555584.000000 1.044676423 5.074728966 5.649712563 0.799153030 0.037318535 -0.269599706 -0.535982966
1403636664013555456.000000 1.044112921 5.103072166 5.656663895 0.801324189 0.036632322 -0.261586010 -0.536759138
1403636664063555584.000000 1.045562983 5.132406712 5.665543079 0.802057743 0.034096844 -0.257587016 -0.537763774
1403636664113555456.000000 1.049443603 5.163681507 5.676396370 0.801933169 0.029043084 -0.255801290 -0.539096951
1403636664163555584.000000 1.052436709 5.198708534 5.685947895 0.801585317 0.022421096 -0.254875928 -0.540367126
1403636664213555456.000000 1.060214877 5.232365131 5.699850082 0.800988853 0.014911609 -0.254061222 -0.541892529
1403636664263555584.000000 1.068257809 5.266706944 5.715717316 0.800477386 0.008094994 -0.252692550 -0.543430686
1403636664313555456.000000 1.073563933 5.300907135 5.734230518 0.799720228 0.002309703 -0.252253741 -0.544802964
1403636664363555584.000000 1.070770860 5.343387604 5.750351906 0.798732579 -0.001439783 -0.251834810 -0.546446264
1403636664413555456.000000 1.068448544 5.377421856 5.774163723 0.797863662 -0.004811362 -0.251309454 -0.547936201
1403636664463555584.000000 1.063290715 5.411160469 5.800010681 0.796703339 -0.006979214 -0.251394778 -0.549559653
1403636664513555456.000000 1.057539701 5.447264671 5.824629784 0.795803010 -0.009835890 -0.250459850 -0.551244795
1403636664563555584.000000 1.051924825 5.480154991 5.853123665 0.794416666 -0.012767373 -0.250565171 -0.553133249
1403636664613555456.000000 1.047363758 5.512740612 5.882053375 0.792113960 -0.019251080 -0.252805471 -0.555224597
1403636664663555584.000000 1.043175459 5.550013065 5.908830643 0.790511250 -0.022310473 -0.253339797 -0.557147384
1403636664713555456.000000 1.042132378 5.580489159 5.938203812 0.788334727 -0.025348071 -0.255900055 -0.558928490
1403636664763555584.000000 1.043583274 5.610612869 5.966532707 0.787336111 -0.021687899 -0.256005883 -0.560439646
1403636664813555456.000000 1.046806216 5.639105320 5.995099545 0.786708474 -0.017803036 -0.255142868 -0.561849594
1403636664863555584.000000 1.055628777 5.666410446 6.022751808 0.785707831 -0.016546439 -0.254992902 -0.563354313
1403636664913555456.000000 1.062598467 5.694413185 6.051098824 0.784567237 -0.017569141 -0.255518585 -0.564673245
1403636664963555584.000000 1.070197821 5.722023964 6.078980446 0.782923758 -0.015748553 -0.257827938 -0.565956771
1403636665013555456.000000 1.080013275 5.749431610 6.106972694 0.780780733 -0.015184604 -0.261706591 -0.567151308
1403636665063555584.000000 1.091831446 5.775288582 6.134759426 0.778840363 -0.012308904 -0.265727967 -0.568018377
1403636665113555456.000000 1.105545163 5.800544739 6.162292004 0.776869655 -0.010804637 -0.269321948 -0.569054127
1403636665163555584.000000 1.122078538 5.832629681 6.187374592 0.775554717 -0.009085001 -0.271950573 -0.569627345
1403636665213555456.000000 1.138267636 5.858460426 6.214119911 0.773844838 -0.012372396 -0.274887919 -0.570480287
1403636665263555584.000000 1.155044198 5.883614063 6.240497112 0.773118496 -0.019683721 -0.275767565 -0.570835054
1403636665313555456.000000 1.172186494 5.910259724 6.265623569 0.773356497 -0.025164206 -0.274111062 -0.571095109
1403636665363555584.000000 1.189887404 5.941672802 6.288177013 0.773379803 -0.027402613 -0.273249030 -0.571373701
1403636665413555456.000000 1.206200123 5.968245983 6.311903000 0.774256647 -0.026214330 -0.271136880 -0.571248114
1403636665463555584.000000 1.221605182 5.995184898 6.334235191 0.775321662 -0.021415791 -0.269172311 -0.570932627
1403636665513555456.000000 1.236621857 6.020228863 6.357021809 0.776633263 -0.015183186 -0.267022043 -0.570359111
1403636665563555584.000000 1.252676964 6.045018196 6.379726410 0.778318763 -0.009941244 -0.263767153 -0.569691122
1403636665613555456.000000 1.275163412 6.073047638 6.402503490 0.779002309 -0.004713028 -0.263134718 -0.569116414
1403636665663555584.000000 1.291781306 6.098168850 6.426232815 0.779940128 -0.002399767 -0.262096167 -0.568325043
1403636665713555456.000000 1.308550835 6.124104977 6.450073719 0.781201005 -0.001865275 -0.260195494 -0.567467988
1403636665763555584.000000 1.328282356 6.151291370 6.474404812 0.782784104 -0.002651434 -0.257229328 -0.566634953
1403636665813555456.000000 1.346402645 6.177668571 6.499481678 0.783875763 -0.005280140 -0.255803764 -0.565752089
1403636665863555584.000000 1.365128636 6.204247952 6.525564194 0.783660829 -0.014218973 -0.257071435 -0.565320969
1403636665913555456.000000 1.387778044 6.231685162 6.552445889 0.782863140 -0.022747751 -0.260434359 -0.564607680
1403636665963555584.000000 1.406302094 6.257969856 6.579224586 0.781827509 -0.030232353 -0.264075369 -0.564000010
1403636666013555456.000000 1.423690796 6.283303738 6.606249332 0.780770063 -0.034894846 -0.267811209 -0.563433826
1403636666063555584.000000 1.440870523 6.308246136 6.634006023 0.780259490 -0.037320416 -0.269667000 -0.563100338
1403636666113555456.000000 1.455024719 6.332333565 6.660656929 0.780985236 -0.036444128 -0.268373430 -0.562769651
1403636666163555584.000000 1.467736363 6.356121540 6.687087059 0.782495856 -0.033263825 -0.265226424 -0.562359989
1403636666213555456.000000 1.479156137 6.379293442 6.713755131 0.783385038 -0.032311585 -0.262726963 -0.562350810
1403636666263555584.000000 1.488380075 6.403205872 6.742735863 0.783624351 -0.032314692 -0.262035638 -0.562339723
1403636666313555456.000000 1.496992350 6.425111771 6.770001888 0.783699214 -0.034482058 -0.261614203 -0.562302947
1403636666363555584.000000 1.504419327 6.446148396 6.797506809 0.783057153 -0.037645243 -0.261921823 -0.562851071
1403636666413555456.000000 1.512283325 6.465294838 6.825818539 0.781835377 -0.040085815 -0.264438033 -0.563204408
1403636666463555584.000000 1.520316601 6.483920574 6.852494717 0.780430079 -0.041214865 -0.267065078 -0.563832045
1403636666513555456.000000 1.530077219 6.500617981 6.878515720 0.779278457 -0.040831834 -0.268781811 -0.564636350
1403636666563555584.000000 1.536780596 6.518152714 6.905283928 0.778765440 -0.037308775 -0.269665539 -0.565166295
1403636666613555456.000000 1.550322652 6.531855583 6.928261757 0.777981102 -0.032571543 -0.270749301 -0.566020668
1403636666663555584.000000 1.565211177 6.544625282 6.950042248 0.777749598 -0.026740395 -0.270450115 -0.566786885
1403636666713555456.000000 1.578899860 6.557579517 6.972327232 0.776751876 -0.020917028 -0.272088796 -0.567614973
1403636666763555584.000000 1.595474839 6.569573879 6.993312836 0.775476217 -0.016001798 -0.274312794 -0.568448067
1403636666813555456.000000 1.612129331 6.581864357 7.014285088 0.773783863 -0.013867450 -0.277554303 -0.569236279
1403636666863555584.000000 1.623113871 6.597170353 7.038096905 0.771297216 -0.013245565 -0.283299118 -0.569795489
1403636666913555456.000000 1.636783004 6.610596180 7.059457302 0.767025173 -0.017355314 -0.293292105 -0.570395410
1403636666963555584.000000 1.648667693 6.624350071 7.080445766 0.763153136 -0.021888016 -0.302253038 -0.570755124
1403636667013555456.000000 1.659262419 6.639427662 7.099913597 0.761686325 -0.025112620 -0.305211872 -0.571007073
1403636667063555584.000000 1.665444493 6.656313896 7.120580196 0.761763752 -0.027314445 -0.304246038 -0.571318030
1403636667113555456.000000 1.673987269 6.672791004 7.136719704 0.765035152 -0.027395435 -0.295492083 -0.571537614
1403636667163555584.000000 1.680848241 6.691071033 7.151618958 0.769440651 -0.026175661 -0.283398449 -0.571805298
1403636667213555456.000000 1.685656786 6.707654953 7.168840408 0.772969902 -0.025280293 -0.273435533 -0.571936727
1403636667263555584.000000 1.690197349 6.725798130 7.183551311 0.776138425 -0.022533873 -0.264216542 -0.572093546
1403636667313555456.000000 1.693222523 6.743836880 7.199801922 0.777958393 -0.020400593 -0.258403659 -0.572356701
1403636667363555584.000000 1.695051074 6.761374474 7.216692924 0.778729558 -0.020133371 -0.255422831 -0.572655320
1403636667413555456.000000 1.695970535 6.778631210 7.234367847 0.778745115 -0.018707775 -0.255025357 -0.572859764
1403636667463555584.000000 1.694784522 6.793301582 7.254876137 0.777804613 -0.016141096 -0.257123947 -0.573277175
1403636667513555456.000000 1.694942594 6.809669018 7.274247646 0.776375949 -0.013978601 -0.260659218 -0.573673904
1403636667563555584.000000 1.694104552 6.826052666 7.295178890 0.773880243 -0.013188103 -0.267213494 -0.574049234
1403636667613555456.000000 1.698931098 6.844018459 7.315368652 0.771400452 -0.014053646 -0.274279863 -0.574033558
1403636667663555584.000000 1.702115417 6.860701561 7.334700108 0.769167840 -0.015397664 -0.279718250 -0.574370563
1403636667713555456.000000 1.708025694 6.877244473 7.352310181 0.767826080 -0.017641636 -0.283022910 -0.574482441
1403636667763555584.000000 1.715286613 6.893992901 7.369141102 0.767452300 -0.019435631 -0.283896744 -0.574492812
1403636667813555456.000000 1.723321199 6.911034584 7.384789944 0.767728686 -0.021068981 -0.283545226 -0.574239492
1403636667863555584.000000 1.731563568 6.927924156 7.400115490 0.767814815 -0.022244871 -0.283839434 -0.573934495
1403636667913555456.000000 1.739476442 6.944270611 7.414984703 0.767943084 -0.023529433 -0.284199715 -0.573533237
1403636667963555584.000000 1.747133374 6.963076115 7.428759575 0.767954648 -0.022673069 -0.284972310 -0.573168814
1403636668013555456.000000 1.752486825 6.980265141 7.442862034 0.768473446 -0.022986267 -0.284423590 -0.572733283
1403636668063555584.000000 1.755716205 6.997955322 7.456861973 0.769841492 -0.021018161 -0.282543659 -0.571901619
1403636668113555456.000000 1.756953835 7.016269684 7.470885754 0.771278620 -0.018859340 -0.280539930 -0.571026325
1403636668163555584.000000 1.756975651 7.034389496 7.485399723 0.772724688 -0.016136000 -0.278845847 -0.569983602
1403636668213555456.000000 1.755038142 7.053576946 7.499917984 0.773602188 -0.012895129 -0.278798461 -0.568897963
1403636668263555584.000000 1.754955053 7.075311184 7.514611721 0.774490118 -0.009850618 -0.278589338 -0.567852139
1403636668313555456.000000 1.751264453 7.095729351 7.529384136 0.775626540 -0.007857724 -0.278395981 -0.566425204
1403636668363555584.000000 1.746948838 7.117052555 7.544188499 0.776441097 -0.007281334 -0.278299540 -0.565363288
1403636668413555456.000000 1.742037296 7.138753891 7.559620380 0.777581751 -0.007388897 -0.277242541 -0.564312518
1403636668463555584.000000 1.736549735 7.161093235 7.575255871 0.778959036 -0.008097761 -0.275607646 -0.563203096
1403636668513555456.000000 1.730644345 7.184144974 7.591214180 0.779950798 -0.008147631 -0.274702311 -0.562271357
1403636668563555584.000000 1.728872299 7.206952095 7.609395504 0.780665934 -0.008310613 -0.275004327 -0.561127782
1403636668613555456.000000 1.723176360 7.230782986 7.626224518 0.781290472 -0.008035870 -0.274809420 -0.560357392
1403636668663555584.000000 1.717609286 7.255032063 7.643717766 0.782082379 -0.007291446 -0.274830818 -0.559251428
1403636668713555456.000000 1.712172508 7.280100346 7.661118984 0.783555448 -0.004424420 -0.272390813 -0.558412552
1403636668763555584.000000 1.707807660 7.305217743 7.679812431 0.785641134 -0.001065395 -0.267829269 -0.557704628
1403636668813555456.000000 1.703457952 7.331305027 7.698107243 0.787949324 0.001039500 -0.262888014 -0.556798577
1403636668863555584.000000 1.700970054 7.356604576 7.717396259 0.789948106 0.004547095 -0.257270306 -0.556572855
1403636668913555456.000000 1.694965005 7.384181499 7.740313530 0.792423248 0.005782516 -0.251040936 -0.555887043
1403636668963555584.000000 1.696927547 7.410999775 7.761486530 0.792909741 0.002307501 -0.249745712 -0.555801988
1403636669013555456.000000 1.701248407 7.437228680 7.784597397 0.792439222 -0.003641086 -0.250983506 -0.555908442
1403636669063555584.000000 1.710475564 7.464335442 7.806032181 0.792104185 -0.009420074 -0.252034277 -0.555842638
1403636669113555456.000000 1.718838096 7.489025116 7.830645084 0.791671336 -0.014932509 -0.253441423 -0.555698693
1403636669163555584.000000 1.727367759 7.513266563 7.856015205 0.791534662 -0.017878430 -0.254522800 -0.555312097
1403636669213555456.000000 1.742461562 7.537597656 7.878863811 0.791708887 -0.020000311 -0.254579425 -0.554965258
1403636669263555584.000000 1.749252915 7.560756683 7.906547070 0.791979432 -0.020931926 -0.254306316 -0.554669976
1403636669313555456.000000 1.755480647 7.583518982 7.934624672 0.792300165 -0.020189976 -0.254147202 -0.554312289
1403636669363555584.000000 1.759922147 7.605684757 7.964223862 0.792078018 -0.020473544 -0.255301923 -0.554088712
1403636669413555456.000000 1.767690063 7.628699303 7.992643833 0.792348862 -0.021466868 -0.254571676 -0.553999662
1403636669463555584.000000 1.771182895 7.649971485 8.023875237 0.792854249 -0.023902941 -0.252906680 -0.553939641
1403636669513555456.000000 1.774032831 7.670699120 8.055917740 0.793381929 -0.025502784 -0.250396311 -0.554253101
1403636669563555584.000000 1.780006886 7.687150478 8.088741302 0.794207692 -0.027389444 -0.247449324 -0.554303825
1403636669613555456.000000 1.783198595 7.706538677 8.121537209 0.795594454 -0.030003451 -0.242383271 -0.554418325
1403636669663555584.000000 1.788205981 7.724238873 8.155225754 0.796472430 -0.033070970 -0.238220468 -0.554787338
1403636669713555456.000000 1.792931080 7.736219406 8.191720963 0.797533929 -0.036201663 -0.233830884 -0.554934502
1403636669763555584.000000 1.800965309 7.752072811 8.225765228 0.797567725 -0.038854156 -0.232412592 -0.555302083
1403636669813555456.000000 1.810499072 7.766326427 8.260769844 0.794999123 -0.047125429 -0.237310663 -0.556272745
1403636669863555584.000000 1.819556952 7.774356842 8.297692299 0.790891349 -0.059005354 -0.245750487 -0.557329416
1403636669913555456.000000 1.832981348 7.783654690 8.332229614 0.785636604 -0.068352066 -0.257796973 -0.558250666
1403636669963555584.000000 1.847010851 7.791318893 8.364795685 0.781535149 -0.074399076 -0.267213702 -0.558806300
1403636670013555456.000000 1.862141371 7.796366215 8.395157814 0.778562129 -0.076514788 -0.274500847 -0.559138417
1403636670063555584.000000 1.875941992 7.786645412 8.430225372 0.776161253 -0.078324310 -0.280010194 -0.559493899
1403636670113555456.000000 1.892384052 7.787183285 8.456062317 0.773348927 -0.080089249 -0.284459621 -0.560892105
1403636670163555584.000000 1.909474373 7.785642147 8.479215622 0.771237552 -0.084819347 -0.285271257 -0.562688708
1403636670213555456.000000 1.925894380 7.782155514 8.500015259 0.768227875 -0.094077721 -0.285918117 -0.565001011
1403636670263555584.000000 1.940223098 7.775779724 8.519105911 0.765481830 -0.102790445 -0.285647810 -0.567342222
1403636670313555456.000000 1.948320627 7.754827499 8.540475845 0.762660265 -0.110230416 -0.285517842 -0.569805384
1403636670363555584.000000 1.957289815 7.743197441 8.555318832 0.758963645 -0.114306018 -0.287523419 -0.572921216
1403636670413555456.000000 1.963838100 7.728778839 8.567420006 0.754769802 -0.116214387 -0.289490610 -0.577071905
1403636670463555584.000000 1.967427135 7.709637642 8.576572418 0.749378145 -0.118582405 -0.291965961 -0.582345784
1403636670513555456.000000 1.971897125 7.688577175 8.581314087 0.743766248 -0.119885802 -0.293469787 -0.588485062
1403636670563555584.000000 1.976047277 7.664748192 8.581688881 0.737475336 -0.120317325 -0.293947399 -0.596027613
1403636670613555456.000000 1.980474710 7.638058662 8.577114105 0.731105328 -0.119977109 -0.293581396 -0.604069948
1403636670663555584.000000 1.985329747 7.608814240 8.567450523 0.724743545 -0.118778735 -0.291938543 -0.612707436
1403636670713555456.000000 1.989728570 7.576398373 8.553047180 0.718139410 -0.117712662 -0.289453179 -0.621800959
1403636670763555584.000000 1.993544221 7.542019367 8.534069061 0.710958719 -0.117398992 -0.287023634 -0.631167650
1403636670813555456.000000 1.995490909 7.497719765 8.513174057 0.702504218 -0.118904874 -0.285414755 -0.641005337
1403636670863555584.000000 1.995100498 7.458651543 8.487375259 0.692823946 -0.122161917 -0.284766018 -0.651137292
1403636670913555456.000000 1.992317438 7.417357445 8.457373619 0.682570398 -0.126423955 -0.283697605 -0.661536396
1403636670963555584.000000 1.988581419 7.373879910 8.422800064 0.671074748 -0.132736966 -0.282242179 -0.672591329
1403636671013555456.000000 1.984676838 7.327580452 8.382514000 0.659714520 -0.136194706 -0.278400004 -0.684632242
1403636671063555584.000000 1.981867552 7.280068398 8.337083817 0.649306774 -0.136139348 -0.272684723 -0.696785450
1403636671113555456.000000 1.978609920 7.228429794 8.283355713 0.639773250 -0.131870344 -0.265190899 -0.709206760
1403636671163555584.000000 1.974789023 7.174337864 8.223986626 0.630240619 -0.125591531 -0.258333176 -0.721309602
1403636671213555456.000000 1.970662236 7.119534016 8.158554077 0.621463776 -0.118204080 -0.252899081 -0.732019603
1403636671263555584.000000 1.965785384 7.061620235 8.087846756 0.614165127 -0.107965529 -0.247492492 -0.741547167
1403636671313555456.000000 1.961065531 7.003887177 8.014581680 0.609453321 -0.092238985 -0.241363436 -0.749534726
1403636671363555584.000000 1.953138828 6.943901539 7.936106682 0.606335044 -0.072499745 -0.232515559 -0.756992877
1403636671413555456.000000 1.944122791 6.883624554 7.855912685 0.603070676 -0.052177124 -0.222590879 -0.764222920
1403636671463555584.000000 1.932909012 6.822514057 7.775561333 0.597682953 -0.034403127 -0.215622216 -0.771426380
1403636671513555456.000000 1.920578241 6.762470245 7.695474148 0.591219246 -0.019837955 -0.212057099 -0.777880490
1403636671563555584.000000 1.906813145 6.703178406 7.616199493 0.584289610 -0.008616049 -0.211536244 -0.783443689
1403636671613555456.000000 1.897665024 6.650648117 7.540043354 -0.578024089 -0.001808961 0.212555140 0.787848473
1403636671663555584.000000 1.881598234 6.594297886 7.462989330 -0.572574973 -0.010095732 0.214583442 0.791207969
1403636671713555456.000000 1.864903450 6.540318489 7.387176991 -0.568006039 -0.016516862 0.216549233 0.793853164
1403636671763555584.000000 1.846675158 6.488960266 7.313133717 0.564762592 0.021666583 -0.218171120 -0.795597374
1403636671813555456.000000 1.828532457 6.439948559 7.240278721 0.562615573 0.028026840 -0.218624189 -0.796794593
1403636671863555584.000000 1.811019182 6.393810272 7.168879509 0.560679972 0.032997012 -0.220893040 -0.797342837
1403636671913555456.000000 1.794655085 6.351026535 7.098753929 0.559298873 0.039505728 -0.224100202 -0.797121882
1403636671963555584.000000 1.781201839 6.311837196 7.029581547 0.558833659 0.046979964 -0.225928828 -0.796526253
1403636672013555456.000000 1.781242371 6.283856392 6.960735321 -0.558744729 -0.055491652 0.227640405 0.795553207
1403636672063555584.000000 1.774360657 6.252917290 6.894055367 -0.560751498 -0.061830394 0.224334702 0.794612348
1403636672113555456.000000 1.770731688 6.226017952 6.829490185 -0.563872397 -0.066902384 0.217409134 0.793917775
1403636672163555584.000000 1.770086288 6.203602791 6.767528534 0.566990852 0.069633625 -0.211677760 -0.793010175
1403636672213555456.000000 1.771812916 6.183849335 6.708383560 0.569479287 0.071946405 -0.207363501 -0.792159975
1403636672263555584.000000 1.774631739 6.167654514 6.652770042 0.571756124 0.072452083 -0.204699844 -0.791166067
1403636672313555456.000000 1.777829170 6.154927731 6.600752354 0.574295640 0.072982460 -0.199991405 -0.790481806
1403636672363555584.000000 1.789808035 6.149612427 6.549409866 -0.577475131 -0.073109694 0.192139357 0.790101230
1403636672413555456.000000 1.792033911 6.142338753 6.505538464 -0.580942750 -0.071716085 0.182609811 0.789946795
1403636672463555584.000000 1.792971969 6.137225628 6.466486931 -0.584555805 -0.065458201 0.172614455 0.790072203
1403636672513555456.000000 1.792242646 6.134911537 6.433193207 0.586685598 0.050995547 -0.168043926 -0.790544629
1403636672563555584.000000 1.788954258 6.132595539 6.403955936 0.587940335 0.034645695 -0.164544493 -0.791233897
1403636672613555456.000000 1.781214237 6.131008148 6.379271507 0.587725282 0.019030077 -0.164853618 -0.791858733
1403636672663555584.000000 1.770201802 6.129630089 6.358017921 0.587440729 0.006393739 -0.165830523 -0.792068720
1403636672713555456.000000 1.754546762 6.128169060 6.340179443 0.585897386 -0.000150690 -0.170572698 -0.792230606
1403636672763555584.000000 1.737992048 6.129240990 6.317802906 -0.583112776 0.000221535 0.177942991 0.792663693
1403636672813555456.000000 1.716959715 6.126995087 6.304867268 -0.579352498 -0.001585968 0.184401587 0.793942273
1403636672863555584.000000 1.697616935 6.124771118 6.292749882 -0.575810134 -0.003726428 0.185675561 0.796211958
1403636672913555456.000000 1.681890607 6.123464584 6.281245708 0.571006536 0.004539928 -0.185014367 -0.799812913
1403636672963555584.000000 1.667520285 6.121729374 6.270811081 0.565684915 0.006241339 -0.182620943 -0.804121375
1403636673013555456.000000 1.655388713 6.120175838 6.261358261 0.559520125 0.007834038 -0.179552004 -0.809096396
1403636673063555584.000000 1.645665050 6.119195938 6.252573967 0.553590536 0.010686257 -0.175846085 -0.813941956
1403636673113555456.000000 1.637798905 6.118566513 6.244635105 0.547077060 0.013397648 -0.173786208 -0.818734169
1403636673163555584.000000 1.633085489 6.119014740 6.237200737 0.540513992 0.018925203 -0.174805447 -0.822757304
1403636673213555456.000000 1.630488753 6.119693756 6.230243683 0.534207523 0.026350182 -0.177189231 -0.826154947
1403636673263555584.000000 1.621710777 6.125978470 6.221053600 -0.528321207 -0.034462105 0.178769469 0.829295278
1403636673313555456.000000 1.623269320 6.128408432 6.216224194 -0.523571610 -0.040279105 0.181393892 0.831472576
1403636673363555584.000000 1.627162218 6.132684231 6.212931156 -0.519925833 -0.044556171 0.182427973 0.833313823
1403636673413555456.000000 1.633091450 6.140418053 6.211566925 0.517319262 0.045323517 -0.181787297 -0.835032940
1403636673463555584.000000 1.638292432 6.149139404 6.212537766 0.515374780 0.044599295 -0.180987418 -0.836446822
1403636673513555456.000000 1.642746329 6.159756660 6.215832233 0.514233351 0.043737248 -0.179395005 -0.837537229
1403636673563555584.000000 1.647030711 6.172062874 6.221313953 0.513438582 0.040870968 -0.177071258 -0.838663399
1403636673613555456.000000 1.651439071 6.185842514 6.228819847 0.513909101 0.035444487 -0.172289118 -0.839617550
1403636673663555584.000000 1.655379176 6.200874329 6.238468170 0.514418662 0.029255832 -0.167795390 -0.840453684
1403636673713555456.000000 1.659134626 6.216931820 6.250090599 0.514840543 0.022667784 -0.163637310 -0.841218293
1403636673763555584.000000 1.651926994 6.236810207 6.265411854 -0.515951812 -0.015356663 0.157322779 0.841907084
1403636673813555456.000000 1.656271219 6.251667500 6.279397011 -0.515926182 -0.009250798 0.154523879 0.842530131
1403636673863555584.000000 1.661774516 6.265962124 6.294183254 -0.516334414 -0.006602779 0.151751265 0.842808843
1403636673913555456.000000 1.669094801 6.279024124 6.309442520 0.516533613 0.008237155 -0.150152266 -0.842958808
1403636673963555584.000000 1.677783251 6.292741299 6.326168537 0.516479194 0.008448720 -0.149935335 -0.843028665
1403636674013555456.000000 1.686087370 6.306282997 6.344596863 0.515930116 0.008862206 -0.151575014 -0.843067408
1403636674063555584.000000 1.692201734 6.328547478 6.367681980 -0.515754461 -0.008822785 0.152125299 0.843076229
1403636674113555456.000000 1.699225187 6.342189789 6.389950275 -0.515200198 -0.008091135 0.153672725 0.843141794
1403636674163555584.000000 1.705315351 6.355463982 6.413630486 -0.515152454 -0.006591551 0.153936818 0.843135834
1403636674213555456.000000 1.709285259 6.368974686 6.438824654 0.515052140 0.003692402 -0.154553890 -0.843101919
1403636674263555584.000000 1.712131500 6.381628990 6.465574265 0.514401853 -0.000765317 -0.156766951 -0.843098044
1403636674313555456.000000 1.713201046 6.393612862 6.493806839 0.512713194 -0.006002342 -0.161747530 -0.843164802
1403636674363555584.000000 1.712792993 6.399781227 6.521027565 0.509870589 -0.010085430 -0.167348891 -0.843756318
1403636674413555456.000000 1.711019993 6.416050911 6.553391933 0.505282283 -0.014636882 -0.172424331 -0.845426261
1403636674463555584.000000 1.708175898 6.427330017 6.584112644 0.500058949 -0.018850625 -0.175213695 -0.847871423
1403636674513555456.000000 1.703891754 6.433772564 6.612889767 0.494274080 -0.022477658 -0.176210880 -0.850962758
1403636674563555584.000000 1.700426936 6.460124493 6.648799419 -0.488882601 0.023698304 0.175563395 0.854171991
1403636674613555456.000000 1.693522811 6.472503662 6.678924561 -0.484669566 0.024526229 0.173500657 0.856966376
1403636674663555584.000000 1.685802221 6.485373497 6.708384991 -0.481096327 0.024856113 0.170178190 0.859632432
1403636674713555456.000000 1.674687386 6.496231079 6.737057209 0.477109224 -0.024124768 -0.170138419 -0.861880422
1403636674763555584.000000 1.662844539 6.508463383 6.765637398 0.472900748 -0.019966610 -0.171799123 -0.863974214
1403636674813555456.000000 1.650639296 6.520893097 6.793083668 0.468586951 -0.013421359 -0.175418183 -0.865722001
1403636674863555584.000000 1.640008926 6.534040451 6.819173336 0.464914888 -0.006473311 -0.179071710 -0.867032707
1403636674913555456.000000 1.630722761 6.548357964 6.844052315 0.461789250 -0.000491221 -0.182145894 -0.868085980
1403636674963555584.000000 1.623487353 6.564501762 6.867923737 0.459482282 0.005744860 -0.184530273 -0.868787408
1403636675013555456.000000 1.619150400 6.582684994 6.890914917 0.457526416 0.010245752 -0.187235415 -0.869199395
1403636675063555584.000000 1.617161870 6.609790802 6.918114662 -0.456359625 -0.015882093 0.187975854 0.869568229
1403636675113555456.000000 1.618017077 6.632614136 6.939398289 -0.457215250 -0.020266388 0.185398981 0.869580865
1403636675163555584.000000 1.621333480 6.657724857 6.960953236 -0.458836854 -0.026634555 0.180267125 0.869633913
1403636675213555456.000000 1.627878904 6.683608532 6.980095863 0.461505830 0.030661808 -0.172038049 -0.869755864
1403636675263555584.000000 1.636263609 6.713528633 7.002201080 0.463996083 0.033821858 -0.165649742 -0.869553924
1403636675313555456.000000 1.647046804 6.745153427 7.025618076 0.466112435 0.035668235 -0.160245463 -0.869360983
1403636675363555584.000000 1.660633564 6.777614594 7.050032139 0.467995375 0.032738898 -0.153605312 -0.869663119
1403636675413555456.000000 1.675805330 6.810836792 7.076544285 0.468529701 0.026385009 -0.146427080 -0.870828867
1403636675463555584.000000 1.690895557 6.844613552 7.105554581 0.466793686 0.020213131 -0.140974030 -0.872823834
1403636675513555456.000000 1.705158353 6.878304005 7.136624336 0.464497417 0.015745530 -0.133783862 -0.875269234
1403636675563555584.000000 1.719835162 6.903076649 7.169176102 -0.462484837 -0.011624250 0.126344517 0.877501965
1403636675613555456.000000 1.731803536 6.935635090 7.203831196 -0.459837586 -0.008271541 0.119763240 0.879851043
1403636675663555584.000000 1.742832184 6.966667652 7.240377426 -0.455959767 -0.005494254 0.115162574 0.882501125
1403636675713555456.000000 1.752663851 6.997467518 7.279099941 0.450668722 0.001639349 -0.111717440 -0.885671735
1403636675763555584.000000 1.764454722 7.022564888 7.316174984 -0.443967193 0.004108311 0.109625481 0.889302373
1403636675813555456.000000 1.771944880 7.049802303 7.357920170 -0.434206486 0.011837904 0.113495417 0.893556654
1403636675863555584.000000 1.777932525 7.075841427 7.400666714 -0.422982723 0.020059293 0.119372323 0.898016393
1403636675913555456.000000 1.781703591 7.099939823 7.443589211 0.410313785 -0.024853606 -0.127448156 -0.902652740
1403636675963555584.000000 1.783956766 7.123675823 7.486594200 0.397512883 -0.026993597 -0.134158298 -0.907334805
1403636676013555456.000000 1.784875393 7.147086620 7.528924942 0.385762244 -0.026031217 -0.137254179 -0.911960065
1403636676063555584.000000 1.784725428 7.170762062 7.570299149 0.375370055 -0.023776954 -0.136238962 -0.916499257
1403636676113555456.000000 1.783381224 7.194561481 7.610551834 0.366710961 -0.018823486 -0.131171271 -0.920849025
1403636676163555584.000000 1.790122032 7.211485386 7.644363403 -0.359650522 0.012474425 0.120720029 0.925160825
1403636676213555456.000000 1.787622452 7.235677242 7.683697224 -0.352174342 0.007016145 0.109755546 0.929450274
1403636676263555584.000000 1.784508467 7.259778976 7.722932816 -0.345159173 -0.000013965 0.095838726 0.933638096
1403636676313555456.000000 1.781382084 7.283821106 7.764032364 0.335994244 0.006468044 -0.085839897 -0.937921941
1403636676363555584.000000 1.779779315 7.306810379 7.804691315 0.327496767 0.009728730 -0.073143691 -0.941966712
1403636676413555456.000000 1.779871464 7.328377724 7.845721245 0.318370610 0.013458024 -0.062716410 -0.945793748
1403636676463555584.000000 1.782212973 7.348202705 7.887365341 0.307420731 0.015397280 -0.057201337 -0.949728072
1403636676513555456.000000 1.794254422 7.357894421 7.922952652 -0.295745373 -0.016865300 0.055255856 0.953518271
1403636676563555584.000000 1.800358176 7.373970509 7.965622425 -0.283254653 -0.014333965 0.056783579 0.957254946
1403636676613555456.000000 1.809203625 7.389170170 8.008849144 -0.272034585 -0.012223033 0.058334731 0.960439980
1403636676663555584.000000 1.820522547 7.405201912 8.051471710 0.262610346 0.009317397 -0.060269143 -0.962972820
1403636676713555456.000000 1.833556414 7.419689178 8.094432831 0.254609764 0.006388947 -0.062877171 -0.964976430
1403636676763555584.000000 1.848130107 7.433708668 8.136972427 0.248110726 0.003089049 -0.065511592 -0.966509104
1403636676813555456.000000 1.864378214 7.447198868 8.179162979 0.241786778 0.001280195 -0.068485543 -0.967908740
1403636676863555584.000000 1.891955972 7.451763630 8.219110489 -0.235810071 -0.000882610 0.072350085 0.969101846
1403636676913555456.000000 1.909845829 7.464680195 8.259195328 -0.231516764 0.000906861 0.073406808 0.970057070
1403636676963555584.000000 1.925780058 7.477588177 8.299136162 -0.228246927 0.002031103 0.074496314 0.970746934
1403636677013555456.000000 1.938967943 7.490908146 8.339464188 0.227130383 -0.002256353 -0.072539270 -0.971156478
1403636677063555584.000000 1.948017120 7.504935265 8.380788803 0.227994367 -0.001669038 -0.067231789 -0.971337080
1403636677113555456.000000 1.953580022 7.519232750 8.423241615 0.229499236 -0.000969217 -0.061840646 -0.971341848
1403636677163555584.000000 1.955822468 7.533245564 8.466446877 0.231187075 0.000094142 -0.057161067 -0.971228719
1403636677213555456.000000 1.956001878 7.546736717 8.509998322 0.232587382 -0.001007975 -0.053291358 -0.971113920
1403636677263555584.000000 1.956190586 7.559243679 8.553697586 0.232996985 -0.003657715 -0.049530163 -0.971208453
1403636677313555456.000000 1.956959963 7.570345879 8.596921921 0.231486768 -0.007324775 -0.046713371 -0.971688330
1403636677363555584.000000 1.969882727 7.579926491 8.645350456 -0.228826910 0.012418147 0.042451601 0.972461820
1403636677413555456.000000 1.975189567 7.588452339 8.687161446 -0.224649385 0.018508358 0.038612187 0.973498523
1403636677463555584.000000 1.982619762 7.595487595 8.727603912 -0.219002858 0.025164409 0.035697758 0.974746227
1403636677513555456.000000 1.988535643 7.600583076 8.767169952 0.211797059 -0.030413035 -0.034480184 -0.976231694
1403636677563555584.000000 1.997086644 7.604057312 8.804183006 0.203683674 -0.034120016 -0.033241495 -0.977877259
1403636677613555456.000000 2.006598234 7.606073380 8.839432716 0.194174320 -0.036020271 -0.033655010 -0.979727685
1403636677663555584.000000 2.023662329 7.609063148 8.873851776 -0.184171066 0.035355750 0.034480624 0.981652737
1403636677713555456.000000 2.035250664 7.608621597 8.904927254 -0.172679260 0.034882583 0.035916179 0.983704805
1403636677763555584.000000 2.047275066 7.607285023 8.933796883 -0.161115229 0.031777475 0.036484424 0.985748947
1403636677813555456.000000 2.060433149 7.605486870 8.960592270 0.147494808 -0.026359379 -0.039502952 -0.987922132
1403636677863555584.000000 2.072542429 7.603261471 8.985439301 0.132821172 -0.020946277 -0.043570500 -0.989960372
1403636677913555456.000000 2.085365057 7.601502419 9.008913040 0.118358932 -0.015006674 -0.045466442 -0.991815925
1403636677963555584.000000 2.099020004 7.600537777 9.031098366 0.104405642 -0.010691504 -0.045379445 -0.993441463
1403636678013555456.000000 2.114123583 7.602252960 9.055589676 -0.091738179 0.006054976 0.042040862 0.994876981
1403636678063555584.000000 2.126956701 7.604506969 9.076803207 -0.080553032 0.004527322 0.037177898 0.996046484
1403636678113555456.000000 2.138549328 7.608192921 9.097738266 -0.072372817 0.004061587 0.028767424 0.996954441
1403636678163555584.000000 2.149259090 7.613209248 9.120153427 0.065571405 -0.004097211 -0.020473655 -0.997629404
1403636678213555456.000000 2.158028841 7.619354248 9.141762733 0.060360972 -0.003014140 -0.011528064 -0.998105526
1403636678263555584.000000 2.166214943 7.625945568 9.163084030 0.054712538 -0.002710525 -0.004025861 -0.998490393
1403636678313555456.000000 2.174659014 7.632408142 9.183803558 0.047816791 -0.002618633 0.001478545 -0.998851597
1403636678363555584.000000 2.184290648 7.638503075 9.203657150 0.039199069 -0.003046022 0.003404712 -0.999220967
1403636678413555456.000000 2.194897413 7.644382000 9.222827911 0.030629430 -0.001541513 0.005986604 -0.999511719
1403636678463555584.000000 2.205247164 7.650554180 9.240550995 -0.022164604 0.000784879 -0.009176250 0.999711990
1403636678513555456.000000 2.218563795 7.656148434 9.257999420 -0.013437897 -0.000808192 -0.012852965 0.999826789
1403636678563555584.000000 2.233482361 7.661136627 9.274560928 -0.004107596 -0.000833284 -0.015999848 0.999863267
1403636678613555456.000000 2.251137972 7.666817188 9.290225029 -0.006815669 0.000762850 0.020087453 -0.999774694
1403636678663555584.000000 2.267158747 7.671873093 9.305594444 -0.017005021 0.000491441 0.027687427 -0.999471903
1403636678713555456.000000 2.281142235 7.677829266 9.324012756 0.026649861 -0.000102955 -0.038236111 0.998913348
1403636678763555584.000000 2.294707775 7.682284832 9.339812279 0.036775086 -0.000103938 -0.050267801 0.998058498
1403636678813555456.000000 2.306135178 7.686244488 9.356089592 0.046267919 -0.000440161 -0.063309781 0.996920764
1403636678863555584.000000 2.315669298 7.689015865 9.372958183 -0.055006169 0.001064713 0.075062729 -0.995660007
1403636678913555456.000000 2.323415518 7.690505028 9.390003204 -0.062804945 0.000883311 0.086459823 -0.994273365
1403636678963555584.000000 2.328902245 7.690338135 9.407495499 0.071866125 -0.001510277 -0.093849450 0.992988050
1403636679013555456.000000 2.333391428 7.687898159 9.424329758 0.081865266 -0.000728558 -0.097965553 0.991816700
1403636679063555584.000000 2.336313248 7.683445454 9.441060066 0.093021944 0.000239313 -0.099420920 0.990687847
1403636679113555456.000000 2.337422371 7.676951408 9.457435608 -0.104889132 -0.002129461 0.099953279 -0.989445865
1403636679163555584.000000 2.337068558 7.668841839 9.473566055 -0.118212871 -0.003787600 0.096725404 -0.988258839
1403636679213555456.000000 2.335843563 7.659099102 9.489006042 -0.133196294 -0.006632541 0.091729835 -0.986813307
1403636679263555584.000000 2.334853649 7.648360729 9.503437996 -0.148174703 -0.008850466 0.087593853 -0.985034645
1403636679313555456.000000 2.334875584 7.636942863 9.516554832 -0.162777126 -0.009669318 0.084529407 -0.982987702
1403636679363555584.000000 2.336232424 7.625218868 9.528338432 -0.176928535 -0.010692550 0.084759414 -0.980508983
1403636679413555456.000000 2.339239359 7.613656044 9.538687706 -0.190008849 -0.010135612 0.086221151 -0.977936506
1403636679463555584.000000 2.341375589 7.604125977 9.550662041 0.203047946 0.009671522 -0.088646963 0.975099862
1403636679513555456.000000 2.347105026 7.593265533 9.558127403 0.214591816 0.008360544 -0.092161514 0.972310007
1403636679563555584.000000 2.353984356 7.583493233 9.564434052 0.224340826 0.006799649 -0.095577121 0.969788611
1403636679613555456.000000 2.363374710 7.574458599 9.569236755 -0.232984453 -0.005241353 0.097687013 -0.967547417
1403636679663555584.000000 2.373017550 7.566238403 9.572864532 -0.239712775 -0.002260474 0.100137301 -0.965663075
1403636679713555456.000000 2.383846760 7.558946609 9.575085640 -0.245130181 -0.000453138 0.102955937 -0.964007854
1403636679763555584.000000 2.396277666 7.552715302 9.576006889 -0.248757988 -0.000501914 0.106799543 -0.962659359
1403636679813555456.000000 2.410796642 7.546869755 9.575681686 0.252062440 0.004011147 -0.108654439 0.961583436
1403636679863555584.000000 2.427696228 7.540732384 9.574894905 0.253910750 0.008160612 -0.110538699 0.960855842
1403636679913555456.000000 2.445962191 7.534827709 9.573278427 0.254535556 0.014196169 -0.114820689 0.960117877
1403636679963555584.000000 2.456004143 7.533288002 9.570578575 0.254534125 0.016414210 -0.118605621 0.959622741
1403636680013555456.000000 2.475548744 7.527771950 9.565757751 0.252111644 0.019259093 -0.125630274 0.959315360
1403636680063555584.000000 2.495788574 7.522782326 9.558530807 -0.249189019 -0.021715129 0.132896140 -0.959047437
1403636680113555456.000000 2.516773224 7.516218662 9.550664902 -0.245735586 -0.025138758 0.141043216 -0.958691239
1403636680163555584.000000 2.534633636 7.509580612 9.540697098 -0.243444130 -0.026315307 0.144970626 -0.958658457
1403636680213555456.000000 2.550115824 7.501844883 9.529185295 -0.243202567 -0.026315231 0.143913850 -0.958878994
1403636680263555584.000000 2.563755035 7.493165493 9.516083717 -0.242866188 -0.028961753 0.142814323 -0.959052324
1403636680313555456.000000 2.574658394 7.483830452 9.501715660 -0.240542412 -0.030515995 0.145621285 -0.959167659
1403636680363555584.000000 2.582843304 7.473728180 9.485966682 -0.236840889 -0.029541159 0.151560530 -0.959199250
1403636680413555456.000000 2.588441372 7.462579727 9.468619347 -0.233300909 -0.027220709 0.156336010 -0.959369004
1403636680463555584.000000 2.581922531 7.446001530 9.452043533 0.229862139 0.025987504 -0.159508675 0.959710956
1403636680513555456.000000 2.582973957 7.431569576 9.431636810 0.227270931 0.023869324 -0.161830068 0.959994376
1403636680563555584.000000 2.582000494 7.415139198 9.409982681 0.226333082 0.021416614 -0.160170928 0.960551918
1403636680613555456.000000 2.579349279 7.395951271 9.388101578 -0.226453170 -0.020291783 0.156181946 -0.961204708
1403636680663555584.000000 2.574735165 7.375264645 9.364233017 -0.225822568 -0.019401748 0.154022291 -0.961719751
1403636680713555456.000000 2.568174601 7.352673531 9.339323997 -0.226205692 -0.016743861 0.149933651 -0.962325573
1403636680763555584.000000 2.559900045 7.328566551 9.313291550 -0.228266507 -0.012351537 0.141185835 -0.963228106
1403636680813555456.000000 2.550678968 7.303169727 9.286577225 -0.230750591 -0.008448308 0.131914556 -0.963992417
1403636680863555584.000000 2.540250063 7.277316093 9.259510040 -0.233871207 -0.003517061 0.120864138 -0.964719534
1403636680913555456.000000 2.531471491 7.254077435 9.235770226 0.236992314 -0.003585819 -0.110321514 0.965220690
1403636680963555584.000000 2.518051386 7.228698730 9.209621429 0.238390103 -0.012774792 -0.104600124 0.965435565
1403636681013555456.000000 2.503368139 7.203325748 9.184649467 0.237870902 -0.021047324 -0.103922114 0.965491951
1403636681063555584.000000 2.486852407 7.177368164 9.160392761 -0.237026215 0.029061554 0.104870357 -0.965389192
1403636681113555456.000000 2.470935822 7.152240276 9.137947083 -0.235648558 0.034576192 0.107721828 -0.965230703
1403636681163555584.000000 2.455776930 7.127013206 9.117075920 -0.234768033 0.034375135 0.109941199 -0.965202212
1403636681213555456.000000 2.441716909 7.101234436 9.097805023 -0.233709201 0.027838688 0.114038520 -0.965194404
1403636681263555584.000000 2.432576180 7.074723244 9.081810951 0.233460903 -0.018463068 -0.117218867 0.965098381
1403636681313555456.000000 2.420814514 7.047811508 9.063206673 0.233906314 -0.011193748 -0.117850430 0.965025365
1403636681363555584.000000 2.410645485 7.020219803 9.044673920 0.234406054 -0.004442151 -0.117398575 0.965013802
1403636681413555456.000000 2.401837349 6.992053032 9.025972366 -0.235807493 -0.000336317 0.115596645 -0.964900076
1403636681463555584.000000 2.394381285 6.963920593 9.005958557 -0.237361982 -0.003047245 0.112931155 -0.964829803
1403636681513555456.000000 2.390820503 6.935089111 8.986856461 0.238554746 0.004600870 -0.111583307 0.964686334
1403636681563555584.000000 2.384642124 6.907023907 8.965593338 0.239594132 0.004991333 -0.111756548 0.964406669
1403636681613555456.000000 2.377802849 6.879206657 8.944378853 0.239302039 0.005425547 -0.114581257 0.964145362
1403636681663555584.000000 2.369733095 6.853092670 8.922702789 -0.239645854 -0.005868060 0.115897343 -0.963900089
1403636681713555456.000000 2.360367298 6.825977325 8.901238441 -0.240070954 -0.006463422 0.117541231 -0.963591337
1403636681763555584.000000 2.353338242 6.796024323 8.881711960 0.240377560 0.007136947 -0.118449785 0.963398814
1403636681813555456.000000 2.342298746 6.768431187 8.860072136 0.241009831 0.007700592 -0.119068980 0.963160217
1403636681863555584.000000 2.331599236 6.740447044 8.837706566 0.242016837 0.008308570 -0.118764125 0.962940276
1403636681913555456.000000 2.322170734 6.712004662 8.814392090 -0.243065283 -0.009105377 0.118408084 -0.962712765
1403636681963555584.000000 2.314068317 6.683481693 8.789776802 -0.244440064 -0.008907516 0.117410906 -0.962488651
1403636682013555456.000000 2.307856321 6.654350758 8.764528275 -0.245644480 -0.008529307 0.116290443 -0.962321520
1403636682063555584.000000 2.303921938 6.624077797 8.740399361 0.246764064 0.007705065 -0.114833027 0.962216973
1403636682113555456.000000 2.300929785 6.595571518 8.712140083 -0.247698054 -0.007744208 0.113976166 -0.962078571
1403636682163555584.000000 2.298449278 6.567448616 8.682853699 -0.248524010 -0.006973564 0.112927750 -0.961995125
1403636682213555456.000000 2.295512915 6.540475845 8.652301788 -0.249027550 -0.003928180 0.112634197 -0.961916566
1403636682263555584.000000 2.291037321 6.513465881 8.622818947 -0.249358967 0.000368511 0.111585014 -0.961960971
1403636682313555456.000000 2.284299135 6.483673573 8.599321365 0.248770148 -0.006262225 -0.112552598 0.961980343
1403636682363555584.000000 2.276680946 6.456944466 8.571445465 0.248352185 -0.012399455 -0.112617970 0.962021232
1403636682413555456.000000 2.268589258 6.430201530 8.544644356 0.247810364 -0.015736144 -0.112646013 0.962108791
1403636682463555584.000000 2.260439157 6.402488232 8.520781517 -0.247503817 0.013961201 0.112093464 -0.962279618
1403636682513555456.000000 2.252000570 6.375630856 8.496395111 -0.246428430 0.009427208 0.112832218 -0.962524354
1403636682563555584.000000 2.242774963 6.348776340 8.472724915 -0.245367125 0.004655061 0.113617286 -0.962737978
1403636682613555456.000000 2.232348919 6.321817398 8.449532509 -0.244580522 0.000423377 0.114383236 -0.962858617
1403636682663555584.000000 2.221061945 6.294827461 8.426547050 -0.243526921 -0.003347230 0.114477701 -0.963108718
1403636682713555456.000000 2.209746838 6.267575741 8.403265953 -0.243549198 -0.005335857 0.112537123 -0.963322818
1403636682763555584.000000 2.191218138 6.244372845 8.379491806 0.243331224 0.008123557 -0.110571750 0.963585913
1403636682813555456.000000 2.182339191 6.217505932 8.354838371 -0.242705747 -0.010448631 0.109212428 -0.963876307
1403636682863555584.000000 2.174463272 6.190783024 8.329340935 -0.241628051 -0.012435619 0.110627301 -0.963962078
1403636682913555456.000000 2.168311357 6.163517952 8.302112579 -0.239454105 -0.013211056 0.112881385 -0.964232922
1403636682963555584.000000 2.163016796 6.136658669 8.274111748 -0.237968966 -0.013790085 0.115217559 -0.964316130
1403636683013555456.000000 2.158184767 6.109840870 8.244962692 -0.236626610 -0.014059926 0.118372709 -0.964260399
1403636683063555584.000000 2.152815819 6.082633972 8.215506554 -0.236457780 -0.015283679 0.118228331 -0.964300931
1403636683113555456.000000 2.145328760 6.055139065 8.186035156 -0.236764163 -0.014057517 0.118069127 -0.964263856
1403636683163555584.000000 2.136001587 6.027513027 8.156509399 -0.237716079 -0.012995916 0.116358750 -0.964252532
1403636683213555456.000000 2.124801397 5.999676704 8.126893044 -0.238836557 -0.010837239 0.114731170 -0.964197278
1403636683263555584.000000 2.110290766 5.975760460 8.093930244 0.239597544 0.009964519 -0.113777548 0.964130938
1403636683313555456.000000 2.096633196 5.948171139 8.064555168 0.241006941 0.009002591 -0.112478770 0.963941455
1403636683363555584.000000 2.081486225 5.920626163 8.034649849 0.242213562 0.008130771 -0.111454703 0.963765740
1403636683413555456.000000 2.065855265 5.893010139 8.005475998 -0.243222475 -0.007521308 0.111019365 -0.963566840
1403636683463555584.000000 2.048920870 5.865685463 7.976439953 -0.244631484 -0.006554045 0.110136710 -0.963318467
1403636683513555456.000000 2.031422138 5.838641167 7.947682858 -0.245121971 -0.006514517 0.110618576 -0.963138819
1403636683563555584.000000 2.013073683 5.811947346 7.919147015 -0.245910496 -0.006353483 0.110210016 -0.962985694
1403636683613555456.000000 1.988516569 5.793220997 7.882615089 0.246310666 0.004957200 -0.110649481 0.962841213
1403636683663555584.000000 1.968036652 5.767389774 7.854218483 0.246999398 0.002496589 -0.110554993 0.962685168
1403636683713555456.000000 1.947651386 5.741742611 7.825598717 0.247407794 -0.000274259 -0.110943794 0.962538779
1403636683763555584.000000 1.928230047 5.716855049 7.796148300 -0.248201489 0.003110000 0.110037662 -0.962433398
1403636683813555456.000000 1.910729408 5.691578388 7.766720772 -0.248410642 0.006268919 0.111292750 -0.962219715
1403636683863555584.000000 1.894901633 5.666620731 7.736720085 -0.249962538 0.009285517 0.109524310 -0.961996317
1403636683913555456.000000 1.877232194 5.646786690 7.700052261 0.249897510 -0.009173372 -0.111979030 0.961731672
1403636683963555584.000000 1.865472555 5.621305943 7.670722961 0.250863880 -0.009213964 -0.111203767 0.961569667
1403636684013555456.000000 1.856389642 5.595837593 7.641170979 0.251971781 -0.007548668 -0.110563144 0.961368322
1403636684063555584.000000 1.850332260 5.570198059 7.613409996 -0.252991170 0.005505903 0.110572092 -0.961113453
1403636684113555456.000000 1.845744133 5.544980526 7.583598614 -0.253966779 0.003908088 0.110916384 -0.960824192
1403636684163555584.000000 1.842010379 5.519933701 7.553517818 -0.255120963 0.003103153 0.111140698 -0.960495412
1403636684213555456.000000 1.840126157 5.495131016 7.522736073 0.256361753 -0.001856949 -0.110771149 0.960210919
1403636684263555584.000000 1.839554667 5.470513344 7.491652012 0.257797152 -0.000600848 -0.110046923 0.959911525
1403636684313555456.000000 1.838954926 5.446326256 7.460392475 0.258569390 0.001577196 -0.110545531 0.959645331
1403636684363555584.000000 1.836676002 5.422821045 7.429104805 0.259543598 0.003345648 -0.110337757 0.959401608
1403636684413555456.000000 1.827236056 5.403672695 7.387679100 0.260140508 0.004863452 -0.110323079 0.959235132
1403636684463555584.000000 1.821428537 5.381347179 7.357206345 0.261124939 0.005083136 -0.109161399 0.959099472
1403636684513555456.000000 1.813883662 5.359482288 7.327014923 0.262918621 0.004932194 -0.106468327 0.958912909
1403636684563555584.000000 1.805156350 5.339371681 7.296217442 0.263905346 0.005801416 -0.104712665 0.958830357
1403636684613555456.000000 1.794931293 5.319568634 7.266430378 0.265024126 0.005817234 -0.102701709 0.958739161
1403636684663555584.000000 1.783327818 5.300752163 7.237071037 0.265751839 0.006207888 -0.102135755 0.958595693
1403636684713555456.000000 1.770417690 5.282858849 7.208097458 0.266245931 0.006945483 -0.101495773 0.958521545
1403636684763555584.000000 1.755897403 5.265977859 7.179361343 0.266313463 0.007562907 -0.101924524 0.958452582
1403636684813555456.000000 1.739825487 5.250299454 7.150989056 0.266392082 0.007907876 -0.101746984 0.958446801
1403636684863555584.000000 1.721935987 5.235775471 7.122791767 0.266087830 0.007657553 -0.102990948 0.958400488
1403636684913555456.000000 1.703985453 5.214874268 7.093678474 0.264690369 0.009244422 -0.106180005 0.958425462
1403636684963555584.000000 1.685471296 5.202014923 7.064909458 0.262509972 0.009384308 -0.111966342 0.958365321
1403636685013555456.000000 1.667338967 5.190046787 7.035552025 0.260620952 0.009288748 -0.115561731 0.958454967
1403636685063555584.000000 1.651298165 5.179103851 7.004369736 0.259207606 0.008902766 -0.117927037 0.958553851
1403636685113555456.000000 1.637069106 5.167393684 6.972736835 0.258118361 0.007383251 -0.119020171 0.958725512
1403636685163555584.000000 1.623964667 5.155882359 6.939953804 0.257460743 0.004676065 -0.118312098 0.959006965
1403636685213555456.000000 1.612010241 5.144841194 6.905938148 -0.255317926 -0.002936439 0.120780051 -0.959279060
1403636685263555584.000000 1.600960851 5.133635521 6.871228218 -0.253004670 -0.001448827 0.123375148 -0.959565103
1403636685313555456.000000 1.591714978 5.121511936 6.836062431 -0.250900596 -0.000573708 0.125351205 -0.959862292
1403636685363555584.000000 1.583316088 5.108782768 6.800384045 -0.249352857 -0.000346137 0.126401305 -0.960128009
1403636685413555456.000000 1.580197096 5.086290359 6.771378994 0.247972056 0.000231075 -0.125701174 0.960577488
1403636685463555584.000000 1.570436716 5.071805477 6.736441135 0.247692704 -0.000613275 -0.123636894 0.960917294
1403636685513555456.000000 1.559352517 5.057439804 6.701897621 0.247545630 -0.000864555 -0.121481851 0.961229801
1403636685563555584.000000 1.545605421 5.043839455 6.666753769 -0.247164845 0.001848384 0.120186225 -0.961489201
1403636685613555456.000000 1.531099558 5.029019833 6.632703304 -0.247431993 0.001870039 0.117728963 -0.961724460
1403636685663555584.000000 1.515392303 5.014143467 6.599091530 -0.246638566 0.000987061 0.118202642 -0.961871386
1403636685713555456.000000 1.503017902 4.998346806 6.570528030 0.246077210 0.000025896 -0.119026572 0.961914062
1403636685763555584.000000 1.484802961 4.982962608 6.537931442 0.245714515 0.000837369 -0.119787946 0.961911917
1403636685813555456.000000 1.465867877 4.967397213 6.505611897 0.244760007 0.002785624 -0.121897265 0.961886644
1403636685863555584.000000 1.445852757 4.950104237 6.473720074 -0.244072989 -0.004486260 0.123667061 -0.961828828
1403636685913555456.000000 1.424522281 4.933225632 6.441702843 -0.244409665 -0.003949632 0.122639038 -0.961877346
1403636685963555584.000000 1.402272344 4.916101456 6.409621239 -0.245670348 -0.002272673 0.119884156 -0.961908877
1403636686013555456.000000 1.380287290 4.899003029 6.377167702 -0.246575549 0.000126708 0.117394544 -0.961987078
1403636686063555584.000000 1.362193108 4.882693768 6.345435619 0.247741163 -0.003750545 -0.115078233 0.961960137
1403636686113555456.000000 1.343572497 4.865256310 6.312075615 0.248471543 -0.005953507 -0.113092229 0.961996138
1403636686163555584.000000 1.327697873 4.847531796 6.278618813 0.248553157 -0.005713345 -0.112369597 0.962061226
1403636686213555456.000000 1.313838124 4.829733372 6.246015549 -0.248594835 0.006888398 0.111560941 -0.962136924
1403636686263555584.000000 1.300800323 4.812080860 6.212652683 -0.248782381 0.008278213 0.110353291 -0.962216735
1403636686313555456.000000 1.289689422 4.794488430 6.179185390 -0.248643979 0.009620140 0.109697610 -0.962314963
1403636686363555584.000000 1.280412197 4.777030468 6.145754814 -0.248846009 0.010719558 0.108972967 -0.962333500
1403636686413555456.000000 1.272010922 4.759720325 6.112858772 -0.248372480 0.011676683 0.109469250 -0.962388396
1403636686463555584.000000 1.262845039 4.745543003 6.080358982 0.248636425 -0.013244277 -0.109284744 0.962320864
1403636686513555456.000000 1.252371430 4.728904724 6.049249649 0.248935059 -0.014844935 -0.108720690 0.962284207
1403636686563555584.000000 1.241066098 4.712439537 6.019196987 0.248682529 -0.014791712 -0.109366722 0.962277114
1403636686613555456.000000 1.228143573 4.696146011 5.990898132 -0.248706132 0.014929101 0.110988371 -0.962083220
1403636686663555584.000000 1.214049697 4.679819584 5.963303566 -0.248593718 0.014706851 0.111530505 -0.962052941
1403636686713555456.000000 1.199320436 4.663311005 5.936649323 -0.248874843 0.014318588 0.111389078 -0.962002516
1403636686763555584.000000 1.184760809 4.646749496 5.910718918 -0.249536023 0.012772265 0.110838883 -0.961916506
1403636686813555456.000000 1.171454191 4.630083084 5.885203362 -0.249745131 0.010959441 0.110573851 -0.961915135
1403636686863555584.000000 1.159662724 4.613350868 5.859721661 -0.250712097 0.009814775 0.109487735 -0.961800158
1403636686913555456.000000 1.148903370 4.599236488 5.835571289 0.251509607 -0.008794890 -0.108391866 0.961725950
1403636686963555584.000000 1.140975237 4.582835197 5.809590340 0.252036184 -0.007947981 -0.107672051 0.961676359
1403636687013555456.000000 1.134956837 4.566519737 5.783910275 0.252752930 -0.006927988 -0.107129097 0.961556792
1403636687063555584.000000 1.130600452 4.550745487 5.757793903 -0.253110975 0.006838603 0.106022380 -0.961585879
1403636687113555456.000000 1.127866030 4.535185337 5.731515884 -0.253424585 0.006836716 0.105978295 -0.961508214
1403636687163555584.000000 1.125226259 4.519882679 5.705390930 -0.253792167 0.006546371 0.106146857 -0.961394668
1403636687213555456.000000 1.122281671 4.505037785 5.679845810 0.253777772 -0.005029718 -0.106124885 0.961409926
1403636687263555584.000000 1.116294503 4.491632462 5.654353619 0.254113108 -0.004574512 -0.106575608 0.961273849
1403636687313555456.000000 1.110491276 4.477772713 5.630316734 0.254440606 -0.003764485 -0.106669858 0.961180210
1403636687363555584.000000 1.103460670 4.464128971 5.606824875 0.254302323 -0.001865480 -0.107377402 0.961143613
1403636687413555456.000000 1.094795823 4.451797962 5.585187912 0.254516870 -0.000381843 -0.108091608 0.961008489
1403636687463555584.000000 1.084988117 4.439207077 5.563464165 0.254673988 0.000530126 -0.108338818 0.960938931
1403636687513555456.000000 1.073500037 4.426939011 5.542471409 0.254877508 0.001081300 -0.108119518 0.960909188
1403636687563555584.000000 1.059996367 4.415125847 5.522078514 0.255699724 0.000597418 -0.106935792 0.960823655
1403636687613555456.000000 1.046608567 4.403827190 5.500715256 0.256421328 0.001559120 -0.105864152 0.960748971
1403636687663555584.000000 1.029854298 4.392952919 5.481382847 0.257239610 0.001442248 -0.105093457 0.960615039
1403636687713555456.000000 1.011884809 4.382720470 5.462613106 0.258193314 0.002656857 -0.103626549 0.960515857
1403636687763555584.000000 0.991470158 4.372943878 5.443853378 0.258678079 0.002036094 -0.103261054 0.960426331
1403636687813555456.000000 0.970371306 4.363745689 5.426059246 0.258595347 0.002051469 -0.104109295 0.960357010
1403636687863555584.000000 0.949884117 4.354834557 5.408535480 0.258688122 0.001603313 -0.104265548 0.960315943
1403636687913555456.000000 0.926493764 4.346845627 5.391775608 0.258307487 0.001538653 -0.105671667 0.960264742
1403636687963555584.000000 0.902313232 4.339261055 5.375272274 0.257541746 0.001869819 -0.108353727 0.960170984
1403636688013555456.000000 0.877129912 4.331751823 5.359467506 0.256875753 0.002599106 -0.110125765 0.960146129
1403636688063555584.000000 0.851948380 4.324425697 5.343510151 0.255771607 0.003334622 -0.114019595 0.959984004
1403636688113555456.000000 0.828326166 4.318750858 5.327228069 0.254727989 0.003740756 -0.116587684 0.959951580
1403636688163555584.000000 0.805351734 4.311500549 5.309422970 0.254497439 0.003497078 -0.117598295 0.959890366
1403636688213555456.000000 0.784082532 4.303741455 5.290898800 -0.254483342 -0.003308140 0.117602639 -0.959894240
1403636688263555584.000000 0.764332175 4.295573235 5.271569252 0.255087942 0.003706296 -0.116237707 0.959898591
1403636688313555456.000000 0.745566845 4.287125111 5.251561642 0.255983114 0.002177898 -0.113927029 0.959941983
1403636688363555584.000000 0.727540016 4.278681755 5.231032372 0.256845742 0.001316152 -0.111766063 0.959967196
1403636688413555456.000000 0.709217966 4.272577286 5.213190079 0.257183433 -0.000403755 -0.111500897 0.959908426
1403636688463555584.000000 0.690232694 4.264860153 5.193359375 0.256257772 0.000251442 -0.113233328 0.959953189
1403636688513555456.000000 0.669819593 4.257072449 5.173460007 -0.255481809 -0.000194197 0.115954913 -0.959835112
1403636688563555584.000000 0.648766279 4.249426842 5.153961182 -0.253680885 -0.000811286 0.120436877 -0.959760547
1403636688613555456.000000 0.626515687 4.241467476 5.134785652 -0.252129227 -0.001214140 0.125244677 -0.959553599
1403636688663555584.000000 0.603448749 4.232847691 5.115787983 -0.251410991 -0.001818874 0.128220513 -0.959348023
1403636688713555456.000000 0.580220819 4.224924088 5.098239899 0.251442045 0.001877258 -0.130019099 0.959097803
1403636688763555584.000000 0.555388570 4.215140343 5.079164982 0.251775533 0.001475077 -0.131605014 0.958794534
1403636688813555456.000000 0.530961156 4.204223633 5.059695721 -0.253323913 -0.000786328 0.130209178 -0.958578169
1403636688863555584.000000 0.508163095 4.192255974 5.039535046 -0.255167931 0.000481417 0.131438330 -0.957921267
1403636688913555456.000000 0.486901700 4.179145813 5.018378258 -0.258869797 0.002390638 0.130795985 -0.957012594
1403636688963555584.000000 0.468102783 4.165618896 4.998697281 0.262633115 -0.004909597 -0.129912406 0.956097543
1403636689013555456.000000 0.450669408 4.150849342 4.976211548 0.266296268 -0.007019975 -0.128925949 0.955204248
1403636689063555584.000000 0.435438156 4.135457516 4.953089714 0.270262152 -0.009056591 -0.127609551 0.954249561
1403636689113555456.000000 0.421919078 4.119641781 4.929554939 -0.274286062 0.011404155 0.126077399 -0.953279376
1403636689163555584.000000 0.409803361 4.102019310 4.908559799 0.277765065 -0.013992311 -0.125122935 0.952362955
1403636689213555456.000000 0.400140703 4.085639000 4.884431839 0.280586511 -0.015854824 -0.125686347 0.951432049
1403636689263555584.000000 0.392373413 4.069352150 4.860135078 0.283377111 -0.017228855 -0.125298426 0.950631857
1403636689313555456.000000 0.387127072 4.053123474 4.835822105 -0.285699368 0.018968970 0.125769809 -0.949841082
1403636689363555584.000000 0.384293616 4.036210060 4.812137604 0.287613183 -0.018987272 -0.126051798 0.949225605
1403636689413555456.000000 0.382472813 4.015562057 4.796108246 0.289206088 -0.018885180 -0.127039999 0.948611677
1403636689463555584.000000 0.383755475 3.998158932 4.772479057 0.290744692 -0.018735606 -0.126657262 0.948195398
1403636689513555456.000000 0.387139440 3.980859280 4.748721600 0.291774750 -0.019660505 -0.126976281 0.947817564
1403636689563555584.000000 0.392171800 3.963830233 4.724968433 0.292851180 -0.021574121 -0.126677707 0.947483838
1403636689613555456.000000 0.397683978 3.944534540 4.705661774 0.293361783 -0.024323039 -0.126427859 0.947292626
1403636689663555584.000000 0.403849423 3.927822351 4.682421684 0.294194996 -0.028037863 -0.124561943 0.947178721
1403636689713555456.000000 0.409090161 3.910974979 4.660876751 0.295029074 -0.032733273 -0.121840969 0.947122633
1403636689763555584.000000 0.412927568 3.893665314 4.641227245 -0.295716405 0.038559306 0.117792912 -0.947201073
1403636689813555456.000000 0.414393693 3.872496128 4.632365227 0.296397924 -0.041830055 -0.114243865 0.947283924
1403636689863555584.000000 0.418423533 3.855200291 4.617167473 0.297045648 -0.042321153 -0.110397644 0.947515309
1403636689913555456.000000 0.422458112 3.837990761 4.604351997 -0.298829824 0.042326123 0.103533305 -0.947728992
1403636689963555584.000000 0.426349550 3.820622206 4.595232487 0.299300253 -0.040929135 -0.099223606 0.948102832
1403636690013555456.000000 0.431328237 3.802863121 4.591116428 0.298763186 -0.039459825 -0.098198943 0.948441148
1403636690063555584.000000 0.434907407 3.787778616 4.586207390 0.297560781 -0.038337458 -0.099341363 0.948746145
1403636690113555456.000000 0.438069582 3.773250341 4.583905697 0.295193285 -0.038521152 -0.104367495 0.948938668
1403636690163555584.000000 0.441528171 3.759405613 4.583508492 -0.292364001 0.037534632 0.110271513 -0.949186325
1403636690213555456.000000 0.446394622 3.745626926 4.584576607 -0.290066421 0.036866445 0.115067422 -0.949348152
1403636690263555584.000000 0.453798532 3.731359482 4.586817741 -0.288906723 0.035908695 0.117077157 -0.949492812
1403636690313555456.000000 0.463030189 3.716749668 4.590363979 -0.287792623 0.034571428 0.119595893 -0.949566782
1403636690363555584.000000 0.475000054 3.701562881 4.594711304 0.286675274 -0.033591241 -0.121066943 0.949753523
1403636690413555456.000000 0.486981183 3.686339140 4.600241661 0.286189020 -0.032998674 -0.121720940 0.949837387
1403636690463555584.000000 0.499212265 3.670696259 4.607093811 0.286611676 -0.032074068 -0.120277457 0.949925482
1403636690513555456.000000 0.510793746 3.654820919 4.615448475 -0.288089573 0.031273283 0.116054356 -0.950030446
1403636690563555584.000000 0.522579551 3.640133381 4.622313976 0.289331257 -0.030733630 -0.112217531 0.950131595
1403636690613555456.000000 0.532110631 3.624582052 4.633703232 -0.291324794 0.032454602 0.105944708 -0.950185478
1403636690663555584.000000 0.541241884 3.609425545 4.646566391 -0.293211967 0.032394841 0.100298747 -0.950219750
1403636690713555456.000000 0.548319399 3.595313787 4.661659241 0.296515852 -0.031375390 -0.091081172 0.950156987
1403636690763555584.000000 0.553000271 3.583118200 4.677164078 0.299939662 -0.030866669 -0.080584489 0.950047195
1403636690813555456.000000 0.554017365 3.571807384 4.697092056 0.302771360 -0.029405797 -0.072414935 0.949853122
1403636690863555584.000000 0.552923262 3.563101530 4.719442368 0.305153072 -0.025500594 -0.066046454 0.949667990
1403636690913555456.000000 0.551095247 3.556704998 4.743677139 0.307249069 -0.019731324 -0.060672432 0.949488103
1403636690963555584.000000 0.549467981 3.553081036 4.767118931 0.309609562 -0.012149723 -0.054626953 0.949215651
1403636691013555456.000000 0.551542044 3.552412271 4.793507576 0.311692327 -0.002953625 -0.049831986 0.948870957
1403636691063555584.000000 0.556231499 3.555717945 4.819626808 0.313271642 0.005733431 -0.047032081 0.948480904
1403636691113555456.000000 0.561842561 3.562928200 4.845687389 0.314126790 0.011741346 -0.047173589 0.948135614
1403636691163555584.000000 0.571370721 3.574989319 4.870366573 0.313803494 0.019892594 -0.050191324 0.947951794
1403636691213555456.000000 0.582912564 3.591100931 4.894127369 0.311930865 0.027284911 -0.058102448 0.947934031
1403636691263555584.000000 0.594931006 3.611909866 4.916126251 0.308901697 0.034668904 -0.068855129 0.947964549
1403636691313555456.000000 0.608307421 3.636376143 4.935475349 0.305882931 0.038593963 -0.079796009 0.947933912
1403636691363555584.000000 0.622491956 3.663298130 4.952873230 0.303497821 0.039222084 -0.089149632 0.947841287
1403636691413555456.000000 0.635547638 3.691777229 4.967498302 0.302640289 0.033007480 -0.095542356 0.947729409
1403636691463555584.000000 0.651729345 3.721831083 4.981281281 0.301980436 0.024371089 -0.100775905 0.947659314
1403636691513555456.000000 0.669499099 3.752552509 4.993368626 0.302450716 0.015901221 -0.103084862 0.947440922
1403636691563555584.000000 0.690044403 3.784151077 5.003827572 0.303046167 0.010803799 -0.104907721 0.947122395
1403636691613555456.000000 0.712846279 3.816286564 5.013333797 0.303146660 0.006337645 -0.108256660 0.946753681
1403636691663555584.000000 0.734138310 3.851443768 5.019701481 0.301573008 0.004699563 -0.114704654 0.946506500
1403636691713555456.000000 0.757744431 3.884842873 5.028518200 0.299564749 0.002813384 -0.122115701 0.946224570
1403636691763555584.000000 0.780862033 3.917996407 5.036754131 0.298098594 0.003477482 -0.127649531 0.945954978
1403636691813555456.000000 0.801511705 3.951063633 5.045110703 0.297901720 0.002455167 -0.129235685 0.945804775
1403636691863555584.000000 0.819771528 3.983998775 5.053329945 0.298502117 0.001021973 -0.128329054 0.945741534
1403636691913555456.000000 0.835881770 4.017054081 5.061602116 0.299397588 0.000538400 -0.125720635 0.945809305
1403636691963555584.000000 0.851339698 4.050019741 5.069959164 0.300998330 0.003892953 -0.121810600 0.945805013
1403636692013555456.000000 0.865434170 4.083195686 5.078111649 0.302067220 0.007524977 -0.118561693 0.945855200
1403636692063555584.000000 0.879567981 4.119259834 5.083260059 0.302932560 0.007897424 -0.116150588 0.945874572
1403636692113555456.000000 0.892583311 4.153429985 5.090463161 0.301945597 0.007491673 -0.117869131 0.945980787
1403636692163555584.000000 0.907424808 4.187609673 5.096859932 0.299589753 0.008584469 -0.122940391 0.946075022
1403636692213555456.000000 0.923864484 4.220696926 5.101967812 0.298162401 0.007861219 -0.126066402 0.946120858
1403636692263555584.000000 0.940439403 4.254253387 5.105925083 0.297155380 0.006634299 -0.127513736 0.946253181
1403636692313555456.000000 0.959259033 4.287699223 5.107684135 0.296941876 0.005445973 -0.126826257 0.946420074
1403636692363555584.000000 0.979133010 4.321676254 5.107533455 0.297437340 0.003884635 -0.124320038 0.946604729
1403636692413555456.000000 1.000142813 4.355402946 5.106780529 0.296608210 0.002405880 -0.124722607 0.946816802
1403636692463555584.000000 1.022973418 4.388357162 5.105290890 0.295168072 0.002150001 -0.127330229 0.946920395
1403636692513555456.000000 1.047196746 4.417464733 5.101177692 0.292598516 0.002887415 -0.131750897 0.947111130
1403636692563555584.000000 1.084358096 4.452976704 5.098902225 0.292403013 0.002948920 -0.131509721 0.947204888
1403636692613555456.000000 1.111854315 4.484265327 5.095099449 0.292409331 0.002241725 -0.130236730 0.947380722
1403636692663555584.000000 1.138026237 4.515556812 5.088867188 0.291938514 0.001870803 -0.129219636 0.947665930
1403636692713555456.000000 1.164565563 4.546705246 5.083261013 0.290094227 0.000256155 -0.132101044 0.947836876
1403636692763555584.000000 1.189920425 4.577737808 5.077768803 0.286473632 -0.001121406 -0.139978468 0.947806776
1403636692813555456.000000 1.213837862 4.607911587 5.072408199 -0.282136440 0.002597641 0.149383575 -0.947669268
1403636692863555584.000000 1.236735463 4.636453629 5.067066193 -0.279192448 0.003240253 0.156156346 -0.947447240
1403636692913555456.000000 1.267265201 4.662653923 5.060568810 0.277012348 -0.004607990 -0.161377177 0.947206676
1403636692963555584.000000 1.288604259 4.686623573 5.055110455 0.276866496 -0.005921007 -0.161573455 0.947208524
1403636693013555456.000000 1.306693077 4.708034515 5.048859119 -0.278093100 0.008287994 0.158477858 -0.947354436
1403636693063555584.000000 1.324772716 4.727670193 5.042845726 -0.279640377 0.008153549 0.154417440 -0.947570622
1403636693113555456.000000 1.341583252 4.745451450 5.037025928 -0.281476915 0.006861256 0.150552139 -0.947659075
1403636693163555584.000000 1.356424570 4.761854649 5.031452656 -0.283380538 0.006478938 0.146535024 -0.947724164
1403636693213555456.000000 1.369297028 4.777217865 5.026541233 -0.284278572 0.008625531 0.144985780 -0.947676420
1403636693263555584.000000 1.380646467 4.791695118 5.022140503 -0.285273552 0.012727273 0.142987236 -0.947634816
1403636693313555456.000000 1.390561819 4.805240631 5.018239975 -0.286474138 0.018109409 0.140452743 -0.947564065
1403636693363555584.000000 1.404863000 4.823403358 5.011079311 0.287827998 -0.023291159 -0.138469785 0.947332442
1403636693413555456.000000 1.413819075 4.835431099 5.008285046 0.288916409 -0.027691910 -0.136482999 0.947170973
1403636693463555584.000000 1.421244144 4.845927238 5.006711006 -0.289762467 0.032621291 0.135728642 -0.946864009
1403636693513555456.000000 1.428532004 4.856105804 5.006423950 -0.289825350 0.039319035 0.134670421 -0.946741402
1403636693563555584.000000 1.435403824 4.865264416 5.007689476 -0.289677292 0.045941889 0.135230795 -0.946408510
1403636693613555456.000000 1.442483544 4.873326302 5.010574341 -0.289529443 0.050486390 0.136414021 -0.946052432
1403636693663555584.000000 1.449944973 4.880129337 5.015441895 -0.289405018 0.053185478 0.136934325 -0.945867360
1403636693713555456.000000 1.457975149 4.885377407 5.022055626 -0.290033787 0.052088145 0.136314943 -0.945825279
1403636693763555584.000000 1.466711044 4.889227867 5.030504704 -0.291130096 0.046469986 0.135488778 -0.945899904
1403636693813555456.000000 1.475117803 4.892082214 5.040668011 -0.291684657 0.040754288 0.135041028 -0.946056664
1403636693863555584.000000 1.478917599 4.888561726 5.052172184 0.292653799 -0.033857435 -0.133874938 0.946195006
1403636693913555456.000000 1.486796975 4.889587402 5.065132618 0.294501305 -0.025820013 -0.130562797 0.946338058
1403636693963555584.000000 1.494686365 4.889754772 5.079539776 0.295283645 -0.017838627 -0.129661188 0.946402371
1403636694013555456.000000 1.501693964 4.889412880 5.094484329 0.297122598 -0.010144018 -0.126673266 0.946345150
1403636694063555584.000000 1.507759571 4.889081955 5.109762192 0.297943294 -0.004027420 -0.125420734 0.946299791
1403636694113555456.000000 1.512976885 4.889087677 5.124807835 0.298763335 -0.001251135 -0.124677368 0.946147203
1403636694163555584.000000 1.516821146 4.890774727 5.132679939 0.299241245 0.001869404 -0.124143317 0.946065366
1403636694213555456.000000 1.524019003 4.891289711 5.145751953 0.299615681 0.003517192 -0.123742908 0.945994616
1403636694263555584.000000 1.531504631 4.891916275 5.158057690 0.299612522 0.003272165 -0.124847718 0.945851326
1403636694313555456.000000 1.540649295 4.892786980 5.169796467 0.299755633 0.001501977 -0.125413314 0.945735574
1403636694363555584.000000 1.550576687 4.893707275 5.180308819 0.299865216 -0.001516762 -0.124766693 0.945786357
1403636694413555456.000000 1.560486674 4.894647121 5.190513134 0.299736351 -0.004654084 -0.126010671 0.945652127
1403636694463555584.000000 1.570029259 4.895706177 5.200646877 0.299180597 -0.006842500 -0.126595318 0.945736647
1403636694513555456.000000 1.578878880 4.896584511 5.211040497 0.298409492 -0.008086802 -0.128002420 0.945781052
1403636694563555584.000000 1.586286426 4.897232056 5.221822739 0.298297524 -0.009128559 -0.128329754 0.945762575
1403636694613555456.000000 1.592348933 4.897710323 5.232715130 0.297783792 -0.009806688 -0.128635362 0.945876122
1403636694663555584.000000 1.598951697 4.897266388 5.238520145 0.297064692 -0.010126243 -0.128963456 0.946054161
1403636694713555456.000000 1.602195024 4.897480011 5.250271797 0.296723723 -0.008730462 -0.129202574 0.946142495
1403636694763555584.000000 1.604860067 4.897822857 5.263465881 0.297259986 -0.007061296 -0.126372576 0.946370244
1403636694813555456.000000 1.605895638 4.898246288 5.276155949 0.296810359 -0.005225076 -0.125533268 0.946634948
1403636694863555584.000000 1.604812026 4.898653984 5.289101124 0.298679441 -0.007189923 -0.119546652 0.946809173
1403636694913555456.000000 1.602750301 4.899589539 5.302477837 0.299646467 -0.008534825 -0.114848092 0.947073936
1403636694963555584.000000 1.600315332 4.901047707 5.316006184 0.300635666 -0.010457166 -0.110216305 0.947291553
1403636695013555456.000000 1.597635746 4.903334141 5.329820156 0.300846070 -0.011774985 -0.108264774 0.947434366
1403636695063555584.000000 1.595753312 4.906374454 5.343596458 0.299406856 -0.012644723 -0.110298075 0.947644532
1403636695113555456.000000 1.595703363 4.910415649 5.356882095 0.297634363 -0.011405212 -0.113100015 0.947888255
1403636695163555584.000000 1.597548723 4.913188457 5.369115829 0.296244353 -0.011255883 -0.114396803 0.948169827
1403636695213555456.000000 1.601348162 4.917301655 5.381837845 0.294230133 -0.009996292 -0.117104076 0.948480606
1403636695263555584.000000 1.606492519 4.922164917 5.393746853 0.292511702 -0.008287312 -0.119587667 0.948718667
1403636695313555456.000000 1.613563657 4.927113056 5.404697418 0.291034579 -0.007024322 -0.121178225 0.948981225
1403636695363555584.000000 1.622185469 4.932083130 5.414870739 0.289579660 -0.005972830 -0.122374184 0.949279964
1403636695413555456.000000 1.631767869 4.937044144 5.424326897 0.288866550 -0.005553272 -0.122673996 0.949461162
1403636695463555584.000000 1.642046094 4.942042828 5.433190823 0.287999600 -0.004500199 -0.123414680 0.949634075
1403636695513555456.000000 1.652193189 4.946865082 5.442043781 0.286635667 -0.003285866 -0.125625893 0.949761748
1403636695563555584.000000 1.661849499 4.946821213 5.458986282 0.285786182 -0.001660266 -0.126478672 0.949908853
1403636695613555456.000000 1.669838071 4.951351166 5.468310833 0.284526795 -0.000493844 -0.128261238 0.950049102
1403636695663555584.000000 1.675488949 4.955777645 5.475997925 0.282980949 0.000833639 -0.130707368 0.950177193
1403636695713555456.000000 1.679901958 4.959726810 5.484323978 0.282446802 0.001448932 -0.130910322 0.950307488
1403636695763555584.000000 1.682645798 4.963433266 5.492386818 0.282820135 -0.000104516 -0.127898902 0.950607598
1403636695813555456.000000 1.684240460 4.967120171 5.500289440 0.282643199 -0.000650092 -0.127618551 0.950697660
1403636695863555584.000000 1.684620619 4.970784664 5.508172035 0.282672405 -0.000866550 -0.126544714 0.950832307
1403636695913555456.000000 1.683832288 4.974164963 5.516043663 0.282039940 -0.001846863 -0.126636237 0.951006532
1403636695963555584.000000 1.682024837 4.977228165 5.524050713 0.282086700 -0.004213379 -0.125648633 0.951116085
1403636696013555456.000000 1.679265261 4.979876518 5.532458305 0.281908393 -0.006916746 -0.124397703 0.951317549
1403636696063555584.000000 1.679017186 4.975951195 5.555440426 0.280900657 -0.010415861 -0.125069246 0.951495767
1403636696113555456.000000 1.675591111 4.977852821 5.565839291 -0.279146284 0.013550584 0.127778530 -0.951612532
1403636696163555584.000000 1.670900822 4.979870796 5.573292255 -0.277306825 0.014305377 0.131251976 -0.951666534
1403636696213555456.000000 1.665920019 4.981247902 5.582323074 -0.275954425 0.015222519 0.133630738 -0.951714456
1403636696263555584.000000 1.660913587 4.981892586 5.591182709 -0.275300741 0.012041384 0.134745911 -0.951792061
1403636696313555456.000000 1.655409336 4.981645107 5.600114822 -0.275948554 0.008534607 0.133146420 -0.951867521
1403636696363555584.000000 1.650617480 4.980562210 5.609017849 0.276697785 -0.000848116 -0.130309656 0.952080369
1403636696413555456.000000 1.646441340 4.978809357 5.617135048 0.278374463 0.006730374 -0.125482753 0.952216685
1403636696463555584.000000 1.642614841 4.977004051 5.624465942 0.279978812 0.010766560 -0.120291762 0.952379107
1403636696513555456.000000 1.639928341 4.975568771 5.630738735 0.279831320 0.012325263 -0.119371414 0.952519357
1403636696563555584.000000 1.638442039 4.970459938 5.647719383 0.279759347 0.011012153 -0.117769882 0.952755868
1403636696613555456.000000 1.637333155 4.970017910 5.650549889 0.279642045 0.010138724 -0.117702626 0.952808261
1403636696663555584.000000 1.636643410 4.970656395 5.650231361 0.279693902 0.008051082 -0.116421051 0.952970505
1403636696713555456.000000 1.637082934 4.971512794 5.649771214 0.279708207 0.007507714 -0.116181247 0.952999949
1403636696763555584.000000 1.636715412 4.972805977 5.649074078 0.279550761 0.005667144 -0.116228931 0.953053057
1403636696813555456.000000 1.635208130 4.974524498 5.648445129 0.278825164 0.005631443 -0.117455140 0.953115463
1403636696863555584.000000 1.632164240 4.976732254 5.647627354 0.278539091 0.004769178 -0.118437216 0.953082323
1403636696913555456.000000 1.628067613 4.978809834 5.646999359 0.277797699 0.005064908 -0.120318599 0.953061521
1403636696963555584.000000 1.623267412 4.980654240 5.646674156 0.275551498 0.006930061 -0.126523182 0.952898383
1403636697013555456.000000 1.618037105 4.981923580 5.646362305 0.272976041 0.008778752 -0.133266240 0.952705204
1403636697063555584.000000 1.616926432 4.976279259 5.654291153 0.270508230 0.010633861 -0.139231965 0.952537000
1403636697113555456.000000 1.612777591 4.975782394 5.652459621 -0.267559737 -0.012114912 0.146384165 -0.952279747
1403636697163555584.000000 1.610054016 4.973958015 5.648346424 -0.265380919 -0.013726071 0.151512712 -0.952065408
1403636697213555456.000000 1.607970953 4.971884727 5.639618397 -0.264144182 -0.015386032 0.154335856 -0.951930463
1403636697263555584.000000 1.607649207 4.967005253 5.630247116 -0.263305038 -0.016239632 0.155143321 -0.952017546
1403636697313555456.000000 1.607822180 4.960183144 5.618850231 -0.264097720 -0.013005015 0.152837008 -0.952220678
1403636697363555584.000000 1.609395146 4.951647282 5.605545521 -0.265685320 -0.009242454 0.147117168 -0.952723742
1403636697413555456.000000 1.612135530 4.941446781 5.591062546 -0.267796069 -0.004711539 0.141239181 -0.953055441
1403636697463555584.000000 1.616594434 4.930206299 5.575355530 -0.269589514 -0.000184764 0.136565432 -0.953242600
1403636697513555456.000000 1.622945666 4.918238640 5.558446884 -0.270275980 0.003318144 0.132953346 -0.953553021
1403636697563555584.000000 1.629383802 4.912117958 5.535681248 0.269035935 -0.005124463 -0.130593225 0.954221606
1403636697613555456.000000 1.637817383 4.899745941 5.517655373 0.265355617 -0.004976602 -0.129667863 0.955378413
1403636697663555584.000000 1.644815087 4.887426376 5.500233650 0.259249955 -0.004220748 -0.128455296 0.957220376
1403636697713555456.000000 1.651833415 4.873050690 5.483294964 -0.251362026 0.004569619 0.125298604 -0.959737778
1403636697763555584.000000 1.652366161 4.864379883 5.462690830 0.241287112 -0.005480823 -0.122784175 0.962639391
1403636697813555456.000000 1.655280232 4.850880623 5.446427345 0.230813071 -0.005061144 -0.119252540 0.965649307
1403636697863555584.000000 1.656634092 4.836738110 5.430627346 0.221283168 -0.004676215 -0.115276247 0.968361199
1403636697913555456.000000 1.656503916 4.822674751 5.414555550 -0.212604105 0.004827450 0.111382842 -0.970757484
1403636697963555584.000000 1.655153036 4.807341576 5.399079800 -0.205011636 0.004836167 0.106992170 -0.972882152
1403636698013555456.000000 1.652318954 4.791491985 5.384108543 -0.198450550 0.005398274 0.103683099 -0.974596441
1403636698063555584.000000 1.648510814 4.775109291 5.369467258 -0.192898661 0.004520079 0.101243854 -0.975970984
1403636698113555456.000000 1.636527300 4.761429310 5.345608711 0.188456461 -0.004859881 -0.098276913 0.977139831
1403636698163555584.000000 1.629890323 4.744096756 5.331804752 0.184796631 -0.005016190 -0.095680811 0.978095233
1403636698213555456.000000 1.622254610 4.726783752 5.318482399 0.181082964 -0.004457638 -0.093563214 0.978996992
1403636698263555584.000000 1.613142967 4.709071636 5.306049824 -0.176294580 0.004563958 0.091110684 -0.980101168
1403636698313555456.000000 1.603274345 4.691706181 5.293943405 -0.169649348 0.004541544 0.089752480 -0.981398523
1403636698363555584.000000 1.592810035 4.674272537 5.282110214 -0.162154302 0.003707799 0.087402873 -0.982879937
1403636698413555456.000000 1.581396699 4.656898499 5.270571232 -0.153393999 0.004236643 0.084875420 -0.984504223
1403636698463555584.000000 1.568921447 4.639676571 5.259345531 -0.144165918 0.005265092 0.081445545 -0.986182094
1403636698513555456.000000 1.551348567 4.622605324 5.234766483 0.133883744 -0.005280792 -0.079038270 0.987826049
1403636698563555584.000000 1.537624836 4.604964256 5.223908424 0.123055853 -0.005349325 -0.075123280 0.989537895
1403636698613555456.000000 1.523026228 4.587131977 5.213519573 0.111761257 -0.005472661 -0.070713721 0.991200864
1403636698663555584.000000 1.509124517 4.569432735 5.204425335 -0.100177005 0.006060220 0.065141700 -0.992816389
1403636698713555456.000000 1.493362427 4.551378727 5.195420742 -0.087955125 0.006297308 0.059667833 -0.994315863
1403636698763555584.000000 1.476794720 4.533028126 5.187100410 -0.075040139 0.006679052 0.054024372 -0.995693624
1403636698813555456.000000 1.456693053 4.512761116 5.169595718 0.061477698 -0.006902153 -0.048342582 0.996913195
1403636698863555584.000000 1.438539386 4.493832111 5.162287712 0.048283491 -0.007104307 -0.040917378 0.997969925
1403636698913555456.000000 1.421143532 4.474702358 5.155210018 0.034466643 -0.006606149 -0.035417814 0.998756230
1403636698963555584.000000 1.405048847 4.455220222 5.146992683 -0.021197643 0.006774755 0.028696910 -0.999340415
1403636699013555456.000000 1.390515447 4.435577393 5.139039993 -0.008440028 0.006339746 0.022410031 -0.999693155
1403636699063555584.000000 1.378007293 4.415802956 5.131382465 0.004323456 0.005860400 0.015657447 -0.999850988
1403636699113555456.000000 1.367372990 4.395911217 5.123011589 0.017265396 0.004679040 0.008617741 -0.999802887
1403636699163555584.000000 1.358179569 4.376328468 5.114029408 0.029358461 0.003618567 -0.001350931 -0.999561548
1403636699213555456.000000 1.350476146 4.357314587 5.104207039 0.042546637 0.003685361 -0.009248934 -0.999044895
1403636699263555584.000000 1.344363809 4.339046478 5.094179153 0.056139652 0.003431130 -0.018056352 -0.998253763
1403636699313555456.000000 1.339975238 4.320749760 5.071475029 -0.069433905 -0.004420504 0.027445761 0.997199178
1403636699363555584.000000 1.337564230 4.304544926 5.061788559 -0.082858153 -0.004661772 0.034941312 0.995937705
1403636699413555456.000000 1.335832000 4.288863182 5.051424026 -0.095755599 -0.005040944 0.043555684 0.994438708
1403636699463555584.000000 1.335654974 4.274452209 5.042932034 0.108168960 0.005578872 -0.050430827 -0.992836893
1403636699513555456.000000 1.334989071 4.261482716 5.034222126 0.120813556 0.005550891 -0.056008827 -0.991078377
1403636699563555584.000000 1.333335519 4.249874592 5.026064396 0.132915631 0.005210089 -0.062672004 -0.989130199
1403636699613555456.000000 1.330471277 4.239627361 5.018688679 0.144547224 0.004685887 -0.069100864 -0.987071097
1403636699663555584.000000 1.326440811 4.231145859 5.011850834 0.156439602 0.003824042 -0.075556047 -0.984785974
1403636699713555456.000000 1.321756601 4.224520683 5.005400658 0.168802753 0.002340314 -0.080046095 -0.982391417
1403636699763555584.000000 1.316209435 4.219481468 4.999061584 0.180814430 0.001716268 -0.080823034 -0.980189204
1403636699813555456.000000 1.308608413 4.215555668 4.988746166 -0.191696495 -0.000605079 0.079310469 0.978244364
1403636699863555584.000000 1.301453829 4.212536812 4.982375145 -0.200589314 0.001567203 0.078307763 0.976539493
1403636699913555456.000000 1.294025302 4.210277557 4.975909233 -0.207342237 0.003924019 0.078365386 0.975116789
1403636699963555584.000000 1.286988735 4.208106041 4.971899033 0.211896509 -0.006177790 -0.079465464 -0.974036455
1403636700013555456.000000 1.278086066 4.206784248 4.966922283 0.215215266 -0.006947689 -0.080949299 -0.973181069
1403636700063555584.000000 1.268077850 4.205952168 4.961742401 0.217509165 -0.007440781 -0.081817530 -0.972594678
1403636700113555456.000000 1.257129669 4.205499172 4.956271648 0.218375757 -0.008328656 -0.083347522 -0.972263277
1403636700163555584.000000 1.245311975 4.206137657 4.950946331 0.219780028 -0.008881809 -0.083326109 -0.971943796
1403636700213555456.000000 1.232758641 4.207489967 4.946194649 0.220059648 -0.009140758 -0.083662696 -0.971849203
1403636700263555584.000000 1.218915701 4.209966660 4.941312313 0.220608577 -0.008908871 -0.084548481 -0.971650183
1403636700313555456.000000 1.202385306 4.215019226 4.942524433 -0.222285524 0.007577818 0.086206801 0.971133471
1403636700363555584.000000 1.184934258 4.219946384 4.938540936 -0.224398568 0.006312781 0.089929298 0.970318615
1403636700413555456.000000 1.166073918 4.226004124 4.934589863 -0.228001907 0.005818019 0.093474708 0.969145954
1403636700463555584.000000 1.146557093 4.233461857 4.931335449 -0.233324811 0.007293696 0.093995377 0.967817783
1403636700513555456.000000 1.124601722 4.240415096 4.926877975 0.238051295 -0.009975301 -0.093673192 -0.966673434
1403636700563555584.000000 1.103103518 4.249445438 4.923217773 0.243396223 -0.012225395 -0.092265010 -0.965451241
1403636700613555456.000000 1.081720591 4.257804394 4.921564102 -0.249823973 0.014962929 0.091012523 0.963888466
1403636700663555584.000000 1.058993220 4.268651009 4.917046547 -0.257505536 0.016243072 0.089561641 0.961980164
1403636700713555456.000000 1.036194324 4.279818058 4.912322044 -0.264410257 0.017618978 0.090073958 0.960033059
1403636700763555584.000000 1.014923573 4.291071892 4.906898499 -0.270336956 0.018645694 0.089848027 0.958382785
1403636700813555456.000000 0.994959831 4.301774979 4.900845051 0.275203049 -0.018032197 -0.089974113 -0.956996799
1403636700863555584.000000 0.976215959 4.312409878 4.893688202 0.278628677 -0.015371286 -0.091361552 -0.955919921
1403636700913555456.000000 0.959709406 4.323076248 4.885897636 0.281374514 -0.012840046 -0.092371807 -0.955055475
1403636700963555584.000000 0.941461563 4.334775448 4.876413345 -0.283063471 0.009360352 0.093621343 0.954474986
1403636701013555456.000000 0.928371310 4.345029354 4.867418289 -0.283930480 0.006346184 0.095032737 0.954102695
1403636701063555584.000000 0.917114496 4.355521679 4.858245373 -0.284146547 0.001461755 0.096163772 0.953945100
1403636701113555456.000000 0.907231212 4.365319729 4.848014832 0.283756226 0.003343823 -0.097600356 -0.953910589
1403636701163555584.000000 0.900855899 4.376176357 4.838144779 0.283495426 0.005694394 -0.096603297 -0.954078496
1403636701213555456.000000 0.897142291 4.387744904 4.828398705 0.282597214 0.008550959 -0.096270747 -0.954357266
1403636701263555584.000000 0.896140575 4.399648190 4.818457127 0.281408101 0.009182669 -0.096084259 -0.954721451
1403636701313555456.000000 0.896800756 4.412060738 4.808791161 0.280232608 0.010749004 -0.095274054 -0.955131948
1403636701363555584.000000 0.898943365 4.424885750 4.799537182 0.278966218 0.009960130 -0.095179953 -0.955520570
1403636701413555456.000000 0.902121603 4.438391685 4.790967941 0.278007090 0.008567540 -0.093108803 -0.956017494
1403636701463555584.000000 0.902841330 4.453194141 4.784627914 -0.276571840 -0.005670331 0.091209315 0.956638336
1403636701513555456.000000 0.907043457 4.467526913 4.777680874 -0.275691509 -0.001388082 0.088728704 0.957141399
1403636701563555584.000000 0.911350071 4.482223511 4.771290302 -0.274372637 0.002650286 0.086629301 0.957709789
1403636701613555456.000000 0.914887011 4.496275425 4.763623238 0.272985905 -0.005092703 -0.084788412 -0.958260834
1403636701663555584.000000 0.918418050 4.510804653 4.757675171 0.271879315 -0.007062255 -0.082303263 -0.958779454
1403636701713555456.000000 0.922774017 4.524611950 4.750420570 0.271684825 -0.008760267 -0.082037635 -0.958843350
1403636701763555584.000000 0.924849153 4.539410114 4.744839668 0.272732496 -0.009412531 -0.083018750 -0.958455205
1403636701813555456.000000 0.923588037 4.555162430 4.740911007 0.275382191 -0.009148363 -0.085414261 -0.957489133
1403636701863555584.000000 0.923635066 4.569914341 4.734534740 0.280649841 -0.008619311 -0.086887389 -0.955830574
1403636701913555456.000000 0.919212282 4.586384296 4.731464386 0.286070675 -0.008170180 -0.091062523 -0.953836739
1403636701963555584.000000 0.908240020 4.597423077 4.729515553 -0.293294877 0.009046549 0.094246455 0.951322198
1403636702013555456.000000 0.902719080 4.612946033 4.725670338 -0.301245630 0.009003566 0.098271154 0.948426545
1403636702063555584.000000 0.895920515 4.628186226 4.721714497 -0.310194165 0.009749827 0.102643549 0.945065498
1403636702113555456.000000 0.887691617 4.643459320 4.717618465 -0.320034772 0.010997443 0.107243277 0.941252232
1403636702163555584.000000 0.878299057 4.659759521 4.712064743 0.330703467 -0.012433111 -0.111310571 -0.937064946
1403636702213555456.000000 0.867757916 4.675972939 4.708447933 0.340266824 -0.012488600 -0.115176231 -0.933165073
1403636702263555584.000000 0.850675166 4.687336445 4.707802773 -0.348445505 0.011825121 0.118469752 0.929737031
1403636702313555456.000000 0.837535203 4.703352928 4.704834938 -0.355597168 0.009271866 0.121153638 0.926707387
1403636702363555584.000000 0.823662877 4.719408512 4.702586174 -0.361664891 0.006758087 0.122748740 0.924167573
1403636702413555456.000000 0.808905363 4.735782146 4.700867176 -0.367471695 0.004235377 0.122458525 0.921927691
1403636702463555584.000000 0.793081343 4.751262665 4.699603558 0.372206300 -0.001422211 -0.123494387 -0.919896543
1403636702513555456.000000 0.772936463 4.766705036 4.701946259 -0.376245826 -0.000408080 0.123095930 0.918306231
1403636702563555584.000000 0.755820572 4.783289433 4.703187943 -0.379086584 -0.001840798 0.123169616 0.917125583
1403636702613555456.000000 0.737675130 4.800013065 4.705761909 -0.381392539 -0.004309843 0.123580560 0.916105330
1403636702663555584.000000 0.718679905 4.816998959 4.709587574 -0.382995158 -0.006996217 0.123841345 0.915384710
1403636702713555456.000000 0.697515011 4.827203751 4.712963104 -0.384516001 -0.008540983 0.123128645 0.914829969
1403636702763555584.000000 0.676986814 4.844085217 4.719054699 -0.384710044 -0.009243374 0.124258228 0.914588869
1403636702813555456.000000 0.655893683 4.861230373 4.726601601 -0.385029018 -0.011843999 0.123662889 0.914505303
1403636702863555584.000000 0.634727240 4.878880501 4.735735893 -0.384924531 -0.013258240 0.123743549 0.914519012
1403636702913555456.000000 0.613787115 4.896489143 4.746808529 0.384671479 0.014154354 -0.124580823 -0.914498389
1403636702963555584.000000 0.596517682 4.912950993 4.756501198 -0.384271502 -0.013832605 0.124331772 0.914705336
1403636703013555456.000000 0.580458760 4.931503296 4.768060684 -0.383280396 -0.011228697 0.125737339 0.914964676
1403636703063555584.000000 0.566325784 4.950297356 4.779847145 -0.382632464 -0.008381609 0.125896156 0.915244401
1403636703113555456.000000 0.554462075 4.969741821 4.792645454 0.381357640 0.003443838 -0.128212959 -0.915486753
1403636703163555584.000000 0.545454621 4.988989353 4.804545403 0.379705667 -0.004527646 -0.130641118 -0.915825367
1403636703213555456.000000 0.536623180 5.010818005 4.819114685 0.377611637 -0.010100605 -0.133846164 -0.916183770
1403636703263555584.000000 0.530882001 5.031100273 4.830435276 0.375610173 -0.016292717 -0.138168171 -0.916275740
1403636703313555456.000000 0.527857006 5.049407959 4.837378979 0.373779476 -0.021463368 -0.141594067 -0.916394830
1403636703363555584.000000 0.524535418 5.070276737 4.845610142 0.373394728 -0.024008507 -0.141332194 -0.916528940
1403636703413555456.000000 0.523607016 5.089403152 4.850040436 -0.374784678 0.023834884 0.137644053 0.916527450
1403636703463555584.000000 0.522308409 5.111302853 4.854509354 -0.376599014 0.020353686 0.132524118 0.916622281
1403636703513555456.000000 0.522103727 5.133192539 4.857473373 -0.378458411 0.015865764 0.126862094 0.916746199
1403636703563555584.000000 0.524542272 5.153576851 4.861378670 0.379958510 -0.012378080 -0.122627705 -0.916755617
1403636703613555456.000000 0.530417144 5.175787926 4.862052917 -0.380102754 0.008567557 0.121386237 0.916904569
1403636703663555584.000000 0.534174502 5.196878433 4.864145756 -0.379896551 0.006342706 0.120908633 0.917071164
1403636703713555456.000000 0.537409127 5.217817783 4.866340160 -0.379555762 0.005137201 0.120714828 0.917245388
1403636703763555584.000000 0.540339828 5.238637924 4.868565559 0.378685474 -0.006339086 -0.120934740 -0.917568564
1403636703813555456.000000 0.541687727 5.259218693 4.871779442 0.377695680 -0.008625180 -0.121802725 -0.917842984
1403636703863555584.000000 0.541990936 5.279563904 4.875469685 0.376472950 -0.011654269 -0.122996025 -0.918152690
1403636703913555456.000000 0.541249037 5.299725056 4.879595757 0.374936342 -0.014414562 -0.124297902 -0.918566883
1403636703963555584.000000 0.539408028 5.319779396 4.883803368 0.374180824 -0.015643092 -0.124536633 -0.918822527
1403636704013555456.000000 0.536534607 5.339487553 4.887888908 0.372550964 -0.017330533 -0.126239896 -0.919221938
1403636704063555584.000000 0.532544672 5.359242916 4.891628742 0.371225744 -0.018508378 -0.127135649 -0.919611573
1403636704113555456.000000 0.532073617 5.381439686 4.896086216 -0.370150834 0.016697867 0.127715439 0.919999123
1403636704163555584.000000 0.525460601 5.401412010 4.899988174 -0.369461566 0.013667283 0.127574459 0.920345664
1403636704213555456.000000 0.517955661 5.421530724 4.904004574 -0.369004786 0.009603682 0.127107069 0.920644939
1403636704263555584.000000 0.508696437 5.442123413 4.908650875 0.368755579 -0.005607593 -0.126581162 -0.920850217
1403636704313555456.000000 0.502441704 5.460094452 4.912893295 -0.368962198 0.002623631 0.125082716 0.920985579
1403636704363555584.000000 0.496977866 5.481351376 4.916810989 -0.369121134 -0.000063320 0.123600192 0.921125770
1403636704413555456.000000 0.493624330 5.503067493 4.920740128 -0.368483305 -0.001516900 0.124017879 0.921323717
1403636704463555584.000000 0.492643714 5.524484158 4.923978806 -0.368593454 -0.004358847 0.122749269 0.921440482
1403636704513555456.000000 0.494213641 5.546995163 4.926826477 0.368709981 0.007458535 -0.121737503 -0.921508253
1403636704563555584.000000 0.497424364 5.569185734 4.930270195 0.368345946 0.009745526 -0.122307390 -0.921557009
1403636704613555456.000000 0.501353621 5.591841221 4.934494019 0.368100643 0.011966842 -0.122133695 -0.921651840
1403636704663555584.000000 0.504974246 5.614880562 4.940157890 0.368068039 0.013860573 -0.122133203 -0.921638370
1403636704713555456.000000 0.507006645 5.638303757 4.947431564 0.367844075 0.018607076 -0.121916436 -0.921672881
1403636704763555584.000000 0.507804155 5.662321568 4.956139565 0.367435783 0.021559654 -0.121683925 -0.921802163
1403636704813555456.000000 0.506332755 5.687263489 4.969780922 -0.366572261 -0.024939377 0.123156734 0.921865106
1403636704863555584.000000 0.504929066 5.712726116 4.982713223 -0.365508586 -0.028363185 0.124523997 0.922004759
1403636704913555456.000000 0.503076792 5.739243984 4.997546196 -0.364197224 -0.030947236 0.125710204 0.922279596
1403636704963555584.000000 0.501246989 5.766000271 5.013390541 0.363578051 0.034004238 -0.125873774 -0.922393918
1403636705013555456.000000 0.498698890 5.794209003 5.031496048 0.363105804 0.036154095 -0.125591978 -0.922536612
1403636705063555584.000000 0.496633887 5.823654175 5.051644325 0.363192141 0.037180766 -0.123753227 -0.922710299
1403636705113555456.000000 0.495255351 5.854360104 5.073881149 0.363468349 0.032703586 -0.121605806 -0.923056483
1403636705163555584.000000 0.494967103 5.885735989 5.097506523 0.364288479 0.024723725 -0.117690958 -0.923488796
1403636705213555456.000000 0.496362567 5.917646408 5.122474670 0.365375191 0.016543258 -0.113078803 -0.923818469
1403636705263555584.000000 0.499474049 5.949881554 5.148063183 0.366126120 0.010192966 -0.109196022 -0.924080074
1403636705313555456.000000 0.503332853 5.979744911 5.170698643 -0.366386592 -0.005839422 0.107347049 0.924231291
1403636705363555584.000000 0.509216368 6.011157990 5.197041035 -0.366441339 -0.002863641 0.106357776 0.924337864
1403636705413555456.000000 0.515985787 6.042062759 5.223502159 -0.366118670 -0.004446109 0.107095733 0.924374342
1403636705463555584.000000 0.523708999 6.072716236 5.250466824 -0.365791500 -0.006360113 0.108703919 0.924304962
1403636705513555456.000000 0.531193495 6.103326321 5.278907776 0.365557969 0.009939900 -0.110542357 -0.924147666
1403636705563555584.000000 0.537327230 6.133717537 5.308414459 0.365370870 0.013403071 -0.111359440 -0.924079835
1403636705613555456.000000 0.542423785 6.164172173 5.339177132 0.365152150 0.014511924 -0.112670287 -0.923990726
1403636705663555584.000000 0.547308743 6.191491127 5.368541718 -0.365511894 -0.015840393 0.113264032 0.923754036
1403636705713555456.000000 0.551251292 6.222564697 5.402092934 -0.365700394 -0.013675648 0.112985171 0.923748076
1403636705763555584.000000 0.554671168 6.253969193 5.436791420 -0.365798831 -0.010684619 0.113138765 0.923729837
1403636705813555456.000000 0.558787644 6.286096096 5.471900940 0.365211934 0.006625199 -0.114134803 -0.923877537
1403636705863555584.000000 0.564020753 6.317938328 5.507520676 0.364751279 0.001667183 -0.114538454 -0.924031794
1403636705913555456.000000 0.570935190 6.349663734 5.542867661 0.363465965 -0.004002662 -0.117218263 -0.924194992
1403636705963555584.000000 0.579890549 6.381433487 5.577743530 0.361832321 -0.009307159 -0.120288581 -0.924403250
1403636706013555456.000000 0.588143289 6.407302380 5.608385086 -0.359263957 0.014835518 0.125458822 0.924645603
1403636706063555584.000000 0.600281417 6.438394070 5.640612125 -0.356306344 0.019262491 0.131003454 0.924939394
1403636706113555456.000000 0.613185167 6.470257759 5.671872139 -0.354261070 0.024041355 0.134665832 0.925087154
1403636706163555584.000000 0.624904692 6.502737045 5.701940536 -0.354564071 0.024865968 0.131691918 0.925377369
1403636706213555456.000000 0.631447971 6.533136845 5.728949547 -0.356239557 0.023264794 0.125481680 0.925638437
1403636706263555584.000000 0.639214575 6.566377163 5.758111954 -0.357499808 0.020229697 0.120504737 0.925885201
1403636706313555456.000000 0.644918621 6.599349022 5.787281513 -0.359273583 0.016057175 0.113793351 0.926129460
1403636706363555584.000000 0.646976888 6.630371571 5.814812183 0.360247225 -0.011806884 -0.109541230 -0.926327825
1403636706413555456.000000 0.648711443 6.662058353 5.843652725 0.361134559 -0.007961033 -0.105880246 -0.926449120
1403636706463555584.000000 0.650221288 6.693284512 5.872678757 0.361523211 -0.004137860 -0.103587233 -0.926581681
1403636706513555456.000000 0.653169453 6.724252224 5.901815414 0.361910820 -0.001662295 -0.101851933 -0.926630497
1403636706563555584.000000 0.652402401 6.752705574 5.929912567 -0.362432033 -0.000531314 0.101124436 0.926507771
1403636706613555456.000000 0.658689499 6.782233238 5.958196640 -0.362178683 -0.001505597 0.101294622 0.926587164
1403636706663555584.000000 0.665933371 6.811191559 5.986531258 -0.362624556 -0.003118694 0.101238184 0.926414967
1403636706713555456.000000 0.675370574 6.840688705 6.015811443 -0.362643272 -0.005473205 0.101898551 0.926324248
1403636706763555584.000000 0.688200414 6.868284702 6.044515610 0.362328768 0.007498836 -0.104378238 -0.926157057
1403636706813555456.000000 0.701234341 6.896510601 6.073685646 0.362817734 0.010521818 -0.105254300 -0.925837040
1403636706863555584.000000 0.715203464 6.924500942 6.103254318 0.363445044 0.012406250 -0.106360383 -0.925441146
1403636706913555456.000000 0.726038814 6.952115536 6.131776810 -0.363782763 -0.012323823 0.107878491 0.925133765
1403636706963555584.000000 0.742356539 6.980435371 6.162599564 -0.365091264 -0.012337873 0.107900977 0.924615383
1403636707013555456.000000 0.759611726 7.008545399 6.193883419 -0.366235137 -0.009587822 0.107810080 0.924206138
1403636707063555584.000000 0.777096510 7.036494255 6.225695133 -0.367787540 -0.007152813 0.106590040 0.923753142
1403636707113555456.000000 0.794164956 7.064103127 6.258413315 0.369184375 0.004739463 -0.106291145 -0.923245788
1403636707163555584.000000 0.811544120 7.091495514 6.291421413 0.370582551 0.004399425 -0.106625028 -0.922648549
1403636707213555456.000000 0.829159439 7.118546963 6.324773788 0.372264415 0.004896618 -0.107199818 -0.921902120
1403636707263555584.000000 0.848053694 7.145357132 6.358243942 0.373817742 0.005362705 -0.107445836 -0.921242058
1403636707313555456.000000 0.869668186 7.165245056 6.386781216 -0.375518084 -0.006811863 0.107204176 0.920568883
1403636707363555584.000000 0.892219543 7.190877438 6.420208931 -0.376616240 -0.007576636 0.107726492 0.920053184
1403636707413555456.000000 0.916972339 7.216013432 6.453817368 -0.377319753 -0.008223257 0.108643822 0.919651389
1403636707463555584.000000 0.944318175 7.241054058 6.487802505 -0.378044039 -0.009315502 0.108431771 0.919368505
1403636707513555456.000000 0.973294377 7.265295506 6.522315979 0.378099144 0.009163436 -0.109943673 -0.919167817
1403636707563555584.000000 1.004113674 7.289301395 6.556748390 0.377989203 0.008712239 -0.111552529 -0.919023573
1403636707613555456.000000 1.034243464 7.313055992 6.591899872 0.377439499 0.009150477 -0.114229575 -0.918916345
1403636707663555584.000000 1.062732577 7.336969852 6.628408432 0.374977976 0.007840323 -0.121117339 -0.919054210
1403636707713555456.000000 1.089366317 7.355577946 6.658907413 -0.373432249 -0.007048931 0.125405878 0.919114888
1403636707763555584.000000 1.112454176 7.380629063 6.697580338 -0.371781737 -0.006529735 0.129020154 0.919287562
1403636707813555456.000000 1.133103967 7.406618118 6.737596035 -0.371198297 -0.005030842 0.130311966 0.919350505
1403636707863555584.000000 1.151237488 7.433140278 6.778363705 -0.370368212 -0.003259070 0.130436450 0.919675589
1403636707913555456.000000 1.167022586 7.458871365 6.819583893 0.369613111 0.000958246 -0.130088031 -0.920033932
1403636707963555584.000000 1.180296183 7.486432552 6.862004757 0.369157463 -0.000206156 -0.128322139 -0.920465231
1403636708013555456.000000 1.191454768 7.514762878 6.905459881 0.368743151 -0.001110984 -0.126013905 -0.920949340
1403636708063555584.000000 1.200676680 7.543422699 6.949527740 0.368490458 -0.001636328 -0.123008318 -0.921455979
1403636708113555456.000000 1.208963513 7.572477341 6.994068146 0.368135214 -0.002773794 -0.119693853 -0.922031581
1403636708163555584.000000 1.215079546 7.600911617 7.034421921 -0.367715508 0.003720109 0.116757482 0.922572017
1403636708213555456.000000 1.220763564 7.630036354 7.079561234 -0.366471887 0.005560401 0.116813123 0.923050463
1403636708263555584.000000 1.225268602 7.659227848 7.124966145 -0.364877701 0.008428970 0.118711993 0.923417985
1403636708313555456.000000 1.228979588 7.688205719 7.170808792 0.362439007 -0.013291676 -0.123105645 -0.923745811
1403636708363555584.000000 1.232171535 7.717360020 7.215741158 0.359378725 -0.018348714 -0.129874498 -0.923928022
1403636708413555456.000000 1.235894322 7.746800423 7.259001732 0.357117027 -0.022481408 -0.134842753 -0.924001873
1403636708463555584.000000 1.240971923 7.777648926 7.301140785 0.355417103 -0.025817296 -0.138363346 -0.924049675
1403636708513555456.000000 1.247969508 7.809874535 7.341632366 0.354931235 -0.027634742 -0.139540642 -0.924006879
1403636708563555584.000000 1.256668925 7.837454796 7.373528004 -0.355137438 0.028886907 0.138250425 0.924083233
1403636708613555456.000000 1.265942931 7.871287346 7.409744263 -0.357347280 0.028336441 0.133572906 0.923936307
1403636708663555584.000000 1.273872852 7.905205250 7.444365501 -0.360257596 0.025189200 0.127178475 0.923799574
1403636708713555456.000000 1.282258153 7.940431595 7.477958679 0.363941997 -0.023678821 -0.119137108 -0.923467338
1403636708763555584.000000 1.288094759 7.974663258 7.511464119 0.367405176 -0.020881871 -0.111700617 -0.923092842
1403636708813555456.000000 1.292545319 8.008224487 7.544656754 0.370911390 -0.020061912 -0.104454011 -0.922557116
1403636708863555584.000000 1.295269966 8.040574074 7.577934265 0.373164117 -0.018537024 -0.101823509 -0.921974480
1403636708913555456.000000 1.298233747 8.071819305 7.610738754 0.375710279 -0.019472798 -0.099362358 -0.921189308
1403636708963555584.000000 1.305509567 8.094488144 7.638700485 -0.378486216 0.019900804 0.097363509 0.920256793
1403636709013555456.000000 1.310838699 8.122203827 7.669938564 -0.379966140 0.022515476 0.097122960 0.919611871
1403636709063555584.000000 1.317307472 8.147906303 7.699671268 -0.382823735 0.023460023 0.094258927 0.918700695
1403636709113555456.000000 1.324823856 8.170952797 7.729848862 0.384416878 -0.024737911 -0.094712123 -0.917954981
1403636709163555584.000000 1.333859682 8.192787170 7.758703232 0.386265099 -0.023329834 -0.094597712 -0.917227507
1403636709213555456.000000 1.343991995 8.212587357 7.786640167 0.387165904 -0.020811073 -0.096887074 -0.916669190
1403636709263555584.000000 1.355165482 8.230702400 7.813850403 0.388162017 -0.016862515 -0.097615108 -0.916251779
1403636709313555456.000000 1.367488623 8.247223854 7.840814114 0.388336122 -0.013680746 -0.099497803 -0.916028440
1403636709363555584.000000 1.379643202 8.262372971 7.867675781 0.388185292 -0.010842362 -0.101322830 -0.915930271
1403636709413555456.000000 1.390942574 8.276239395 7.894463539 0.389205694 -0.008334738 -0.099995278 -0.915669382
1403636709463555584.000000 1.415362835 8.297365189 7.921875954 -0.388476729 0.007432298 0.101329952 0.915840030
1403636709513555456.000000 1.423180461 8.308974266 7.950795174 -0.388924390 0.005775431 0.100424312 0.915761650
1403636709563555584.000000 1.429651141 8.319630623 7.980417252 -0.388564765 0.004904974 0.101119630 0.915842891
1403636709613555456.000000 1.435010076 8.329189301 8.011043549 -0.388411641 0.003196669 0.101434633 0.915880620
1403636709663555584.000000 1.435942173 8.336904526 8.042430878 0.388031840 -0.002201475 -0.101561584 -0.916030467
1403636709713555456.000000 1.439198375 8.344514847 8.074424744 0.387648821 -0.001605404 -0.100897834 -0.916267157
1403636709763555584.000000 1.446295977 8.357151985 8.111938477 -0.386354893 0.001549934 0.101726264 0.916722119
1403636709813555456.000000 1.450267553 8.362628937 8.144769669 -0.386024952 0.001621313 0.100204952 0.917028487
1403636709863555584.000000 1.455702424 8.367055893 8.177879333 -0.384932816 0.002502933 0.101005115 0.917397618
1403636709913555456.000000 1.464040279 8.371336937 8.211201668 0.384612471 -0.002540145 -0.099808104 -0.917662859
1403636709963555584.000000 1.479667544 8.374802589 8.251786232 -0.384579539 0.002994770 0.099495396 0.917709351
1403636710013555456.000000 1.490374804 8.376290321 8.284241676 -0.383565873 0.003563459 0.099871591 0.918090582
1403636710063555584.000000 1.502228975 8.376773834 8.316602707 -0.382888973 0.004224813 0.099190474 0.918444097
1403636710113555456.000000 1.514775753 8.377725601 8.349681854 0.381828874 -0.004921894 -0.098498955 -0.918956220
1403636710163555584.000000 1.525353312 8.376953125 8.383565903 0.381001800 -0.005248722 -0.097520508 -0.919401884
1403636710213555456.000000 1.534154654 8.375526428 8.418569565 0.379915804 -0.005849550 -0.096654899 -0.919938982
1403636710263555584.000000 1.540665865 8.373149872 8.454784393 0.377968758 -0.007149161 -0.097651735 -0.920626342
1403636710313555456.000000 1.550957918 8.382872581 8.503368378 -0.374543965 0.010649715 0.102413796 0.921474338
1403636710363555584.000000 1.554095268 8.379039764 8.541324615 -0.369800538 0.014050630 0.108949743 0.922594309
1403636710413555456.000000 1.556463480 8.374809265 8.579775810 -0.364122510 0.017028855 0.114033170 0.924186826
1403636710463555584.000000 1.557747960 8.370608330 8.618627548 -0.357538581 0.018813282 0.118283845 0.926186383
1403636710513555456.000000 1.558498263 8.366337776 8.656587601 0.350150049 -0.020670511 -0.121377632 -0.928566277
1403636710563555584.000000 1.557972908 8.362286568 8.694494247 0.343240350 -0.021853274 -0.122530706 -0.930964470
1403636710613555456.000000 1.554405928 8.365402222 8.739704132 -0.336983830 0.022961654 0.122244045 0.933258355
1403636710663555584.000000 1.551901460 8.362525940 8.776486397 -0.330049574 0.023408132 0.120652921 0.935928583
1403636710713555456.000000 1.548833609 8.360466003 8.812500000 -0.323423833 0.023652654 0.116723962 0.938729525
1403636710763555584.000000 1.546378851 8.359517097 8.848284721 0.315947920 -0.023787867 -0.112338297 -0.941802144
1403636710813555456.000000 1.545372963 8.358436584 8.881694794 0.309415758 -0.022603555 -0.103661239 -0.944989622
1403636710863555584.000000 1.545615673 8.357357025 8.913581848 0.302184820 -0.020182902 -0.095142677 -0.948274732
1403636710913555456.000000 1.542345285 8.357955933 8.948800087 -0.294804215 0.017871670 0.087109067 0.951411128
1403636710963555584.000000 1.545359612 8.356912613 8.978425980 -0.288129568 0.016428133 0.079472363 0.954146564
1403636711013555456.000000 1.549694777 8.355679512 9.007149696 -0.282897919 0.012488110 0.070381992 0.956482768
1403636711063555584.000000 1.555254102 8.354679108 9.035263062 0.277377009 -0.012063026 -0.066041917 -0.958412826
1403636711113555456.000000 1.559371471 8.350066185 9.063057899 -0.273760945 0.010924091 0.060142454 0.959853351
1403636711163555584.000000 1.566607475 8.346760750 9.089525223 -0.270563006 0.011181399 0.056459438 0.960980237
1403636711213555456.000000 1.573880911 8.342501640 9.115987778 -0.268009096 0.011315315 0.053723846 0.961850762
1403636711263555584.000000 1.580000520 8.336821556 9.141673088 0.266078383 -0.011695344 -0.052006692 -0.962476373
1403636711313555456.000000 1.587620497 8.329748154 9.166752815 0.263456613 -0.013538249 -0.053322170 -0.963101327
1403636711363555584.000000 1.595512748 8.321621895 9.191239357 0.261660784 -0.015515929 -0.055017594 -0.963465571
1403636711413555456.000000 1.605643988 8.312570572 9.215326309 0.260411412 -0.021255299 -0.056323420 -0.963619113
1403636711463555584.000000 1.616368055 8.302203178 9.237777710 0.259841770 -0.029027363 -0.056845866 -0.963539422
1403636711513555456.000000 1.626340151 8.284626007 9.257145882 -0.260414690 0.035813149 0.056469370 0.963178575
1403636711563555584.000000 1.637210369 8.272365570 9.278364182 -0.262197554 0.040486004 0.053640448 0.962671280
1403636711613555456.000000 1.647748709 8.258407593 9.298314095 -0.263946742 0.043045662 0.051471047 0.962200642
1403636711663555584.000000 1.657451391 8.243891716 9.317522049 0.265730828 -0.043885350 -0.049797792 -0.961759508
1403636711713555456.000000 1.666916370 8.227310181 9.335248947 0.267791092 -0.042339735 -0.048144538 -0.961341441
1403636711763555584.000000 1.676273227 8.208849907 9.351585388 0.268866003 -0.041349757 -0.048838317 -0.961049557
1403636711813555456.000000 1.684935331 8.188756943 9.366747856 0.269030511 -0.039385021 -0.051843118 -0.960928559
1403636711863555584.000000 1.693431616 8.167032242 9.380639076 0.268207848 -0.036712196 -0.056933079 -0.960976303
1403636711913555456.000000 1.702275395 8.143795967 9.393218040 0.266722709 -0.033902533 -0.063763306 -0.961063981
1403636711963555584.000000 1.711604238 8.119788170 9.404008865 0.265196770 -0.031447176 -0.070572279 -0.961093843
1403636712013555456.000000 1.717887878 8.084922791 9.401617050 -0.263525397 0.030330554 0.077531710 0.961053252
1403636712063555584.000000 1.728463292 8.059665680 9.408843040 -0.261764944 0.029677758 0.083941735 0.961016238
1403636712113555456.000000 1.740187764 8.034310341 9.414399147 -0.260806799 0.030431075 0.087450482 0.960940242
1403636712163555584.000000 1.752749681 8.012037277 9.420772552 0.259932131 -0.031421833 -0.088535607 -0.961046040
1403636712213555456.000000 1.765701294 7.988499641 9.424356461 0.259078681 -0.030386593 -0.083533406 -0.961757302
1403636712263555584.000000 1.779664040 7.964743614 9.426624298 0.256893784 -0.028887628 -0.076334201 -0.962987125
1403636712313555456.000000 1.794816852 7.940662384 9.427705765 0.253303796 -0.028662812 -0.068210319 -0.964553297
1403636712363555584.000000 1.810418010 7.915804863 9.427590370 0.248687074 -0.027758412 -0.060206793 -0.966312289
1403636712413555456.000000 1.828120589 7.889559269 9.423611641 -0.244051099 0.027537810 0.054085486 0.967861295
1403636712463555584.000000 1.844810486 7.863037586 9.420603752 -0.239271030 0.028258640 0.048382983 0.969334781
1403636712513555456.000000 1.862262845 7.835536957 9.416445732 -0.234086201 0.028658479 0.044293083 0.970783472
1403636712563555584.000000 1.879642963 7.807581902 9.411360741 0.228926226 -0.029495809 -0.041898087 -0.972094297
1403636712613555456.000000 1.896259069 7.778065205 9.405549049 0.223705575 -0.032390490 -0.040416740 -0.973279595
1403636712663555584.000000 1.911038518 7.747774601 9.399248123 0.218482673 -0.036246933 -0.040486362 -0.974326670
1403636712713555456.000000 1.923821092 7.716820240 9.392208099 0.214051038 -0.039614446 -0.040583506 -0.975174785
1403636712763555584.000000 1.937463045 7.690894127 9.387751579 -0.210064873 0.040822063 0.040516671 0.975994289
1403636712813555456.000000 1.946080685 7.658751488 9.379320145 -0.207029730 0.040400509 0.040804006 0.976648152
1403636712863555584.000000 1.953018546 7.626032352 9.369785309 -0.204846933 0.038220312 0.041171279 0.977180660
1403636712913555456.000000 1.957997680 7.593853951 9.358551025 0.203226641 -0.035786096 -0.041497052 -0.977597237
1403636712963555584.000000 1.961136818 7.560501099 9.346656799 0.202485040 -0.032483805 -0.041184317 -0.977879584
1403636713013555456.000000 1.963270664 7.527017593 9.334214211 0.202761680 -0.030176084 -0.039480399 -0.977966487
1403636713063555584.000000 1.966040254 7.492824078 9.320269585 0.201993167 -0.030732907 -0.040385861 -0.978071213
1403636713113555456.000000 1.969517469 7.457463741 9.304207802 0.200285494 -0.031283781 -0.041997313 -0.978337049
1403636713163555584.000000 1.973821402 7.421741486 9.286715508 0.198991373 -0.030149516 -0.042987511 -0.978593707
1403636713213555456.000000 1.977057576 7.390557289 9.274817467 -0.198339328 0.028968912 0.044539541 0.978692353
1403636713263555584.000000 1.984424949 7.354445934 9.254480362 -0.197736382 0.026465558 0.045642294 0.978834391
1403636713313555456.000000 1.993570566 7.318382263 9.233366013 -0.197981730 0.025072835 0.045526490 0.978826880
1403636713363555584.000000 2.004190683 7.281922817 9.209269524 0.197978288 -0.022918053 -0.046138946 -0.978851676
1403636713413555456.000000 2.016992092 7.245646477 9.186007500 0.197388709 -0.022792026 -0.048392318 -0.978864908
1403636713463555584.000000 2.030009270 7.209624767 9.162053108 0.197197765 -0.022218565 -0.050193451 -0.978825867
1403636713513555456.000000 2.043245316 7.173492432 9.136662483 0.196714506 -0.021600232 -0.052625947 -0.978809178
1403636713563555584.000000 2.056103706 7.137530804 9.111001015 0.196295634 -0.021868888 -0.055294037 -0.978740156
1403636713613555456.000000 2.067232132 7.102156162 9.085195541 0.195826501 -0.020323221 -0.059399515 -0.978626966
1403636713663555584.000000 2.073571444 7.070600986 9.062680244 -0.195611715 0.019220684 0.062651485 0.978489399
1403636713713555456.000000 2.081722975 7.036570072 9.036919594 -0.195290849 0.018600712 0.066161625 0.978334427
1403636713763555584.000000 2.087959290 7.003288746 9.011347771 -0.195304260 0.018040676 0.069475301 0.978112459
1403636713813555456.000000 2.092615128 6.970907211 8.985717773 0.195354253 -0.017352063 -0.071750566 -0.977950692
1403636713863555584.000000 2.096209764 6.939953327 8.959871292 0.196301907 -0.017238434 -0.072300784 -0.977722406
1403636713913555456.000000 2.098568439 6.910254955 8.933845520 0.198029324 -0.016352430 -0.070875339 -0.977493644
1403636713963555584.000000 2.099541664 6.881573200 8.907670975 0.199745223 -0.015512749 -0.069008999 -0.977291703
1403636714013555456.000000 2.098824024 6.853683949 8.881443024 0.201431632 -0.014092212 -0.068016328 -0.977036655
1403636714063555584.000000 2.097246170 6.826768875 8.855048180 0.204491079 -0.013892846 -0.063458167 -0.976710558
1403636714113555456.000000 2.093874931 6.800242424 8.828932762 0.206080571 -0.013309354 -0.062819593 -0.976425886
1403636714163555584.000000 2.087448120 6.777811527 8.806205750 -0.207718432 0.013283109 0.061680503 0.976151764
1403636714213555456.000000 2.082468271 6.752439022 8.779833794 -0.208853856 0.014794416 0.061799068 0.975880206
1403636714263555584.000000 2.076197386 6.727475643 8.753888130 -0.208968341 0.016348952 0.064244077 0.975672960
1403636714313555456.000000 2.068717003 6.702915668 8.727894783 -0.209125087 0.017094200 0.066699170 0.975461841
1403636714363555584.000000 2.061224937 6.680799484 8.700859070 0.209689438 -0.016234379 -0.067934617 -0.975270092
1403636714413555456.000000 2.051680803 6.658201218 8.674614906 0.210371718 -0.012542362 -0.068585262 -0.975132108
1403636714463555584.000000 2.041074991 6.635950089 8.648639679 0.209316969 -0.007927595 -0.069256425 -0.975360036
1403636714513555456.000000 2.029811859 6.614324570 8.623081207 0.206903234 -0.003290850 -0.069304511 -0.975898087
1403636714563555584.000000 2.017829657 6.593359947 8.598239899 0.202583835 0.000620345 -0.069876596 -0.976768553
1403636714613555456.000000 2.006124735 6.573824406 8.581699371 -0.197426885 -0.004172231 0.068607025 0.977905095
1403636714663555584.000000 1.994210601 6.554465771 8.558711052 -0.191011935 -0.006843932 0.065392867 0.979383171
1403636714713555456.000000 1.983651042 6.535991669 8.536213875 -0.182870701 -0.009070382 0.062043946 0.981135368
1403636714763555584.000000 1.975809097 6.518697262 8.513559341 0.173766389 0.010982165 -0.057105180 -0.983068526
1403636714813555456.000000 1.969796658 6.501893044 8.491225243 0.163790047 0.011866448 -0.049951799 -0.985158324
1403636714863555584.000000 1.965834618 6.485686302 8.468959808 0.153254807 0.012301965 -0.041961171 -0.987218797
1403636714913555456.000000 1.967438936 6.472285748 8.448810577 -0.142012656 -0.013119838 0.034919400 0.989161730
1403636714963555584.000000 1.967588663 6.456861019 8.427270889 -0.130155325 -0.014480779 0.029191514 0.990957975
1403636715013555456.000000 1.969867945 6.441983223 8.405797958 -0.119706549 -0.015322813 0.023617007 0.992410183
1403636715063555584.000000 1.974301934 6.427415848 8.384894371 -0.110069938 -0.016305154 0.018767009 0.993612945
1403636715113555456.000000 1.979805589 6.414141655 8.364448547 0.102277435 0.017994339 -0.013342731 -0.994503736
1403636715163555584.000000 1.986713648 6.400411606 8.344367027 0.095159255 0.018609518 -0.010863885 -0.995228827
1403636715213555456.000000 1.994217634 6.386852741 8.325270653 0.089962579 0.018908797 -0.007769241 -0.995735347
1403636715263555584.000000 2.000990629 6.373523712 8.307713509 0.085165232 0.017935498 -0.006711505 -0.996182859
1403636715313555456.000000 2.006665707 6.360520363 8.291958809 0.081090152 0.015749676 -0.006932618 -0.996558249
1403636715363555584.000000 2.012323380 6.347811222 8.278967857 -0.078086495 -0.013906317 0.006876181 0.996825933
1403636715413555456.000000 2.015886068 6.335103035 8.266862869 -0.074911840 -0.009920762 0.009748207 0.997093201
1403636715463555584.000000 2.017474174 6.323104858 8.256133080 -0.072633848 -0.006143215 0.012497667 0.997261524
1403636715513555456.000000 2.016784668 6.313020229 8.245777130 0.069647051 0.002421608 -0.018079046 -0.997404993
1403636715563555584.000000 2.014526129 6.302649975 8.236624718 0.066470921 -0.000689904 -0.025707997 -0.997456968
1403636715613555456.000000 2.010487556 6.293704987 8.228178978 0.065376215 -0.001499639 -0.028759433 -0.997445047
1403636715663555584.000000 2.006091356 6.286240101 8.219938278 0.066141665 -0.005713338 -0.027917730 -0.997403264
1403636715713555456.000000 2.001492977 6.279954433 8.211761475 0.068478093 -0.011839214 -0.023316009 -0.997309923
1403636715763555584.000000 1.996507287 6.274477959 8.203188896 0.071273133 -0.017005010 -0.018301172 -0.997143984
1403636715813555456.000000 1.992135763 6.269546509 8.193757057 0.073990457 -0.021627799 -0.014069216 -0.996925116
1403636715863555584.000000 1.983573318 6.261588573 8.185654640 -0.075925305 0.025748895 0.011372209 0.996716201
1403636715913555456.000000 1.982370853 6.256685734 8.173435211 -0.078390777 0.029716806 0.007736226 0.996449709
1403636715963555584.000000 1.981525421 6.251505852 8.159394264 -0.080043286 0.032359753 0.007004480 0.996241391
1403636716013555456.000000 1.982498527 6.247671127 8.143239021 0.081107400 -0.033637386 -0.006867826 -0.996113956
1403636716063555584.000000 1.982943773 6.242565155 8.126158714 0.082431786 -0.033057977 -0.007100245 -0.996023059
1403636716113555456.000000 1.983971953 6.237179279 8.107254982 0.082938954 -0.031781763 -0.009530919 -0.996002138
1403636716163555584.000000 1.985255241 6.231587410 8.086695671 0.083771959 -0.026754830 -0.011971473 -0.996053874
1403636716213555456.000000 1.987066269 6.225607395 8.064222336 0.084624626 -0.020311929 -0.015060918 -0.996092021
1403636716263555584.000000 1.988214970 6.219770908 8.040944099 0.086311311 -0.016245117 -0.016402800 -0.996000707
1403636716313555456.000000 1.987243414 6.214029312 8.017431259 0.087788612 -0.012391257 -0.017689412 -0.995905042
1403636716363555584.000000 1.973322868 6.210492134 7.999262810 -0.089408606 0.010507184 0.018890260 0.995760500
1403636716413555456.000000 1.969046474 6.205513477 7.976664543 -0.090773255 0.010014214 0.019584799 0.995628655
1403636716463555584.000000 1.962863922 6.201073170 7.955101013 -0.092199810 0.008908764 0.019700218 0.995505810
1403636716513555456.000000 1.957751632 6.196250916 7.933121204 0.093559265 -0.009283546 -0.019948220 -0.995370567
1403636716563555584.000000 1.949625015 6.191773415 7.912347317 0.094157048 -0.009748917 -0.017792109 -0.995350659
1403636716613555456.000000 1.939931393 6.187145710 7.892158985 0.093143873 -0.009421154 -0.015994197 -0.995479643
1403636716663555584.000000 1.928759575 6.182354927 7.872325897 0.090278395 -0.009823250 -0.014288043 -0.995765626
1403636716713555456.000000 1.916102171 6.177516937 7.852775574 0.086107358 -0.009618800 -0.012152466 -0.996165335
1403636716763555584.000000 1.902021289 6.172638893 7.833508492 0.080829859 -0.010067408 -0.010597461 -0.996620774
1403636716813555456.000000 1.887101412 6.167590141 7.814137936 0.073942356 -0.009889538 -0.008441930 -0.997177780
1403636716863555584.000000 1.871438503 6.169012547 7.800065041 -0.065821379 0.009764886 0.006157509 0.997764707
1403636716913555456.000000 1.857910633 6.163756847 7.779994011 -0.056445044 0.009319522 0.003372970 0.998356581
1403636716963555584.000000 1.845854044 6.158681393 7.759347439 -0.045955144 0.007743794 -0.001073957 0.998912930
1403636717013555456.000000 1.835757852 6.153840542 7.738082886 -0.035028301 0.007779273 -0.005166723 0.999342740
1403636717063555584.000000 1.826345563 6.145603657 7.715647221 0.023813240 -0.006655171 0.009932985 -0.999644995
1403636717113555456.000000 1.819171309 6.139758587 7.692974091 0.013233576 -0.006350268 0.014366811 -0.999789059
1403636717163555584.000000 1.813508034 6.134322643 7.670008183 0.004863634 -0.005911868 0.019034589 -0.999789596
1403636717213555456.000000 1.808635473 6.129205227 7.647026539 -0.002587818 -0.005401367 0.023087626 -0.999715567
1403636717263555584.000000 1.803846836 6.124639988 7.623652935 -0.007953385 -0.005138661 0.028571934 -0.999546945
1403636717313555456.000000 1.804202318 6.126309395 7.601195812 0.012148382 0.004361367 -0.035308830 0.999293149
1403636717363555584.000000 1.799790740 6.121670723 7.577471733 0.014097914 0.004897755 -0.043273035 0.998951852
1403636717413555456.000000 1.794772148 6.116579533 7.553717136 0.015593957 0.005363949 -0.049964920 0.998614907
1403636717463555584.000000 1.789201498 6.111176014 7.529538155 -0.017125189 -0.005743719 0.054024711 -0.998376310
1403636717513555456.000000 1.781515002 6.104374886 7.506106853 -0.018556109 -0.005482086 0.055290978 -0.998282850
1403636717563555584.000000 1.772277594 6.096261024 7.483215809 -0.020591578 -0.006005178 0.053647190 -0.998329639
1403636717613555456.000000 1.761020541 6.086990833 7.460945606 -0.022642622 -0.005473822 0.050272655 -0.998463869
1403636717663555584.000000 1.748363972 6.076818466 7.439050198 -0.023370478 -0.006259541 0.048704434 -0.998520195
1403636717713555456.000000 1.734150410 6.065725327 7.417486191 -0.023882817 -0.006945134 0.047012504 -0.998584628
1403636717763555584.000000 1.718870640 6.053663731 7.396180630 -0.023594219 -0.006424282 0.050247304 -0.998437464
1403636717813555456.000000 1.712110639 6.039616585 7.376757622 0.025328238 0.005696233 -0.051939774 0.998312771
1403636717863555584.000000 1.697939277 6.024858475 7.354618549 0.028187186 0.005092049 -0.055149339 0.998067260
1403636717913555456.000000 1.685563326 6.008037567 7.331866741 0.032597691 0.004796507 -0.058373302 0.997750938
1403636717963555584.000000 1.672764421 5.991514206 7.309897900 -0.037903920 -0.004898576 0.062126845 -0.997336268
1403636718013555456.000000 1.662863851 5.971938133 7.285988808 -0.045199253 -0.004983069 0.064981669 -0.996849835
1403636718063555584.000000 1.654660463 5.950766563 7.261265278 -0.053489219 -0.004485361 0.067255557 -0.996290863
1403636718113555456.000000 1.647753119 5.927965164 7.235836983 -0.064105682 -0.004445679 0.066828229 -0.995693147
1403636718163555584.000000 1.640908122 5.904227257 7.210611820 -0.074834295 -0.003517115 0.066325814 -0.994981587
1403636718213555456.000000 1.633152843 5.879960060 7.185686588 -0.084594890 -0.002831107 0.065800384 -0.994236410
1403636718263555584.000000 1.620971322 5.856285572 7.153886318 0.093200766 0.001630632 -0.065515168 0.993488193
1403636718313555456.000000 1.609045267 5.831456184 7.129796505 0.101087049 0.000404039 -0.064693578 0.992771864
1403636718363555584.000000 1.595526338 5.806516171 7.105885506 0.108971246 -0.000202766 -0.065259382 0.991900384
1403636718413555456.000000 1.580495000 5.780982494 7.083102703 0.117091671 -0.001721382 -0.065611735 0.990949929
1403636718463555584.000000 1.563475490 5.756211281 7.061123371 -0.125958353 0.002437108 0.064941265 -0.989904642
1403636718513555456.000000 1.545915008 5.730612278 7.039486408 -0.134640381 0.002694882 0.065871857 -0.988698959
1403636718563555584.000000 1.527493477 5.705330849 7.018555164 -0.142668724 0.003444156 0.064944126 -0.987631559
1403636718613555456.000000 1.503505230 5.682135582 6.997843742 0.150131196 -0.004565688 -0.063758209 0.986597538
1403636718663555584.000000 1.483937979 5.657697201 6.978843689 0.157439992 -0.006126925 -0.060347181 0.985663891
1403636718713555456.000000 1.463430047 5.634237289 6.961053848 0.163629025 -0.008124827 -0.058343336 0.984761715
1403636718763555584.000000 1.442677617 5.612229824 6.944036961 0.168394908 -0.008133433 -0.058464833 0.983950675
1403636718813555456.000000 1.422390938 5.591413498 6.927995682 -0.170915827 0.008101671 0.062611125 -0.983260930
1403636718863555584.000000 1.402710319 5.571643353 6.912657738 -0.171825051 0.007306960 0.069134660 -0.982671440
1403636718913555456.000000 1.377684832 5.552340031 6.893249512 0.172418684 -0.005673753 -0.074684322 0.982172072
1403636718963555584.000000 1.361196995 5.533804417 6.877460957 0.172513619 -0.003880140 -0.079860561 0.981756747
1403636719013555456.000000 1.347266078 5.515238762 6.861610889 0.172798678 -0.002667758 -0.083537422 0.981404662
1403636719063555584.000000 1.335435629 5.497576237 6.844727993 -0.173388481 0.000418350 0.085271321 -0.981154978
1403636719113555456.000000 1.325535297 5.479237080 6.827186584 -0.173633143 -0.002278253 0.086649351 -0.980988443
1403636719163555584.000000 1.317746997 5.460363388 6.809536934 -0.174233064 -0.005590173 0.086211324 -0.980907381
1403636719213555456.000000 1.311089158 5.441520691 6.791118622 -0.174524084 -0.008751021 0.085234948 -0.980917871
1403636719263555584.000000 1.303530574 5.422852993 6.772576332 -0.174527258 -0.011908006 0.084280126 -0.980966508
1403636719313555456.000000 1.294090629 5.404412270 6.753993511 -0.175131395 -0.013838984 0.081129789 -0.981099129
1403636719363555584.000000 1.282763481 5.386529922 6.735373497 -0.174959213 -0.016215505 0.079986975 -0.981187284
1403636719413555456.000000 1.260781169 5.367038250 6.709027767 0.174621150 0.018034665 -0.078374803 0.981345832
1403636719463555584.000000 1.245152831 5.350270271 6.690178871 0.174328119 0.018661078 -0.076689474 0.981519341
1403636719513555456.000000 1.227877021 5.334108353 6.671019554 0.173834667 0.018508641 -0.075325042 0.981715381
1403636719563555584.000000 1.210844040 5.318677902 6.652567387 -0.172808304 -0.015619924 0.075053997 -0.981967568
1403636719613555456.000000 1.192657471 5.303788185 6.632798672 -0.172407061 -0.012728640 0.073208578 -0.982219100
1403636719663555584.000000 1.176397085 5.289256096 6.612361908 -0.170771658 -0.009221211 0.073683277 -0.982508421
1403636719713555456.000000 1.161982775 5.275291920 6.590685368 -0.169200286 -0.005667039 0.073311441 -0.982834995
1403636719763555584.000000 1.149548292 5.261802197 6.567748070 -0.167564914 -0.003266334 0.072762333 -0.983166873
1403636719813555456.000000 1.137377739 5.249027729 6.539530277 0.165848091 0.001062560 -0.072111979 0.983510613
1403636719863555584.000000 1.128909945 5.236297607 6.515063763 0.164452568 0.000469118 -0.071209677 0.983811140
1403636719913555456.000000 1.121537924 5.224151134 6.490550518 0.163170502 -0.000205174 -0.070270866 0.984092116
1403636719963555584.000000 1.114620209 5.211967945 6.465816975 -0.162022814 0.002025099 0.069653653 -0.984323561
1403636720013555456.000000 1.106632471 5.200621605 6.441898823 -0.160475329 0.002266877 0.069908470 -0.984558523
1403636720063555584.000000 1.097255230 5.189435005 6.419137001 -0.160070255 0.002981226 0.069343686 -0.984662473
1403636720113555456.000000 1.086737156 5.178577423 6.397421837 -0.159290075 0.003306281 0.069672011 -0.984764814
1403636720163555584.000000 1.074299812 5.168154716 6.376691818 -0.158822417 0.004455471 0.069746353 -0.984830439
1403636720213555456.000000 1.061019778 5.157982826 6.356944561 -0.159044936 0.004701389 0.068937935 -0.984850347
1403636720263555584.000000 1.048491240 5.150594711 6.338107586 0.159104660 -0.004452464 -0.068790451 0.984852195
1403636720313555456.000000 1.033852339 5.141457558 6.319900513 0.159427896 -0.004435938 -0.068049014 0.984851480
1403636720363555584.000000 1.018144608 5.132853985 6.302462578 0.159687817 -0.004365860 -0.068373553 0.984787166
1403636720413555456.000000 1.001725912 5.124504089 6.285325050 0.160396472 -0.004469227 -0.068142347 0.984687626
1403636720463555584.000000 0.984888256 5.115505695 6.267737389 -0.161220074 0.005113016 0.067683391 -0.984581590
1403636720513555456.000000 0.970018208 5.108006477 6.250538826 -0.161808684 0.005619055 0.067419596 -0.984500408
1403636720563555584.000000 0.956912160 5.101041317 6.233137608 -0.162816733 0.005747457 0.066857904 -0.984371781
1403636720613555456.000000 0.945561886 5.094583988 6.215728760 -0.162871629 0.006268255 0.068319768 -0.984259129
1403636720663555584.000000 0.936461449 5.088674068 6.198055267 -0.164018884 0.006380753 0.067759953 -0.984106600
1403636720713555456.000000 0.929373205 5.083514214 6.179635048 -0.163885638 0.004860009 0.067745872 -0.984138429
1403636720763555584.000000 0.934096456 5.081217766 6.169384003 0.162994906 -0.006147024 -0.066758521 0.984346569
1403636720813555456.000000 0.930481315 5.077057838 6.151804924 0.159761235 -0.006315534 -0.066033155 0.984924495
1403636720863555584.000000 0.927118123 5.073657990 6.135211945 0.154922590 -0.006229568 -0.065861836 0.985709131
1403636720913555456.000000 0.921452343 5.070079803 6.119071484 -0.148971811 0.006127736 0.064045757 -0.986746252
1403636720963555584.000000 0.915435076 5.067538738 6.104155540 -0.142671779 0.004863927 0.061628498 -0.987837613
1403636721013555456.000000 0.907812476 5.065268517 6.090058804 -0.137267947 0.003447889 0.057942677 -0.988831818
1403636721063555584.000000 0.899129391 5.063484192 6.076808453 -0.131145194 0.001474928 0.054517247 -0.989861965
1403636721113555456.000000 0.889173985 5.062444210 6.064364433 -0.124247149 0.000349355 0.051013317 -0.990939081
1403636721163555584.000000 0.878873765 5.062445641 6.052471638 -0.115757301 -0.002207868 0.048270505 -0.992101490
1403636721213555456.000000 0.868941247 5.062754154 6.040266037 -0.107827537 -0.003629718 0.044814672 -0.993152380
1403636721263555584.000000 0.861310303 5.064397335 6.030341148 0.101084374 0.006400631 -0.041289829 0.994000137
1403636721313555456.000000 0.854589760 5.065441608 6.017422199 0.094523892 0.006679669 -0.039184093 0.994728744
1403636721363555584.000000 0.849400580 5.067215919 6.003180504 0.088290878 0.007153686 -0.037557703 0.995360732
1403636721413555456.000000 0.846020043 5.068993568 5.987924099 0.083019182 0.008258692 -0.036752217 0.995835841
1403636721463555584.000000 0.843445778 5.072503567 5.970261574 -0.078740478 -0.008001374 0.035526063 -0.996229827
1403636721513555456.000000 0.841271043 5.075493336 5.953348637 -0.073312789 -0.007468697 0.035245985 -0.996658027
1403636721563555584.000000 0.838146508 5.078852654 5.936470032 -0.067650713 -0.006797120 0.034096461 -0.997103155
1403636721613555456.000000 0.833687901 5.082587719 5.920045376 -0.061549347 -0.006100018 0.033807389 -0.997512758
1403636721663555584.000000 0.827685297 5.086337566 5.904064178 -0.056530163 -0.005023526 0.033384264 -0.997829974
1403636721713555456.000000 0.820526421 5.090014458 5.888578892 -0.052584905 -0.005951813 0.033367760 -0.998041153
1403636721763555584.000000 0.816322029 5.092493534 5.878833294 0.048887607 0.005446460 -0.034549195 0.998191774
1403636721813555456.000000 0.806574106 5.095981121 5.864501953 0.046887882 0.005823405 -0.034095809 0.998301148
1403636721863555584.000000 0.795810461 5.099432945 5.850709915 0.045849808 0.006444803 -0.033154394 0.998377264
1403636721913555456.000000 0.784432650 5.102697372 5.837268353 0.045016371 0.006629650 -0.033228993 0.998411536
1403636721963555584.000000 0.772581160 5.106139660 5.824113846 0.043943934 0.007011520 -0.036033463 0.998359382
1403636722013555456.000000 0.757550061 5.110537529 5.806116104 -0.042832356 -0.007270739 0.039470583 -0.998275876
1403636722063555584.000000 0.747601628 5.113342762 5.791101456 -0.042204369 -0.007521975 0.042626303 -0.998171031
1403636722113555456.000000 0.739574194 5.115633965 5.775290489 -0.042852934 -0.007340390 0.043537676 -0.998105347
1403636722163555584.000000 0.733053029 5.117245674 5.758667946 -0.044089563 -0.006824460 0.042328525 -0.998107195
1403636722213555456.000000 0.728610516 5.118319988 5.741279125 -0.045393307 -0.006540360 0.041368581 -0.998090863
1403636722263555584.000000 0.733103991 5.118593693 5.725555420 0.046685815 0.005179115 -0.040162545 0.998088539
1403636722313555456.000000 0.729770064 5.118978500 5.707714081 0.048353434 0.005421657 -0.038672045 0.998066664
1403636722363555584.000000 0.725439906 5.119526386 5.690243721 0.048791237 0.004915620 -0.038074426 0.998071015
1403636722413555456.000000 0.718387187 5.119476795 5.672621250 -0.047430560 -0.004675164 0.037870649 -0.998145461
1403636722463555584.000000 0.711061060 5.120207787 5.655576229 -0.045092851 -0.005365688 0.037242934 -0.998273969
1403636722513555456.000000 0.702583551 5.120895863 5.638886929 -0.042894423 -0.005649786 0.035857812 -0.998419940
1403636722563555584.000000 0.693221152 5.121546745 5.622490406 -0.040643554 -0.005535148 0.035157047 -0.998539686
1403636722613555456.000000 0.683186054 5.122010708 5.606392860 -0.038407594 -0.005531256 0.036052994 -0.998596251
1403636722663555584.000000 0.672727883 5.122262955 5.590535164 -0.036561683 -0.005210048 0.036138602 -0.998664200
1403636722713555456.000000 0.662049115 5.122172356 5.574676514 -0.034972750 -0.005740886 0.036463160 -0.998706400
1403636722763555584.000000 0.661053002 5.120964050 5.556307316 0.033224981 0.004894361 -0.037429247 0.998734832
1403636722813555456.000000 0.651058137 5.120325089 5.540119648 0.032187402 0.004192691 -0.038109425 0.998746336
1403636722863555584.000000 0.643028975 5.119196415 5.522591591 0.031220561 0.004333654 -0.038854849 0.998747647
1403636722913555456.000000 0.635774910 5.117416859 5.503920555 -0.031142551 -0.004012651 0.037787423 -0.998792350
1403636722963555584.000000 0.629899621 5.115138531 5.484972000 -0.031530682 -0.003503071 0.036628000 -0.998825312
1403636723013555456.000000 0.624771059 5.112555504 5.464709282 -0.032374758 -0.003997117 0.034750611 -0.998863518
1403636723063555584.000000 0.621722281 5.109529018 5.444875717 -0.033346292 -0.004877626 0.032468755 -0.998904467
1403636723113555456.000000 0.619541287 5.106331825 5.425479889 -0.033785939 -0.005243558 0.031463210 -0.998919964
1403636723163555584.000000 0.617916167 5.103250980 5.406647205 -0.033734508 -0.005551718 0.031193364 -0.998928547
1403636723213555456.000000 0.615881979 5.100266457 5.388688087 -0.033706900 -0.005490844 0.030627541 -0.998947263
1403636723263555584.000000 0.605258465 5.096571922 5.382751465 0.032961145 0.005661191 -0.031660546 0.998939037
1403636723313555456.000000 0.600037873 5.093524456 5.365237236 0.031708214 0.006100850 -0.033791769 0.998907149
1403636723363555584.000000 0.594070852 5.090398788 5.348183155 0.029619897 0.006217333 -0.034202214 0.998956561
1403636723413555456.000000 0.583641708 5.087934494 5.330164433 -0.025551701 -0.007114907 0.035314944 -0.999024212
1403636723463555584.000000 0.575551569 5.085102081 5.313194752 -0.020188518 -0.009543509 0.036395125 -0.999087989
1403636723513555456.000000 0.567509115 5.081857681 5.296274185 -0.014786533 -0.013769571 0.034361526 -0.999205232
1403636723563555584.000000 0.561712921 5.077766895 5.279712677 -0.010425211 -0.020339262 0.030043015 -0.999287307
1403636723613555456.000000 0.557204068 5.073198318 5.261869431 -0.006531104 -0.026884472 0.026129024 -0.999275684
1403636723663555584.000000 0.553573787 5.068357944 5.243002892 -0.002513975 -0.028149989 0.023188148 -0.999331653
1403636723713555456.000000 0.550861835 5.062985897 5.223101139 0.001368530 -0.024629420 0.021749429 -0.999459147
1403636723763555584.000000 0.550021350 5.056590080 5.194570541 -0.005420527 0.019605128 -0.019904723 0.999594927
1403636723813555456.000000 0.547056913 5.050519466 5.172438145 -0.008097130 0.014824616 -0.017152723 0.999710262
1403636723863555584.000000 0.543519497 5.044371128 5.150341034 -0.010596362 0.011306009 -0.015220013 0.999764085
1403636723913555456.000000 0.538275421 5.038170815 5.129634857 0.012703223 -0.007768866 0.013283258 -0.999800920
1403636723963555584.000000 0.531729877 5.031961441 5.108881950 0.014674702 -0.003451378 0.011326115 -0.999822259
1403636724013555456.000000 0.524123907 5.026091576 5.088645458 0.017923485 0.000713934 0.010317094 -0.999785841
1403636724063555584.000000 0.515707850 5.020650864 5.069289207 0.022339888 0.004098901 0.008524589 -0.999705732
1403636724113555456.000000 0.505947232 5.015714645 5.050619602 0.028175633 0.007717694 0.006738464 -0.999550581
1403636724163555584.000000 0.496038228 5.011321068 5.032606125 0.035234023 0.007707175 0.005327895 -0.999335229
1403636724213555456.000000 0.480230719 5.008594513 5.014701366 -0.042496227 -0.008733630 -0.001880061 0.999056697
1403636724263555584.000000 0.468746096 5.004498005 4.998450279 -0.051146537 -0.008396794 0.000927246 0.998655498
1403636724313555456.000000 0.457143068 5.000668526 4.983042717 -0.060529411 -0.006966040 0.003017308 0.998137593
1403636724363555584.000000 0.447137743 4.996993542 4.968041897 0.069811240 0.004624343 -0.005750205 -0.997532964
1403636724413555456.000000 0.437650412 4.992999554 4.952492714 0.079274043 0.001398323 -0.008230250 -0.996817887
1403636724463555584.000000 0.429615676 4.988705635 4.936835766 0.087103538 -0.000769332 -0.010985557 -0.996138453
1403636724513555456.000000 0.423542202 4.984066963 4.920866013 0.094230823 -0.003730271 -0.011959339 -0.995471597
1403636724563555584.000000 0.418121308 4.978957653 4.904211044 0.099792913 -0.006221258 -0.013525086 -0.994896889
1403636724613555456.000000 0.414321333 4.973771572 4.887785912 0.104680501 -0.006793080 -0.014766309 -0.994373143
1403636724663555584.000000 0.413019955 4.968026161 4.870872498 0.108276159 -0.007628735 -0.015711527 -0.993967414
1403636724713555456.000000 0.411003441 4.963598251 4.862833500 -0.110830069 0.008135417 0.016887890 0.993662655
1403636724763555584.000000 0.413608134 4.956905365 4.845481873 -0.112838373 0.007646307 0.017900154 0.993422747
1403636724813555456.000000 0.418020606 4.949586391 4.827467918 -0.114004172 0.006800516 0.018603021 0.993282855
1403636724863555584.000000 0.424619675 4.941763401 4.808152676 0.114325076 -0.005836204 -0.019719550 -0.993230581
1403636724913555456.000000 0.432750553 4.933600903 4.789176941 0.113552928 -0.005153277 -0.021626515 -0.993283153
1403636724963555584.000000 0.442602515 4.925148010 4.769873142 0.112187140 -0.004481890 -0.023974312 -0.993387759
1403636725013555456.000000 0.454390466 4.916605473 4.750407696 0.110305369 -0.004484189 -0.026567271 -0.993532538
1403636725063555584.000000 0.468403935 4.908257961 4.730374813 0.108708113 -0.005080196 -0.028573239 -0.993650019
1403636725113555456.000000 0.483658850 4.900289059 4.709996223 0.107236363 -0.004764092 -0.030120257 -0.993765771
1403636725163555584.000000 0.499874175 4.892961502 4.689971447 0.105886087 -0.003854487 -0.031685758 -0.993865907
1403636725213555456.000000 0.517316937 4.885604382 4.676924229 -0.105688758 0.004026377 0.030807214 0.993913829
1403636725263555584.000000 0.532541394 4.879395008 4.658045769 -0.104794823 0.003574823 0.030953914 0.994005620
1403636725313555456.000000 0.546654582 4.873873711 4.639696598 -0.105475970 0.002845689 0.028763134 0.994001746
1403636725363555584.000000 0.558658302 4.868547440 4.620874882 0.105602264 -0.002602127 -0.027569158 -0.994022846
1403636725413555456.000000 0.569971383 4.864036083 4.603622437 0.106129743 -0.002808535 -0.025661016 -0.994017184
1403636725463555584.000000 0.579763949 4.859807014 4.587268829 0.106398642 -0.002783140 -0.024895357 -0.994008005
1403636725513555456.000000 0.588311732 4.855954170 4.571602345 0.106889188 -0.002571199 -0.023342969 -0.993993640
1403636725563555584.000000 0.595267534 4.852389336 4.556675434 0.107451193 -0.001774278 -0.022631757 -0.993951201
1403636725613555456.000000 0.601219893 4.849097252 4.542677402 0.108064510 -0.001856107 -0.021232236 -0.993915439
1403636725663555584.000000 0.606078029 4.845643520 4.529828548 0.108191900 -0.003560544 -0.021038361 -0.993901074
1403636725713555456.000000 0.606829226 4.839073658 4.521636009 -0.108386651 0.004152507 0.021514634 0.993867397
1403636725763555584.000000 0.609206319 4.835622787 4.511099339 -0.108340673 0.003714259 0.021434868 0.993875802
1403636725813555456.000000 0.609983444 4.832145214 4.501137733 -0.108270831 0.004081850 0.021116748 0.993888736
1403636725863555584.000000 0.609512091 4.828658104 4.492268562 -0.107732110 0.002548558 0.021782069 0.993938088
1403636725913555456.000000 0.607594252 4.826497555 4.481342793 0.106588393 -0.002836911 -0.023671675 -0.994017422
1403636725963555584.000000 0.605349660 4.823686600 4.473258018 0.105875708 -0.002293333 -0.024176076 -0.994082868
1403636726013555456.000000 0.602444947 4.821046352 4.465842724 0.105144046 -0.003255166 -0.024751948 -0.994143605
1403636726063555584.000000 0.598709643 4.818567276 4.459251404 0.104848512 -0.003570789 -0.023753611 -0.994198084
1403636726113555456.000000 0.593953550 4.816344738 4.453344345 0.104827307 -0.003825302 -0.022461813 -0.994229436
1403636726163555584.000000 0.588418007 4.814082146 4.448232651 0.104586609 -0.005664995 -0.021333860 -0.994270861
1403636726213555456.000000 0.588982224 4.807804585 4.428030014 -0.104340024 0.005171597 0.020573318 0.994315445
1403636726263555584.000000 0.581564009 4.805178165 4.423702240 -0.104084291 0.005279517 0.019364953 0.994365931
1403636726313555456.000000 0.574866891 4.802256584 4.419091702 -0.103315175 0.005693206 0.019115591 0.994448662
1403636726363555584.000000 0.571667254 4.801664352 4.414664268 0.102953918 -0.006842086 -0.018060781 -0.994498670
1403636726413555456.000000 0.570134044 4.799276829 4.410121918 0.102132775 -0.007291364 -0.017650582 -0.994587481
1403636726463555584.000000 0.570953608 4.796628475 4.405502319 0.101061866 -0.008046313 -0.017976115 -0.994685233
1403636726513555456.000000 0.573249519 4.793835640 4.400928497 0.099538200 -0.008622461 -0.020154905 -0.994792283
1403636726563555584.000000 0.577252209 4.790783882 4.395868301 0.096358731 -0.010327869 -0.026467318 -0.994941175
1403636726613555456.000000 0.582085133 4.787752151 4.390011311 0.092636392 -0.011820002 -0.034626652 -0.995027542
1403636726663555584.000000 0.587047875 4.785157204 4.382674217 0.089438535 -0.014762189 -0.041529570 -0.995016634
1403636726713555456.000000 0.582019508 4.778725624 4.340898037 -0.088842690 0.015422105 0.042260520 0.995029271
1403636726763555584.000000 0.588885546 4.777762413 4.329154491 -0.090006627 0.016129753 0.038611252 0.995061755
1403636726813555456.000000 0.596637368 4.777251244 4.314764500 -0.091592096 0.015996648 0.032913346 0.995123982
1403636726863555584.000000 0.607383847 4.778384209 4.301131248 -0.091822349 0.016056845 0.026517987 0.995292723
1403636726913555456.000000 0.628046632 4.787020683 4.299764156 0.091166563 -0.015336998 -0.021539111 -0.995484591
1403636726963555584.000000 0.641959131 4.789729595 4.286827564 0.090198018 -0.014856586 -0.017899066 -0.995652199
1403636727013555456.000000 0.657169342 4.792502880 4.273497105 0.089141592 -0.014881315 -0.016027886 -0.995778859
1403636727063555584.000000 0.672298610 4.795030594 4.259396553 0.088771604 -0.014932526 -0.013377651 -0.995850265
1403636727113555456.000000 0.685007036 4.796353817 4.242991924 0.088385686 -0.014220413 -0.010987574 -0.995924175
1403636727163555584.000000 0.696508825 4.797610283 4.226793289 0.088612124 -0.013148103 -0.007875110 -0.995948315
1403636727213555456.000000 0.706184149 4.796615124 4.186179638 -0.088889562 0.012544956 0.004934676 0.995950341
1403636727263555584.000000 0.713912845 4.795924664 4.168303013 -0.089401379 0.011798494 0.002175590 0.995923460
1403636727313555456.000000 0.719984472 4.794674397 4.148844242 -0.090242863 0.011040431 -0.000688304 0.995858371
1403636727363555584.000000 0.728402317 4.797220707 4.141137600 0.090222150 -0.009059035 0.001641871 -0.995879173
1403636727413555456.000000 0.734003305 4.795816422 4.126453876 0.090444699 -0.008783402 0.002691001 -0.995859146
1403636727463555584.000000 0.738929629 4.793673992 4.111822128 0.090839520 -0.008843481 0.003801920 -0.995819092
1403636727513555456.000000 0.743916452 4.790504456 4.096791744 0.090113118 -0.010539912 0.001979819 -0.995873809
1403636727563555584.000000 0.749589801 4.786352634 4.081242561 0.088827491 -0.012248883 -0.001529391 -0.995970607
1403636727613555456.000000 0.756304145 4.781497478 4.064515591 0.088465661 -0.013873004 -0.002600548 -0.995979309
1403636727663555584.000000 0.763763905 4.776106358 4.046996593 0.087663367 -0.014323323 -0.004734590 -0.996035993
1403636727713555456.000000 0.777287602 4.771786690 4.023977280 -0.087821819 0.012470936 0.004477956 0.996048093
1403636727763555584.000000 0.788839102 4.765167713 4.005143642 -0.088201135 0.011777948 0.003459372 0.996027052
1403636727813555456.000000 0.801738918 4.757937431 3.984721899 -0.088576727 0.011091617 0.001960465 0.996005714
1403636727863555584.000000 0.816280782 4.749942780 3.962946892 -0.090730056 0.009875741 -0.002852660 0.995822549
1403636727913555456.000000 0.830914319 4.742536068 3.944277763 0.092546657 -0.009534094 0.007387959 -0.995635271
1403636727963555584.000000 0.843882799 4.733180046 3.923629999 0.093005672 -0.009426435 0.008535239 -0.995584428
1403636728013555456.000000 0.855133057 4.722821236 3.903377771 0.092724837 -0.009157386 0.007137486 -0.995624125
1403636728063555584.000000 0.864915133 4.711555004 3.883596659 0.092189766 -0.009071571 0.005316365 -0.995685935
1403636728113555456.000000 0.873311043 4.699539661 3.864033222 0.090977401 -0.010894450 0.001877975 -0.995791614
1403636728163555584.000000 0.880275846 4.686910152 3.844671726 0.090766296 -0.012125724 0.000153619 -0.995798409
1403636728213555456.000000 0.884941757 4.672439575 3.838597059 -0.090314656 0.013134697 0.001640167 0.995825350
1403636728263555584.000000 0.888994873 4.658973694 3.819951296 -0.090034090 0.013838783 0.002857638 0.995838463
1403636728313555456.000000 0.891358793 4.644999981 3.801471233 -0.089632586 0.013714065 0.004444906 0.995870650
1403636728363555584.000000 0.892539859 4.630772591 3.783454657 -0.089979149 0.013313902 0.004253984 0.995845556
1403636728413555456.000000 0.891813755 4.615913391 3.765955687 -0.088418201 0.013018281 0.008281022 0.995963991
1403636728463555584.000000 0.889660895 4.602179050 3.747977257 0.086263396 -0.014005743 -0.014365177 -0.996070385
1403636728513555456.000000 0.885958970 4.587742805 3.730397701 0.083748959 -0.014033614 -0.021670353 -0.996152461
1403636728563555584.000000 0.881180108 4.573914528 3.712750673 0.081782401 -0.013719112 -0.025059562 -0.996240675
1403636728613555456.000000 0.875661671 4.560894966 3.695104122 0.079355642 -0.014239071 -0.026674911 -0.996387661
1403636728663555584.000000 0.869963765 4.548569679 3.677052259 0.077631488 -0.013216965 -0.021951184 -0.996652842
1403636728713555456.000000 0.864826977 4.530236244 3.676326990 -0.075456597 0.013085114 0.015427118 0.996943891
1403636728763555584.000000 0.862026155 4.518399715 3.657564640 -0.070812367 0.012424294 0.008903575 0.997372568
1403636728813555456.000000 0.860886931 4.506496429 3.638350010 -0.065124199 0.011591973 0.001945012 0.997807980
1403636728863555584.000000 0.861352980 4.494012833 3.618391752 -0.059039228 0.011347994 -0.003311127 0.998185694
1403636728913555456.000000 0.861460209 4.481642246 3.594277143 0.053199179 -0.012516501 0.008298840 -0.998471022
1403636728963555584.000000 0.861754179 4.469097614 3.572340250 0.047678221 -0.013288210 0.011136476 -0.998712301
1403636729013555456.000000 0.861029327 4.456305504 3.550354004 0.042557478 -0.014502204 0.013711573 -0.998894691
1403636729063555584.000000 0.859038055 4.443310261 3.528554916 0.038292896 -0.016030796 0.016408414 -0.999003232
1403636729113555456.000000 0.855371416 4.430290699 3.507192850 0.034263466 -0.016926231 0.017865196 -0.999109864
1403636729163555584.000000 0.850096285 4.416962147 3.485880613 0.031385615 -0.016588386 0.019445453 -0.999180555
1403636729213555456.000000 0.843174934 4.402791023 3.490336418 -0.029199045 0.014520884 -0.019903958 0.999269962
1403636729263555584.000000 0.835368633 4.388609409 3.469868422 -0.026352419 0.013445753 -0.018494422 0.999391258
1403636729313555456.000000 0.826793790 4.374133110 3.449506283 -0.024937583 0.013059473 -0.019012580 0.999422908
1403636729363555584.000000 0.817248046 4.359530926 3.429691792 -0.023503633 0.013071793 -0.018443303 0.999468207
1403636729413555456.000000 0.807334542 4.344815731 3.405366659 0.022931308 -0.013894134 0.019116888 -0.999457657
1403636729463555584.000000 0.798758030 4.329767704 3.382225752 0.022395743 -0.014009549 0.019314267 -0.999464452
1403636729513555456.000000 0.791230977 4.314478397 3.357796192 0.021813242 -0.013919263 0.019166576 -0.999481440
1403636729563555584.000000 0.784884632 4.299158096 3.332590818 0.021286383 -0.013300421 0.018671568 -0.999510586
1403636729613555456.000000 0.780780494 4.283805847 3.307342052 0.021045208 -0.012399319 0.018655054 -0.999527633
1403636729663555584.000000 0.777763784 4.268356323 3.281082869 0.020917166 -0.011782911 0.018341867 -0.999543607
1403636729713555456.000000 0.776578367 4.251980782 3.271268129 -0.020502355 0.012313864 -0.017044587 0.999568701
1403636729763555584.000000 0.774551868 4.236437321 3.245510101 -0.021017756 0.010382541 -0.017401665 0.999573767
1403636729813555456.000000 0.772065401 4.220848083 3.220450163 -0.021277642 0.008270768 -0.016727468 0.999599457
1403636729863555584.000000 0.767950237 4.205206871 3.195827723 -0.021819148 0.005532223 -0.017107410 0.999600291
1403636729913555456.000000 0.760504544 4.188773155 3.166299343 0.021542804 -0.003782023 0.014983865 -0.999648571
1403636729963555584.000000 0.753366888 4.172889233 3.140936852 0.021980196 -0.002043841 0.015951850 -0.999629140
1403636730013555456.000000 0.745412707 4.156779289 3.116426468 0.021834895 -0.000515007 0.014928685 -0.999650061
1403636730063555584.000000 0.736746132 4.140453815 3.092492342 0.021546112 0.000311881 0.014803780 -0.999658227
1403636730113555456.000000 0.727263093 4.124029160 3.069403887 0.021019761 0.000945088 0.014841354 -0.999668479
1403636730163555584.000000 0.717056394 4.107719898 3.046991587 0.020638594 0.000709132 0.013763552 -0.999692023
1403636730213555456.000000 0.708502412 4.089827538 3.030026674 -0.021023305 -0.002049646 -0.014644560 0.999669671
1403636730263555584.000000 0.696843207 4.073781490 3.009393692 -0.020673648 -0.002098915 -0.014892617 0.999673128
1403636730313555456.000000 0.684861124 4.058072090 2.989260912 -0.019752922 -0.001534490 -0.013009243 0.999719143
1403636730363555584.000000 0.671706796 4.042284966 2.969751358 -0.019342247 -0.002018411 -0.012944035 0.999727190
1403636730413555456.000000 0.656318367 4.025363922 2.949085951 0.019419182 0.003236786 0.013735642 -0.999711871
1403636730463555584.000000 0.643481553 4.009604931 2.930344582 0.018945862 0.006835058 0.013289491 -0.999708891
1403636730513555456.000000 0.632710040 3.994096279 2.911128998 0.019314107 0.010655901 0.014493215 -0.999651670
1403636730563555584.000000 0.624466836 3.978416443 2.892280579 0.018878445 0.014804548 0.013594423 -0.999619782
1403636730613555456.000000 0.619033635 3.962863922 2.874859571 0.018573625 0.017694453 0.013026262 -0.999586105
1403636730663555584.000000 0.610876083 3.949242830 2.856322289 -0.018338133 -0.019300705 -0.012502056 0.999567389
1403636730713555456.000000 0.612124264 3.933710814 2.840728521 -0.017931759 -0.020345567 -0.012336615 0.999556124
1403636730763555584.000000 0.616150558 3.917666435 2.826014996 -0.018311579 -0.021599555 -0.012929068 0.999515414
1403636730813555456.000000 0.621444762 3.902085781 2.811356783 -0.018106019 -0.022040056 -0.013335182 0.999504209
1403636730863555584.000000 0.630735636 3.886684418 2.799645185 0.017486699 0.022747124 0.011206693 -0.999525547
1403636730913555456.000000 0.637941062 3.871236563 2.787141085 0.016513625 0.023597863 0.007573147 -0.999556482
1403636730963555584.000000 0.644499660 3.856020689 2.776033640 0.014905533 0.022367636 0.002537675 -0.999635458
1403636731013555456.000000 0.649746299 3.841297388 2.766365528 0.013511590 0.021040944 -0.002690758 -0.999683738
1403636731063555584.000000 0.654637873 3.827291489 2.758051157 0.011394030 0.015532232 -0.009352289 -0.999770701
1403636731113555456.000000 0.658889353 3.814504147 2.750750780 0.010542343 0.008916846 -0.013207732 -0.999817431
1403636731163555584.000000 0.649034381 3.807152748 2.732291698 -0.009893760 -0.003007868 0.015358889 0.999828637
1403636731213555456.000000 0.650387168 3.797365427 2.726255655 -0.010976335 0.000907785 0.013676291 0.999845862
1403636731263555584.000000 0.650512159 3.789103031 2.720589161 -0.012778888 0.004336558 0.009724004 0.999861658
1403636731313555456.000000 0.651405394 3.783957481 2.716078997 0.015061157 -0.006186553 -0.004692114 -0.999856472
1403636731363555584.000000 0.649989843 3.778332710 2.711449623 0.016886666 -0.006766179 -0.000707325 -0.999834359
1403636731413555456.000000 0.647075534 3.773349285 2.707033396 0.018956942 -0.005728571 0.004268030 -0.999794841
1403636731463555584.000000 0.643266618 3.768626213 2.702875853 0.019604763 -0.006337953 0.005792665 -0.999770939
1403636731513555456.000000 0.638003826 3.764135361 2.698834896 0.019279514 -0.005482498 0.004620218 -0.999788463
1403636731563555584.000000 0.631732464 3.759892702 2.694857359 0.017590607 -0.004991021 0.000537503 -0.999832690
1403636731613555456.000000 0.624965489 3.756244421 2.690917015 0.016639302 -0.005280476 -0.002432877 -0.999844730
1403636731663555584.000000 0.617703259 3.750885248 2.693924904 -0.015842058 0.005147852 0.004978866 0.999848902
1403636731713555456.000000 0.609281182 3.749139786 2.690172672 -0.016232861 0.005383500 0.004474887 0.999843776
1403636731763555584.000000 0.599662483 3.748340130 2.686150551 -0.017394163 0.005022991 0.001431696 0.999835134
1403636731813555456.000000 0.588882089 3.748474121 2.682084322 -0.018046651 0.005087971 -0.000513591 0.999824107
1403636731863555584.000000 0.578983247 3.750045776 2.680457830 0.018647892 -0.004894726 0.003041533 -0.999809504
1403636731913555456.000000 0.567225218 3.751111984 2.677473545 0.018715229 -0.005202909 0.004856060 -0.999799550
1403636731963555584.000000 0.554705918 3.752395391 2.674617529 0.018593427 -0.005967522 0.005212163 -0.999795735
1403636732013555456.000000 0.541224241 3.753767014 2.672016621 0.018441863 -0.006195949 0.005926268 -0.999793231
1403636732063555584.000000 0.526944399 3.755544424 2.669476509 0.018444464 -0.007733308 0.006916675 -0.999776065
1403636732113555456.000000 0.511221349 3.757514477 2.667171955 0.018045578 -0.007865333 0.006370353 -0.999785960
1403636732163555584.000000 0.498410344 3.758953571 2.673530579 -0.018062171 0.007907823 -0.007604337 0.999776661
1403636732213555456.000000 0.482454896 3.761352301 2.670604467 -0.017970949 0.009520157 -0.008197926 0.999759614
1403636732263555584.000000 0.467637867 3.763721943 2.666743279 -0.018228928 0.010325689 -0.010153668 0.999729037
1403636732313555456.000000 0.454077780 3.766400576 2.661419153 -0.017422097 0.011269449 -0.009205281 0.999742389
1403636732363555584.000000 0.440201670 3.769808769 2.655517578 0.018174343 -0.010834134 0.011824919 -0.999706209
1403636732413555456.000000 0.429946631 3.772371054 2.647546530 0.019705813 -0.012493672 0.016191032 -0.999596655
1403636732463555584.000000 0.422090858 3.774730444 2.638125181 0.022091139 -0.015005689 0.023304373 -0.999371648
1403636732513555456.000000 0.415771276 3.776512623 2.626344204 0.024869969 -0.017937046 0.031811073 -0.999023438
1403636732563555584.000000 0.410235941 3.777131319 2.613426447 0.026740996 -0.020961950 0.037975799 -0.998700917
1403636732613555456.000000 0.415676743 3.775097847 2.613777161 -0.028249938 0.023495156 -0.043176975 0.998391628
1403636732663555584.000000 0.412048787 3.772651911 2.598878622 -0.027512262 0.026055187 -0.042903427 0.998360455
1403636732713555456.000000 0.409820080 3.768966913 2.583122253 -0.025659114 0.027994141 -0.039148405 0.998511553
1403636732763555584.000000 0.410360694 3.763961315 2.568160534 -0.023486301 0.028265344 -0.034495380 0.998728991
1403636732813555456.000000 0.404800743 3.754299164 2.544132233 0.021428166 -0.029205313 0.029747207 -0.998900950
1403636732863555584.000000 0.402972251 3.746643543 2.523636103 0.020543180 -0.029444890 0.027850511 -0.998967111
1403636732913555456.000000 0.403808534 3.738292456 2.509987354 -0.019849207 0.028165651 -0.026770875 0.999047637
1403636732963555584.000000 0.398525953 3.729694128 2.488397360 -0.019187452 0.026107946 -0.025706982 0.999144316
1403636733013555456.000000 0.391631663 3.720788479 2.466792107 -0.018651413 0.023259252 -0.025289042 0.999235511
1403636733063555584.000000 0.384477615 3.711739779 2.445119858 -0.018468989 0.020530948 -0.025279578 0.999298990
1403636733113555456.000000 0.377862155 3.699650288 2.423590183 0.018191228 -0.016491048 0.024993069 -0.999386072
1403636733163555584.000000 0.370070606 3.688895464 2.393882751 0.019083980 -0.016544364 0.027696656 -0.999297261
1403636733213555456.000000 0.367361188 3.677223682 2.369214535 0.018753175 -0.015161538 0.027854320 -0.999321043
1403636733263555584.000000 0.373317599 3.662932396 2.350641489 -0.018661026 0.014030895 -0.029089220 0.999304116
1403636733313555456.000000 0.372712553 3.649940491 2.323597670 -0.017619984 0.013433723 -0.027458487 0.999377370
1403636733363555584.000000 0.372482359 3.636531591 2.296116352 -0.016524104 0.011259037 -0.025626374 0.999471605
1403636733413555456.000000 0.373631924 3.622671843 2.268584728 -0.015307771 0.008699478 -0.024081491 0.999554992
1403636733463555584.000000 0.376438200 3.608056784 2.240774155 -0.014428549 0.006916936 -0.021432893 0.999642313
1403636733513555456.000000 0.378050059 3.592777014 2.214183807 0.014175600 -0.004792675 0.021115413 -0.999665082
1403636733563555584.000000 0.380402923 3.577658892 2.186839819 0.013776432 -0.003318976 0.020196758 -0.999695599
1403636733613555456.000000 0.381845176 3.562388897 2.159866810 0.013643559 -0.002027472 0.021205122 -0.999680042
1403636733663555584.000000 0.381789804 3.546880007 2.133401632 0.013086842 -0.000862646 0.019450819 -0.999724865
1403636733713555456.000000 0.390764296 3.529155016 2.102712154 -0.013071383 -0.000635563 -0.019767627 0.999718964
1403636733763555584.000000 0.388414979 3.513504267 2.077703953 -0.013154563 -0.000911870 -0.020625327 0.999700367
1403636733813555456.000000 0.384293288 3.497847080 2.053532600 -0.012913187 -0.002902152 -0.020104922 0.999710321
1403636733863555584.000000 0.379218519 3.481854439 2.029530525 -0.012778325 -0.003804516 -0.020146249 0.999708235
1403636733913555456.000000 0.373606026 3.466468334 2.008283138 0.013208117 0.002715426 0.021760924 -0.999672294
1403636733963555584.000000 0.367169857 3.450610876 1.986275554 0.014381650 0.000514865 0.024893414 -0.999586582
1403636734013555456.000000 0.360142261 3.434432745 1.964884520 0.014786080 -0.002743613 0.026160354 -0.999544680
1403636734063555584.000000 0.352237254 3.418121099 1.943836927 0.015258052 -0.005278194 0.026195420 -0.999526501
1403636734113555456.000000 0.344009697 3.401234627 1.922956109 0.015288290 -0.007369075 0.024674717 -0.999551475
1403636734163555584.000000 0.336320847 3.384064436 1.901607633 0.015472867 -0.008090301 0.024247989 -0.999553502
1403636734213555456.000000 0.333582193 3.368784189 1.863469362 -0.014442060 0.007717819 -0.022923486 0.999603152
1403636734263555584.000000 0.329207063 3.350666523 1.840420961 -0.013384739 0.008426567 -0.021815512 0.999636948
1403636734313555456.000000 0.325881273 3.332607269 1.816767693 -0.012458199 0.007262448 -0.020252999 0.999690950
1403636734363555584.000000 0.324203461 3.314463139 1.792465210 -0.011746820 0.005824926 -0.019282307 0.999728143
1403636734413555456.000000 0.323904306 3.296461105 1.768602490 0.010718577 -0.004194042 0.017816372 -0.999775112
1403636734463555584.000000 0.324935585 3.278233051 1.743714333 0.010179428 -0.002335072 0.017733689 -0.999788284
1403636734513555456.000000 0.325879276 3.260042906 1.719063759 0.009516301 -0.000777669 0.017338024 -0.999804139
1403636734563555584.000000 0.325826645 3.241919041 1.694971085 0.009041472 0.001496080 0.017210752 -0.999809861
1403636734613555456.000000 0.324772179 3.223825932 1.671408534 0.008413800 0.003480439 0.016959893 -0.999814749
1403636734663555584.000000 0.322522223 3.206203222 1.648631930 0.008422556 0.005337849 0.017911857 -0.999789834
1403636734713555456.000000 0.311017662 3.193306684 1.613128662 -0.007748598 -0.006178867 -0.018761534 0.999774933
1403636734763555584.000000 0.306280255 3.175984383 1.591623306 -0.007487625 -0.005836738 -0.020186847 0.999751151
1403636734813555456.000000 0.299827248 3.159044027 1.570975780 -0.006905860 -0.006955393 -0.020068381 0.999750555
1403636734863555584.000000 0.292482316 3.142034054 1.551174641 -0.006188635 -0.007092702 -0.020175211 0.999752223
1403636734913555456.000000 0.287814468 3.126083136 1.535878539 0.005326081 0.007377986 0.019789431 -0.999762774
1403636734963555584.000000 0.279843122 3.109629154 1.519228697 0.004894734 0.007700274 0.019198112 -0.999774098
1403636735013555456.000000 0.271332204 3.093278170 1.503499866 0.005059043 0.007620338 0.020335224 -0.999751449
1403636735063555584.000000 0.262203842 3.076806307 1.488527656 0.004669785 0.007111900 0.019694693 -0.999769866
1403636735113555456.000000 0.252934217 3.060425520 1.473680258 0.004588302 0.007097118 0.018894792 -0.999785781
1403636735163555584.000000 0.244505748 3.044367552 1.458595634 0.004245520 0.007300945 0.017658046 -0.999808490
1403636735213555456.000000 0.213300869 3.032987118 1.429116249 -0.004075485 -0.007447149 -0.016547633 0.999827087
1403636735263555584.000000 0.208502725 3.017127752 1.414436221 -0.004097844 -0.008741019 -0.014978931 0.999841273
1403636735313555456.000000 0.206209198 3.000902176 1.399605989 -0.004472232 -0.010197365 -0.013478784 0.999847174
1403636735363555584.000000 0.206798434 2.984802246 1.384788394 -0.005113001 -0.011294045 -0.012192857 0.999848902
1403636735413555456.000000 0.216679618 2.972743034 1.373191953 0.006152954 0.009812115 0.011974704 -0.999861240
1403636735463555584.000000 0.225239858 2.957965136 1.358593225 0.007276355 0.009159276 0.010496570 -0.999876499
1403636735513555456.000000 0.235122710 2.943645954 1.344113827 0.009350860 0.008355906 0.010844056 -0.999862611
1403636735563555584.000000 0.246515870 2.929542303 1.329612732 0.011244399 0.007095124 0.010861697 -0.999852598
1403636735613555456.000000 0.257782996 2.915301323 1.314727664 0.013069496 0.006136220 0.011313455 -0.999831796
1403636735663555584.000000 0.268159598 2.901093483 1.300137877 0.015055955 0.005816447 0.011553082 -0.999803007
1403636735713555456.000000 0.257508576 2.892415285 1.280983090 -0.015949644 -0.004962112 -0.010116477 0.999809325
1403636735763555584.000000 0.265991002 2.879242659 1.268534422 -0.017559199 -0.005419046 -0.010818618 0.999772668
1403636735813555456.000000 0.271212041 2.866086960 1.255801082 -0.018311357 -0.005154208 -0.009674093 0.999772251
1403636735863555584.000000 0.274628699 2.853701115 1.243853450 -0.019002728 -0.004426467 -0.009871296 0.999760926
1403636735913555456.000000 0.285073012 2.844817400 1.237904191 0.018935891 0.004074819 0.009507656 -0.999767184
1403636735963555584.000000 0.289055914 2.833695412 1.229124546 0.019375702 0.004021015 0.010140221 -0.999752820
1403636736013555456.000000 0.293123126 2.822356462 1.220626116 0.018134095 0.003287995 0.011683933 -0.999761939
1403636736063555584.000000 0.297911525 2.810663939 1.211895704 0.015326263 0.002757461 0.013594551 -0.999786317
1403636736113555456.000000 0.304396033 2.798539162 1.202445745 0.010615640 0.000792518 0.014498364 -0.999838293
1403636736163555584.000000 0.312188029 2.786162615 1.192185044 0.004862580 -0.001026454 0.016754471 -0.999847293
1403636736213555456.000000 0.323735297 2.778378487 1.182574153 0.001625335 0.003170150 -0.018414170 0.999824107
1403636736263555584.000000 0.333252400 2.766113043 1.170865893 0.007498324 0.003808526 -0.020763608 0.999749124
1403636736313555456.000000 0.342222035 2.754012585 1.159266233 0.012574843 0.004218792 -0.023485793 0.999636233
1403636736363555584.000000 0.349768251 2.742142677 1.147995949 0.016876778 0.004375857 -0.026251392 0.999503374
1403636736413555456.000000 0.354570478 2.731565475 1.137312174 -0.020716235 -0.004306374 0.028201813 -0.999378383
1403636736463555584.000000 0.358852178 2.720511198 1.126980066 -0.022773186 -0.004711732 0.033048637 -0.999183178
1403636736513555456.000000 0.361265421 2.709425449 1.117426157 -0.024067491 -0.005712955 0.038450230 -0.998954296
1403636736563555584.000000 0.361879379 2.698438883 1.108449697 -0.025133397 -0.006438794 0.043179523 -0.998730421
1403636736613555456.000000 0.361005187 2.687488794 1.099715233 -0.025758574 -0.007034461 0.047079429 -0.998534203
1403636736663555584.000000 0.359312147 2.676001310 1.091074109 -0.026850877 -0.007946297 0.048609719 -0.998425305
1403636736713555456.000000 0.376371980 2.666664839 1.099380493 0.027805625 0.008436203 -0.050223745 0.998315275
1403636736763555584.000000 0.374098808 2.654997587 1.092263222 0.028502394 0.007769216 -0.051192421 0.998251796
1403636736813555456.000000 0.369841844 2.641860247 1.084022760 0.029280441 0.008807576 -0.052366897 0.998159707
1403636736863555584.000000 0.365776062 2.628284216 1.076123476 0.030769894 0.009092013 -0.051191319 0.998173356
1403636736913555456.000000 0.352428883 2.610613346 1.063690066 -0.031265575 -0.008092172 0.052129075 -0.998118043
1403636736963555584.000000 0.344892740 2.595071793 1.054467082 -0.032955777 -0.008519570 0.050243702 -0.998156786
1403636737013555456.000000 0.336016655 2.578644037 1.045032740 -0.035412356 -0.008119945 0.046965525 -0.998235643
1403636737063555584.000000 0.326541156 2.561929703 1.035532713 -0.037918020 -0.008482040 0.044217639 -0.998266101
1403636737113555456.000000 0.316590160 2.544996262 1.025986075 -0.040864214 -0.009167003 0.040408179 -0.998305202
1403636737163555584.000000 0.306726247 2.528445959 1.016981363 -0.042696685 -0.008934919 0.039584909 -0.998263657
1403636737213555456.000000 0.325284511 2.505751133 1.026726842 0.044471495 0.006940032 -0.038984153 0.998225629
1403636737263555584.000000 0.313517302 2.489316225 1.017977476 0.046701167 0.006123568 -0.036819290 0.998211324
1403636737313555456.000000 0.303370714 2.472259521 1.010100484 0.047683742 0.003957074 -0.037793532 0.998139381
1403636737363555584.000000 0.293126494 2.455819130 1.001503587 0.049293868 0.001984040 -0.037022457 0.998095989
1403636737413555456.000000 0.277342618 2.438682556 0.988474488 -0.050238315 0.000226733 0.037777174 -0.998022497
1403636737463555584.000000 0.268807620 2.422547340 0.976855755 -0.051365525 0.002287931 0.038038678 -0.997952700
1403636737513555456.000000 0.262511253 2.406600714 0.965009809 -0.051869981 0.003943017 0.039404538 -0.997868359
1403636737563555584.000000 0.275093913 2.384496212 0.968039691 0.053017184 -0.005857443 -0.038107000 0.997849047
1403636737613555456.000000 0.272352040 2.369032383 0.956169367 0.054325778 -0.006881558 -0.036027405 0.997849464
1403636737663555584.000000 0.270475000 2.354065180 0.943802714 0.056142226 -0.008360974 -0.032572512 0.997856319
1403636737713555456.000000 0.272417128 2.339367867 0.932367742 0.057408120 -0.009914575 -0.029440612 0.997867405
1403636737763555584.000000 0.270184427 2.323813677 0.918557465 -0.058189292 0.010877774 0.027282704 -0.997873485
1403636737813555456.000000 0.274063349 2.310271263 0.906264901 -0.059009764 0.011031151 0.024518842 -0.997895300
1403636737863555584.000000 0.280174017 2.297631979 0.893260419 -0.059283145 0.011001398 0.022879684 -0.997918308
1403636737913555456.000000 0.288194746 2.285887003 0.880191982 -0.059303179 0.010983112 0.022299502 -0.997930527
1403636737963555584.000000 0.299262345 2.275247335 0.867486596 -0.059233923 0.010530319 0.021548424 -0.997956038
1403636738013555456.000000 0.312843978 2.265599728 0.854965687 -0.058492962 0.009956956 0.021537004 -0.998005807
1403636738063555584.000000 0.338327348 2.246712446 0.863050520 0.057059474 -0.011569813 -0.022530356 0.998049498
1403636738113555456.000000 0.354241312 2.239113569 0.851503134 0.055449329 -0.009983210 -0.025430962 0.998087704
1403636738163555584.000000 0.370344877 2.231436014 0.842856228 0.054460820 -0.008657454 -0.026288753 0.998132229
1403636738213555456.000000 0.384722114 2.224913597 0.833899319 0.053135816 -0.007344290 -0.027656814 0.998177230
1403636738263555584.000000 0.398262590 2.217665195 0.828709722 0.052303623 -0.007205910 -0.027554449 0.998225033
1403636738313555456.000000 0.408724487 2.210624218 0.812276483 -0.050955765 0.007150056 0.028042162 -0.998281538
1403636738363555584.000000 0.419086248 2.204952955 0.805253625 -0.049977593 0.007421776 0.027587866 -0.998341739
1403636738413555456.000000 0.428271890 2.199724674 0.799699605 -0.049248889 0.007786561 0.027364474 -0.998381257
1403636738463555584.000000 0.436228037 2.195311785 0.795569003 -0.047291640 0.008161223 0.027285209 -0.998475075
1403636738513555456.000000 0.442909837 2.191612005 0.792936265 -0.044029038 0.009212186 0.025709223 -0.998656929
1403636738563555584.000000 0.436019391 2.182906389 0.794692695 0.038960453 -0.010447419 -0.023464201 0.998910606
1403636738613555456.000000 0.439451456 2.180634737 0.795158327 0.033204563 -0.012099775 -0.020081308 0.999173582
1403636738663555584.000000 0.441847950 2.178978205 0.797100604 0.025726475 -0.012255150 -0.016772388 0.999453187
1403636738713555456.000000 0.442920953 2.178093672 0.800453544 0.017409721 -0.011458577 -0.012158531 0.999708891
1403636738763555584.000000 0.444761544 2.176732540 0.801911891 -0.007774614 0.008322391 0.007258650 -0.999908864
1403636738813555456.000000 0.443830609 2.177204370 0.805773616 0.002314320 0.005450672 0.001228415 -0.999981761
1403636738863555584.000000 0.441660941 2.178868294 0.810376048 0.012746381 0.001887418 -0.005552953 -0.999901593
1403636738913555456.000000 0.437765718 2.181571484 0.815480888 0.024113704 -0.000159173 -0.011881904 -0.999638677
1403636738963555584.000000 0.432503045 2.185232878 0.821168602 0.035470445 -0.001908359 -0.019622464 -0.999176323
1403636739013555456.000000 0.426067919 2.190063477 0.827185512 0.047368433 -0.003862573 -0.027784981 -0.998483539
1403636739063555584.000000 0.400877535 2.203889370 0.811586320 -0.059377216 0.005872569 0.035964664 0.997570276
1403636739113555456.000000 0.392120540 2.211432695 0.818081975 -0.073577464 0.006812645 0.040166501 0.996457040
1403636739163555584.000000 0.381777734 2.220350027 0.824479163 -0.088707484 0.006463234 0.041824881 0.995158255
1403636739213555456.000000 0.370744526 2.230521202 0.830420792 -0.104068182 0.007354813 0.043664590 0.993584037
1403636739263555584.000000 0.361287832 2.243691206 0.837755442 0.119914778 -0.007343489 -0.044256188 -0.991770148
1403636739313555456.000000 0.349451214 2.256009340 0.844237208 0.135723859 -0.007639194 -0.044162117 -0.989732504
1403636739363555584.000000 0.328478336 2.269542933 0.836343229 -0.151494503 0.007818495 0.043361064 0.987475634
1403636739413555456.000000 0.317876309 2.282213449 0.841560304 -0.165947378 0.007381424 0.044293236 0.985111773
1403636739463555584.000000 0.308761269 2.294695377 0.846045256 -0.179827765 0.007273058 0.045977015 0.982596159
1403636739513555456.000000 0.301588178 2.306765556 0.849834442 -0.192199379 0.006952490 0.050179746 0.980047524
1403636739563555584.000000 0.295777321 2.318202496 0.851330161 0.202320039 -0.008699025 -0.055672105 -0.977697074
1403636739613555456.000000 0.292462468 2.329319477 0.853864908 0.210510314 -0.009380699 -0.060890514 -0.975648403
1403636739663555584.000000 0.290884465 2.340304852 0.856090605 0.217940956 -0.008430941 -0.063536718 -0.973855138
1403636739713555456.000000 0.290270030 2.351020098 0.858324051 0.223456442 -0.009279446 -0.065899044 -0.972439408
1403636739763555584.000000 0.289172024 2.361575842 0.861418605 0.226804152 -0.009828809 -0.070478760 -0.971337259
1403636739813555456.000000 0.286778510 2.372132778 0.865119815 0.229432493 -0.010352860 -0.073097460 -0.970520675
1403636739863555584.000000 0.269271761 2.380254030 0.844121575 -0.231230408 0.010575930 0.074851505 0.969957709
1403636739913555456.000000 0.264671981 2.391516685 0.848864734 -0.232600018 0.010508957 0.075393923 0.969588876
1403636739963555584.000000 0.258560151 2.402998686 0.853632927 -0.233598441 0.010587945 0.075085618 0.969371915
1403636740013555456.000000 0.251221180 2.414633751 0.858338952 -0.234141663 0.009680087 0.074248523 0.969314814
1403636740063555584.000000 0.242624193 2.426262856 0.862386227 -0.234301835 0.008882935 0.072469212 0.969418347
1403636740113555456.000000 0.237253636 2.439783573 0.872968435 0.234863535 -0.008756235 -0.069285564 -0.969516456
1403636740163555584.000000 0.227868557 2.452214479 0.879301608 0.235428050 -0.007770891 -0.065218389 -0.969669938
1403636740213555456.000000 0.217637122 2.464442253 0.885778606 0.235788032 -0.007637495 -0.060641903 -0.969880521
1403636740263555584.000000 0.206441030 2.476006746 0.892217875 0.235857695 -0.006999002 -0.057053123 -0.970086157
1403636740313555456.000000 0.194438711 2.486775875 0.898323238 0.234553277 -0.008777737 -0.057202082 -0.970379114
1403636740363555584.000000 0.165860236 2.489706278 0.886994898 -0.232077584 0.010512335 0.058515579 0.970878720
1403636740413555456.000000 0.150026739 2.498244286 0.891335845 -0.229793027 0.011943200 0.061419629 0.971226156
1403636740463555584.000000 0.133341283 2.507015705 0.895994902 -0.227825314 0.011854474 0.063476942 0.971558452
1403636740513555456.000000 0.115969777 2.514987946 0.899469614 -0.225696325 0.014420097 0.065144986 0.971910179
1403636740563555584.000000 0.105652384 2.527221680 0.912963927 0.224725932 -0.014931977 -0.064906217 -0.972143233
1403636740613555456.000000 0.092451125 2.536187172 0.917922199 0.223466352 -0.015241091 -0.064666264 -0.972444773
1403636740663555584.000000 0.080561921 2.545025110 0.922024786 0.221882239 -0.014337403 -0.066319101 -0.972709894
1403636740713555456.000000 0.069937743 2.553780317 0.924905300 0.220582440 -0.012280514 -0.067616567 -0.972944319
1403636740763555584.000000 0.060155310 2.562788248 0.926747084 0.219794720 -0.009483172 -0.066922285 -0.973201811
1403636740813555456.000000 0.043790005 2.564773560 0.928875744 -0.218863517 0.009399226 0.067163005 0.973395884
1403636740863555584.000000 0.032657884 2.573812485 0.930078804 -0.218145743 0.010242213 0.067002989 0.973559558
1403636740913555456.000000 0.019891962 2.582853556 0.931307018 -0.218500674 0.011002480 0.063624501 0.973698318
1403636740963555584.000000 0.005582150 2.591884613 0.932492673 -0.219784126 0.012171866 0.058688790 0.973705530
1403636741013555456.000000 -0.009068679 2.603472948 0.934092999 0.221950725 -0.011867563 -0.051270477 -0.973636746
1403636741063555584.000000 -0.026341543 2.612671852 0.936006486 0.225050464 -0.012346911 -0.044787798 -0.973238885
1403636741113555456.000000 -0.045876570 2.621167183 0.938294768 0.227760360 -0.013619103 -0.043105777 -0.972667277
1403636741163555584.000000 -0.066114537 2.634389877 0.935182214 0.231041908 -0.015516555 -0.044567943 -0.971798658
1403636741213555456.000000 -0.087448575 2.628912926 0.948418856 -0.234237134 0.017823862 0.049443617 0.970757782
1403636741263555584.000000 -0.112239942 2.633947849 0.951461136 -0.235865071 0.019458547 0.056123622 0.969968677
1403636741313555456.000000 -0.138197452 2.637896061 0.954507828 -0.236862868 0.019565444 0.061976049 0.969366908
1403636741363555584.000000 -0.164652228 2.641012430 0.956930399 -0.237786904 0.016411537 0.068333529 0.968771756
1403636741413555456.000000 -0.191286147 2.643136978 0.958056748 0.239423290 -0.013002304 -0.072547354 -0.968113840
1403636741463555584.000000 -0.210980594 2.647203207 0.963913798 -0.240928352 0.008844575 0.075602531 0.967553437
1403636741513555456.000000 -0.233822539 2.649732351 0.964275479 -0.242096946 0.001739521 0.078309640 0.967085183
1403636741563555584.000000 -0.254675180 2.652313948 0.964297771 -0.241614744 -0.001361521 0.083900295 0.966737449
1403636741613555456.000000 -0.273544490 2.655614376 0.963686228 -0.243400902 -0.005582008 0.082298778 0.966411769
1403636741663555584.000000 -0.289573729 2.657553196 0.964559376 0.244127214 0.007519516 -0.082482450 -0.966199756
1403636741713555456.000000 -0.303895175 2.661343813 0.964188397 0.244668499 0.007179467 -0.081597596 -0.966140628
1403636741763555584.000000 -0.315748930 2.665987968 0.964286149 0.245154530 0.005038640 -0.079495378 -0.966206193
1403636741813555456.000000 -0.326595038 2.671226501 0.964782476 0.245456979 0.002929210 -0.076774448 -0.966358185
1403636741863555584.000000 -0.337846428 2.676986217 0.965765417 0.245831549 0.000561292 -0.072939120 -0.966564298
1403636741913555456.000000 -0.350625485 2.682986021 0.967905998 0.246020928 -0.000353421 -0.068923846 -0.966810882
1403636741963555584.000000 -0.351809084 2.703528404 0.971586585 -0.245642662 0.000203976 0.063599601 0.967271805
1403636742013555456.000000 -0.367200613 2.709824562 0.976212084 -0.245744765 -0.001762271 0.059238199 0.967521191
1403636742063555584.000000 -0.383091301 2.715580225 0.981755018 -0.244464114 -0.004773720 0.057779167 0.967923641
1403636742113555456.000000 -0.398139834 2.721299648 0.988141000 -0.242176041 -0.009469957 0.059364643 0.968368232
1403636742163555584.000000 -0.411482841 2.722595215 0.993323684 0.239733249 0.012218312 -0.062409569 -0.968753755
1403636742213555456.000000 -0.423159808 2.726348639 1.000131607 0.237489104 0.013270614 -0.064535178 -0.969153285
1403636742263555584.000000 -0.432531297 2.730098248 1.007243037 0.234601542 0.013108775 -0.068280309 -0.969602048
1403636742313555456.000000 -0.440231711 2.733922243 1.014070034 0.232521012 0.010560405 -0.068819240 -0.970096111
1403636742363555584.000000 -0.446547329 2.737686634 1.020671010 0.231232375 0.006301511 -0.069579579 -0.970386863
1403636742413555456.000000 -0.450274915 2.741952896 1.027642250 0.229922861 0.001866609 -0.068746947 -0.970775902
1403636742463555584.000000 -0.439307034 2.754324198 1.023610950 -0.228420541 0.000735008 0.068717010 0.971134186
1403636742513555456.000000 -0.440619618 2.759595633 1.030521989 -0.227624610 0.002771790 0.067862563 0.971377432
1403636742563555584.000000 -0.440792203 2.765316010 1.037897110 -0.226689070 0.003847022 0.067542762 0.971614778
1403636742613555456.000000 -0.440344632 2.771234035 1.045128703 -0.226266667 0.005898608 0.066395178 0.971782088
1403636742663555584.000000 -0.443960339 2.775400162 1.053069353 0.225953892 -0.008604242 -0.065645471 -0.971885562
1403636742713555456.000000 -0.447488546 2.780966997 1.061767817 0.225111067 -0.011311953 -0.065126143 -0.972088337
1403636742763555584.000000 -0.453348041 2.786605358 1.071281195 0.224497736 -0.013457518 -0.064361759 -0.972253740
1403636742813555456.000000 -0.460945368 2.792098522 1.080959797 0.224092185 -0.014961913 -0.063978419 -0.972350538
1403636742863555584.000000 -0.470223904 2.797269106 1.090665221 0.223002866 -0.016448257 -0.064395674 -0.972549498
1403636742913555456.000000 -0.480804473 2.802145720 1.099594831 0.222228363 -0.017244590 -0.064831048 -0.972684026
1403636742963555584.000000 -0.486019969 2.810159683 1.100436687 -0.222533360 0.016751228 0.065853573 0.972554207
1403636743013555456.000000 -0.500553608 2.815426588 1.109474659 -0.224518478 0.014675532 0.066797875 0.972066998
1403636743063555584.000000 -0.516828477 2.820903778 1.118464828 -0.226985723 0.009354332 0.069888122 0.971342206
1403636743113555456.000000 -0.533145010 2.826280594 1.127127409 -0.229457662 0.000998924 0.074302711 0.970477879
1403636743163555584.000000 -0.551058412 2.833600760 1.140094042 0.231494471 0.009967486 -0.078779452 -0.969590068
1403636743213555456.000000 -0.567450225 2.840777159 1.147832394 -0.233382314 -0.018006984 0.081732094 0.968776762
1403636743263555584.000000 -0.580435038 2.848348141 1.158095717 -0.235804036 -0.026710821 0.083129331 0.967870116
1403636743313555456.000000 -0.589922309 2.856424332 1.168467879 -0.237025842 -0.029959444 0.085831873 0.967240453
1403636743363555584.000000 -0.596493900 2.865506649 1.179355383 -0.237777859 -0.031540632 0.088404752 0.966773808
1403636743413555456.000000 -0.599056721 2.875834703 1.191361070 0.238688707 0.031417679 -0.089750536 -0.966429234
1403636743463555584.000000 -0.599604547 2.887447596 1.204745770 0.239691272 0.027736539 -0.089373633 -0.966328681
1403636743513555456.000000 -0.600255609 2.900083303 1.218995571 0.240857661 0.024262680 -0.088394910 -0.966222227
1403636743563555584.000000 -0.601602852 2.913655519 1.234446526 0.241907373 0.019320996 -0.086935237 -0.966203868
1403636743613555456.000000 -0.604016066 2.928056717 1.251592636 0.243213117 0.014821189 -0.083202556 -0.966284156
1403636743663555584.000000 -0.607964456 2.943265915 1.270226717 0.244269148 0.011749879 -0.080341324 -0.966302216
1403636743713555456.000000 -0.624580264 2.961275101 1.290157318 -0.245416731 -0.006702876 0.077201940 0.966315448
1403636743763555584.000000 -0.630947888 2.977750063 1.311185360 -0.248133957 -0.001709703 0.074696474 0.965840161
1403636743813555456.000000 -0.639013290 2.994266748 1.333035588 -0.251091838 0.001276958 0.075339928 0.965026081
1403636743863555584.000000 -0.648338675 3.011000156 1.355787516 -0.253436804 0.005240116 0.078476168 0.964149356
1403636743913555456.000000 -0.657013655 3.025280714 1.378816843 0.257117331 -0.008171082 -0.077275448 -0.963251054
1403636743963555584.000000 -0.668280959 3.041229963 1.402666450 0.259943783 -0.010777804 -0.076542355 -0.962525070
1403636744013555456.000000 -0.681056261 3.057207823 1.427503347 0.261940300 -0.012225716 -0.077342324 -0.961902261
1403636744063555584.000000 -0.694923282 3.073177814 1.452802300 0.265984833 -0.013195041 -0.076083221 -0.960879445
1403636744113555456.000000 -0.718773246 3.090618372 1.475744963 -0.269946486 0.014340019 0.077156954 0.959671855
1403636744163555584.000000 -0.735370040 3.105930328 1.501473784 -0.274037272 0.015482446 0.078448951 0.958389103
1403636744213555456.000000 -0.754173875 3.120252371 1.526893616 -0.276885659 0.017333720 0.081075497 0.957319498
1403636744263555584.000000 -0.774228692 3.133691072 1.552520037 0.279020697 -0.019993352 -0.084301375 -0.956368685
1403636744313555456.000000 -0.795907438 3.146934509 1.578091025 0.281016350 -0.020735238 -0.086402923 -0.955580652
1403636744363555584.000000 -0.819064379 3.159988165 1.604069352 0.281936467 -0.021683043 -0.090028755 -0.954953730
1403636744413555456.000000 -0.846291244 3.174841881 1.628326893 -0.281797826 0.022912048 0.093644105 0.954618216
1403636744463555584.000000 -0.872061431 3.187605381 1.654006481 -0.281286985 0.024153931 0.097572446 0.954344809
1403636744513555456.000000 -0.899186730 3.200417042 1.679302573 -0.279237419 0.026086284 0.102946885 0.954331160
1403636744563555584.000000 -0.927433670 3.214118958 1.704348087 -0.278625846 0.028222997 0.103882991 0.954347670
1403636744613555456.000000 -0.956574678 3.228222370 1.729021311 0.277211785 -0.030449642 -0.106331751 -0.954421341
1403636744663555584.000000 -0.987037838 3.242941380 1.752899408 0.276737303 -0.032210439 -0.106451407 -0.954487860
1403636744713555456.000000 -1.028634071 3.261326313 1.778738499 -0.277591705 0.034236308 0.102862373 0.954562783
1403636744763555584.000000 -1.060906768 3.276791811 1.800185561 -0.279532164 0.033565458 0.097564749 0.954576492
1403636744813555456.000000 -1.092405438 3.292097092 1.819848061 -0.281015724 0.032042950 0.093773618 0.954573214
1403636744863555584.000000 -1.123423696 3.306639671 1.836596251 0.282169133 -0.029278265 -0.090633281 -0.954625070
1403636744913555456.000000 -1.152750373 3.320642948 1.852138281 0.282973200 -0.024456779 -0.088176273 -0.954752862
1403636744963555584.000000 -1.177201271 3.338557243 1.871388793 -0.282438070 0.021258967 0.087402001 0.955058992
1403636745013555456.000000 -1.202428818 3.351633072 1.884208083 -0.281308532 0.016801907 0.088000163 0.955426276
1403636745063555584.000000 -1.225361347 3.364871740 1.896681309 -0.280019552 0.012892509 0.087708421 0.955892265
1403636745113555456.000000 -1.247189283 3.377890110 1.908615828 -0.278008670 0.008150027 0.088501379 0.956458271
1403636745163555584.000000 -1.267533660 3.389757395 1.920032024 0.275356650 -0.006965579 -0.090646304 -0.957033694
1403636745213555456.000000 -1.286135912 3.402783394 1.931434989 0.273754835 -0.005821644 -0.088698819 -0.957683146
1403636745263555584.000000 -1.304165006 3.416141272 1.943031192 0.271633714 -0.004704808 -0.087687895 -0.958386123
1403636745313555456.000000 -1.320859075 3.429682255 1.954609752 0.269878000 -0.005163907 -0.085543938 -0.959073305
1403636745363555584.000000 -1.334781408 3.443485737 1.965652704 0.268254846 -0.009096426 -0.082310416 -0.959782124
1403636745413555456.000000 -1.337426186 3.465430975 1.986299038 -0.267060339 0.013676713 0.079525903 0.960295558
1403636745463555584.000000 -1.346087813 3.478624821 1.994668007 -0.266992092 0.017311510 0.076456062 0.960505068
1403636745513555456.000000 -1.353179216 3.491598129 2.002810240 -0.266876340 0.020512166 0.076270469 0.960488975
1403636745563555584.000000 -1.358627677 3.504146338 2.010286331 -0.267491162 0.022104627 0.076314367 0.960279167
1403636745613555456.000000 -1.366139889 3.515627384 2.015396595 0.269144475 -0.023344178 -0.076692827 -0.959757566
1403636745663555584.000000 -1.370077968 3.526420593 2.020084858 0.271348923 -0.024116781 -0.077083237 -0.959086180
1403636745713555456.000000 -1.371545076 3.536601305 2.024066448 0.274095535 -0.024695570 -0.076877907 -0.958306611
1403636745763555584.000000 -1.371514320 3.546174049 2.027485847 0.277622879 -0.024212368 -0.076103300 -0.957364976
1403636745813555456.000000 -1.369893074 3.555046558 2.030440569 0.280815631 -0.022849232 -0.076143213 -0.956463635
1403636745863555584.000000 -1.366004229 3.563153267 2.032796383 0.284739047 -0.021899236 -0.075070888 -0.955410182
1403636745913555456.000000 -1.356014609 3.574279308 2.043582916 -0.288882732 0.021278460 0.074692823 0.954209149
1403636745963555584.000000 -1.348970771 3.580071211 2.044938326 -0.293358237 0.020015897 0.072445408 0.953043580
1403636746013555456.000000 -1.339773297 3.584944010 2.046208858 -0.297270358 0.018825987 0.071161434 0.951951742
1403636746063555584.000000 -1.331310749 3.588145733 2.045034885 0.300897509 -0.017608430 -0.069919840 -0.950926900
1403636746113555456.000000 -1.319694638 3.589866877 2.044496059 0.304319441 -0.015481743 -0.068432145 -0.949982703
1403636746163555584.000000 -1.306331396 3.589846611 2.043487549 0.306687713 -0.015922502 -0.067952640 -0.949247956
1403636746213555456.000000 -1.291251540 3.587878704 2.041700363 0.308595151 -0.017541397 -0.067234069 -0.948652208
1403636746263555584.000000 -1.274737716 3.584503651 2.040050983 0.310136050 -0.022002310 -0.066946700 -0.948076844
1403636746313555456.000000 -1.257866621 3.579801559 2.039037466 0.311648667 -0.030168731 -0.064716116 -0.947510898
1403636746363555584.000000 -1.243212342 3.573467731 2.038619995 0.312090039 -0.036331411 -0.064812340 -0.947142720
1403636746413555456.000000 -1.238327980 3.566680908 2.041111946 -0.312677681 0.039695747 0.064438894 0.946839333
1403636746463555584.000000 -1.229482293 3.557274580 2.042212486 -0.311350077 0.038139872 0.067941889 0.947095811
1403636746513555456.000000 -1.223443866 3.546507835 2.043871880 -0.309630185 0.033512287 0.071634986 0.947562397
1403636746563555584.000000 -1.220085859 3.534430504 2.046705484 -0.306753933 0.025576152 0.077322394 0.948298037
1403636746613555456.000000 -1.215892673 3.520260334 2.047339916 0.303588063 -0.015353763 -0.083136730 -0.949045241
1403636746663555584.000000 -1.208775163 3.507768393 2.051556110 0.299299657 -0.004789142 -0.090168521 -0.949877083
1403636746713555456.000000 -1.208766699 3.494538546 2.056045055 0.294707924 0.004065020 -0.098367698 -0.950502276
1403636746763555584.000000 -1.209224820 3.482032061 2.061522722 0.290556729 0.009179737 -0.105146788 -0.951018751
1403636746813555456.000000 -1.209266186 3.471118450 2.068145275 0.287016630 0.010114972 -0.110311486 -0.951499104
1403636746863555584.000000 -1.209341526 3.461794376 2.075526476 0.284228027 0.009473694 -0.113985002 -0.951909721
1403636746913555456.000000 -1.228524923 3.441459417 2.074263573 -0.282514393 -0.006503980 0.115167558 0.952302337
1403636746963555584.000000 -1.227281213 3.435135365 2.081906080 -0.281522036 -0.005219144 0.114052936 0.952738225
1403636747013555456.000000 -1.223580718 3.430685997 2.089308262 -0.280841440 -0.002885523 0.112871416 0.953089654
1403636747063555584.000000 -1.215298057 3.427843809 2.096288204 0.282256514 0.000477715 -0.106362261 -0.953424454
1403636747113555456.000000 -1.204870343 3.426280975 2.102724075 0.284445882 -0.002036359 -0.099423118 -0.953520596
1403636747163555584.000000 -1.192367077 3.425758362 2.109745741 0.285903126 -0.005536558 -0.094947934 -0.953526974
1403636747213555456.000000 -1.177363515 3.426183939 2.117330551 0.288257480 -0.007375217 -0.088542908 -0.953421950
1403636747263555584.000000 -1.160361290 3.425875902 2.124602318 0.290012389 -0.009149329 -0.084508143 -0.953240514
1403636747313555456.000000 -1.142336369 3.423779488 2.130019903 0.291487783 -0.009307058 -0.081903778 -0.953016281
1403636747363555584.000000 -1.124256134 3.419911623 2.134563923 0.292455018 -0.009939952 -0.080908895 -0.952798545
1403636747413555456.000000 -1.106737018 3.410338163 2.134890079 -0.293876290 0.010291525 0.080185466 0.952418566
1403636747463555584.000000 -1.090985537 3.406370163 2.140976429 -0.295344919 0.010349920 0.079728276 0.952001929
1403636747513555456.000000 -1.078296423 3.400498629 2.146290541 -0.296204507 0.009490996 0.081583552 0.951586604
1403636747563555584.000000 -1.065368533 3.395550489 2.153826237 -0.296911538 0.008365739 0.082572326 0.951291502
1403636747613555456.000000 -1.040875554 3.398589849 2.172363043 0.297492117 -0.007452337 -0.084443964 -0.950953305
1403636747663555584.000000 -1.024872184 3.394234657 2.182564974 0.298463613 -0.006472479 -0.085144356 -0.950593591
1403636747713555456.000000 -1.008401155 3.388636827 2.191539526 0.299550176 -0.006115974 -0.086153142 -0.950163126
1403636747763555584.000000 -1.005443573 3.376995087 2.189985752 -0.300899714 0.005946271 0.086482480 0.949707806
1403636747813555456.000000 -0.985068500 3.370483160 2.198082924 -0.301820457 0.005753777 0.087443642 0.949328721
1403636747863555584.000000 -0.965443134 3.361686230 2.203511000 -0.302504003 0.006963528 0.089020193 0.948956430
1403636747913555456.000000 -0.937310159 3.356611252 2.214820385 0.301355183 -0.009624316 -0.095959730 -0.948622286
1403636747963555584.000000 -0.911721945 3.349432230 2.223205090 0.299876660 -0.014717690 -0.103539094 -0.948228419
1403636748013555456.000000 -0.887328386 3.342664480 2.231617928 0.298340172 -0.017782385 -0.111123994 -0.947801888
1403636748063555584.000000 -0.864759624 3.336528063 2.239715815 0.297686875 -0.019813571 -0.116620190 -0.947306633
1403636748113555456.000000 -0.844302773 3.331242085 2.247563839 0.297773242 -0.020021267 -0.119156301 -0.946959436
1403636748163555584.000000 -0.826027513 3.326993942 2.255237103 0.297553182 -0.020079549 -0.122724116 -0.946571648
1403636748213555456.000000 -0.809868097 3.323684454 2.262397289 0.298874497 -0.018775042 -0.121625759 -0.946323872
1403636748263555584.000000 -0.797263265 3.325034380 2.267918587 -0.300824702 0.016438646 0.116361633 0.946411312
1403636748313555456.000000 -0.785191596 3.324179173 2.274304152 -0.303731740 0.013635687 0.109488197 0.946347415
1403636748363555584.000000 -0.774191082 3.324067116 2.280607700 -0.306596905 0.010836952 0.101736344 0.946324885
1403636748413555456.000000 -0.763871431 3.324247122 2.287191629 -0.308666110 0.008963160 0.094898649 0.946382165
1403636748463555584.000000 -0.749006987 3.323276043 2.296417475 0.309635162 -0.008937689 -0.091964327 -0.946355581
1403636748513555456.000000 -0.735776782 3.322582722 2.303172588 0.310508788 -0.009024693 -0.088586129 -0.946390748
1403636748563555584.000000 -0.721650600 3.321312189 2.309494972 0.310751379 -0.009340405 -0.088374309 -0.946327806
1403636748613555456.000000 -0.706109405 3.319563866 2.315338373 0.309644282 -0.011569715 -0.091885708 -0.946331680
1403636748663555584.000000 -0.689550996 3.317716599 2.320672035 0.308601022 -0.013684931 -0.095354460 -0.946301103
1403636748713555456.000000 -0.672508717 3.316073895 2.325914621 0.307226837 -0.016187456 -0.100283466 -0.946199238
1403636748763555584.000000 -0.640572071 3.323501348 2.341328382 -0.305832744 0.017592143 0.104908213 0.946124315
1403636748813555456.000000 -0.625736535 3.322903872 2.346631527 -0.305229306 0.018846115 0.108699664 0.945867002
1403636748863555584.000000 -0.611949682 3.323052168 2.352114439 -0.305369824 0.020184858 0.111021556 0.945524216
1403636748913555456.000000 -0.599247813 3.323894262 2.357592344 -0.305881768 0.021617979 0.113655135 0.945014060
1403636748963555584.000000 -0.591968775 3.320853472 2.360434771 0.307196110 -0.022369055 -0.115013860 -0.944405615
1403636749013555456.000000 -0.582849383 3.321875095 2.364340782 0.308453530 -0.023262933 -0.116275899 -0.943819463
1403636749063555584.000000 -0.574620008 3.323452234 2.367841482 0.308607489 -0.024829289 -0.119674601 -0.943304300
1403636749113555456.000000 -0.567028046 3.325837374 2.370740175 0.308361530 -0.027094748 -0.123686232 -0.942804754
1403636749163555584.000000 -0.540039420 3.340315819 2.384240150 -0.308857977 0.027394889 0.125416011 0.942405045
1403636749213555456.000000 -0.532654524 3.345205307 2.385753632 -0.310499072 0.027197516 0.124265447 0.942023814
1403636749263555584.000000 -0.522248030 3.352339506 2.386420727 -0.313945353 0.025893433 0.118493654 0.941661954
1403636749313555456.000000 -0.511987984 3.358789682 2.385013342 -0.316899121 0.024878180 0.113121703 0.941360474
1403636749363555584.000000 -0.499978006 3.365978241 2.382831573 -0.319339514 0.022908881 0.108548656 0.941124141
1403636749413555456.000000 -0.491089046 3.367873430 2.373667479 0.321459055 -0.021486720 -0.104242824 -0.940922856
1403636749463555584.000000 -0.477825582 3.373345375 2.367976189 0.323415488 -0.020425864 -0.099637300 -0.940774977
1403636749513555456.000000 -0.463919669 3.378536940 2.361955643 0.324898750 -0.018752679 -0.095677115 -0.940709889
1403636749563555584.000000 -0.449559271 3.383444071 2.355939865 0.326326162 -0.016504116 -0.091040857 -0.940718055
1403636749613555456.000000 -0.435559303 3.388247967 2.350421429 0.327585787 -0.016055824 -0.086576581 -0.940709531
1403636749663555584.000000 -0.404253364 3.404382229 2.354531050 -0.327614576 0.014938224 0.085288517 0.940835536
1403636749713555456.000000 -0.392185271 3.408461571 2.351812124 -0.326841831 0.016196355 0.085393831 0.941073895
1403636749763555584.000000 -0.381569743 3.411893368 2.349599838 -0.325916320 0.019342940 0.085368782 0.941337705
1403636749813555456.000000 -0.370492339 3.416198492 2.349735498 -0.324882805 0.023815349 0.085006423 0.941625178
1403636749863555584.000000 -0.367740154 3.414196253 2.344087124 0.323454469 -0.028966326 -0.085316882 -0.941944420
1403636749913555456.000000 -0.362418950 3.414930582 2.342545509 0.322170019 -0.032359645 -0.084757589 -0.942324519
1403636749963555584.000000 -0.358448923 3.414814711 2.340978146 0.320665270 -0.035548903 -0.084088810 -0.942782700
1403636750013555456.000000 -0.355950892 3.413794279 2.339284420 0.318947256 -0.037222974 -0.083687142 -0.943336427
1403636750063555584.000000 -0.354477793 3.411794424 2.337321281 0.317347407 -0.037924647 -0.083685696 -0.943848073
1403636750113555456.000000 -0.353029758 3.409275770 2.335140705 0.315591067 -0.036551401 -0.084139094 -0.944450676
1403636750163555584.000000 -0.352044880 3.401374578 2.326994896 -0.314255476 0.034166951 0.084552750 0.944948196
1403636750213555456.000000 -0.348915011 3.397185564 2.322562695 -0.312479854 0.032678064 0.085481301 0.945505917
1403636750263555584.000000 -0.344223589 3.392435074 2.317532778 -0.311190039 0.029182890 0.085475676 0.946046054
1403636750313555456.000000 -0.336728662 3.387983084 2.311937809 -0.309225410 0.027044421 0.086579435 0.946653247
1403636750363555584.000000 -0.326426804 3.383115292 2.304995060 -0.307953805 0.023791207 0.085855320 0.947220922
1403636750413555456.000000 -0.319118619 3.373811245 2.293673754 0.305906475 -0.022699008 -0.087672003 -0.947744548
1403636750463555584.000000 -0.305208236 3.367155790 2.284177065 0.304389209 -0.021162175 -0.086649753 -0.948362470
1403636750513555456.000000 -0.288714945 3.359824181 2.273118019 0.302556783 -0.021327697 -0.085974939 -0.949006259
1403636750563555584.000000 -0.269805878 3.352511644 2.261344910 0.300916642 -0.020297969 -0.085083202 -0.949630558
1403636750613555456.000000 -0.249814481 3.344715595 2.248756170 0.299111307 -0.019430568 -0.084876083 -0.950237334
1403636750663555584.000000 -0.243609294 3.320749283 2.227417946 -0.298655987 0.018967835 0.082705855 0.950581193
1403636750713555456.000000 -0.221793592 3.311800241 2.212684155 -0.297361761 0.017871255 0.082402080 0.951034546
1403636750763555584.000000 -0.198792607 3.302807570 2.197907925 -0.296129465 0.016532958 0.082215600 0.951459289
1403636750813555456.000000 -0.175282300 3.292320013 2.181789398 -0.295581847 0.015418380 0.081270307 0.951729417
1403636750863555584.000000 -0.143490851 3.288041115 2.170071602 0.294758260 -0.014693256 -0.080967523 -0.952022016
1403636750913555456.000000 -0.115325674 3.278318405 2.153439045 0.294787973 -0.012146390 -0.079650275 -0.952159882
1403636750963555584.000000 -0.087514639 3.268080711 2.136856079 0.294984251 -0.010496068 -0.078095518 -0.952247500
1403636751013555456.000000 -0.060560323 3.257681847 2.120691061 0.295365393 -0.008744752 -0.077406406 -0.952203274
1403636751063555584.000000 -0.034563646 3.246753216 2.105150700 0.295593381 -0.008299674 -0.077229090 -0.952150941
1403636751113555456.000000 -0.011675820 3.233974695 2.089672565 0.295535594 -0.008043818 -0.077971563 -0.952110589
1403636751163555584.000000 0.000687674 3.210959196 2.074843168 -0.295980245 0.006469693 0.079880007 0.951826215
1403636751213555456.000000 0.021160886 3.198190212 2.061810493 -0.296521097 0.001673644 0.080388635 0.951635540
1403636751263555584.000000 0.040277287 3.183665276 2.048636913 -0.296198338 -0.002649829 0.083364338 0.951477826
1403636751313555456.000000 0.059858099 3.169770718 2.036429405 -0.295872897 -0.004444019 0.086222790 0.951317668
1403636751363555584.000000 0.079261810 3.155463696 2.024800777 -0.295140505 -0.003597054 0.090407692 0.951160133
1403636751413555456.000000 0.102764919 3.147784948 2.019005775 0.294499874 0.000273668 -0.094075434 -0.951009810
1403636751463555584.000000 0.123256549 3.135983467 2.009729862 0.293417394 -0.004108328 -0.098787270 -0.950857818
1403636751513555456.000000 0.143599123 3.124716759 2.000791788 0.291934699 -0.008437199 -0.101792887 -0.950968564
1403636751563555584.000000 0.163598776 3.113893986 1.991980553 0.289404690 -0.012923191 -0.103124529 -0.951547861
1403636751613555456.000000 0.182417691 3.103678942 1.983454943 0.285914451 -0.014809820 -0.104998149 -0.952370226
1403636751663555584.000000 0.201508597 3.089118958 1.977480888 -0.283146203 0.015486070 0.105848804 0.953092098
1403636751713555456.000000 0.218312681 3.080577612 1.968591690 -0.279803723 0.012697032 0.107128061 0.953977048
1403636751763555584.000000 0.233959347 3.073101759 1.959679127 -0.276843041 0.008624360 0.108367652 0.954746068
1403636751813555456.000000 0.248727381 3.066738844 1.950531960 -0.274047315 0.004112685 0.109613881 0.955440223
1403636751863555584.000000 0.263077110 3.060226679 1.939976692 0.273083389 0.001587255 -0.107388377 -0.955976307
1403636751913555456.000000 0.278260767 3.056402206 1.930151701 0.272873729 0.005394847 -0.102989480 -0.956506133
1403636751963555584.000000 0.293581128 3.053879261 1.920956612 0.273111790 0.008453870 -0.098143578 -0.956925452
1403636752013555456.000000 0.308932602 3.052560568 1.912693262 0.273655087 0.010643387 -0.093763463 -0.957187533
1403636752063555584.000000 0.324440986 3.052170992 1.905491352 0.273960322 0.010471812 -0.090805165 -0.957387388
1403636752113555456.000000 0.340135574 3.052690744 1.899355292 0.274085015 0.008718578 -0.088610701 -0.957574844
1403636752163555584.000000 0.358230472 3.065361261 1.909988403 -0.273372650 -0.004455569 0.085903503 0.958054423
1403636752213555456.000000 0.373902351 3.067064047 1.906276464 -0.271396190 0.000435087 0.082871355 0.958893299
1403636752263555584.000000 0.389919221 3.068729639 1.902920485 -0.267661333 0.004896480 0.080301888 0.960148513
1403636752313555456.000000 0.407597005 3.071041107 1.899981022 -0.262822837 0.010323628 0.077269807 0.961689711
1403636752363555584.000000 0.424958169 3.070519447 1.892876863 0.256574869 -0.014878356 -0.074003726 -0.963572264
1403636752413555456.000000 0.444230676 3.071226358 1.887906551 0.249229133 -0.017278990 -0.070824370 -0.965696812
1403636752463555584.000000 0.468960613 3.076282024 1.886923671 -0.240598202 0.017421503 0.067969121 0.968085408
1403636752513555456.000000 0.489987850 3.076516151 1.880836010 -0.231586754 0.017167525 0.063769989 0.970570087
1403636752563555584.000000 0.509885907 3.076811314 1.874876618 -0.222038031 0.015411313 0.059946585 0.973071456
1403636752613555456.000000 0.528492808 3.077147484 1.869388223 -0.212062761 0.013829492 0.055716459 0.975568533
1403636752663555584.000000 0.543488681 3.078546047 1.863541365 0.201750368 -0.010857918 -0.051813267 -0.978005290
1403636752713555456.000000 0.558191061 3.079104185 1.858480334 0.191176280 -0.010367259 -0.048213411 -0.980316103
1403636752763555584.000000 0.571214616 3.079773903 1.854005694 0.180325136 -0.009225057 -0.044394333 -0.982561469
1403636752813555456.000000 0.582346439 3.080430508 1.849896431 0.170147881 -0.007904880 -0.038602401 -0.984630525
1403636752863555584.000000 0.591597974 3.080742836 1.846107364 0.159170181 -0.006060070 -0.033768822 -0.986654878
1403636752913555456.000000 0.611236930 3.081990004 1.847055912 -0.148925126 0.005920589 0.026188169 0.988483906
1403636752963555584.000000 0.617581904 3.082134724 1.844596982 -0.138375551 0.005021873 0.018767793 0.990189254
1403636753013555456.000000 0.622581065 3.081777811 1.842696905 -0.127514780 0.003913291 0.011777543 0.991759062
1403636753063555584.000000 0.625929236 3.080910206 1.841408253 -0.116284952 0.002837641 0.005005093 0.993199289
1403636753113555456.000000 0.626912236 3.080921412 1.841238976 0.104382716 -0.002003007 0.001212665 -0.994534492
1403636753163555584.000000 0.627039015 3.079005241 1.841635823 0.092253454 -0.001352906 0.006960711 -0.995710373
1403636753213555456.000000 0.625827312 3.076270103 1.842750788 0.080055155 -0.000849529 0.012857558 -0.996707201
1403636753263555584.000000 0.623280883 3.072707415 1.844704747 0.068337686 -0.000347363 0.019895282 -0.997463822
1403636753313555456.000000 0.619584858 3.067875862 1.847394109 0.057024196 -0.000322232 0.028231272 -0.997973502
1403636753363555584.000000 0.615025282 3.062075377 1.850463152 0.045797870 -0.001624083 0.032946587 -0.998405933
1403636753413555456.000000 0.618385136 3.049365759 1.854820013 -0.035735447 0.002094234 -0.035275918 0.998736322
1403636753463555584.000000 0.615332246 3.041168451 1.858326077 -0.026437081 0.002859345 -0.034341000 0.999056399
1403636753513555456.000000 0.613841534 3.031834602 1.860755920 -0.019042172 0.003292882 -0.033040158 0.999267220
1403636753563555584.000000 0.614200056 3.021543503 1.861947894 -0.012708512 0.003696020 -0.031053275 0.999430180
1403636753613555456.000000 0.615814209 3.014843464 1.862215519 0.008060656 -0.005209207 0.030046403 -0.999502480
1403636753663555584.000000 0.618524015 3.004955292 1.860776544 0.004986831 -0.005634188 0.028841408 -0.999555767
1403636753713555456.000000 0.620949686 2.994869709 1.859429479 0.003002150 -0.005699113 0.027633823 -0.999597430
1403636753763555584.000000 0.623278141 2.984495401 1.858073115 0.002357100 -0.006841642 0.028151244 -0.999577522
1403636753813555456.000000 0.624301314 2.973778009 1.856710076 0.002413806 -0.007490739 0.028867146 -0.999552369
1403636753863555584.000000 0.623626590 2.962700605 1.855073810 0.003019205 -0.008167960 0.028953539 -0.999542832
1403636753913555456.000000 0.621278524 2.943361044 1.855643511 -0.003884479 0.007705218 -0.027657932 0.999580204
1403636753963555584.000000 0.617781460 2.931351662 1.854076982 -0.004963623 0.008233503 -0.027708245 0.999569833
1403636754013555456.000000 0.614646316 2.918817759 1.852474689 -0.006555253 0.008919962 -0.028013144 0.999546349
1403636754063555584.000000 0.613231659 2.905734539 1.850196600 -0.007723266 0.012200790 -0.027143991 0.999527276
1403636754113555456.000000 0.614130437 2.894197464 1.847561836 0.008764246 -0.015711207 0.026401546 -0.999489546
1403636754163555584.000000 0.615620434 2.880825281 1.843435764 0.010294761 -0.018335171 0.026451472 -0.999428928
1403636754213555456.000000 0.617489398 2.867003679 1.838156343 0.012341269 -0.020830166 0.027714759 -0.999322653
1403636754263555584.000000 0.620238245 2.852581501 1.831031561 0.014158530 -0.021938615 0.028491443 -0.999252975
1403636754313555456.000000 0.624149323 2.837472200 1.823272347 0.015806995 -0.022056310 0.028962890 -0.999212146
1403636754363555584.000000 0.629055917 2.821751356 1.814752579 0.017013166 -0.022094591 0.030393964 -0.999148965
1403636754413555456.000000 0.636092782 2.805930376 1.800233603 -0.016438354 0.021893205 -0.030173333 0.999169707
1403636754463555584.000000 0.641522110 2.788144588 1.789240718 -0.014446573 0.021417487 -0.030532254 0.999199927
1403636754513555456.000000 0.645739198 2.769403934 1.777574182 -0.011877112 0.020530518 -0.031936660 0.999208450
1403636754563555584.000000 0.647875011 2.749817848 1.765498877 -0.008359371 0.018567951 -0.034775842 0.999187708
1403636754613555456.000000 0.648354352 2.730030298 1.755092859 0.003348032 -0.016646141 0.037512064 -0.999151945
1403636754663555584.000000 0.647311270 2.708945036 1.743446946 -0.003111361 -0.016135821 0.039828718 -0.999071419
1403636754713555456.000000 0.644785941 2.687117100 1.731568933 -0.010669347 -0.014919840 0.041609865 -0.998965621
1403636754763555584.000000 0.645716131 2.668623447 1.713245749 0.019255335 0.015026264 -0.043946724 0.998735249
1403636754813555456.000000 0.640855312 2.645860434 1.701003075 0.026974814 0.014642114 -0.047040805 0.998421311
1403636754863555584.000000 0.634510875 2.622818470 1.688491344 0.034496166 0.014340699 -0.048221655 0.998137832
1403636754913555456.000000 0.627023399 2.599563122 1.675621629 0.040248416 0.014795503 -0.050996054 0.997777879
1403636754963555584.000000 0.618044496 2.577372789 1.661823511 -0.046194084 -0.014181772 0.051836021 -0.997485936
1403636755013555456.000000 0.608226061 2.553887844 1.648483038 -0.050188903 -0.013702185 0.055230252 -0.997117341
1403636755063555584.000000 0.600207031 2.532157421 1.630636096 0.054368973 0.013824027 -0.055117153 0.996902764
1403636755113555456.000000 0.590414643 2.507939577 1.615248203 0.057408456 0.013410316 -0.056356214 0.996668696
1403636755163555584.000000 0.581012726 2.483355284 1.598119020 0.060255725 0.012584385 -0.056028195 0.996529877
1403636755213555456.000000 0.572740316 2.458371639 1.579432964 0.062473640 0.012346346 -0.056000821 0.996397853
1403636755263555584.000000 0.566223204 2.433156013 1.559805155 0.063575722 0.009659715 -0.056284357 0.996341765
1403636755313555456.000000 0.559954047 2.407888651 1.539465427 -0.064524069 -0.004464862 0.056373749 -0.996312618
1403636755363555584.000000 0.555971205 2.382069826 1.517996192 -0.064965978 0.001712371 0.056189109 -0.996302903
1403636755413555456.000000 0.553796232 2.356032610 1.496533871 -0.064664602 0.006874294 0.057161599 -0.996244848
1403636755463555584.000000 0.558507919 2.330232859 1.471570015 0.064617753 -0.010704996 -0.056839574 0.996232510
1403636755513555456.000000 0.558406591 2.303324938 1.451187491 0.063753389 -0.011569599 -0.057510439 0.996240079
1403636755563555584.000000 0.557624340 2.275985241 1.431923628 0.062544100 -0.011587086 -0.058902171 0.996235192
1403636755613555456.000000 0.555989802 2.248224497 1.413581491 0.061618287 -0.009745955 -0.059706412 0.996264696
1403636755663555584.000000 0.552255809 2.220517635 1.396809220 -0.061479580 0.008441167 0.057885084 -0.996392727
1403636755713555456.000000 0.547579587 2.192051649 1.380418420 -0.061005026 0.007574831 0.057158753 -0.996470690
1403636755763555584.000000 0.541936398 2.163209915 1.364611506 -0.060934719 0.005945480 0.055456460 -0.996582270
1403636755813555456.000000 0.535474479 2.134107113 1.349501967 -0.060818937 0.003023412 0.054228943 -0.996670067
1403636755863555584.000000 0.527860940 2.104825020 1.334734917 -0.060864870 0.001249772 0.053168427 -0.996728241
1403636755913555456.000000 0.520020664 2.075107336 1.320345283 -0.060793839 -0.001480570 0.052883610 -0.996747375
1403636755963555584.000000 0.509942055 2.048047304 1.298343062 0.060988281 0.002199492 -0.051445752 0.996809423
1403636756013555456.000000 0.503706932 2.018025637 1.283510804 0.061218537 0.003417507 -0.050733522 0.996828377
1403636756063555584.000000 0.499049544 1.987700343 1.268484950 0.061404262 0.004352278 -0.050129510 0.996843815
1403636756113555456.000000 0.496415079 1.957252741 1.253224134 0.060935289 0.005232598 -0.051416643 0.996802866
1403636756163555584.000000 0.495908976 1.925773621 1.239480495 -0.060945492 -0.006417425 0.051955502 -0.996767402
1403636756213555456.000000 0.496372402 1.894589305 1.223531008 -0.061141059 -0.007566817 0.051586684 -0.996766508
1403636756263555584.000000 0.497073263 1.863075614 1.206925392 -0.061531525 -0.007723872 0.051229008 -0.996759653
1403636756313555456.000000 0.497099936 1.831387162 1.190133452 -0.061845481 -0.007721628 0.051201604 -0.996741652
1403636756363555584.000000 0.496182442 1.799658656 1.173573613 -0.062162410 -0.008260671 0.051785070 -0.996687531
1403636756413555456.000000 0.486168087 1.775926709 1.148302317 0.062408969 0.009161397 -0.052600197 0.996621490
1403636756463555584.000000 0.480765224 1.744827151 1.130404472 0.062904574 0.009299541 -0.052365277 0.996601462
1403636756513555456.000000 0.474281788 1.713224530 1.113595247 0.063562147 0.009333818 -0.052051488 0.996575832
1403636756563555584.000000 0.466187477 1.682151437 1.096928120 0.063846603 0.009475653 -0.052582853 0.996528506
1403636756613555456.000000 0.460525155 1.651743770 1.082694888 -0.064545937 -0.010140747 0.052286714 -0.996492445
1403636756663555584.000000 0.451650202 1.620494127 1.066081762 -0.065191686 -0.010166436 0.051990297 -0.996465623
1403636756713555456.000000 0.443317056 1.589381933 1.048350215 -0.065762371 -0.011300358 0.052076191 -0.996411443
1403636756763555584.000000 0.437473387 1.560692549 1.028836608 0.066467047 0.012336865 -0.052094802 0.996351480
1403636756813555456.000000 0.430368841 1.529593825 1.008264422 0.067249842 0.012842502 -0.051614691 0.996317446
1403636756863555584.000000 0.424312741 1.498771191 0.986495793 0.067878023 0.012604984 -0.051405072 0.996288717
1403636756913555456.000000 0.419894099 1.467760205 0.963258445 0.068011776 0.012361318 -0.051864062 0.996258855
1403636756963555584.000000 0.414887965 1.439025164 0.938731432 -0.068875648 -0.012040809 0.051145479 -0.996240616
1403636757013555456.000000 0.411371350 1.408911586 0.913229287 -0.069108628 -0.012295561 0.051734261 -0.996190965
1403636757063555584.000000 0.407220751 1.378650427 0.887455225 -0.070241511 -0.011769848 0.049719833 -0.996220648
1403636757113555456.000000 0.406211138 1.348945975 0.866462708 0.070396043 0.012006626 -0.050006624 0.996192575
1403636757163555584.000000 0.399873346 1.318936348 0.840588391 0.070508346 0.011177953 -0.049852584 0.996202052
1403636757213555456.000000 0.392217070 1.289302826 0.814698577 0.070667759 0.011628962 -0.049530633 0.996201634
1403636757263555584.000000 0.383483350 1.260163903 0.789029539 0.070681334 0.011360749 -0.050357837 0.996162295
1403636757313555456.000000 0.372290134 1.231418252 0.762128413 -0.069915302 -0.010656140 0.052998524 -0.996087134
1403636757363555584.000000 0.360219628 1.202483296 0.736142516 -0.070258804 -0.009558458 0.052764174 -0.996086538
1403636757413555456.000000 0.345572978 1.174513340 0.718196511 0.069876932 0.007886540 -0.054600649 0.996029019
1403636757463555584.000000 0.332115591 1.145435691 0.692194760 0.069317177 0.005841901 -0.056696456 0.995965123
1403636757513555456.000000 0.319561392 1.115980744 0.665472209 0.070350260 0.003403843 -0.059161350 0.995760620
1403636757563555584.000000 0.308431238 1.085873246 0.638285577 0.072693370 -0.000750573 -0.061009854 0.995486319
1403636757613555456.000000 0.296628296 1.055573821 0.614804387 0.075818986 -0.006708811 -0.063082606 0.995101511
1403636757663555584.000000 0.288693994 1.024360180 0.586648703 0.078830801 -0.013139277 -0.064958356 0.994682670
1403636757713555456.000000 0.282530636 0.992406905 0.558882713 0.082396552 -0.019476062 -0.066168882 0.994209826
1403636757763555584.000000 0.279049754 0.959884882 0.531815886 0.085829392 -0.024707535 -0.066792846 0.993761361
1403636757813555456.000000 0.272697598 0.926754892 0.511881828 0.089038871 -0.028590411 -0.067671455 0.993315279
1403636757863555584.000000 0.275728047 0.892499387 0.487030774 0.092278995 -0.031058060 -0.067178473 0.992978930
1403636757913555456.000000 0.281787008 0.857841671 0.462411463 0.095024943 -0.031354543 -0.067044549 0.992719591
1403636757963555584.000000 0.289487541 0.822693467 0.438835323 0.098145686 -0.028935598 -0.065449432 0.992595911
1403636758013555456.000000 0.294281006 0.787591815 0.419761688 0.100307368 -0.020610444 -0.065219611 0.992602706
1403636758063555584.000000 0.302496016 0.752280831 0.399467349 0.102641672 -0.013752073 -0.064357489 0.992539048
1403636758113555456.000000 0.309254199 0.717182636 0.380365878 0.104647160 -0.007488854 -0.062720463 0.992501497
1403636758163555584.000000 0.314348459 0.682384610 0.362021357 0.106047794 -0.002211556 -0.061910465 0.992429435
1403636758213555456.000000 0.317415386 0.648215175 0.344947904 -0.107365802 -0.002716166 0.061176986 -0.992331862
1403636758263555584.000000 0.318725079 0.614556074 0.327432454 -0.108322613 -0.004638203 0.059924282 -0.992297292
1403636758313555456.000000 0.318131447 0.581257999 0.310511976 -0.109187365 -0.006369921 0.058329269 -0.992287934
1403636758363555584.000000 0.314854532 0.548723221 0.294141948 -0.109683119 -0.004593249 0.057333220 -0.992301166
1403636758413555456.000000 0.308573514 0.516606808 0.278185427 -0.110352181 0.002138293 0.055186708 -0.992356956
1403636758463555584.000000 0.300213844 0.484942168 0.262901455 -0.111140214 0.011576266 0.052168053 -0.992367089
1403636758513555456.000000 0.283901274 0.452314109 0.249403417 0.112611592 -0.022655001 -0.046963707 0.992270052
1403636758563555584.000000 0.273825258 0.421834588 0.236804664 0.114314385 -0.034082897 -0.040924009 0.992016077
1403636758613555456.000000 0.263982624 0.392373174 0.225810871 0.115781151 -0.043169148 -0.035808425 0.991689920
1403636758663555584.000000 0.257237613 0.363663644 0.216202304 -0.115712933 0.045070779 0.034436092 -0.991661906
1403636758713555456.000000 0.251662284 0.336698204 0.209743276 -0.115187623 0.038649209 0.034621831 -0.991987586
1403636758763555584.000000 0.246785790 0.311284214 0.205439791 -0.113465831 0.029483158 0.037537143 -0.992394686
1403636758813555456.000000 0.241731450 0.286739290 0.202796444 -0.113339372 0.021134065 0.037815176 -0.992611468
1403636758863555584.000000 0.236458898 0.263525456 0.201316908 -0.112459444 0.012348252 0.040657710 -0.992747426
1403636758913555456.000000 0.230064914 0.241833642 0.200453267 -0.110384546 0.006386230 0.046002354 -0.992803276
1403636758963555584.000000 0.222611189 0.220985144 0.200057313 -0.109596297 0.001635310 0.048209347 -0.992805064
1403636759013555456.000000 0.216611177 0.197418094 0.196344092 0.108982936 0.000744521 -0.050014775 0.992784321
1403636759063555584.000000 0.207333609 0.177340269 0.196153224 0.110069908 0.003065210 -0.047707245 0.992773533
1403636759113555456.000000 0.197235674 0.157852978 0.196020544 0.112719893 0.003741062 -0.040588900 0.992790401
1403636759163555584.000000 0.186708480 0.138987437 0.195715085 0.116871558 0.003326648 -0.029928166 0.992690504
1403636759213555456.000000 0.174051508 0.122935250 0.194978818 -0.120738477 -0.002671737 0.019618826 -0.992486894
1403636759263555584.000000 0.161523432 0.108408146 0.195350125 -0.124009147 -0.002049049 0.010981421 -0.992218256
1403636759313555456.000000 0.154761702 0.094064221 0.194433063 0.125002161 0.001660904 -0.008845149 0.992115736
1403636759363555584.000000 0.141638115 0.084891558 0.195550203 0.122982755 0.003405182 -0.015486185 0.992282152
1403636759413555456.000000 0.127726898 0.078271642 0.197018564 0.120244391 0.004010760 -0.023715563 0.992452979
1403636759463555584.000000 0.113220915 0.073424950 0.198316664 0.117802344 0.005908398 -0.031559195 0.992517948
1403636759513555456.000000 0.096731983 0.070853397 0.200854838 -0.115123548 -0.006610617 0.039521143 -0.992542744
1403636759563555584.000000 0.080992855 0.068329506 0.202464700 -0.114026479 -0.007833855 0.044925489 -0.992430508
1403636759613555456.000000 0.070256174 0.065368235 0.200745255 0.112288214 0.008398527 -0.051042121 0.992328405
1403636759663555584.000000 0.058258250 0.064014599 0.199495405 0.111500524 0.008554768 -0.054679796 0.992222071
1403636759713555456.000000 0.048426859 0.062796004 0.197228044 0.111099362 0.008177792 -0.057094418 0.992134213
1403636759763555584.000000 0.041130763 0.061309796 0.193558678 0.111917697 0.008730021 -0.056510244 0.992071033
1403636759813555456.000000 0.033452425 0.061070133 0.188178733 -0.111484744 -0.009894393 0.058165520 -0.992013156
1403636759863555584.000000 0.029807363 0.059807982 0.183158219 -0.111593507 -0.009015230 0.057620853 -0.992041111
1403636759913555456.000000 0.024818759 0.058895241 0.177708790 -0.111388005 -0.003868170 0.058142658 -0.992067158
1403636759963555584.000000 0.020317372 0.059414186 0.170598462 0.110883199 -0.001992101 -0.058901288 0.992084503
1403636760013555456.000000 0.013963060 0.058938731 0.164669186 0.110664345 -0.006697797 -0.058644138 0.992103517
1403636760063555584.000000 0.007045147 0.058332119 0.159039587 0.110826261 -0.011072752 -0.057059497 0.992138684
1403636760113555456.000000 -0.001666280 0.056907859 0.154434949 -0.109907843 0.015594720 0.058106892 -0.992119312
1403636760163555584.000000 -0.009387408 0.057615731 0.150172755 0.109559633 -0.019179745 -0.058499288 0.992071927
1403636760213555456.000000 -0.015678199 0.056796297 0.146962553 0.110014662 -0.015022077 -0.057225149 0.992167532
1403636760263555584.000000 -0.021814262 0.056317177 0.144309774 0.110239618 -0.007655787 -0.056273770 0.992281199
1403636760313555456.000000 -0.028110985 0.055021171 0.142314553 -0.111123174 0.000758864 0.054209203 -0.992326796
1403636760363555584.000000 -0.034930989 0.054444928 0.140444934 -0.110655531 -0.003458558 0.055239052 -0.992316544
1403636760413555456.000000 -0.043354742 0.055221364 0.138473794 -0.110402212 -0.007508364 0.056737110 -0.992237866
1403636760463555584.000000 -0.052764278 0.056217898 0.136225507 -0.109900869 -0.008898565 0.058219641 -0.992196143
1403636760513555456.000000 -0.062687300 0.057310484 0.133258551 -0.109239228 -0.007378838 0.060139071 -0.992167175
1403636760563555584.000000 -0.074551605 0.058789920 0.131998345 0.109110244 0.002417623 -0.061333816 0.992132723
1403636760613555456.000000 -0.084921151 0.059514515 0.128553972 0.108613871 -0.003025834 -0.062832542 0.992091715
1403636760663555584.000000 -0.094844535 0.059950497 0.125027344 0.107814923 -0.006879493 -0.065468900 0.991989136
1403636760713555456.000000 -0.103386097 0.059584823 0.120167702 -0.107256055 0.010215448 0.067588679 -0.991878867
1403636760763555584.000000 -0.111588873 0.059107699 0.116341241 -0.106760897 0.009895877 0.069701828 -0.991789222
1403636760813555456.000000 -0.119642347 0.057980206 0.113034777 -0.106869996 0.007290942 0.070492923 -0.991744101
1403636760863555584.000000 -0.127715871 0.056372266 0.110340066 -0.106649742 0.003448302 0.072141647 -0.991670072
1403636760913555456.000000 -0.135592118 0.054224428 0.107197404 -0.106866211 0.000197508 0.073364772 -0.991563022
1403636760963555584.000000 -0.144065753 0.051527970 0.104505308 -0.107016630 0.000462647 0.073459111 -0.991539717
1403636761013555456.000000 -0.153598502 0.048600152 0.102502882 0.107791461 -0.004149147 -0.071930937 0.991559267
1403636761063555584.000000 -0.162697479 0.044624880 0.099315979 0.108396828 -0.009131283 -0.070098735 0.991591096
1403636761113555456.000000 -0.171802282 0.039912999 0.096420251 0.109115243 -0.015836162 -0.068359464 0.991549373
1403636761163555584.000000 -0.179844245 0.034106292 0.092387743 -0.109182775 0.023699330 0.067841530 -0.991420686
1403636761213555456.000000 -0.188621610 0.028785722 0.090399221 -0.108875938 0.030548062 0.069352761 -0.991162479
1403636761263555584.000000 -0.196482167 0.022587523 0.090372406 0.109161988 -0.035153367 -0.068347484 0.991048217
1403636761313555456.000000 -0.202085048 0.015776686 0.090391539 0.108881369 -0.036338169 -0.069087960 0.990985036
1403636761363555584.000000 -0.205915689 0.008325575 0.091411017 0.109422296 -0.033545230 -0.068435684 0.991069198
1403636761413555456.000000 -0.207922563 0.000326618 0.093290217 0.109804206 -0.026413552 -0.067900233 0.991279483
1403636761463555584.000000 -0.207643420 -0.008140401 0.094231792 -0.109841645 0.018383387 0.067841247 -0.991460800
1403636761513555456.000000 -0.207555711 -0.016780801 0.096859001 -0.110277198 0.011116090 0.066611201 -0.991603971
1403636761563555584.000000 -0.206712991 -0.026006795 0.100668035 0.110313140 -0.004794508 -0.065724395 0.991709828
1403636761613555456.000000 -0.205649629 -0.034896284 0.103122607 0.110524595 -0.000035783 -0.064347945 0.991788149
1403636761663555584.000000 -0.204629913 -0.043760359 0.105499089 0.111755066 0.001835233 -0.060004447 0.991920829
1403636761713555456.000000 -0.203271210 -0.052605435 0.107711889 0.113742553 0.002914473 -0.053263981 0.992077231
1403636761763555584.000000 -0.202244520 -0.060578909 0.108293459 -0.115603045 -0.002767316 0.047242764 -0.992167592
1403636761813555456.000000 -0.199428692 -0.068675995 0.108395949 0.116968594 0.002494299 -0.042155430 0.992237449
1403636761863555584.000000 -0.196694463 -0.075127050 0.109166384 0.117884435 0.002126595 -0.039161608 0.992252588
1403636761913555456.000000 -0.193347782 -0.079974554 0.109546632 0.117185161 0.001388834 -0.040337451 0.992289603
1403636761963555584.000000 -0.189582154 -0.083615027 0.109628163 0.115556382 0.001146124 -0.043857001 0.992331624
1403636762013555456.000000 -0.186774939 -0.085908636 0.110500656 -0.112124421 -0.002866350 0.052641008 -0.992294729
1403636762063555584.000000 -0.182087168 -0.088737160 0.110358976 -0.108424015 -0.004474507 0.061593071 -0.992184699
1403636762113555456.000000 -0.177253708 -0.091544963 0.109351732 -0.103851251 -0.006047589 0.073594198 -0.991847873
1403636762163555584.000000 -0.172814295 -0.094823889 0.107595332 -0.100375645 -0.005506181 0.082042389 -0.991545975
1403636762213555456.000000 -0.169254780 -0.099298105 0.105442278 -0.098521546 -0.000752316 0.085396327 -0.991463780
1403636762263555584.000000 -0.168304875 -0.104364529 0.102197237 0.098084547 -0.006950077 -0.084743679 0.991539061
1403636762313555456.000000 -0.167494297 -0.111179911 0.100962922 0.098292977 -0.015223520 -0.082447320 0.991619527
1403636762363555584.000000 -0.168683380 -0.118914336 0.100676462 0.098875150 -0.022613728 -0.079526067 0.991659164
1403636762413555456.000000 -0.170891315 -0.128003657 0.104523353 -0.100066260 0.026672151 0.075394653 -0.991761625
1403636762463555584.000000 -0.176053762 -0.137408942 0.107123695 0.102807194 -0.028744053 -0.067409955 0.991998196
1403636762513555456.000000 -0.181206405 -0.148100063 0.112573534 0.108003490 -0.025768043 -0.052901976 0.992407501
1403636762563555584.000000 -0.188057348 -0.158351362 0.119130112 0.112914242 -0.021236697 -0.039168093 0.992605388
1403636762613555456.000000 -0.195522979 -0.168815091 0.128129467 -0.117679924 0.016325219 0.025932316 -0.992578745
1403636762663555584.000000 -0.204638124 -0.174997732 0.135580689 0.120632671 -0.010398224 -0.018225754 0.992475450
1403636762713555456.000000 -0.216086060 -0.180965692 0.146501243 0.119762622 -0.005258131 -0.021627558 0.992553055
1403636762763555584.000000 -0.228946194 -0.185061514 0.158505246 0.117743477 -0.001914143 -0.028018661 0.992646933
1403636762813555456.000000 -0.243622303 -0.187663659 0.171108842 0.114799492 0.000266726 -0.037379611 0.992685139
1403636762863555584.000000 -0.245113373 -0.185396925 0.172554523 -0.119558573 -0.031622220 0.027999399 -0.991928339
1403636762913555456.000000 -0.243347868 -0.180149928 0.167084649 0.116065808 0.043161798 -0.032740664 0.991762996
1403636762963555584.000000 -0.251683980 -0.173006222 0.162556410 0.106041618 0.015263921 -0.046086550 0.993175864
1403636763013555456.000000 -0.257000268 -0.164444536 0.157401443 0.095797658 0.006004515 -0.039307132 0.994606376
1403636763063555584.000000 -0.266920030 -0.155542061 0.153685600 -0.088075325 -0.005042203 0.026392154 -0.995751381
1403636763113555456.000000 -0.266816944 -0.147711173 0.144333988 0.081864886 0.016570097 -0.019124929 0.996322215
1403636763163555584.000000 -0.267171264 -0.145352051 0.140830785 0.076016702 0.030512478 -0.014256074 0.996537626
1403636763213555456.000000 -0.279120922 -0.147417888 0.147656694 -0.073771708 -0.021703200 0.011281689 -0.996975124
1403636763263555584.000000 -0.277294934 -0.142707974 0.142217591 0.074368350 0.013506048 -0.009540550 0.997093737
1403636763313555456.000000 -0.280596584 -0.142730027 0.142915845 0.074420713 0.016867859 -0.008836118 0.997045159
1403636763363555584.000000 -0.283335298 -0.141757578 0.139700115 0.074643582 0.016560668 -0.009173756 0.997030616
1403636763413555456.000000 -0.287695825 -0.142090708 0.139460489 0.074721329 0.015260071 -0.008221237 0.997053802
1403636763463555584.000000 -0.291633785 -0.141658157 0.137591571 -0.074428000 -0.015474999 0.008863765 -0.997066975
1403636763513555456.000000 -0.294626385 -0.140354961 0.134241223 0.074671201 0.015424651 -0.008278389 0.997054577
1403636763563555584.000000 -0.298805773 -0.140188441 0.132652670 0.074515566 0.015550246 -0.008521196 0.997062266
1403636763613555456.000000 -0.302678555 -0.139865786 0.130416885 0.074518725 0.015809262 -0.008192165 0.997060657
1403636763663555584.000000 -0.306511402 -0.138298333 0.126918718 -0.074588694 -0.015562099 0.008457699 -0.997057080
1403636763713555456.000000 -0.310675085 -0.137569174 0.124127708 -0.074650213 -0.015485673 0.008039472 -0.997057199
1403636763763555584.000000 -0.314145625 -0.136732891 0.121095799 -0.074452847 -0.015707174 0.008483622 -0.997064769
1403636763813555456.000000 -0.317700177 -0.136035100 0.117895477 -0.074756369 -0.015922330 0.007806500 -0.997044146
