1403636584263555584.000000 -0.000000035 0.000000000 -0.000000075 0.000000008 -0.000000007 -0.000000040 1.000000000
1403636584313555456.000000 0.025109110 -0.000776755 -0.008948159 -0.000100757 0.002034337 0.000001834 0.999997973
1403636584363555584.000000 0.053800706 -0.000954894 -0.018702915 -0.001286009 0.003770549 -0.001495997 0.999990940
1403636584413555456.000000 0.085979357 -0.000799438 -0.030242138 -0.005216129 0.005626625 -0.004573110 0.999960124
1403636584463555584.000000 0.119290553 -0.000439275 -0.041682385 -0.008947074 0.009105067 -0.006888056 0.999894798
1403636584513555456.000000 0.152576879 0.000306864 -0.051284220 -0.010795327 0.014272870 -0.008261988 0.999805748
1403636584563555584.000000 0.187266394 -0.000338299 -0.062853590 -0.012615584 0.021107316 -0.007334346 0.999670684
1403636584613555456.000000 0.223825052 0.000058762 -0.075699732 -0.015099682 0.029762561 -0.006382784 0.999422610
1403636584663555584.000000 0.257058799 -0.001224455 -0.089871451 -0.019028185 0.040029317 -0.005234946 0.999003649
1403636584713555456.000000 0.289347529 -0.001297601 -0.102920845 -0.021944247 0.050688744 -0.004563150 0.998462975
1403636584763555584.000000 0.319242448 -0.000155943 -0.112913348 -0.025413536 0.061127357 -0.003521806 0.997800171
1403636584813555456.000000 0.345572621 -0.001689103 -0.124290228 -0.027310818 0.069248118 -0.003304059 0.997220099
1403636584863555584.000000 0.365102261 -0.002283711 -0.135707825 -0.028008103 0.076376341 -0.000654284 0.996685445
1403636584913555456.000000 0.383095086 -0.003693184 -0.145149559 -0.027525788 0.080722295 0.000564542 0.996356308
1403636584963555584.000000 0.393276662 -0.003490910 -0.149774060 -0.028018394 0.083163045 0.003812729 0.996134758
1403636585013555456.000000 0.396727711 -0.003936766 -0.150015429 -0.029679447 0.083260030 0.005289615 0.996071815
1403636585063555584.000000 0.391234159 -0.001275658 -0.145772561 -0.031001242 0.082096040 0.007116495 0.996116817
1403636585113555456.000000 0.383113325 -0.001807855 -0.140556276 -0.031314641 0.079742648 0.007534716 0.996295035
1403636585163555584.000000 0.365574002 0.005256659 -0.130845547 -0.032875452 0.077304587 0.008670259 0.996427715
1403636585213555456.000000 0.344373614 0.008919097 -0.118653804 -0.035518583 0.074463084 0.008633373 0.996553719
1403636585263555584.000000 0.331991881 -0.001745734 -0.121646166 -0.040779117 0.069843002 0.004580331 0.996713638
1403636585313555456.000000 0.309885174 0.001264901 -0.110198855 -0.043335419 0.066808201 0.002285395 0.996821761
1403636585363555584.000000 0.286253005 0.004091595 -0.099152796 -0.044660863 0.063587241 -0.001850437 0.996974766
1403636585413555456.000000 0.260942906 0.006644174 -0.085224457 -0.045344699 0.060103580 -0.004053702 0.997153461
1403636585463555584.000000 0.234193191 0.008256936 -0.073256597 -0.042207368 0.055458851 -0.005915583 0.997550964
1403636585513555456.000000 0.210831434 0.008830816 -0.065728500 -0.039772384 0.049790021 -0.008158335 0.997934163
1403636585563555584.000000 0.187832698 0.009791613 -0.058995917 -0.033952992 0.044041201 -0.009427628 0.998408079
1403636585613555456.000000 0.164958790 0.010853778 -0.054060239 -0.027101161 0.037967745 -0.009067948 0.998870313
1403636585663555584.000000 0.147046253 0.010693763 -0.052077357 -0.020818986 0.031101836 -0.007499183 0.999271274
1403636585713555456.000000 0.132103607 0.010347071 -0.052419133 -0.014377762 0.023713684 -0.005019830 0.999602795
1403636585763555584.000000 0.120646946 0.010622120 -0.053985864 -0.010012035 0.016024774 -0.002286885 0.999818921
1403636585813555456.000000 0.112479515 0.010380382 -0.056016382 -0.005263313 0.007904771 0.002325375 0.999952257
1403636585863555584.000000 0.106745437 0.009680398 -0.059051197 -0.001661035 -0.001358853 0.005443788 0.999982893
1403636585913555456.000000 0.103461139 0.009270528 -0.063019566 0.001125998 -0.010469866 0.008666616 0.999907017
1403636585963555584.000000 0.101823963 0.008804395 -0.066584282 0.000764522 -0.021343164 0.010844616 0.999713182
1403636586013555456.000000 0.101520270 0.008595824 -0.071332805 -0.002312799 -0.033218551 0.012664934 0.999365270
1403636586063555584.000000 0.101846084 0.007966937 -0.074459612 -0.009578261 -0.046001900 0.013285387 0.998807132
1403636586113555456.000000 0.102563269 0.007133452 -0.078181230 -0.015903583 -0.057007533 0.015809268 0.998121917
1403636586163555584.000000 0.103507981 0.005475610 -0.081953183 -0.020926386 -0.066394493 0.018428981 0.997403741
1403636586213555456.000000 0.104199767 0.002535858 -0.085326120 -0.023570487 -0.074986801 0.020634182 0.996692359
1403636586263555584.000000 0.104459226 0.001128672 -0.089583732 -0.023898968 -0.084254645 0.022270691 0.995908618
1403636586313555456.000000 0.104373969 0.000054932 -0.094094180 -0.024483083 -0.094543301 0.025478847 0.994893551
1403636586363555584.000000 0.103671007 -0.001108266 -0.099382542 -0.025394421 -0.105038881 0.027686188 0.993758261
1403636586413555456.000000 0.102252521 -0.001622870 -0.104790591 -0.025891840 -0.115229711 0.030821426 0.992523015
1403636586463555584.000000 0.100400090 -0.001075338 -0.109959967 -0.025895340 -0.124835022 0.031115275 0.991351426
1403636586513555456.000000 0.100217015 0.000449265 -0.116823837 -0.025836028 -0.133159414 0.029712379 0.990312219
1403636586563555584.000000 0.099744432 0.002608617 -0.121553898 0.024441646 0.139784962 -0.029007435 -0.989455104
1403636586613555456.000000 0.100963183 0.005881000 -0.124993749 0.022999058 0.143625855 -0.028519984 -0.988953650
1403636586663555584.000000 0.102715634 0.010230660 -0.127153054 0.022993909 0.144204155 -0.029287316 -0.988847196
1403636586713555456.000000 0.104727410 0.014909161 -0.128128380 0.021980012 0.141700506 -0.029291635 -0.989232004
1403636586763555584.000000 0.106366165 0.019251412 -0.127956972 0.019635141 0.137850150 -0.030164268 -0.989798903
1403636586813555456.000000 0.108180106 0.024025070 -0.126824155 0.017680025 0.133626103 -0.030255869 -0.990412116
1403636586863555584.000000 0.109065153 0.027626999 -0.125145584 0.016619347 0.129857928 -0.029347291 -0.990958929
1403636586913555456.000000 0.109699719 0.029533204 -0.123054579 0.015013874 0.127040610 -0.027123695 -0.991412938
1403636586963555584.000000 0.110394768 0.030638350 -0.120715089 0.012827507 0.124815486 -0.025888884 -0.991759241
1403636587013555456.000000 0.113846660 0.031225456 -0.117412083 -0.010622861 -0.123790465 0.022663541 0.991992712
1403636587063555584.000000 0.114849739 0.032246172 -0.114843145 0.009249648 0.124505669 -0.021389501 -0.991945267
1403636587113555456.000000 0.116116166 0.033874936 -0.112346381 0.008100109 0.126912206 -0.019322671 -0.991692722
1403636587163555584.000000 0.117125966 0.036571130 -0.109688461 0.007735209 0.129323095 -0.017784145 -0.991412878
1403636587213555456.000000 0.118308872 0.040599097 -0.106891528 0.006898887 0.130770102 -0.017363934 -0.991236746
1403636587263555584.000000 0.119441353 0.046208438 -0.103951141 0.007252946 0.131743714 -0.018006803 -0.991093755
1403636587313555456.000000 0.120739520 0.053728040 -0.100970298 0.007839885 0.132355556 -0.019057734 -0.990988135
1403636587363555584.000000 0.122251116 0.063120559 -0.097577862 0.009054166 0.133153751 -0.020067288 -0.990850925
1403636587413555456.000000 0.123622596 0.074116684 -0.094400704 0.010053674 0.133990809 -0.021382947 -0.990700841
1403636587463555584.000000 0.124825433 0.086798124 -0.091612391 0.010903809 0.135097310 -0.023490699 -0.990493834
1403636587513555456.000000 0.125920802 0.100485764 -0.090643004 -0.011687390 -0.136360109 0.025547754 0.990260959
1403636587563555584.000000 0.127082616 0.116502635 -0.088657133 0.012474570 0.136966199 -0.027399169 -0.990118146
1403636587613555456.000000 0.128597334 0.133772433 -0.086774237 0.014290387 0.136487558 -0.029402588 -0.990102232
1403636587663555584.000000 0.130673081 0.151929095 -0.084888272 0.016296977 0.134239212 -0.031442661 -0.990315914
1403636587713555456.000000 0.133120686 0.170399636 -0.083012618 -0.019118622 -0.130869314 0.033792716 0.990639091
1403636587763555584.000000 0.135569364 0.189314827 -0.081306912 0.022216724 0.127023354 -0.036755018 -0.990969598
1403636587813555456.000000 0.137492478 0.208277658 -0.079702660 0.025809158 0.124193631 -0.038840972 -0.991161585
1403636587863555584.000000 0.138416812 0.226876259 -0.078072250 0.029015940 0.123192683 -0.041187864 -0.991103113
1403636587913555456.000000 0.138771936 0.243602931 -0.075330943 -0.032391429 -0.124458611 0.042562701 0.990782201
1403636587963555584.000000 0.137662992 0.260960728 -0.074131049 0.036855929 0.128088802 -0.043694392 -0.990113974
1403636588013555456.000000 0.136192441 0.277391046 -0.073180199 0.041980281 0.133498371 -0.044124559 -0.989175856
1403636588063555584.000000 0.134365231 0.292091846 -0.071861438 0.045857806 0.138223544 -0.046383392 -0.988250971
1403636588113555456.000000 0.132550865 0.304715842 -0.070298746 0.046787083 0.141536832 -0.047734257 -0.987673938
1403636588163555584.000000 0.130959809 0.315917969 -0.068855435 0.047452014 0.143468663 -0.047347084 -0.987382054
1403636588213555456.000000 0.124884002 0.328581244 -0.059481848 -0.046889570 -0.143407688 0.047269158 0.987421572
1403636588263555584.000000 0.123263083 0.335681379 -0.057984516 -0.046055257 -0.142503545 0.047623359 0.987574697
1403636588313555456.000000 0.122233532 0.340366155 -0.057523098 0.044715364 0.140728116 -0.048551895 -0.987845540
1403636588363555584.000000 0.121168390 0.342924565 -0.056936547 0.042933550 0.138846084 -0.048902500 -0.988173664
1403636588413555456.000000 0.120155029 0.343356460 -0.056920052 0.042272583 0.137204632 -0.050159805 -0.988368332
1403636588463555584.000000 0.119328976 0.341792494 -0.057152018 0.042221397 0.136677667 -0.050864317 -0.988407552
1403636588513555456.000000 0.119197242 0.338446677 -0.058230046 0.044006396 0.137241453 -0.049943604 -0.988298535
1403636588563555584.000000 0.120062500 0.332781017 -0.059810717 0.045139998 0.137195557 -0.049217511 -0.988290131
1403636588613555456.000000 0.121079654 0.324690193 -0.062087279 0.044970281 0.136780456 -0.049310286 -0.988350868
1403636588663555584.000000 0.122044981 0.314769238 -0.064606614 0.044145614 0.136332080 -0.048898175 -0.988470376
1403636588713555456.000000 0.121721826 0.302855909 -0.067420781 -0.042243160 -0.136755720 0.049209416 0.988479614
1403636588763555584.000000 0.120844468 0.289647579 -0.070049100 0.039798263 0.138215393 -0.047876101 -0.988443494
1403636588813555456.000000 0.119754404 0.275070697 -0.072330825 0.037616830 0.139764130 -0.047107998 -0.988348067
1403636588863555584.000000 0.118617266 0.258759260 -0.074214630 0.035277851 0.140585572 -0.046830881 -0.988330960
1403636588913555456.000000 0.117896028 0.240355864 -0.076013111 -0.032562837 -0.140466869 0.046543151 0.988454640
1403636588963555584.000000 0.117688678 0.221187115 -0.078593828 0.029872168 0.139752179 -0.045405556 -0.988693774
1403636589013555456.000000 0.117926024 0.200943545 -0.081539005 0.026943825 0.137933522 -0.044103313 -0.989092171
1403636589063555584.000000 0.118500113 0.179803565 -0.084941372 0.023730537 0.135373458 -0.042620763 -0.989593029
1403636589113555456.000000 0.119606055 0.157558084 -0.089067429 -0.020806001 -0.132653356 0.040392864 0.990120530
1403636589163555584.000000 0.121064261 0.135233104 -0.092462748 0.018514752 0.130181119 -0.039165035 -0.990543425
1403636589213555456.000000 0.122426428 0.112144165 -0.095712364 0.016394712 0.128888458 -0.038166724 -0.990788817
1403636589263555584.000000 0.123105884 0.088467509 -0.098748423 0.014346420 0.129103079 -0.037023447 -0.990835965
1403636589313555456.000000 0.127529562 0.062090479 -0.108834460 0.011511556 0.130930454 -0.035004992 -0.990706563
1403636589363555584.000000 0.126536235 0.037574638 -0.110980563 0.008934086 0.133166343 -0.033604838 -0.990483582
1403636589413555456.000000 0.125432685 0.014436826 -0.111495927 0.006661702 0.134987444 -0.031328958 -0.990329564
1403636589463555584.000000 0.120495632 -0.007752345 -0.106790699 -0.005835262 -0.134882271 0.029049423 0.990418553
1403636589513555456.000000 0.119091757 -0.031473983 -0.108194441 0.004626392 0.134025827 -0.028395662 -0.990560174
1403636589563555584.000000 0.117424607 -0.055069230 -0.109786354 0.002691765 0.132712990 -0.027929904 -0.990757287
1403636589613555456.000000 0.115932204 -0.079294845 -0.112020552 -0.001643844 -0.131372392 0.026691707 0.990972400
1403636589663555584.000000 0.114177212 -0.102669254 -0.113360479 -0.000114859 -0.130136207 0.025547499 0.991167009
1403636589713555456.000000 0.112400278 -0.125521600 -0.115218051 0.001266728 -0.129459962 0.024637878 0.991277754
1403636589763555584.000000 0.109900139 -0.148160800 -0.116193175 0.004672074 -0.129876032 0.024188923 0.991224170
1403636589813555456.000000 0.106983364 -0.169423923 -0.116849504 0.008570132 -0.131897837 0.023155091 0.990955830
1403636589863555584.000000 0.103919961 -0.189206749 -0.117841668 -0.012443305 0.135220632 -0.021820735 -0.990497112
1403636589913555456.000000 0.100509435 -0.207694665 -0.119162850 0.016763790 -0.138380110 0.020707065 0.990020752
1403636589963555584.000000 0.097435087 -0.224275291 -0.119386829 0.021471871 -0.140267819 0.020850470 0.989661157
1403636590013555456.000000 0.095061727 -0.239518464 -0.119791299 -0.025973817 0.139849931 -0.020686777 -0.989615858
1403636590063555584.000000 0.092983216 -0.251649946 -0.119119935 0.029122781 -0.136964336 0.020255398 0.989940584
1403636590113555456.000000 0.092542566 -0.261677474 -0.119930506 0.032087423 -0.133455217 0.019732658 0.990338743
1403636590163555584.000000 0.093054205 -0.268971324 -0.120454773 -0.035014469 0.130045503 -0.019840417 -0.990691006
1403636590213555456.000000 0.093570352 -0.272764981 -0.121333688 -0.036261559 0.127883554 -0.019243795 -0.990939319
1403636590263555584.000000 0.093980640 -0.273204297 -0.122430608 -0.036290567 0.127256960 -0.018285748 -0.991037011
1403636590313555456.000000 0.094334655 -0.270552933 -0.123985074 -0.035344843 0.128176600 -0.017024910 -0.990975142
1403636590363555584.000000 0.094664015 -0.264716536 -0.125671744 -0.033046637 0.129303098 -0.016819224 -0.990911603
1403636590413555456.000000 0.095232472 -0.255909055 -0.127517045 -0.030402381 0.130028248 -0.016258629 -0.990910769
1403636590463555584.000000 0.096116357 -0.244197100 -0.129332125 -0.026531143 0.129830465 -0.016194005 -0.991048932
1403636590513555456.000000 0.097603232 -0.230114609 -0.131461799 -0.023073377 0.128663868 -0.015532807 -0.991298139
1403636590563555584.000000 0.099161737 -0.213545755 -0.133688182 0.019363509 -0.126862124 0.015050188 0.991617203
1403636590613555456.000000 0.100905187 -0.195703536 -0.135346308 0.016456809 -0.125320598 0.014934862 0.991867423
1403636590663555584.000000 0.102344282 -0.176847652 -0.135885775 -0.013038162 0.124462396 -0.015308494 -0.992020607
1403636590713555456.000000 0.103521667 -0.156579241 -0.136229917 -0.009971132 0.124735840 -0.015796956 -0.992014110
1403636590763555584.000000 0.104129732 -0.135300189 -0.135959461 -0.007009015 0.126290083 -0.017446401 -0.991815209
1403636590813555456.000000 0.104332648 -0.113273032 -0.135065243 -0.006093507 0.128996357 -0.019435648 -0.991435945
1403636590863555584.000000 0.104137689 -0.090376526 -0.133660764 -0.004887964 0.132092789 -0.021669773 -0.990988493
1403636590913555456.000000 0.104223445 -0.066729702 -0.132064164 -0.003539809 0.134763971 -0.022938924 -0.990605891
1403636590963555584.000000 0.105398126 -0.042485896 -0.130222455 -0.001740974 0.136360720 -0.023174403 -0.990386605
1403636591013555456.000000 0.105544083 -0.018554628 -0.127927125 -0.001450789 0.136394560 -0.023491563 -0.990374982
1403636591063555584.000000 0.105803259 0.004620415 -0.126132175 0.002564052 -0.135448977 0.024329137 0.990482330
1403636591113555456.000000 0.106475063 0.027263831 -0.123631105 0.003470669 -0.134848341 0.025119757 0.990541697
1403636591163555584.000000 0.107236311 0.048880022 -0.120963372 -0.003394218 0.134881124 -0.026779110 -0.990494132
1403636591213555456.000000 0.107825644 0.069698356 -0.118217342 -0.002911674 0.135641038 -0.027803458 -0.990363598
1403636591263555584.000000 0.107678905 0.089268856 -0.115331143 -0.001819568 0.136927992 -0.028790113 -0.990160942
1403636591313555456.000000 0.106899418 0.107175335 -0.112207994 -0.000061906 0.138377666 -0.029408773 -0.989942849
1403636591363555584.000000 0.105822422 0.122869432 -0.109049752 -0.002371671 -0.139782190 0.030460471 0.989710867
1403636591413555456.000000 0.103744708 0.136191919 -0.105591968 -0.004448460 -0.140369296 0.031698007 0.989581704
1403636591463555584.000000 0.101261660 0.147193551 -0.102092877 0.005650719 0.140421256 -0.033399452 -0.989512265
1403636591513555456.000000 0.099071190 0.157419086 -0.097762197 0.008332315 0.139408499 -0.033451825 -0.989634693
1403636591563555584.000000 0.097137436 0.166660547 -0.093082517 0.014174412 0.135697976 -0.034397542 -0.990051508
1403636591613555456.000000 0.095532022 0.174811155 -0.087962940 0.022186410 0.129433036 -0.035806172 -0.990693152
1403636591663555584.000000 0.094431825 0.180974841 -0.082959555 0.028999038 0.120091237 -0.036589243 -0.991664529
1403636591713555456.000000 0.093704224 0.184773788 -0.078833155 -0.034649797 -0.109667726 0.036161780 0.992705762
1403636591763555584.000000 0.094226018 0.188286439 -0.075336717 -0.040408250 -0.099153660 0.035239454 0.993626714
1403636591813555456.000000 0.095941208 0.191929385 -0.072232708 0.046347365 0.088398516 -0.035149749 -0.994385362
1403636591863555584.000000 0.097720042 0.194775462 -0.069441684 0.051265553 0.079562195 -0.035719343 -0.994869769
1403636591913555456.000000 0.099739596 0.197621673 -0.066513225 0.056072745 0.074054517 -0.037276033 -0.994978607
1403636591963555584.000000 0.101356998 0.200560033 -0.063179962 0.059826043 0.073625192 -0.040929455 -0.994648218
1403636592013555456.000000 0.103416637 0.205118477 -0.058596592 0.063850999 0.077105783 -0.044383861 -0.993985832
1403636592063555584.000000 0.105859861 0.210866824 -0.052231885 0.068957441 0.080607310 -0.048867811 -0.993156195
1403636592113555456.000000 0.108807847 0.217425808 -0.044469390 0.073866844 0.084131390 -0.053056050 -0.992295623
1403636592163555584.000000 0.112037100 0.224536866 -0.035459366 0.078401193 0.088145271 -0.057105884 -0.991374135
1403636592213555456.000000 0.115574293 0.231390983 -0.025441652 -0.081843883 -0.093002304 0.060036533 0.990478575
1403636592263555584.000000 0.119794123 0.237707183 -0.014783610 -0.083652474 -0.097576119 0.061563183 0.989793479
1403636592313555456.000000 0.124720581 0.242330506 -0.003409224 0.083475567 0.101655684 -0.062353611 -0.989348233
1403636592363555584.000000 0.130158320 0.245303094 0.009376803 0.081480324 0.105059274 -0.064883716 -0.988996267
1403636592413555456.000000 0.136480510 0.246274218 0.022865776 0.077227101 0.107803673 -0.065130651 -0.989025950
1403636592463555584.000000 0.143792689 0.244944423 0.037359625 0.071912438 0.108187079 -0.064333118 -0.989436924
1403636592513555456.000000 0.151436284 0.241293788 0.052463334 -0.064838454 -0.105736472 0.061791640 0.990352213
1403636592563555584.000000 0.159368977 0.235027313 0.067692697 -0.057473086 -0.101278625 0.057887800 0.991508186
1403636592613555456.000000 0.166879192 0.226108402 0.082443260 0.049032103 0.096357509 -0.052674569 -0.992741942
1403636592663555584.000000 0.173807204 0.215507582 0.098804407 -0.041224219 -0.092112631 0.047205575 0.993774354
1403636592713555456.000000 0.180092216 0.202190042 0.112886027 -0.032273516 -0.089809313 0.041688211 0.994562626
1403636592763555584.000000 0.185463473 0.186001047 0.125444651 -0.021179350 -0.089168899 0.036324423 0.995128572
1403636592813555456.000000 0.189790696 0.166579902 0.136272028 -0.008257448 -0.089578249 0.031916998 0.995433986
1403636592863555584.000000 0.192588612 0.144106716 0.144665435 0.006648189 -0.091489561 0.028136306 0.995386302
1403636592913555456.000000 0.193168089 0.119027197 0.150516883 0.020954289 -0.094283886 0.023676448 0.995043218
1403636592963555584.000000 0.192776278 0.091852538 0.152709484 0.034999788 -0.097452439 0.019329095 0.994436800
1403636593013555456.000000 0.190524414 0.062367443 0.151221201 0.049457625 -0.100473367 0.014766685 0.993600070
1403636593063555584.000000 0.187670022 0.033326443 0.148759648 0.063036233 -0.103215694 0.009897974 0.992610216
1403636593113555456.000000 0.183312550 0.002194755 0.140127912 0.075647034 -0.105069533 0.003798169 0.991576254
1403636593163555584.000000 0.177647173 -0.028620852 0.128774941 0.088748820 -0.106280759 0.000764149 0.990367353
1403636593213555456.000000 0.171492577 -0.059188973 0.113795839 0.100241646 -0.106962889 0.000032258 0.989196956
1403636593263555584.000000 0.164213270 -0.087182172 0.096354976 0.111904740 -0.107635260 0.000676388 0.987872243
1403636593313555456.000000 0.156119525 -0.112770557 0.077198803 0.119785219 -0.109751433 0.000304348 0.986714780
1403636593363555584.000000 0.146796823 -0.133451626 0.056750465 0.124313407 -0.112114228 -0.001246271 0.985888004
1403636593413555456.000000 0.136230811 -0.150417641 0.035863988 0.126707718 -0.114178181 -0.002053196 0.985344768
1403636593463555584.000000 0.124931023 -0.161465794 0.014614902 0.126258656 -0.115801401 -0.003617571 0.985208452
1403636593513555456.000000 0.112507947 -0.168353811 -0.006562423 0.122679554 -0.117369212 -0.003054378 0.985476971
1403636593563555584.000000 0.099798121 -0.171136662 -0.027107693 0.118721463 -0.119653337 -0.000447366 0.985691726
1403636593613555456.000000 0.087027453 -0.168665931 -0.047965381 0.112891838 -0.123258479 0.003661368 0.985925674
1403636593663555584.000000 0.074147090 -0.163334370 -0.066829957 0.106223218 -0.127600744 0.009765750 0.986072659
1403636593713555456.000000 0.061471064 -0.153067112 -0.086351298 0.096248835 -0.132079795 0.015641192 0.986431241
1403636593763555584.000000 0.049890164 -0.139476150 -0.103695162 0.083291054 -0.135344297 0.023180541 0.987019420
1403636593813555456.000000 0.037775680 -0.123192377 -0.122660756 0.067451790 -0.136409789 0.030773012 0.987874329
1403636593863555584.000000 0.028981319 -0.102717444 -0.137775257 0.049850337 -0.134211749 0.039851557 0.988895357
1403636593913555456.000000 0.021430843 -0.080239423 -0.152973503 0.030953655 -0.129629016 0.048794162 0.989877462
1403636593963555584.000000 0.016085584 -0.055314817 -0.165221468 0.011193099 -0.123857819 0.056963567 0.990600407
1403636594013555456.000000 0.012114421 -0.029227877 -0.176337630 -0.008697263 -0.118113525 0.064029075 0.990895450
1403636594063555584.000000 0.010004241 -0.001652008 -0.184053615 -0.028463565 -0.113738090 0.070946589 0.990565538
1403636594113555456.000000 0.008970349 0.025796220 -0.188889802 -0.046187490 -0.111168280 0.078071274 0.989653111
1403636594163555584.000000 0.009363245 0.054331396 -0.189349338 -0.062361304 -0.110759035 0.084900618 0.988248706
1403636594213555456.000000 0.011117171 0.083311610 -0.185882628 0.076338030 0.111437961 -0.089612991 -0.986774385
1403636594263555584.000000 0.013024237 0.110926144 -0.178597718 -0.088235632 -0.111966312 0.093033351 0.985404909
1403636594313555456.000000 0.017908620 0.139816284 -0.167398065 -0.097915605 -0.112624899 0.093902476 0.984332561
1403636594363555584.000000 0.024519272 0.167656541 -0.153416604 0.106434897 0.112364091 -0.093491562 -0.983516872
1403636594413555456.000000 0.032873135 0.195675969 -0.135897800 -0.112866029 -0.110019840 0.091746137 0.983229160
1403636594463555584.000000 0.042150073 0.221429899 -0.116556056 -0.117313296 -0.105986938 0.088495031 0.983449519
1403636594513555456.000000 0.052288041 0.244706511 -0.095717750 0.119343132 0.100619964 -0.085160263 -0.984063327
1403636594563555584.000000 0.062922649 0.263649970 -0.073544882 0.119922958 0.094626635 -0.085100301 -0.984592438
1403636594613555456.000000 0.073389910 0.277472556 -0.051274035 0.118903048 0.089918114 -0.085131474 -0.985154569
1403636594663555584.000000 0.084078841 0.286323130 -0.028020753 -0.117344730 -0.086089149 0.086222090 0.985588431
1403636594713555456.000000 0.093813576 0.287971050 -0.006570593 -0.114071093 -0.083607592 0.085075624 0.986285865
1403636594763555584.000000 0.102332801 0.282901078 0.014136553 -0.107847363 -0.081590474 0.082999691 0.987331271
1403636594813555456.000000 0.110123873 0.271022409 0.036325753 -0.098765366 -0.079526104 0.078559361 0.988812149
1403636594863555584.000000 0.116625831 0.252420664 0.054422580 -0.087814480 -0.077516839 0.073061526 0.990425050
1403636594913555456.000000 0.122266755 0.227820754 0.071071811 -0.074607126 -0.075396471 0.064920627 0.992237151
1403636594963555584.000000 0.126569897 0.197084650 0.083833963 -0.059114680 -0.073857896 0.055588257 0.993961990
1403636595013555456.000000 0.129309624 0.161931768 0.094404720 -0.039540336 -0.072601773 0.047374908 0.995450258
1403636595063555584.000000 0.130265936 0.123485394 0.100492470 -0.019904463 -0.073296554 0.038003139 0.996387064
1403636595113555456.000000 0.129353523 0.084337950 0.105954424 -0.000034836 -0.075596422 0.030013705 0.996686757
1403636595163555584.000000 0.127302751 0.044978835 0.106303617 0.018621713 -0.078461178 0.022880470 0.996480584
1403636595213555456.000000 0.123973034 0.007708748 0.104501538 0.037023399 -0.081643723 0.017841874 0.995813847
1403636595263555584.000000 0.119749926 -0.026564021 0.099037848 0.054151375 -0.084523641 0.012800145 0.994866610
1403636595313555456.000000 0.113945417 -0.056304872 0.091298558 0.068870604 -0.087409131 0.008163366 0.993755460
1403636595363555584.000000 0.107737988 -0.080692045 0.080549799 0.080012023 -0.089539893 0.003581781 0.992757738
1403636595413555456.000000 0.101069473 -0.098721422 0.068456002 0.087746993 -0.091117628 0.001333139 0.991965890
1403636595463555584.000000 0.094357885 -0.109580532 0.054954425 0.092972197 -0.092699647 -0.000746822 0.991343796
1403636595513555456.000000 0.086966127 -0.113287680 0.041271619 -0.095486097 0.094798818 0.000864607 -0.990906119
1403636595563555584.000000 0.078687496 -0.111686431 0.025735496 0.097338565 -0.097351551 -0.002609252 0.990475178
1403636595613555456.000000 0.070945084 -0.101965368 0.011566665 0.096412912 -0.099759161 -0.002897391 0.990325391
1403636595663555584.000000 0.062609918 -0.086705878 -0.003160376 0.092596039 -0.101960905 -0.003308341 0.990464032
1403636595713555456.000000 0.054469526 -0.066464491 -0.016582297 0.085469089 -0.103221446 -0.001788525 0.990977883
1403636595763555584.000000 0.045720268 -0.042458635 -0.029861987 0.075008608 -0.103718266 -0.001583769 0.991773069
1403636595813555456.000000 0.037539892 -0.014894518 -0.041994572 0.060583528 -0.103448987 0.000385917 0.992787898
1403636595863555584.000000 0.028947510 0.013699400 -0.053931467 0.045199726 -0.102963544 0.002895422 0.993653417
1403636595913555456.000000 0.020481281 0.042559333 -0.065418661 0.029508246 -0.103098579 0.007954976 0.994201601
1403636595963555584.000000 0.012261000 0.069676772 -0.078457721 0.014005702 -0.104092345 0.013085379 0.994382977
1403636596013555456.000000 0.003915815 0.094411202 -0.092042990 -0.001238402 -0.106419764 0.017741751 0.994162202
1403636596063555584.000000 -0.004412479 0.114725389 -0.106787041 -0.015969681 -0.108734794 0.023603955 0.993662238
1403636596113555456.000000 -0.013032998 0.129460528 -0.122114480 -0.028376084 -0.110898189 0.029506542 0.992988348
1403636596163555584.000000 -0.020285174 0.136929899 -0.137818515 -0.037170891 -0.112208538 0.034702126 0.992382705
1403636596213555456.000000 -0.026589286 0.137961373 -0.153772607 -0.042671714 -0.111756645 0.039323635 0.992039979
1403636596263555584.000000 -0.031557254 0.131127939 -0.170479789 -0.045203801 -0.110659160 0.043361995 0.991882503
1403636596313555456.000000 -0.034914013 0.118899003 -0.187935024 0.046446972 0.108707353 -0.046421170 -0.991902530
1403636596363555584.000000 -0.037919357 0.102561593 -0.207225367 0.047753405 0.106488787 -0.047619227 -0.992024362
1403636596413555456.000000 -0.040560465 0.083890319 -0.227534369 0.048544224 0.103851996 -0.046540912 -0.992316604
1403636596463555584.000000 -0.043449990 0.064292610 -0.247764036 0.047919407 0.100870803 -0.044342600 -0.992755055
1403636596513555456.000000 -0.046934508 0.045605257 -0.266700089 -0.046642207 -0.098116547 0.041131236 0.993230045
1403636596563555584.000000 -0.049183577 0.027438169 -0.283395678 -0.045112606 -0.096015528 0.037714221 0.993641555
1403636596613555456.000000 -0.051601116 0.010751951 -0.297048301 0.045136470 0.096067995 -0.035846833 -0.993704498
1403636596663555584.000000 -0.053420104 -0.003422661 -0.307561398 0.044732135 0.097357914 -0.035124417 -0.993623078
1403636596713555456.000000 -0.055201087 -0.014338842 -0.314115316 0.043841384 0.098784633 -0.034271244 -0.993551731
1403636596763555584.000000 -0.055567972 -0.021356830 -0.315935552 0.042662010 0.098723911 -0.031645063 -0.993696213
1403636596813555456.000000 -0.054777987 -0.024731943 -0.312605262 0.042374570 0.096301734 -0.029843833 -0.994001925
1403636596863555584.000000 -0.051778685 -0.024530394 -0.304204285 0.042725340 0.093336105 -0.026199352 -0.994372427
1403636596913555456.000000 -0.046987358 -0.021844624 -0.290850729 0.043517660 0.090554349 -0.024084000 -0.994648755
1403636596963555584.000000 -0.040230062 -0.016555123 -0.272820413 0.044915281 0.090504564 -0.020634899 -0.994668663
1403636597013555456.000000 -0.031230645 -0.009789047 -0.251388043 -0.045751479 -0.093162619 0.020431682 0.994389296
1403636597063555584.000000 -0.021894017 -0.001562716 -0.226135790 -0.045834336 -0.098595127 0.019234305 0.993885458
1403636597113555456.000000 -0.010716463 0.007250190 -0.198221043 0.043219335 0.104542091 -0.019618558 -0.993387222
1403636597163555584.000000 0.001835432 0.016158687 -0.168989837 0.038394231 0.109737009 -0.017599570 -0.993062973
1403636597213555456.000000 0.016516795 0.024987882 -0.138982728 0.032134779 0.112859793 -0.015226010 -0.992974460
1403636597263555584.000000 0.033059936 0.033125382 -0.108812936 0.025543775 0.113591269 -0.011845022 -0.993128598
1403636597313555456.000000 0.049886890 0.040623691 -0.079476394 -0.018737558 -0.112301916 0.007220154 0.993471265
1403636597363555584.000000 0.067272164 0.046087455 -0.049221545 -0.010836736 -0.110023595 0.003967383 0.993862033
1403636597413555456.000000 0.083725080 0.050166100 -0.019745274 0.003510148 0.107978880 0.001619053 -0.994145691
1403636597463555584.000000 0.098213620 0.052210897 0.010247719 0.004715197 -0.105914161 -0.006278775 0.994344294
1403636597513555456.000000 0.111133404 0.051972840 0.035168495 0.013975383 -0.103818528 -0.012358570 0.994421303
1403636597563555584.000000 0.121589832 0.048817158 0.056470118 0.025013352 -0.100850612 -0.015773308 0.994462073
1403636597613555456.000000 0.128857777 0.042546239 0.072862707 0.037160210 -0.096814163 -0.017895909 0.994447589
1403636597663555584.000000 0.132920519 0.033879880 0.084342778 0.049512338 -0.092350326 -0.019551318 0.994302630
1403636597713555456.000000 0.134112552 0.022959344 0.089877859 0.060963012 -0.087813959 -0.021324959 0.994041026
1403636597763555584.000000 0.133168563 0.010914542 0.090436190 0.070193790 -0.083526157 -0.023617070 0.993749797
1403636597813555456.000000 0.129638985 -0.001172903 0.085564196 0.077575780 -0.079452425 -0.026070436 0.993473589
1403636597863555584.000000 0.124103196 -0.011954595 0.076392740 -0.082388997 0.076459117 0.029923551 -0.993212283
1403636597913555456.000000 0.117545828 -0.021849681 0.064580254 0.086861983 -0.074783854 -0.034456253 0.992811739
1403636597963555584.000000 0.108565763 -0.029643966 0.049186483 0.089374445 -0.075078554 -0.038743239 0.992408395
1403636598013555456.000000 0.098112494 -0.035755567 0.031431857 -0.091104068 0.077231519 0.041988079 -0.991953850
1403636598063555584.000000 0.086453900 -0.040400919 0.012823192 -0.091493525 0.081001371 0.043298669 -0.991560876
1403636598113555456.000000 0.074443966 -0.042934991 -0.006285307 0.092005938 -0.087016255 -0.042786103 0.991026044
1403636598163555584.000000 0.061529528 -0.043876011 -0.024482448 0.090343565 -0.094766364 -0.043158490 0.990451813
1403636598213555456.000000 0.047614727 -0.042656556 -0.040656909 -0.087555833 0.104260020 0.043481253 -0.989733934
1403636598263555584.000000 0.034304537 -0.040164787 -0.054767933 0.084664747 -0.113792583 -0.045726970 0.988833725
1403636598313555456.000000 0.022376314 -0.036565904 -0.063978434 0.081108406 -0.121018417 -0.046100732 0.988256395
1403636598363555584.000000 0.012334980 -0.031432495 -0.068434477 -0.076559387 0.125620767 0.048381653 -0.987935960
1403636598413555456.000000 0.003830216 -0.025647510 -0.069621511 0.071923889 -0.127671167 -0.048834417 0.987999141
1403636598463555584.000000 -0.002170899 -0.019810751 -0.064912930 0.069388069 -0.127434954 -0.050479993 0.988128245
1403636598513555456.000000 -0.006148964 -0.013682454 -0.056299724 0.068687014 -0.124631517 -0.050548807 0.988531172
1403636598563555584.000000 -0.007090149 -0.008218206 -0.043234717 0.071310014 -0.119358607 -0.051224098 0.988961399
1403636598613555456.000000 -0.006681697 -0.002627741 -0.027816311 0.074693300 -0.112034887 -0.050620794 0.989599288
1403636598663555584.000000 -0.005097694 0.002162808 -0.009861346 0.079634093 -0.103959732 -0.050738476 0.990089118
1403636598713555456.000000 -0.004314024 0.006746517 0.008511676 0.085780092 -0.094317988 -0.050448686 0.990555882
1403636598763555584.000000 -0.004368686 0.010564279 0.028359810 0.092925884 -0.083265521 -0.050077818 0.990920782
1403636598813555456.000000 -0.005938469 0.014550719 0.047704037 0.099024147 -0.071771562 -0.048752561 0.991295278
1403636598863555584.000000 -0.008694046 0.018294901 0.067105122 0.103044927 -0.059700884 -0.047284447 0.991756976
1403636598913555456.000000 -0.012756563 0.022118725 0.085088320 0.104985408 -0.049007829 -0.045131907 0.992239594
1403636598963555584.000000 -0.017417980 0.025746908 0.102711327 0.104906358 -0.039719719 -0.045460869 0.992648125
1403636599013555456.000000 -0.023024658 0.028489439 0.118776992 0.105881535 -0.031917173 -0.045586966 0.992820382
1403636599063555584.000000 -0.027463904 0.030590577 0.132427976 0.108305022 -0.023239644 -0.043673400 0.992886066
1403636599113555456.000000 -0.031229781 0.032399703 0.143088505 0.112772986 -0.013466707 -0.041306175 0.992670476
1403636599163555584.000000 -0.033549573 0.033693600 0.152539402 0.117643096 -0.001101314 -0.038088374 0.992324650
1403636599213555456.000000 -0.035112813 0.034838047 0.160989150 0.118413344 0.015121936 -0.037357878 0.992146194
1403636599263555584.000000 -0.035911780 0.035458289 0.169204772 0.119104840 0.030892430 -0.034050997 0.991816640
1403636599313555456.000000 -0.037169211 0.035889719 0.176888153 0.119327128 0.044305727 -0.031298012 0.991372049
1403636599363555584.000000 -0.038662162 0.036515236 0.183996439 0.118198715 0.053889725 -0.029396925 0.991090715
1403636599413555456.000000 -0.040695257 0.036980119 0.191034764 0.115337774 0.059807703 -0.030096950 0.991067350
1403636599463555584.000000 -0.043269239 0.037609067 0.197041407 0.111408226 0.062179584 -0.031581152 0.991324663
1403636599513555456.000000 -0.045958806 0.037894372 0.202291220 0.107032254 0.060834579 -0.029766526 0.991946161
1403636599563555584.000000 -0.048768893 0.038410801 0.206445783 0.103065252 0.057998944 -0.027924402 0.992589533
1403636599613555456.000000 -0.052119575 0.038933173 0.210187286 0.100610614 0.054628782 -0.026739147 0.993065119
1403636599663555584.000000 -0.054858211 0.039683383 0.214138418 0.098425120 0.051961243 -0.027231280 0.993413866
1403636599713555456.000000 -0.057545587 0.040566169 0.215332791 0.098049283 0.053378023 -0.026127834 0.993405521
1403636599763555584.000000 -0.057790034 0.041781522 0.215527952 0.099508263 0.062652238 -0.026341585 0.992712975
1403636599813555456.000000 -0.057618506 0.042665143 0.214679569 0.099587373 0.070753805 -0.025448995 0.992183805
1403636599863555584.000000 -0.058402199 0.043201208 0.214040697 0.099905111 0.077027008 -0.024111936 0.991717994
1403636599913555456.000000 -0.058967460 0.044066262 0.214222327 0.100937895 0.079117745 -0.022587813 0.991484582
1403636599963555584.000000 -0.059479758 0.044607129 0.214070320 0.099873506 0.078169100 -0.020890726 0.991704881
1403636600013555456.000000 -0.059795994 0.045212928 0.214573860 0.099278003 0.077620983 -0.019779025 0.991830528
1403636600063555584.000000 -0.061047379 0.046136919 0.214440718 -0.100321934 -0.077672988 0.017419586 -0.991765559
1403636600113555456.000000 -0.061318837 0.046951924 0.213485152 -0.101459824 -0.080908403 0.014972665 -0.991431117
1403636600163555584.000000 -0.061541900 0.047421958 0.212641776 -0.101017937 -0.081571527 0.016380375 -0.991399646
1403636600213555456.000000 -0.061696209 0.046877127 0.212114975 -0.101549514 -0.081208207 0.015093571 -0.991395593
1403636600263555584.000000 -0.061715860 0.046685323 0.211699501 -0.101779856 -0.081146941 0.014919238 -0.991379559
1403636600313555456.000000 -0.061269175 0.046891149 0.212893099 -0.102003090 -0.081076704 0.014456211 -0.991369307
1403636600363555584.000000 -0.061065398 0.046767712 0.213466853 -0.102153920 -0.081177510 0.013893306 -0.991353512
1403636600413555456.000000 -0.060917750 0.046790246 0.214082360 -0.102254935 -0.081184492 0.013935780 -0.991341949
1403636600463555584.000000 -0.060818728 0.046709076 0.214490503 -0.102501445 -0.081157371 0.013335766 -0.991326988
1403636600513555456.000000 -0.061490905 0.046806879 0.213964060 0.102262780 0.081506997 -0.013564147 0.991319835
1403636600563555584.000000 -0.061359808 0.046992466 0.213937059 -0.102225490 -0.081370391 0.013971200 -0.991329253
1403636600613555456.000000 -0.061248451 0.047027245 0.213817373 -0.102451794 -0.081336409 0.013357952 -0.991317093
1403636600663555584.000000 -0.061109208 0.047245663 0.213728145 -0.102349907 -0.081267789 0.013504175 -0.991331339
1403636600713555456.000000 -0.061047446 0.047258548 0.213733882 -0.102381729 -0.081183136 0.013527593 -0.991334617
1403636600763555584.000000 -0.061023474 0.047062535 0.213793635 -0.102502540 -0.081208326 0.013248180 -0.991323829
1403636600813555456.000000 -0.061020900 0.047172409 0.213922203 -0.102304995 -0.081266664 0.013676310 -0.991333663
1403636600863555584.000000 -0.061050415 0.046967149 0.214089856 -0.102491900 -0.081178747 0.013280776 -0.991326928
1403636600913555456.000000 -0.061030816 0.047011867 0.214373022 -0.102328703 -0.081261083 0.013627124 -0.991332352
1403636600963555584.000000 -0.061076835 0.046859622 0.214463696 -0.102465123 -0.081200652 0.013223518 -0.991328716
1403636601013555456.000000 -0.061472800 0.046947263 0.214539960 0.102129154 0.081325337 -0.013700603 0.991346657
1403636601063555584.000000 -0.061476734 0.046789568 0.214644387 0.102304310 0.081297897 -0.013227337 0.991337299
1403636601113555456.000000 -0.061319459 0.046915587 0.214439020 -0.102132045 -0.081281640 0.013595521 -0.991351426
1403636601163555584.000000 -0.061255656 0.046876252 0.214374498 -0.102287106 -0.081272036 0.013232331 -0.991341114
1403636601213555456.000000 -0.061171442 0.046993777 0.214430377 -0.102160655 -0.081300162 0.013589757 -0.991346955
1403636601263555584.000000 -0.061151218 0.046948493 0.214604393 -0.102339275 -0.081251115 0.013181604 -0.991338134
1403636601313555456.000000 -0.061104301 0.047137193 0.214850709 -0.102210157 -0.081298314 0.013568998 -0.991342306
1403636601363555584.000000 -0.061132248 0.047107033 0.215106487 -0.102312818 -0.081280261 0.013246782 -0.991337597
1403636601413555456.000000 -0.061116476 0.047132853 0.215369985 -0.102231346 -0.081302650 0.013445452 -0.991341472
1403636601463555584.000000 -0.061105307 0.047078770 0.215498522 -0.102317519 -0.081310302 0.013241412 -0.991334677
1403636601513555456.000000 -0.061428647 0.047055513 0.214552402 0.102206811 0.081298620 -0.013338353 0.991345823
1403636601563555584.000000 -0.061435357 0.046984125 0.214647636 0.102236472 0.081322491 -0.013155944 0.991343200
1403636601613555456.000000 -0.061300717 0.047098126 0.214645743 -0.102223642 -0.081286579 0.013219262 -0.991346598
1403636601663555584.000000 -0.061190687 0.047146223 0.214750841 -0.102199651 -0.081366859 0.013205481 -0.991342664
1403636601713555456.000000 -0.061151966 0.047155954 0.214819252 -0.102244563 -0.081347272 0.013186242 -0.991339982
1403636601763555584.000000 -0.061082270 0.047151994 0.214985639 -0.102221623 -0.081375584 0.013238353 -0.991339326
1403636601813555456.000000 -0.061358478 0.046907071 0.214871347 -0.102263749 -0.081259266 0.013135199 -0.991345823
1403636601863555584.000000 -0.061012115 0.047130492 0.215234324 -0.102240868 -0.081367560 0.013229535 -0.991338015
1403636601913555456.000000 -0.060980272 0.047144573 0.215335965 -0.102280468 -0.081361018 0.013162750 -0.991335392
1403636601963555584.000000 -0.060961887 0.047148209 0.215363905 -0.102239214 -0.081362069 0.013282147 -0.991337955
1403636602013555456.000000 -0.061492383 0.046967197 0.214494869 0.102228515 0.081345618 -0.013156613 0.991342068
1403636602063555584.000000 -0.061540198 0.046977080 0.214431539 0.102200754 0.081317313 -0.013341349 0.991344810
1403636602113555456.000000 -0.061358579 0.047166701 0.214503691 -0.102257065 -0.081273347 0.013085742 -0.991346061
1403636602163555584.000000 -0.061302662 0.047220200 0.214577615 -0.102221303 -0.081260435 0.013315323 -0.991347730
1403636602213555456.000000 -0.061350815 0.047344636 0.214587688 -0.102297328 -0.081205115 0.012981613 -0.991348863
1403636602263555584.000000 -0.061227262 0.047026299 0.214731410 -0.102190733 -0.081273504 0.013380038 -0.991348922
1403636602313555456.000000 -0.061336514 0.047111534 0.214755386 -0.102304906 -0.081182107 0.013034134 -0.991349220
1403636602363555584.000000 -0.061251041 0.046813115 0.214947104 -0.102243900 -0.081269592 0.013328130 -0.991344512
1403636602413555456.000000 -0.061368786 0.047000933 0.214931771 -0.102314606 -0.081221081 0.013070962 -0.991344631
1403636602463555584.000000 -0.061287712 0.046769582 0.215060055 -0.102274388 -0.081347503 0.013235824 -0.991336226
1403636602513555456.000000 -0.061479867 0.046932966 0.214507565 0.102237910 0.081222974 -0.013185477 0.991350830
1403636602563555584.000000 -0.061467964 0.046988845 0.214557067 0.102253936 0.081229143 -0.013190620 0.991348565
1403636602613555456.000000 -0.061632112 0.047016602 0.214375451 -0.102252729 -0.081185706 0.013189500 -0.991352260
1403636602663555584.000000 -0.061589897 0.047021866 0.214358106 -0.102241099 -0.081206158 0.013186397 -0.991351902
1403636602713555456.000000 -0.061467186 0.046989214 0.214364052 -0.102263123 -0.081235193 0.013141081 -0.991347849
1403636602763555584.000000 -0.061328556 0.046969350 0.214484558 -0.102236807 -0.081244096 0.013138896 -0.991349876
1403636602813555456.000000 -0.061271224 0.046975698 0.214589223 -0.102241166 -0.081278473 0.013159679 -0.991346359
1403636602863555584.000000 -0.061220270 0.046975773 0.214801788 -0.102267563 -0.081296206 0.013111741 -0.991342723
1403636602913555456.000000 -0.061178148 0.046997398 0.214928195 -0.102265470 -0.081307039 0.013194361 -0.991340935
1403636602963555584.000000 -0.061148789 0.046999551 0.215129063 -0.102273829 -0.081342250 0.013116208 -0.991338313
1403636603013555456.000000 -0.061613593 0.046875555 0.214343175 0.102260910 0.081336327 -0.013259917 0.991338134
1403636603063555584.000000 -0.061580002 0.046835683 0.214357585 -0.102317810 -0.081332788 0.013155553 -0.991333961
1403636603113555456.000000 -0.061730836 0.046996448 0.214351341 -0.102129906 -0.081234075 0.013195566 -0.991360962
1403636603163555584.000000 -0.061646804 0.046941441 0.214279816 -0.102156028 -0.081213146 0.013104082 -0.991361141
1403636603213555456.000000 -0.061590966 0.046947051 0.214169934 -0.102164105 -0.081209473 0.013157592 -0.991359890
1403636603263555584.000000 -0.061537556 0.046922252 0.214125335 -0.102218941 -0.081229024 0.013113112 -0.991353214
1403636603313555456.000000 -0.061496481 0.046940997 0.214136064 -0.102192752 -0.081245594 0.013174368 -0.991353810
1403636603363555584.000000 -0.061463978 0.046978232 0.214232191 -0.102226973 -0.081276163 0.013119223 -0.991348445
1403636603413555456.000000 -0.061458621 0.047008324 0.214371830 -0.102205224 -0.081296355 0.013159412 -0.991348565
1403636603463555584.000000 -0.061246727 0.046883892 0.214483812 -0.102302365 -0.081421211 0.013227140 -0.991327345
1403636603513555456.000000 -0.061535534 0.046918634 0.214542732 0.102226272 0.081303596 -0.013228479 0.991344869
1403636603563555584.000000 -0.061593760 0.046915438 0.214522123 -0.102254882 -0.081294887 0.013212772 -0.991342843
1403636603613555456.000000 -0.061613191 0.046870232 0.214500695 -0.102244884 -0.081295699 0.013237649 -0.991343498
1403636603663555584.000000 -0.061521549 0.046827774 0.214465857 -0.102231428 -0.081322782 0.013238261 -0.991342664
1403636603713555456.000000 -0.061391048 0.046809882 0.214386299 -0.102241553 -0.081316605 0.013222783 -0.991342247
1403636603763555584.000000 -0.061268929 0.046829708 0.214339584 -0.102254562 -0.081286542 0.013187309 -0.991343856
1403636603813555456.000000 -0.061214205 0.046826143 0.214358255 -0.102255605 -0.081269205 0.013233073 -0.991344571
1403636603863555584.000000 -0.061134625 0.046853032 0.214470029 -0.102260582 -0.081404164 0.013207621 -0.991333365
1403636603913555456.000000 -0.061195642 0.046900492 0.214424521 -0.102318496 -0.081328906 0.013146957 -0.991334379
1403636603963555584.000000 -0.061130613 0.046935841 0.214489922 -0.102232851 -0.081412107 0.013295180 -0.991334319
1403636604013555456.000000 -0.061516840 0.046942867 0.214782462 0.102293186 0.081282802 -0.013116276 0.991341174
1403636604063555584.000000 -0.061523944 0.047012076 0.214804232 -0.102237016 -0.081287399 0.013225654 -0.991345108
1403636604113555456.000000 -0.061791752 0.047066286 0.214572608 -0.102305137 -0.081307597 0.013078941 -0.991338372
1403636604163555584.000000 -0.061467268 0.047066011 0.214729488 -0.102270074 -0.081338845 0.013244585 -0.991337180
1403636604213555456.000000 -0.061636962 0.047094099 0.214485362 -0.102293290 -0.081319250 0.013110921 -0.991338193
1403636604263555584.000000 -0.061587602 0.047072500 0.214420378 -0.102288596 -0.081323646 0.013136180 -0.991338015
1403636604313555456.000000 -0.061547603 0.047050897 0.214367554 -0.102292702 -0.081319593 0.013088766 -0.991338491
1403636604363555584.000000 -0.061240688 0.046985466 0.214539111 -0.102271639 -0.081311613 0.013197280 -0.991339922
1403636604413555456.000000 -0.061483134 0.047041714 0.214374304 -0.102330707 -0.081276722 0.013115229 -0.991337776
1403636604463555584.000000 -0.061272513 0.047025472 0.214623585 -0.102301382 -0.081328653 0.013199395 -0.991335392
1403636604513555456.000000 -0.061536849 0.046913829 0.214619845 0.102258071 0.081293181 -0.013183969 0.991342962
1403636604563555584.000000 -0.061607905 0.046975277 0.214646488 -0.102251388 -0.081287332 0.013150874 -0.991344631
1403636604613555456.000000 -0.061624616 0.047039073 0.214675710 -0.102234423 -0.081306458 0.013140834 -0.991344869
1403636604663555584.000000 -0.061579574 0.047048818 0.214679196 -0.102273278 -0.081291646 0.013139324 -0.991342187
1403636604713555456.000000 -0.061460454 0.047013126 0.214674845 -0.102277257 -0.081302144 0.013153646 -0.991340697
1403636604763555584.000000 -0.061351173 0.046961330 0.214645907 -0.102271475 -0.081295311 0.013164924 -0.991341710
1403636604813555456.000000 -0.061268855 0.046934851 0.214644670 -0.102272689 -0.081298657 0.013229571 -0.991340458
1403636604863555584.000000 -0.061223127 0.046883393 0.214607060 -0.102259509 -0.081280351 0.013191938 -0.991343796
1403636604913555456.000000 -0.061198242 0.046868656 0.214603692 -0.102273993 -0.081269585 0.013212357 -0.991342962
1403636604963555584.000000 -0.061225198 0.046899844 0.214600980 -0.102309838 -0.081277423 0.013200959 -0.991338670
1403636605013555456.000000 -0.061527677 0.046895649 0.214604214 0.102252781 0.081254661 -0.013234802 0.991346002
1403636605063555584.000000 -0.061567608 0.046916585 0.214594960 0.102284089 0.081220821 -0.013198532 0.991346061
1403636605113555456.000000 -0.062003497 0.046915498 0.214029431 -0.102242939 -0.081204504 0.013244864 -0.991351068
1403636605163555584.000000 -0.061910227 0.046911519 0.213981852 -0.102272943 -0.081193909 0.013119368 -0.991350472
1403636605213555456.000000 -0.061777823 0.046941712 0.213981405 -0.102242589 -0.081199668 0.013176500 -0.991352320
1403636605263555584.000000 -0.061634000 0.046931818 0.214076981 -0.102268815 -0.081217483 0.013103540 -0.991349161
1403636605313555456.000000 -0.061560974 0.046964549 0.214253977 -0.102241173 -0.081234328 0.013191343 -0.991349518
1403636605363555584.000000 -0.061529405 0.046925180 0.214423567 -0.102282561 -0.081230156 0.013069422 -0.991347134
1403636605413555456.000000 -0.061548024 0.046937168 0.214482576 -0.102248184 -0.081244655 0.013163158 -0.991348267
1403636605463555584.000000 -0.061531555 0.046926659 0.214545652 -0.102293052 -0.081217684 0.013086871 -0.991346896
1403636605513555456.000000 -0.061571937 0.047041018 0.214547694 0.102312431 0.081260420 -0.013172547 0.991340280
1403636605563555584.000000 -0.061606992 0.047004864 0.214535326 -0.102300420 -0.081247166 0.013121298 -0.991343260
1403636605613555456.000000 -0.061819743 0.047005609 0.214436159 -0.102236703 -0.081140570 0.013171037 -0.991357863
1403636605663555584.000000 -0.061529055 0.046882067 0.214437664 -0.102339923 -0.081278719 0.013140861 -0.991336346
1403636605713555456.000000 -0.061701458 0.046831023 0.214396268 -0.102261677 -0.081185736 0.013149410 -0.991351843
1403636605763555584.000000 -0.061590042 0.046889547 0.214298725 -0.102241956 -0.081118822 0.013131971 -0.991359591
1403636605813555456.000000 -0.061550476 0.046838947 0.214328453 -0.102218360 -0.081234284 0.013171701 -0.991352081
1403636605863555584.000000 -0.061578382 0.046805363 0.214314163 -0.102224350 -0.081224367 0.013140359 -0.991352677
1403636605913555456.000000 -0.061553445 0.046850525 0.214254022 -0.102259830 -0.081170321 0.013167124 -0.991353154
1403636605963555584.000000 -0.061554443 0.046865404 0.214286551 -0.102273196 -0.081185624 0.013131289 -0.991351008
1403636606013555456.000000 -0.061590876 0.046892144 0.214594275 0.102255762 0.081343375 -0.013171358 0.991339266
1403636606063555584.000000 -0.061625797 0.046915893 0.214521572 0.102262661 0.081356615 -0.013139397 0.991337895
1403636606113555456.000000 -0.061778624 0.046883650 0.214224994 -0.102246843 -0.081163220 0.013149872 -0.991355300
1403636606163555584.000000 -0.061751526 0.046822384 0.214106813 -0.102165401 -0.081138723 0.013149628 -0.991365612
1403636606213555456.000000 -0.061659209 0.046851523 0.214314222 -0.102255955 -0.081203654 0.013163640 -0.991350830
1403636606263555584.000000 -0.061434187 0.046838067 0.214804932 -0.102251932 -0.081415839 0.013166173 -0.991333842
1403636606313555456.000000 -0.061527163 0.046920970 0.214524478 -0.102270052 -0.081212208 0.013146275 -0.991348922
1403636606363555584.000000 -0.061311252 0.046826113 0.215017110 -0.102263063 -0.081448033 0.013150986 -0.991330206
1403636606413555456.000000 -0.061303634 0.046825044 0.215072230 -0.102273665 -0.081457615 0.013141215 -0.991328478
1403636606463555584.000000 -0.061473869 0.046893574 0.214679882 -0.102302857 -0.081258632 0.013150372 -0.991341650
1403636606513555456.000000 -0.061544247 0.046915065 0.214571431 0.102268331 0.081260115 -0.013081319 0.991346002
1403636606563555584.000000 -0.061571378 0.046957821 0.214594737 0.102270521 0.081262045 -0.013094666 0.991345406
1403636606613555456.000000 -0.061759990 0.046868734 0.215122387 -0.102196425 -0.081381917 0.013105643 -0.991343081
1403636606663555584.000000 -0.061346550 0.046977375 0.214753866 -0.102238737 -0.081318535 0.013118342 -0.991343796
1403636606713555456.000000 -0.061559677 0.046861026 0.215153947 -0.102218568 -0.081407338 0.013139848 -0.991338253
1403636606763555584.000000 -0.061181586 0.046976648 0.214700773 -0.102246016 -0.081316128 0.013142545 -0.991342902
1403636606813555456.000000 -0.061482430 0.046869569 0.214955375 -0.102243587 -0.081386715 0.013155279 -0.991337240
1403636606863555584.000000 -0.061158407 0.046997868 0.214444786 -0.102309972 -0.081313089 0.013142986 -0.991336584
1403636606913555456.000000 -0.061208401 0.046987396 0.214321598 -0.102291875 -0.081289612 0.013170260 -0.991339982
1403636606963555584.000000 -0.061208852 0.046998262 0.214275062 -0.102285974 -0.081312023 0.013159370 -0.991338849
1403636607013555456.000000 -0.061606701 0.046926931 0.214652970 0.102242872 0.081278473 -0.013161997 0.991346061
1403636607063555584.000000 -0.061595723 0.046901867 0.214566931 -0.102255315 -0.081275813 0.013180112 -0.991344750
1403636607113555456.000000 -0.061575588 0.046886399 0.214465529 -0.102268137 -0.081281908 0.013172238 -0.991343081
1403636607163555584.000000 -0.061496295 0.046928819 0.214369580 -0.102249973 -0.081288360 0.013178777 -0.991344273
1403636607213555456.000000 -0.061427597 0.046975847 0.214344934 -0.102252088 -0.081260666 0.013180768 -0.991346359
1403636607263555584.000000 -0.061375234 0.047003765 0.214378551 -0.102234736 -0.081280455 0.013189545 -0.991346359
1403636607313555456.000000 -0.061357532 0.047021978 0.214448512 -0.102263831 -0.081242688 0.013198194 -0.991346419
1403636607363555584.000000 -0.061354484 0.047011487 0.214506596 -0.102240294 -0.081267133 0.013231241 -0.991346300
1403636607413555456.000000 -0.061354332 0.046998721 0.214588895 -0.102257080 -0.081265293 0.013192317 -0.991345286
1403636607463555584.000000 -0.061339855 0.046986651 0.214669436 -0.102274761 -0.081313863 0.013210068 -0.991339266
1403636607513555456.000000 -0.061564639 0.046938129 0.214731738 0.102273077 0.081269763 -0.013280520 0.991342068
1403636607563555584.000000 -0.061578106 0.046964005 0.214721903 -0.102255590 -0.081279941 0.013313239 -0.991342664
1403636607613555456.000000 -0.061795466 0.047019646 0.214506820 -0.102254406 -0.081215031 0.013243404 -0.991348982
1403636607663555584.000000 -0.061747290 0.047004562 0.214476064 -0.102231227 -0.081203185 0.013262448 -0.991352141
1403636607713555456.000000 -0.061713900 0.046886314 0.214401722 -0.102201730 -0.081256628 0.013193715 -0.991351724
1403636607763555584.000000 -0.061607208 0.046949070 0.214452431 -0.102248125 -0.081186652 0.013242681 -0.991351962
1403636607813555456.000000 -0.061598569 0.046949022 0.214504451 -0.102272600 -0.081195079 0.013247828 -0.991348743
1403636607863555584.000000 -0.061616406 0.046931218 0.214525685 -0.102272116 -0.081211962 0.013205024 -0.991347969
1403636607913555456.000000 -0.061653033 0.046952415 0.214489937 -0.102270298 -0.081235968 0.013175319 -0.991346538
1403636607963555584.000000 -0.061653107 0.046948250 0.214483202 -0.102234446 -0.081236854 0.013226476 -0.991349518
1403636608013555456.000000 -0.061493717 0.046957035 0.214660376 0.102222480 0.081245542 -0.013303207 0.991348922
1403636608063555584.000000 -0.061531790 0.046959084 0.214647591 -0.102217838 -0.081242882 0.013294086 -0.991349876
1403636608113555456.000000 -0.061854739 0.046761885 0.214145258 -0.102162004 -0.081230812 0.013214647 -0.991357625
1403636608163555584.000000 -0.061721262 0.046866130 0.214236185 -0.102232665 -0.081155926 0.013206106 -0.991356552
1403636608213555456.000000 -0.061639678 0.046905961 0.214313492 -0.102234520 -0.081159450 0.013214252 -0.991356015
1403636608263555584.000000 -0.061663512 0.046854261 0.214386895 -0.102235645 -0.081272207 0.013150428 -0.991347492
1403636608313555456.000000 -0.061544906 0.046981376 0.214559689 -0.102274835 -0.081193946 0.013204550 -0.991349161
1403636608363555584.000000 -0.061521906 0.046992652 0.214659870 -0.102298275 -0.081175387 0.013189685 -0.991348386
1403636608413555456.000000 -0.061497867 0.046994355 0.214791700 -0.102302626 -0.081187367 0.013189862 -0.991347015
1403636608463555584.000000 -0.061557706 0.046913777 0.214812085 -0.102284439 -0.081284873 0.013149655 -0.991341412
1403636608513555456.000000 -0.061590429 0.046890102 0.214552030 0.102201261 0.081390269 -0.013249544 0.991340041
1403636608563555584.000000 -0.061601069 0.046886768 0.214514032 0.102206096 0.081427395 -0.013246398 0.991336524
1403636608613555456.000000 -0.061692648 0.046959747 0.214736238 -0.102279067 -0.081240468 0.013232691 -0.991344512
1403636608663555584.000000 -0.061483458 0.046932705 0.214608625 -0.102179460 -0.081434473 0.013272531 -0.991338372
1403636608713555456.000000 -0.061416183 0.046937395 0.214606673 -0.102157697 -0.081458479 0.013297923 -0.991338253
1403636608763555584.000000 -0.061518401 0.047009222 0.214743093 -0.102251194 -0.081239365 0.013253744 -0.991347194
1403636608813555456.000000 -0.061485711 0.047015049 0.214787170 -0.102261327 -0.081221953 0.013267699 -0.991347432
1403636608863555584.000000 -0.061498068 0.047018953 0.214834198 -0.102268837 -0.081215374 0.013247788 -0.991347492
1403636608913555456.000000 -0.061550625 0.046968278 0.214583531 -0.102242500 -0.081198156 0.013285324 -0.991351008
1403636608963555584.000000 -0.061394345 0.046972681 0.214657381 -0.102219805 -0.081450328 0.013232014 -0.991333425
1403636609013555456.000000 -0.061507288 0.046977002 0.214793652 0.102250732 0.081257105 -0.013264387 0.991345644
1403636609063555584.000000 -0.061512895 0.046931140 0.214779392 0.102279961 0.081263900 -0.013270838 0.991341949
1403636609113555456.000000 -0.062083632 0.046639513 0.214415580 -0.102178209 -0.081379190 0.013291229 -0.991342783
1403636609163555584.000000 -0.061656598 0.046779912 0.214698315 -0.102275796 -0.081326924 0.013252980 -0.991337478
1403636609213555456.000000 -0.061845422 0.046742320 0.214389294 -0.102282323 -0.081271328 0.013206168 -0.991342008
1403636609263555584.000000 -0.061742447 0.046784718 0.214427292 -0.102272443 -0.081274033 0.013214094 -0.991342723
1403636609313555456.000000 -0.061704651 0.046770617 0.214484051 -0.102190219 -0.081422269 0.013269938 -0.991338253
1403636609363555584.000000 -0.061634149 0.046795629 0.214552894 -0.102192469 -0.081389196 0.013272841 -0.991340697
1403636609413555456.000000 -0.061568525 0.046794552 0.214586765 -0.102172509 -0.081393979 0.013269277 -0.991342366
1403636609463555584.000000 -0.061536904 0.046820074 0.214571580 -0.102234505 -0.081296921 0.013230187 -0.991344512
1403636609513555456.000000 -0.061557975 0.046964783 0.214751825 0.102239855 0.081290014 -0.013319400 0.991343319
1403636609563555584.000000 -0.061558936 0.047008686 0.214786738 0.102270983 0.081332780 -0.013299753 0.991336882
1403636609613555456.000000 -0.061587367 0.046936598 0.214751810 -0.102260426 -0.081317119 0.013285542 -0.991339445
1403636609663555584.000000 -0.061504416 0.046959132 0.214735880 -0.102275476 -0.081287429 0.013236465 -0.991340995
1403636609713555456.000000 -0.061350226 0.046991389 0.214753598 -0.102256358 -0.081341729 0.013295727 -0.991337717
1403636609763555584.000000 -0.061231211 0.047014300 0.214775786 -0.102284148 -0.081353344 0.013217434 -0.991334915
1403636609813555456.000000 -0.061259564 0.047062296 0.214809582 -0.102327280 -0.081208043 0.013232674 -0.991342247
1403636609863555584.000000 -0.061233390 0.047058564 0.214861795 -0.102279231 -0.081316508 0.013262801 -0.991337836
1403636609913555456.000000 -0.061260365 0.047059491 0.214878976 -0.102323450 -0.081285119 0.013205532 -0.991336644
1403636609963555584.000000 -0.061270431 0.047089387 0.214883581 -0.102308750 -0.081262760 0.013216866 -0.991339862
1403636610013555456.000000 -0.061537102 0.046977874 0.214648783 0.102294467 0.081283771 -0.013136155 0.991340697
1403636610063555584.000000 -0.061551996 0.046971723 0.214674085 -0.102318436 -0.081272684 0.013141031 -0.991339087
1403636610113555456.000000 -0.061748829 0.046895448 0.214720517 -0.102314480 -0.081222154 0.013164296 -0.991343260
1403636610163555584.000000 -0.061702423 0.046965569 0.214759469 -0.102285825 -0.081247404 0.013203973 -0.991343617
1403636610213555456.000000 -0.061613146 0.047029682 0.214795411 -0.102304019 -0.081232741 0.013132359 -0.991343915
1403636610263555584.000000 -0.061554004 0.047098000 0.214816049 -0.102241516 -0.081193112 0.013233150 -0.991352260
1403636610313555456.000000 -0.061528072 0.047075074 0.214778289 -0.102278657 -0.081243634 0.013131151 -0.991345644
1403636610363555584.000000 -0.061552618 0.047049940 0.214785531 -0.102262184 -0.081221409 0.013128384 -0.991349161
1403636610413555456.000000 -0.061529465 0.047015980 0.214828968 -0.102228731 -0.081239559 0.013216868 -0.991349995
1403636610463555584.000000 -0.061507303 0.046981294 0.214811787 -0.102251858 -0.081234686 0.013137717 -0.991349041
1403636610513555456.000000 -0.061563753 0.046937436 0.214574575 0.102261141 0.081237368 -0.013099886 0.991348386
1403636610563555584.000000 -0.061519265 0.046943374 0.214592129 0.102269851 0.081273198 -0.013058155 0.991345108
1403636610613555456.000000 -0.061580632 0.046824023 0.214698523 -0.102210633 -0.081233844 0.013134828 -0.991353452
1403636610663555584.000000 -0.061500899 0.046797529 0.214743286 -0.102222152 -0.081250593 0.013100188 -0.991351366
1403636610713555456.000000 -0.061718825 0.046729632 0.214674756 -0.102162324 -0.081194617 0.013276559 -0.991359711
1403636610763555584.000000 -0.061330222 0.046920702 0.214722916 -0.102254391 -0.081114218 0.013198983 -0.991357863
1403636610813555456.000000 -0.061159868 0.047051314 0.214719832 -0.102233261 -0.081093922 0.013271315 -0.991360724
1403636610863555584.000000 -0.061496131 0.047073826 0.214508623 -0.102423750 -0.080963932 0.013326222 -0.991350949
1403636610913555456.000000 -0.061390754 0.047101479 0.214592814 -0.102287032 -0.081057414 0.013491155 -0.991355181
1403636610963555584.000000 -0.061114870 0.047019050 0.214595363 -0.102451250 -0.081019484 0.013174495 -0.991345584
1403636611013555456.000000 -0.061504517 0.046905652 0.214645937 0.102207616 0.081262261 -0.013234084 0.991350055
1403636611063555584.000000 -0.061526649 0.046965070 0.214645594 -0.102285042 -0.081085317 0.013286618 -0.991355896
1403636611113555456.000000 -0.061381012 0.047032684 0.214690924 -0.102272943 -0.081217870 0.013244120 -0.991346836
1403636611163555584.000000 -0.061355662 0.047103882 0.214637578 -0.102295391 -0.081155635 0.013260453 -0.991349399
1403636611213555456.000000 -0.061303340 0.047096021 0.214687750 -0.102256700 -0.081188545 0.013367813 -0.991349280
1403636611263555584.000000 -0.061267797 0.046985850 0.214767933 -0.102300256 -0.081211470 0.013193409 -0.991345227
1403636611313555456.000000 -0.061274689 0.046940520 0.214895755 -0.102231696 -0.081240579 0.013249836 -0.991349161
1403636611363555584.000000 -0.061406564 0.046557322 0.214837685 -0.102867119 -0.081058592 0.012560437 -0.991307259
1403636611413555456.000000 -0.061446764 0.046835471 0.214806437 -0.102665648 -0.081131376 0.013005660 -0.991316497
1403636611463555584.000000 -0.061846446 0.047224421 0.214875236 -0.102858260 -0.080756016 0.012162040 -0.991337895
1403636611513555456.000000 -0.061622154 0.047519803 0.214890420 0.101879753 0.081237815 -0.013610847 0.991380751
1403636611563555584.000000 -0.061805859 0.047210477 0.214884400 0.102301344 0.080909304 -0.012796124 0.991375029
1403636611613555456.000000 -0.061770592 0.047304399 0.215003163 0.102186970 0.081141390 -0.013341308 0.991360664
1403636611663555584.000000 -0.063110836 0.046949893 0.215060577 -0.102541178 -0.081144713 0.012629809 -0.991333127
1403636611713555456.000000 -0.062645465 0.047307577 0.214999020 -0.102101840 -0.081582092 0.013352071 -0.991333187
1403636611763555584.000000 -0.062340587 0.047270861 0.214928940 -0.102489330 -0.081324451 0.012755140 -0.991322160
1403636611813555456.000000 -0.062142920 0.047314469 0.214774102 -0.102459848 -0.081285194 0.012506520 -0.991331637
1403636611863555584.000000 -0.061869264 0.047591276 0.214774296 -0.102022551 -0.081662387 0.013197652 -0.991336703
1403636611913555456.000000 -0.061879549 0.047542207 0.214769006 -0.102290906 -0.081286982 0.013179228 -0.991340160
1403636611963555584.000000 -0.061870363 0.047298007 0.214747474 -0.102587715 -0.081256345 0.012751685 -0.991317570
1403636612013555456.000000 -0.061587583 0.047232799 0.214810342 0.102749437 0.081346162 -0.012326553 0.991298914
1403636612063555584.000000 -0.061626717 0.047528479 0.214731365 0.102205276 0.081209488 -0.013262993 0.991354227
1403636612113555456.000000 -0.062238902 0.047093451 0.212867618 -0.102902353 -0.081105933 0.012025071 -0.991306424
1403636612163555584.000000 -0.061556492 0.047137044 0.214257821 -0.102935821 -0.081332617 0.012222823 -0.991281986
1403636612213555456.000000 -0.061573185 0.047252923 0.214195520 -0.102889366 -0.080954500 0.012135033 -0.991318822
1403636612263555584.000000 -0.061732844 0.047936056 0.213221043 -0.101516508 -0.081627317 0.015077780 -0.991364777
1403636612313555456.000000 -0.061862539 0.047156338 0.213434324 -0.102989629 -0.081067771 0.011960114 -0.991301239
1403636612363555584.000000 -0.061662346 0.047726206 0.213945225 -0.101811066 -0.081322484 0.014729823 -0.991364837
1403636612413555456.000000 -0.061719418 0.047189578 0.214135528 -0.102753051 -0.081163146 0.012418775 -0.991312325
1403636612463555584.000000 -0.061084200 0.047602855 0.215782642 -0.101903722 -0.081478707 0.014321211 -0.991348445
1403636612513555456.000000 -0.061476924 0.047189392 0.215005860 0.102708459 0.081229389 -0.012562639 0.991309762
1403636612563555584.000000 -0.061218359 0.047404200 0.214831308 -0.102049537 -0.081471756 0.013949063 -0.991339386
1403636612613555456.000000 -0.061791018 0.047184695 0.213464186 -0.102364130 -0.081306577 0.013039064 -0.991332889
1403636612663555584.000000 -0.060997006 0.047287159 0.214392155 -0.102063216 -0.081344381 0.013821031 -0.991350234
1403636612713555456.000000 -0.061642099 0.047073785 0.213192075 -0.102410860 -0.081245735 0.013057531 -0.991332829
1403636612763555584.000000 -0.061002128 0.047338791 0.214233935 -0.102026857 -0.081267677 0.013715395 -0.991361737
1403636612813555456.000000 -0.061674312 0.047202352 0.213480502 -0.102192529 -0.081264801 0.013298709 -0.991350532
1403636612863555584.000000 -0.061653282 0.047270797 0.213833168 -0.102160960 -0.081280626 0.013509449 -0.991349697
1403636612913555456.000000 -0.061649270 0.047434442 0.213972226 -0.102091320 -0.081265502 0.013510478 -0.991358101
1403636612963555584.000000 -0.061640885 0.047433577 0.214275420 -0.102205843 -0.081297070 0.013245917 -0.991347253
1403636613013555456.000000 -0.061792508 0.047673099 0.214549661 0.102160990 0.081504598 -0.013358203 0.991333306
1403636613063555584.000000 -0.061862394 0.047515683 0.214650646 0.102445409 0.081460267 -0.012816402 0.991314709
1403636613113555456.000000 -0.061640423 0.047514927 0.214619666 -0.102128796 -0.081420250 0.013537555 -0.991341174
1403636613163555584.000000 -0.061496593 0.047325328 0.214648038 -0.102384016 -0.081514508 0.012696597 -0.991318226
1403636613213555456.000000 -0.061275795 0.047146048 0.214673102 -0.102008909 -0.081395343 0.013449081 -0.991356730
1403636613263555584.000000 -0.061723948 0.047353458 0.214430794 -0.102321275 -0.081384294 0.012852784 -0.991333365
1403636613313555456.000000 -0.061160199 0.047319680 0.214802638 -0.102117933 -0.081527948 0.013270292 -0.991337061
1403636613363555584.000000 -0.061344616 0.047775768 0.214878112 -0.102440216 -0.081478260 0.012685694 -0.991315544
1403636613413555456.000000 -0.061602701 0.047735438 0.214795291 -0.102113456 -0.081468694 0.013358924 -0.991341174
1403636613463555584.000000 -0.061662033 0.047651287 0.214786962 -0.102334112 -0.081462048 0.012789990 -0.991326451
1403636613513555456.000000 -0.061765011 0.047527391 0.214571893 0.101920307 0.081687085 -0.013722674 0.991338134
1403636613563555584.000000 -0.061806887 0.047598969 0.214416459 -0.102126025 -0.081614777 0.013270019 -0.991329014
1403636613613555456.000000 -0.061741844 0.047969505 0.213614866 -0.102223910 -0.081521131 0.013112708 -0.991328776
1403636613663555584.000000 -0.061778519 0.047849476 0.213591099 -0.102422647 -0.081443131 0.012699368 -0.991320074
1403636613713555456.000000 -0.061787620 0.047899906 0.213667825 -0.102297746 -0.081536055 0.012912474 -0.991322517
1403636613763555584.000000 -0.061896879 0.047625553 0.214586750 -0.102055550 -0.081696376 0.013337329 -0.991328657
1403636613813555456.000000 -0.061824802 0.047690444 0.214186236 -0.102302656 -0.081519715 0.012835017 -0.991324425
1403636613863555584.000000 -0.061817277 0.047655713 0.214527026 -0.102340125 -0.081464700 0.012812394 -0.991325378
1403636613913555456.000000 -0.061764192 0.047638539 0.214881331 -0.102327354 -0.081486993 0.012870815 -0.991324008
1403636613963555584.000000 -0.061754081 0.047641367 0.215141445 -0.102345750 -0.081481941 0.012825971 -0.991323173
1403636614013555456.000000 -0.061765511 0.047499321 0.214629591 0.102252811 0.081492119 -0.012979683 0.991329908
1403636614063555584.000000 -0.061755653 0.047557037 0.214719906 0.102194965 0.081566066 -0.013049927 0.991328895
1403636614113555456.000000 -0.061853115 0.047584854 0.214556679 -0.102256775 -0.081558444 0.012971130 -0.991324127
1403636614163555584.000000 -0.061834827 0.047570385 0.214502618 -0.102231361 -0.081567682 0.013054716 -0.991324902
1403636614213555456.000000 -0.061748918 0.047573902 0.214460373 -0.102258749 -0.081526004 0.012984875 -0.991326451
1403636614263555584.000000 -0.061633248 0.047681808 0.214458033 -0.102179892 -0.081536151 0.013104151 -0.991332173
1403636614313555456.000000 -0.061549094 0.047597729 0.214586720 -0.102264427 -0.081558108 0.012924585 -0.991324008
1403636614363555584.000000 -0.061453287 0.047634024 0.214775234 -0.102164954 -0.081597127 0.013115535 -0.991328537
1403636614413555456.000000 -0.061460860 0.047552027 0.214896604 -0.102285691 -0.081481569 0.012861434 -0.991328895
1403636614463555584.000000 -0.061453417 0.047674131 0.215005755 -0.102159299 -0.081563041 0.013174272 -0.991331100
1403636614513555456.000000 -0.061821245 0.047368266 0.214469045 0.102299631 0.081542060 -0.012907866 0.991321921
1403636614563555584.000000 -0.061862919 0.047532685 0.214493498 -0.102212273 -0.081479885 0.013109297 -0.991333365
1403636614613555456.000000 -0.062108263 0.047747310 0.214619979 -0.102342375 -0.081474259 0.012845717 -0.991323888
1403636614663555584.000000 -0.062037047 0.047773153 0.214739814 -0.102257907 -0.081495486 0.013026677 -0.991328478
1403636614713555456.000000 -0.061892781 0.047670159 0.214835703 -0.102326222 -0.081496298 0.012844240 -0.991323769
1403636614763555584.000000 -0.061765220 0.047666606 0.214941904 -0.102264561 -0.081480749 0.012999457 -0.991329372
1403636614813555456.000000 -0.061679568 0.047656588 0.214941412 -0.102265306 -0.081486501 0.012922051 -0.991329789
1403636614863555584.000000 -0.061695084 0.047655482 0.214959368 -0.102264397 -0.081465006 0.012999101 -0.991330683
1403636614913555456.000000 -0.061700799 0.047623370 0.215057567 -0.102245010 -0.081497334 0.012940877 -0.991330802
1403636614963555584.000000 -0.061718863 0.047654331 0.215060726 -0.102186613 -0.081549771 0.013020590 -0.991331458
1403636615013555456.000000 -0.061829180 0.047510933 0.214475527 0.102260977 0.081533507 -0.012926687 0.991326332
1403636615063555584.000000 -0.061878536 0.047500808 0.214558497 -0.102263995 -0.081493966 0.012950915 -0.991328955
1403636615113555456.000000 -0.062072366 0.047401626 0.214721069 -0.102236710 -0.081428975 0.013055615 -0.991335750
1403636615163555584.000000 -0.061813109 0.047526229 0.214670613 -0.102292337 -0.081473924 0.012998027 -0.991327107
1403636615213555456.000000 -0.061662357 0.047565106 0.214739352 -0.102248527 -0.081506424 0.013074764 -0.991327941
1403636615263555584.000000 -0.061755184 0.047393549 0.214686126 -0.102100112 -0.081645958 0.013341804 -0.991328180
1403636615313555456.000000 -0.061476421 0.047552351 0.214955017 -0.102227136 -0.081468381 0.013092914 -0.991333008
1403636615363555584.000000 -0.061482515 0.047569759 0.214980617 -0.102232493 -0.081514046 0.013019454 -0.991329670
1403636615413555456.000000 -0.061485685 0.047593597 0.214943364 -0.102197133 -0.081533872 0.013083624 -0.991330862
1403636615463555584.000000 -0.061663065 0.047448765 0.214924321 -0.102060318 -0.081628375 0.013381181 -0.991333246
1403636615513555456.000000 -0.061761219 0.047615651 0.214735642 0.102285013 0.081502378 -0.013064319 0.991324604
1403636615563555584.000000 -0.061772332 0.047585968 0.214726746 0.102292195 0.081477270 -0.013027215 0.991326451
1403636615613555456.000000 -0.061804116 0.047622494 0.214584365 -0.102253072 -0.081457943 0.013089116 -0.991331279
1403636615663555584.000000 -0.061760463 0.047597665 0.214478016 -0.102282085 -0.081465378 0.013010463 -0.991328657
1403636615713555456.000000 -0.061714984 0.047615446 0.214404881 -0.102272980 -0.081420444 0.013084427 -0.991332352
1403636615763555584.000000 -0.061640099 0.047630161 0.214426860 -0.102301359 -0.081460610 0.013009435 -0.991327047
1403636615813555456.000000 -0.061537098 0.047695179 0.214551494 -0.102248594 -0.081526674 0.013052482 -0.991326571
1403636615863555584.000000 -0.061451174 0.047668003 0.214830682 -0.102279797 -0.081470542 0.012969704 -0.991329074
1403636615913555456.000000 -0.061383318 0.047639627 0.215046242 -0.102230914 -0.081489325 0.013089480 -0.991330981
1403636615963555584.000000 -0.061344843 0.047548529 0.215282679 -0.102272965 -0.081490219 0.013042363 -0.991327167
1403636616013555456.000000 -0.061792400 0.047352679 0.214940876 0.102043428 0.081656843 -0.013358537 0.991332889
1403636616063555584.000000 -0.061789308 0.047386751 0.214923054 -0.102071263 -0.081645213 0.013316084 -0.991331577
1403636616113555456.000000 -0.061718062 0.047429491 0.214958176 -0.102031529 -0.081715532 0.013299775 -0.991330087
1403636616163555584.000000 -0.061833970 0.047491368 0.214605913 -0.102244906 -0.081442207 0.012963068 -0.991335034
1403636616213555456.000000 -0.061774697 0.047523726 0.214671895 -0.102214336 -0.081448279 0.013011236 -0.991337121
1403636616263555584.000000 -0.061545439 0.047510780 0.215160429 -0.102031551 -0.081706502 0.013337871 -0.991330326
1403636616313555456.000000 -0.061482593 0.047507182 0.215209141 -0.102037020 -0.081731640 0.013357158 -0.991327405
1403636616363555584.000000 -0.061452150 0.047475554 0.215249643 -0.102059200 -0.081731007 0.013309846 -0.991325855
1403636616413555456.000000 -0.061649818 0.047527779 0.214863703 -0.102262795 -0.081472270 0.013016860 -0.991330028
1403636616463555584.000000 -0.061651569 0.047504451 0.214964762 -0.102265403 -0.081481084 0.013007574 -0.991329134
1403636616513555456.000000 -0.061793186 0.047513604 0.215074852 0.102156378 0.081598468 -0.013117158 0.991329312
1403636616563555584.000000 -0.061799869 0.047398761 0.214979991 -0.102111414 -0.081565566 0.013128685 -0.991336465
1403636616613555456.000000 -0.062012702 0.047034293 0.214380711 -0.102006964 -0.081642300 0.013320894 -0.991338372
1403636616663555584.000000 -0.061979558 0.047054898 0.214284509 -0.102010295 -0.081663437 0.013305499 -0.991336465
1403636616713555456.000000 -0.061938755 0.047151580 0.214245558 -0.102022529 -0.081644215 0.013303887 -0.991336882
1403636616763555584.000000 -0.061648630 0.047554966 0.214762151 -0.102156796 -0.081534266 0.013109364 -0.991334617
1403636616813555456.000000 -0.061625589 0.047603998 0.214834541 -0.102182768 -0.081530400 0.013114247 -0.991332173
1403636616863555584.000000 -0.061843995 0.047380693 0.214499682 -0.102065973 -0.081647091 0.013292926 -0.991332293
1403636616913555456.000000 -0.061829504 0.047402684 0.214635447 -0.102043919 -0.081665099 0.013271053 -0.991333365
1403636616963555584.000000 -0.061606690 0.047707655 0.215281397 -0.102180213 -0.081567362 0.013093343 -0.991329730
1403636617013555456.000000 -0.061831713 0.047570594 0.214924112 0.102240756 0.081568338 -0.013034656 0.991324127
1403636617063555584.000000 -0.061957736 0.047581933 0.214879870 -0.102209769 -0.081612937 0.013031026 -0.991323769
1403636617113555456.000000 -0.062440000 0.047501266 0.214254349 -0.102152981 -0.081519701 0.013148933 -0.991335690
1403636617163555584.000000 -0.062416840 0.047529068 0.214222237 -0.102167964 -0.081516862 0.013156879 -0.991334319
1403636617213555456.000000 -0.062283516 0.047443174 0.214174613 -0.102040485 -0.081704266 0.013295442 -0.991330147
1403636617263555584.000000 -0.062045768 0.047556408 0.214356020 -0.102150992 -0.081544630 0.013161096 -0.991333723
1403636617313555456.000000 -0.061922856 0.047435783 0.214462429 -0.102016062 -0.081680700 0.013313637 -0.991334379
1403636617363555584.000000 -0.061810423 0.047549427 0.214658290 -0.102155834 -0.081524998 0.013160990 -0.991334796
1403636617413555456.000000 -0.061746497 0.047536895 0.214751437 -0.102154270 -0.081495389 0.013160771 -0.991337419
1403636617463555584.000000 -0.061682403 0.047498349 0.214947492 -0.102166429 -0.081493519 0.013177007 -0.991336107
1403636617513555456.000000 -0.061775312 0.047596246 0.214967638 0.102222599 0.081527598 -0.013104011 0.991328478
1403636617563555584.000000 -0.061780307 0.047623772 0.215003118 0.102224380 0.081509814 -0.013088588 0.991329968
1403636617613555456.000000 -0.061618827 0.047525275 0.214895695 -0.102221690 -0.081493914 0.013125613 -0.991331041
1403636617663555584.000000 -0.061769631 0.047372922 0.214714915 -0.102056272 -0.081589192 0.013327068 -0.991337538
1403636617713555456.000000 -0.061497744 0.047455803 0.214915395 -0.102227472 -0.081549615 0.013099872 -0.991326213
1403636617763555584.000000 -0.061509859 0.047470089 0.214925021 -0.102236390 -0.081555739 0.013015830 -0.991325915
1403636617813555456.000000 -0.061706226 0.047552891 0.214887366 -0.102200821 -0.081532113 0.013069695 -0.991330802
1403636617863555584.000000 -0.061517932 0.047516197 0.214982614 -0.102169260 -0.081551418 0.013050399 -0.991332769
1403636617913555456.000000 -0.061543673 0.047526114 0.215002000 -0.102168903 -0.081529111 0.013071966 -0.991334260
1403636617963555584.000000 -0.061590258 0.047528572 0.214993656 -0.102168098 -0.081536524 0.013041738 -0.991334140
1403636618013555456.000000 -0.061790235 0.047474958 0.215034798 0.102179982 0.081511490 -0.013071264 0.991334617
1403636618063555584.000000 -0.061759949 0.047449425 0.215123385 0.102171317 0.081512637 -0.013029948 0.991335988
1403636618113555456.000000 -0.061858445 0.047543053 0.215304434 -0.102153830 -0.081523143 0.013102606 -0.991335988
1403636618163555584.000000 -0.061697889 0.047492906 0.215290800 -0.102155924 -0.081551470 0.013056178 -0.991334021
1403636618213555456.000000 -0.061690554 0.047525976 0.215451643 -0.102159902 -0.081507377 0.013178007 -0.991335571
1403636618263555584.000000 -0.061555773 0.047467384 0.215392575 -0.102169432 -0.081531741 0.013115675 -0.991333425
1403636618313555456.000000 -0.061751809 0.047396142 0.215228781 -0.102012753 -0.081624903 0.013380411 -0.991338432
1403636618363555584.000000 -0.061576407 0.047487479 0.215281576 -0.102167018 -0.081546091 0.013075626 -0.991333008
1403636618413555456.000000 -0.061685715 0.047556330 0.215234786 -0.102150492 -0.081560783 0.013130569 -0.991332829
1403636618463555584.000000 -0.061623964 0.047511265 0.215020001 -0.102159187 -0.081571624 0.013108621 -0.991331339
1403636618513555456.000000 -0.061853901 0.047390327 0.214611858 0.102405012 0.081660464 -0.013326489 0.991295755
1403636618563555584.000000 -0.061892577 0.047359195 0.214522764 0.102299146 0.081689812 -0.013282260 0.991304874
1403636618613555456.000000 -0.062200960 0.047148161 0.214337215 -0.102283239 -0.081682086 0.013240857 -0.991307676
1403636618663555584.000000 -0.062268823 0.047064394 0.214204445 -0.102149867 -0.081695810 0.013208761 -0.991320670
1403636618713555456.000000 -0.062455826 0.047089119 0.213604882 -0.101745121 -0.081632122 0.013217849 -0.991367459
1403636618763555584.000000 -0.062307369 0.047198463 0.213799804 -0.102122307 -0.081574857 0.013036331 -0.991335869
1403636618813555456.000000 -0.062194031 0.047124449 0.213668808 -0.102002040 -0.081620879 0.013211299 -0.991342068
1403636618863555584.000000 -0.062032096 0.047293656 0.214064956 -0.102219805 -0.081575274 0.013000430 -0.991326272
1403636618913555456.000000 -0.061948411 0.047076307 0.213858962 -0.102372453 -0.081621625 0.013208932 -0.991303921
1403636618963555584.000000 -0.061633799 0.047177307 0.214482501 -0.102404706 -0.081678540 0.013108679 -0.991297185
1403636619013555456.000000 -0.061875936 0.047397044 0.214632198 0.102490291 0.081640966 -0.013021398 0.991292655
1403636619063555584.000000 -0.061991975 0.047362704 0.214450881 -0.102401644 -0.081566431 0.013127468 -0.991306543
1403636619113555456.000000 -0.062544726 0.047091857 0.213295385 -0.102240629 -0.081596404 0.012899335 -0.991323650
1403636619163555584.000000 -0.062441885 0.047054797 0.213105023 -0.101958610 -0.081556387 0.013108123 -0.991353273
1403636619213555456.000000 -0.062324628 0.047127023 0.213124022 -0.101862974 -0.081587538 0.012986083 -0.991362154
1403636619263555584.000000 -0.062170986 0.047242720 0.213281333 -0.101804703 -0.081610098 0.013035932 -0.991365552
1403636619313555456.000000 -0.062020242 0.047234729 0.213553190 -0.101892613 -0.081581645 0.013166184 -0.991357207
1403636619363555584.000000 -0.061905760 0.047153965 0.213667139 -0.102303229 -0.081568599 0.013238891 -0.991315007
1403636619413555456.000000 -0.061923437 0.047224514 0.213893935 -0.102334388 -0.081669696 0.013150708 -0.991304696
1403636619463555584.000000 -0.061470505 0.047442324 0.215037301 -0.102329731 -0.081637286 0.013106004 -0.991308391
1403636619513555456.000000 -0.061687551 0.047378674 0.214358285 0.102263756 0.081427589 -0.013000195 0.991333842
1403636619563555584.000000 -0.061773010 0.047382131 0.214390457 0.102148004 0.081388421 -0.012922716 0.991349995
1403636619613555456.000000 -0.062096436 0.047773242 0.214048773 -0.102143720 -0.081476778 0.013065608 -0.991341293
1403636619663555584.000000 -0.062106553 0.047756117 0.213895515 -0.102214493 -0.081525587 0.012983586 -0.991331100
1403636619713555456.000000 -0.062033992 0.047677062 0.213840455 -0.102085024 -0.081507839 0.013064477 -0.991344750
1403636619763555584.000000 -0.062411249 0.047445767 0.213070303 -0.102009013 -0.081633650 0.013085488 -0.991341949
1403636619813555456.000000 -0.062222794 0.047390256 0.213413104 -0.101988047 -0.081635341 0.013172292 -0.991342902
1403636619863555584.000000 -0.062098987 0.047327187 0.213768288 -0.102057375 -0.081646189 0.013033233 -0.991336703
1403636619913555456.000000 -0.061403010 0.047425151 0.215051904 -0.102154844 -0.081589989 0.012930471 -0.991332650
1403636619963555584.000000 -0.061908647 0.047320589 0.214369506 -0.102135099 -0.081656449 0.013087496 -0.991327107
1403636620013555456.000000 -0.061657827 0.047474526 0.214927599 0.102154098 0.081509762 -0.012977923 0.991338670
1403636620063555584.000000 -0.061686367 0.047511291 0.215127826 0.102101550 0.081544124 -0.013038329 0.991340458
1403636620113555456.000000 -0.062278572 0.047487695 0.213943437 -0.102158062 -0.081592262 0.013035139 -0.991330683
1403636620163555584.000000 -0.061849479 0.047404166 0.214796722 -0.102142379 -0.081592917 0.013137934 -0.991330922
1403636620213555456.000000 -0.062173638 0.047495313 0.213863671 -0.102206863 -0.081569932 0.013086678 -0.991326809
1403636620263555584.000000 -0.062017541 0.047505487 0.213924304 -0.102214150 -0.081500083 0.013077177 -0.991331935
1403636620313555456.000000 -0.061887421 0.047498964 0.214121982 -0.102152273 -0.081561364 0.013037076 -0.991333842
1403636620363555584.000000 -0.061294083 0.047386266 0.215397194 -0.102111973 -0.081564285 0.013161760 -0.991336107
1403636620413555456.000000 -0.061284468 0.047392387 0.215609029 -0.102180220 -0.081552565 0.013163372 -0.991330028
1403636620463555584.000000 -0.061707202 0.047521073 0.214862749 -0.102165416 -0.081568949 0.013162471 -0.991330206
1403636620513555456.000000 -0.061831985 0.047483284 0.214784503 0.102097601 0.081616670 -0.013011407 0.991335273
1403636620563555584.000000 -0.061799385 0.047488660 0.214865848 0.102058820 0.081606366 -0.013046031 0.991339624
1403636620613555456.000000 -0.061933532 0.047290616 0.214100271 -0.102101982 -0.081506126 0.013055971 -0.991343319
1403636620663555584.000000 -0.061827388 0.047363132 0.214128345 -0.102073990 -0.081505105 0.013165561 -0.991344869
1403636620713555456.000000 -0.061680764 0.047353189 0.214279890 -0.102104612 -0.081533350 0.013128736 -0.991339803
1403636620763555584.000000 -0.061559688 0.047439434 0.214527190 -0.102109961 -0.081482425 0.013143571 -0.991343319
1403636620813555456.000000 -0.061463278 0.047495481 0.214868024 -0.102189474 -0.081491359 0.013106029 -0.991334796
1403636620863555584.000000 -0.061392952 0.047520272 0.215141848 -0.102185994 -0.081498429 0.013119400 -0.991334438
1403636620913555456.000000 -0.061389379 0.047533181 0.215414196 -0.102202535 -0.081510969 0.013062929 -0.991332471
1403636620963555584.000000 -0.061361492 0.047490790 0.215654567 -0.102165453 -0.081480652 0.013075228 -0.991338611
1403636621013555456.000000 -0.061862845 0.047452729 0.214734614 0.102072895 0.081714325 -0.013289719 0.991326034
1403636621063555584.000000 -0.061823204 0.047573950 0.214827240 0.101783909 0.081867896 -0.013783136 0.991336405
1403636621113555456.000000 -0.062153317 0.046783373 0.213399336 -0.102070913 -0.081604704 0.013210655 -0.991336346
1403636621163555584.000000 -0.061753750 0.047140386 0.214970559 -0.101921730 -0.081848122 0.013767734 -0.991324008
1403636621213555456.000000 -0.062001869 0.046820577 0.213844106 -0.102008663 -0.081682920 0.013324996 -0.991334736
1403636621263555584.000000 -0.061567862 0.047442500 0.215593114 -0.101881370 -0.081830442 0.013745885 -0.991329968
1403636621313555456.000000 -0.061762460 0.047171194 0.214639992 -0.101987630 -0.081625015 0.013356103 -0.991341293
1403636621363555584.000000 -0.061442338 0.047453858 0.215636149 -0.101983190 -0.081586212 0.013392377 -0.991344512
1403636621413555456.000000 -0.061765771 0.047436085 0.215037942 -0.102024660 -0.081591487 0.013294061 -0.991341054
1403636621463555584.000000 -0.061762452 0.047574770 0.215073392 -0.101904586 -0.081684396 0.013576373 -0.991341949
1403636621513555456.000000 -0.061830971 0.047527332 0.214553043 0.102214031 0.081594579 -0.013099503 0.991323888
1403636621563555584.000000 -0.061825991 0.047605846 0.214477286 0.102111906 0.081603497 -0.013306031 0.991330981
1403636621613555456.000000 -0.061782081 0.047548857 0.214530870 0.102188326 0.081555091 -0.013079518 0.991330087
1403636621663555584.000000 -0.062324390 0.047931641 0.214041963 -0.101959057 -0.081773840 0.013692919 -0.991327405
1403636621713555456.000000 -0.062283956 0.047808357 0.213205650 -0.102020994 -0.081582054 0.013387977 -0.991340935
1403636621763555584.000000 -0.062029954 0.047805399 0.214283302 -0.102050573 -0.081734672 0.013639288 -0.991321921
1403636621813555456.000000 -0.061909121 0.047707889 0.214541063 -0.102070130 -0.081733689 0.013586491 -0.991320729
1403636621863555584.000000 -0.061963782 0.047606535 0.213948488 -0.101977520 -0.081553176 0.013511826 -0.991346121
1403636621913555456.000000 -0.061895978 0.047575854 0.214221001 -0.101973161 -0.081548415 0.013490180 -0.991347253
1403636621963555584.000000 -0.061847519 0.047530830 0.214408129 -0.102015145 -0.081606485 0.013423419 -0.991339087
1403636622013555456.000000 -0.061692603 0.047466300 0.214553714 0.101907700 0.081648484 -0.013577397 0.991344571
1403636622063555584.000000 -0.061683200 0.047370803 0.214664489 0.101955295 0.081699044 -0.013461984 0.991337121
1403636622113555456.000000 -0.061940182 0.047295239 0.214060217 -0.101904787 -0.081630468 0.013534315 -0.991346955
1403636622163555584.000000 -0.061916549 0.047197450 0.213917360 -0.101936199 -0.081616804 0.013518679 -0.991345048
1403636622213555456.000000 -0.061799273 0.047180947 0.213916376 -0.101954646 -0.081601001 0.013469954 -0.991345108
1403636622263555584.000000 -0.061605562 0.047214955 0.214089304 -0.101935178 -0.081577137 0.013533983 -0.991348207
1403636622313555456.000000 -0.061434858 0.047250565 0.214463755 -0.101884939 -0.081578180 0.013507245 -0.991353631
1403636622363555584.000000 -0.061330952 0.047307987 0.214791566 -0.101874575 -0.081536435 0.013566216 -0.991357386
1403636622413555456.000000 -0.061187886 0.047297660 0.215160176 -0.101916857 -0.081532091 0.013494250 -0.991354346
1403636622463555584.000000 -0.061128423 0.047262639 0.215586141 -0.101918273 -0.081541128 0.013519267 -0.991353095
1403636622513555456.000000 -0.061761424 0.047529142 0.214823872 0.101958513 0.081560023 -0.013582333 0.991346538
1403636622563555584.000000 -0.061816595 0.047506932 0.215026721 0.101947501 0.081564195 -0.013578769 0.991347373
1403636622613555456.000000 -0.061952185 0.047189005 0.213255316 -0.101926118 -0.081515960 0.013586067 -0.991353452
1403636622663555584.000000 -0.061833132 0.047155764 0.213304892 -0.101975270 -0.081556000 0.013535694 -0.991345823
1403636622713555456.000000 -0.061745003 0.047200866 0.213460818 -0.101942517 -0.081572354 0.013446672 -0.991349041
1403636622763555584.000000 -0.061674405 0.047342882 0.213726655 -0.101919308 -0.081605472 0.013504769 -0.991347909
1403636622813555456.000000 -0.061602242 0.047407202 0.214129314 -0.101886868 -0.081577271 0.013413297 -0.991354823
1403636622863555584.000000 -0.061174110 0.047660284 0.216052637 -0.101774856 -0.081773542 0.013375703 -0.991350651
1403636622913555456.000000 -0.061383836 0.047647335 0.215074807 -0.101728886 -0.081831917 0.013283199 -0.991351843
1403636622963555584.000000 -0.061359100 0.047651470 0.215355396 -0.101751305 -0.081803478 0.013088299 -0.991354406
1403636623013555456.000000 -0.061532140 0.047678791 0.215095326 0.101806320 0.081907019 -0.013221578 0.991338491
1403636623063555584.000000 -0.061622836 0.047572039 0.215189695 0.101833157 0.081878327 -0.013168240 0.991338849
1403636623113555456.000000 -0.061602898 0.047892455 0.215694740 -0.101810344 -0.081826478 0.013116488 -0.991346121
1403636623163555584.000000 -0.061594352 0.047882758 0.215980515 -0.101782955 -0.081893027 0.013153777 -0.991342962
1403636623213555456.000000 -0.061488457 0.047839761 0.216134608 -0.101791635 -0.081792280 0.013177086 -0.991350055
1403636623263555584.000000 -0.061359286 0.047766976 0.216207325 -0.101841733 -0.081802979 0.013076497 -0.991345286
1403636623313555456.000000 -0.061212406 0.047774673 0.216166586 -0.101738088 -0.081939921 0.013208786 -0.991342902
1403636623363555584.000000 -0.061328646 0.047794107 0.215824351 -0.101822235 -0.081861757 0.012932315 -0.991344392
1403636623413555456.000000 -0.061372511 0.047842599 0.215459511 -0.101750985 -0.081944205 0.013129089 -0.991342306
1403636623463555584.000000 -0.061475676 0.047831200 0.214900613 -0.101739913 -0.082001299 0.013004924 -0.991340399
1403636623513555456.000000 -0.061764803 0.048032727 0.214849889 0.102172017 0.082084768 -0.011764354 0.991304517
1403636623563555584.000000 -0.062292323 0.048440218 0.214070246 -0.102190122 -0.081979528 0.011678183 -0.991312325
1403636623613555456.000000 -0.062533669 0.048755918 0.213518605 -0.102070592 -0.081946775 0.011616861 -0.991328120
1403636623663555584.000000 -0.062123846 0.048659727 0.213653266 -0.102127291 -0.081826501 0.011657269 -0.991331697
1403636623713555456.000000 -0.061561879 0.048550799 0.214077309 -0.101941854 -0.081958458 0.011616990 -0.991340399
1403636623763555584.000000 -0.061225452 0.048375517 0.214645714 -0.101788886 -0.082038209 0.011466540 -0.991351306
1403636623813555456.000000 -0.061087895 0.047997318 0.214657798 -0.100961119 -0.081494786 0.012936170 -0.991462648
1403636623863555584.000000 -0.060990937 0.047984183 0.215207145 -0.100777425 -0.081755690 0.012711205 -0.991462708
1403636623913555456.000000 -0.061016224 0.048238534 0.216198891 -0.101163745 -0.081793055 0.011354330 -0.991436839
1403636623963555584.000000 -0.061115786 0.048066970 0.215790167 -0.100540377 -0.081430525 0.012300430 -0.991518736
1403636624013555456.000000 -0.061597507 0.048087269 0.214631677 0.100489892 0.081402905 -0.012596748 0.991522431
1403636624063555584.000000 -0.061521895 0.048126407 0.214631572 0.100330323 0.081377827 -0.012390213 0.991543233
1403636624113555456.000000 -0.060956899 0.047946695 0.214350611 -0.099618003 -0.080905251 0.012385761 -0.991653740
1403636624163555584.000000 -0.061087284 0.047943212 0.213717893 -0.099407211 -0.080839574 0.011945040 -0.991685748
1403636624213555456.000000 -0.061316207 0.048002508 0.212222084 -0.099326521 -0.080670223 0.012184639 -0.991704643
1403636624263555584.000000 -0.061379481 0.048379198 0.212782815 -0.099894986 -0.080642425 0.010814363 -0.991665721
1403636624313555456.000000 -0.060831212 0.048554894 0.214218259 -0.098122820 -0.077773377 0.012814078 -0.992047906
1403636624363555584.000000 -0.062557630 0.049946908 0.214187995 0.097189166 0.073511571 -0.012273770 0.992471576
1403636624413555456.000000 -0.062496644 0.051792968 0.212598026 0.094867811 0.069593631 -0.014059586 0.992954791
1403636624463555584.000000 -0.063412070 0.054359335 0.210811570 0.093446478 0.064871885 -0.013655844 0.993414819
1403636624513555456.000000 -0.064120829 0.057937160 0.209397286 0.091503099 0.060280908 -0.013672896 0.993884563
1403636624563555584.000000 -0.065020107 0.061411850 0.206579015 0.089561120 0.056956161 -0.013830489 0.994255304
1403636624613555456.000000 -0.065862082 0.065587834 0.204102963 -0.088079482 -0.056263011 0.015505038 -0.994402349
1403636624663555584.000000 -0.066601612 0.070825703 0.201289982 0.086640529 0.058411926 -0.016741754 0.994384885
1403636624713555456.000000 -0.068579048 0.076664641 0.198988602 0.084771015 0.058910951 -0.021002933 0.994435668
1403636624763555584.000000 -0.070324659 0.083403632 0.195847705 -0.083724394 -0.061545245 0.023431983 -0.994310558
1403636624813555456.000000 -0.072317645 0.090506710 0.190810740 0.080910817 0.058359131 -0.030856330 0.994532824
1403636624863555584.000000 -0.072763875 0.098203413 0.185258821 0.078593574 0.054901071 -0.037572678 0.994684517
1403636624913555456.000000 -0.072326161 0.106550813 0.177550212 0.075363047 0.048360471 -0.045872170 0.994925857
1403636624963555584.000000 -0.069649249 0.114261962 0.168625221 0.072421171 0.042200673 -0.053666908 0.995034754
1403636625013555456.000000 -0.065093607 0.121249162 0.158780381 0.070651107 0.036362819 -0.058766548 0.995104373
1403636625063555584.000000 -0.058894034 0.127069384 0.148040563 0.069314636 0.030171422 -0.062289145 0.995191038
1403636625113555456.000000 -0.050911400 0.131347239 0.136987492 0.069533102 0.024977367 -0.062775023 0.995289207
1403636625163555584.000000 -0.041443590 0.134229586 0.126437351 0.071374036 0.022182280 -0.058628406 0.995477974
1403636625213555456.000000 -0.029870411 0.135838583 0.116039507 0.073453300 0.023427816 -0.054818224 0.995515406
1403636625263555584.000000 -0.018151570 0.137098804 0.107073620 0.075235613 0.027225388 -0.051354114 0.995470345
1403636625313555456.000000 -0.008453982 0.137690574 0.101146296 -0.076958783 -0.030879134 0.048791919 -0.995360851
1403636625363555584.000000 -0.003086182 0.137905106 0.098065287 -0.078557253 -0.033228993 0.047359850 -0.995229483
1403636625413555456.000000 -0.001961794 0.138081819 0.097926117 -0.079158530 -0.031846341 0.047290511 -0.995230377
1403636625463555584.000000 -0.003671506 0.138099208 0.099721245 -0.079551265 -0.028669011 0.047938470 -0.995264649
1403636625513555456.000000 -0.007598347 0.137608558 0.103506871 -0.079962194 -0.027027739 0.047904316 -0.995279253
1403636625563555584.000000 -0.010033506 0.136580527 0.107768804 -0.080396153 -0.025892984 0.048563667 -0.995242536
1403636625613555456.000000 -0.009972141 0.135493711 0.110795893 -0.080617197 -0.025905155 0.049694281 -0.995168447
1403636625663555584.000000 -0.006570157 0.134880692 0.112398803 0.081050441 0.027298322 -0.050236784 0.995068848
1403636625713555456.000000 0.001986377 0.132178858 0.113941260 0.082189865 0.030432405 -0.049633969 0.994914651
1403636625763555584.000000 0.015220091 0.128005549 0.116166763 -0.082705297 -0.035699915 0.049830332 -0.994687080
1403636625813555456.000000 0.031992212 0.123747133 0.116196960 -0.083570249 -0.040896364 0.049058650 -0.994453073
1403636625863555584.000000 0.052572820 0.119074486 0.114938468 -0.084781706 -0.046855789 0.047540534 -0.994161248
1403636625913555456.000000 0.075898714 0.113975257 0.112737030 -0.085714065 -0.050465021 0.046133462 -0.993970931
1403636625963555584.000000 0.100795351 0.108773828 0.109288283 -0.086422034 -0.053315628 0.045258775 -0.993800998
1403636626013555456.000000 0.125788197 0.104030982 0.105461508 -0.087149262 -0.055680864 0.044362921 -0.993648171
1403636626063555584.000000 0.149747744 0.099487931 0.101206511 -0.089157790 -0.056720521 0.040396564 -0.993580341
1403636626113555456.000000 0.174439251 0.098796226 0.098083317 0.091995701 0.056939214 -0.035148166 0.993508637
1403636626163555584.000000 0.196562544 0.094962373 0.093793944 0.094149992 0.057392318 -0.030363109 0.993438482
1403636626213555456.000000 0.216418520 0.090583175 0.090550520 -0.096058235 -0.057651501 0.026267949 -0.993357539
1403636626263555584.000000 0.233561203 0.087910667 0.087800525 -0.097130381 -0.057793900 0.023806149 -0.993306994
1403636626313555456.000000 0.247520283 0.086109988 0.086477831 -0.097774349 -0.057881162 0.022927381 -0.993259490
1403636626363555584.000000 0.257942885 0.085511602 0.086247735 -0.097649291 -0.058044855 0.023105200 -0.993258059
1403636626413555456.000000 0.265338182 0.086019494 0.087174624 -0.097182639 -0.058827743 0.024768177 -0.993217707
1403636626463555584.000000 0.270984262 0.087865464 0.089000113 -0.096254945 -0.059953384 0.027640114 -0.993164957
1403636626513555456.000000 0.275782287 0.090504184 0.090930723 -0.095353201 -0.063530564 0.030893408 -0.992933691
1403636626563555584.000000 0.279482216 0.094251424 0.092679650 -0.094436064 -0.067420021 0.034561191 -0.992643952
1403636626613555456.000000 0.281347841 0.101838924 0.101934038 0.094358936 0.071243815 -0.037924290 0.992261291
1403636626663555584.000000 0.282308608 0.106463350 0.103068970 0.094053030 0.074091792 -0.040916387 0.991962850
1403636626713555456.000000 0.281129658 0.110619463 0.103346109 -0.094372146 -0.073757172 0.042400587 -0.991895139
1403636626763555584.000000 0.278489321 0.115341090 0.103347898 -0.095145397 -0.071409173 0.043400958 -0.991949856
1403636626813555456.000000 0.274688214 0.120330699 0.102959312 -0.095714502 -0.068557538 0.044110984 -0.992065012
1403636626863555584.000000 0.269738376 0.125546500 0.102295712 -0.096140876 -0.064809516 0.044910219 -0.992239773
1403636626913555456.000000 0.264046341 0.130954579 0.101503395 -0.096315823 -0.060597867 0.045740869 -0.992450953
1403636626963555584.000000 0.257580221 0.136527523 0.100749657 -0.095914572 -0.055879947 0.046956137 -0.992709935
1403636627013555456.000000 0.250389427 0.142239690 0.100368708 -0.095785759 -0.051501840 0.047706258 -0.992923379
1403636627063555584.000000 0.243456185 0.147862852 0.099484362 -0.095351599 -0.047509536 0.048298262 -0.993135571
1403636627113555456.000000 0.234256223 0.152954921 0.098479167 0.095586829 0.042771373 -0.048815530 0.993303001
1403636627163555584.000000 0.232409194 0.157641336 0.096270554 0.095982000 0.043898325 -0.048415665 0.993235350
1403636627213555456.000000 0.233958945 0.162538230 0.091422595 -0.096026279 -0.046617776 0.048735071 -0.993091464
1403636627263555584.000000 0.238144487 0.166948691 0.086890548 -0.096189745 -0.050625514 0.048598524 -0.992886126
1403636627313555456.000000 0.244023383 0.171279743 0.081020080 -0.097159013 -0.053801306 0.047423869 -0.992681503
1403636627363555584.000000 0.251724094 0.175465062 0.074652337 -0.097568765 -0.055027440 0.046387997 -0.992623091
1403636627413555456.000000 0.263916582 0.180116922 0.067934252 -0.098130099 -0.055261500 0.045590091 -0.992591679
1403636627463555584.000000 0.271569639 0.184338540 0.058476020 -0.098145068 -0.056199353 0.043819197 -0.992617309
1403636627513555456.000000 0.284507036 0.189406916 0.051181745 -0.096574374 -0.054980036 0.041892052 -0.992922843
1403636627563555584.000000 0.291505992 0.194792703 0.044276979 -0.093515173 -0.054042436 0.039656401 -0.993358850
1403636627613555456.000000 0.294159442 0.200207949 0.032501381 0.089523204 0.052877005 -0.037794542 0.993861794
1403636627663555584.000000 0.293175966 0.206376746 0.028569676 0.085874811 0.049891628 -0.036691442 0.994379282
1403636627713555456.000000 0.288747311 0.213002905 0.026155934 0.081122078 0.045213796 -0.035564303 0.995042801
1403636627763555584.000000 0.281084985 0.220178127 0.025293186 -0.075366884 -0.039347567 0.034426250 -0.995784402
1403636627813555456.000000 0.273990810 0.227195904 0.025557959 -0.069135614 -0.034004934 0.033164203 -0.996475875
1403636627863555584.000000 0.267390519 0.234568238 0.026817579 -0.062194761 -0.028876716 0.031593584 -0.997145832
1403636627913555456.000000 0.262116343 0.241646737 0.028353767 -0.056425072 -0.024025775 0.030665105 -0.997646630
1403636627963555584.000000 0.260098904 0.248160422 0.030303048 -0.051353779 -0.021496769 0.030186115 -0.997992754
1403636628013555456.000000 0.260796070 0.254392892 0.032785591 -0.046977758 -0.020523064 0.029568836 -0.998247325
1403636628063555584.000000 0.265391350 0.260082394 0.035837080 -0.043774340 -0.022777747 0.028534763 -0.998374104
1403636628113555456.000000 0.275458306 0.265510470 0.033893883 0.041465331 0.028990347 -0.027116403 0.998351157
1403636628163555584.000000 0.285762250 0.270132512 0.036186002 0.040047579 0.038062736 -0.024532216 0.998171151
1403636628213555456.000000 0.296833515 0.274389982 0.039376862 -0.039290763 -0.046514627 0.021681115 -0.997909129
1403636628263555584.000000 0.309370816 0.278648645 0.041658074 -0.039327681 -0.052622464 0.017480666 -0.997686684
1403636628313555456.000000 0.322635978 0.283233702 0.043097369 -0.040302761 -0.056765474 0.012823189 -0.997491360
1403636628363555584.000000 0.336280465 0.288479716 0.044150677 -0.040887617 -0.058495622 0.010103084 -0.997398853
1403636628413555456.000000 0.349498719 0.294434696 0.045087852 -0.041474272 -0.058874302 0.007787474 -0.997373104
1403636628463555584.000000 0.361582786 0.300984651 0.046164174 -0.042186011 -0.058954168 0.006421139 -0.997348249
1403636628513555456.000000 0.372024596 0.308454543 0.047517303 -0.043050930 -0.058433399 0.005405190 -0.997348011
1403636628563555584.000000 0.384247154 0.317192644 0.042379167 0.044079900 0.057092343 -0.004281509 0.997386158
1403636628613555456.000000 0.391418099 0.326168031 0.044212326 0.045458626 0.056482941 -0.003533548 0.997361898
1403636628663555584.000000 0.397345096 0.335708082 0.046635356 -0.046143167 -0.056427967 0.003651136 -0.997333109
1403636628713555456.000000 0.401849657 0.346855640 0.049397845 -0.044765562 -0.056334760 0.005349589 -0.997393608
1403636628763555584.000000 0.404415220 0.359213203 0.052527256 -0.041324418 -0.054102525 0.007642311 -0.997650683
1403636628813555456.000000 0.405545205 0.372333765 0.056142781 -0.036605377 -0.050672375 0.009894717 -0.997995257
1403636628863555584.000000 0.406077415 0.385885984 0.060009334 -0.031750198 -0.046480846 0.011331519 -0.998350143
1403636628913555456.000000 0.408231199 0.399451911 0.063834958 -0.027304335 -0.042202521 0.011893749 -0.998665094
1403636628963555584.000000 0.406449825 0.411366194 0.078631192 0.023683019 0.039253272 -0.012110374 0.998875260
1403636629013555456.000000 0.411861598 0.425154835 0.078431077 0.020764269 0.036282085 -0.011594765 0.999058604
1403636629063555584.000000 0.418659508 0.438533902 0.075151563 -0.017840127 -0.034856673 0.010789795 -0.999174833
1403636629113555456.000000 0.427102238 0.452324718 0.071684964 -0.014624636 -0.034356065 0.010881882 -0.999243379
1403636629163555584.000000 0.435333967 0.466470420 0.069026873 -0.010449074 -0.034134731 0.009096337 -0.999321282
1403636629213555456.000000 0.443072289 0.480843514 0.067601025 -0.005200561 -0.035232551 0.006949032 -0.999341488
1403636629263555584.000000 0.453704834 0.493737131 0.099767096 0.000506853 0.037268709 -0.004549122 0.999294817
1403636629313555456.000000 0.460084081 0.508162081 0.100848563 -0.003582505 0.039673619 -0.001225372 0.999205530
1403636629363555584.000000 0.465571493 0.521838605 0.105042517 0.006636669 -0.042176683 -0.002239046 -0.999085605
1403636629413555456.000000 0.470083565 0.535923958 0.109068200 0.008807348 -0.045323197 -0.007048977 -0.998908699
1403636629463555584.000000 0.474771351 0.550417721 0.123120084 -0.012298320 0.049008448 0.012701933 0.998641908
1403636629513555456.000000 0.476503879 0.565864265 0.128631592 -0.017031800 0.051118378 0.018338595 0.998378992
1403636629563555584.000000 0.476795405 0.582088709 0.137187108 0.022951344 -0.050706152 -0.023171889 -0.998180985
1403636629613555456.000000 0.477728724 0.599775434 0.166892990 -0.031022631 0.047948617 0.025967378 0.998030245
1403636629663555584.000000 0.474550933 0.618217528 0.175847054 -0.040135182 0.042872723 0.028604466 0.997864127
1403636629713555456.000000 0.470300943 0.637338758 0.187746167 0.050006688 -0.038013648 -0.031030424 -0.997542679
1403636629763555584.000000 0.467298120 0.657222390 0.203083411 -0.060750864 0.033454102 0.033517152 0.997029006
1403636629813555456.000000 0.461572349 0.678061306 0.215882093 -0.071867913 0.030362893 0.036831390 0.996271372
1403636629863555584.000000 0.455604792 0.699197114 0.231052011 0.082886368 -0.027902124 -0.040721603 -0.995335639
1403636629913555456.000000 0.450234503 0.720589161 0.246646166 0.093010843 -0.026370462 -0.044544343 -0.994318545
1403636629963555584.000000 0.451089501 0.742979765 0.273799598 -0.102130927 0.025705496 0.047221914 0.993317008
1403636630013555456.000000 0.448939353 0.763940215 0.287942767 -0.109337367 0.025875118 0.049972925 0.992410541
1403636630063555584.000000 0.448844075 0.784994423 0.301840276 -0.115466572 0.027667591 0.051936775 0.991566777
1403636630113555456.000000 0.454390407 0.806305945 0.319803387 -0.120663881 0.032348678 0.053090531 0.990744770
1403636630163555584.000000 0.459475279 0.827469528 0.334312022 -0.125056952 0.039514139 0.054181885 0.989880741
1403636630213555456.000000 0.469374180 0.849869967 0.350330949 -0.128977999 0.046321917 0.054311052 0.989075005
1403636630263555584.000000 0.478323758 0.871620059 0.364777476 -0.131807178 0.052497514 0.054906026 0.988360405
1403636630313555456.000000 0.490874231 0.895100713 0.382950902 -0.134032696 0.056101106 0.054837499 0.987866819
1403636630363555584.000000 0.501546621 0.916655004 0.396662891 -0.135261938 0.055519417 0.054993968 0.987723410
1403636630413555456.000000 0.513490200 0.938298523 0.409829855 -0.136050999 0.054232143 0.054874122 0.987693191
1403636630463555584.000000 0.527372003 0.959236860 0.423122644 0.136523262 -0.051112365 -0.053737525 -0.987856925
1403636630513555456.000000 0.542753279 0.980302870 0.435399413 0.136581048 -0.049601644 -0.052415356 -0.987996995
1403636630563555584.000000 0.559425116 1.001187325 0.447488755 0.136763528 -0.047697563 -0.049491070 -0.988216221
1403636630613555456.000000 0.576370716 1.021933079 0.460040510 0.136578828 -0.047099449 -0.046510231 -0.988415301
1403636630663555584.000000 0.597477615 1.046332598 0.472656041 -0.135858580 0.045079429 0.043531287 0.988744318
1403636630713555456.000000 0.612489462 1.066407442 0.487327963 -0.134851575 0.044197503 0.041937504 0.988990843
1403636630763555584.000000 0.626732111 1.085209131 0.503288984 0.133216053 -0.044291973 -0.042503495 -0.989184141
1403636630813555456.000000 0.639610469 1.103890419 0.520461321 0.131099269 -0.043776561 -0.043531157 -0.989445150
1403636630863555584.000000 0.651390791 1.122209787 0.538647950 0.129358247 -0.043895140 -0.044820093 -0.989611447
1403636630913555456.000000 0.661873221 1.140334010 0.557663441 0.127422795 -0.044359580 -0.046244342 -0.989776313
1403636630963555584.000000 0.671299994 1.158448577 0.577655733 0.125883207 -0.044731610 -0.047508378 -0.989896715
1403636631013555456.000000 0.680012405 1.176905870 0.598375320 0.125217676 -0.045021292 -0.048117068 -0.989938617
1403636631063555584.000000 0.688087821 1.195418000 0.619903982 0.124239258 -0.046155293 -0.048175443 -0.990006804
1403636631113555456.000000 0.695752084 1.213844419 0.641790748 0.123938672 -0.047987822 -0.048140042 -0.989959061
1403636631163555584.000000 0.698343635 1.236081719 0.644308329 -0.123278096 0.049325179 0.047770552 0.989993751
1403636631213555456.000000 0.705465436 1.254334211 0.666545630 -0.122652553 0.051442880 0.047593281 0.989972234
1403636631263555584.000000 0.712476432 1.272581339 0.688589096 -0.122590475 0.052848104 0.046895359 0.989939153
1403636631313555456.000000 0.719505250 1.291936159 0.711690784 0.121875264 -0.052946642 -0.047143526 -0.990010440
1403636631363555584.000000 0.725245595 1.310613990 0.735036373 0.121773615 -0.052980438 -0.046517592 -0.990050733
1403636631413555456.000000 0.729630947 1.329022765 0.759215176 0.121297598 -0.052943889 -0.046492342 -0.990112305
1403636631463555584.000000 0.732536018 1.347300529 0.783694148 0.121202037 -0.052727852 -0.045574766 -0.990178227
1403636631513555456.000000 0.734358490 1.365172625 0.808321178 0.121109568 -0.052353218 -0.044322595 -0.990266204
1403636631563555584.000000 0.735632002 1.382568836 0.833124757 0.121299617 -0.052486032 -0.042826969 -0.990301728
1403636631613555456.000000 0.737004340 1.399515390 0.857334137 0.121085390 -0.052021097 -0.041502900 -0.990408838
1403636631663555584.000000 0.733346939 1.418732762 0.854576945 -0.120324783 0.051139284 0.040693175 0.990581095
1403636631713555456.000000 0.736389518 1.434899449 0.877985835 -0.120070964 0.050766658 0.039926380 0.990662277
1403636631763555584.000000 0.739920080 1.453238845 0.900089860 0.119697392 -0.050201457 -0.039175764 -0.990766227
1403636631813555456.000000 0.746614516 1.469950914 0.922022641 0.119100101 -0.050577998 -0.038640656 -0.990840077
1403636631863555584.000000 0.755579233 1.486782074 0.944597185 0.119256653 -0.049944222 -0.037469424 -0.990898311
1403636631913555456.000000 0.765761733 1.503209472 0.966491103 0.119284235 -0.048899092 -0.036509033 -0.990983009
1403636631963555584.000000 0.776433051 1.519214869 0.988449752 0.119362809 -0.048448615 -0.036052752 -0.991012394
1403636632013555456.000000 0.787596524 1.534368873 1.010172367 0.119535722 -0.048683167 -0.036157440 -0.990976214
1403636632063555584.000000 0.799458981 1.548824072 1.031653047 0.119943321 -0.050117545 -0.035758536 -0.990869999
1403636632113555456.000000 0.809578300 1.558592796 1.049373388 0.120667733 -0.051491696 -0.034111079 -0.990769625
1403636632163555584.000000 0.814003468 1.568348169 1.045138359 -0.122415237 0.052873958 0.031352438 0.990573585
1403636632213555456.000000 0.824324548 1.578955531 1.064690232 -0.123288929 0.052465186 0.030438296 0.990515471
1403636632263555584.000000 0.833309233 1.588550329 1.084220171 -0.123620816 0.053319622 0.031542227 0.990393877
1403636632313555456.000000 0.842145860 1.603708029 1.108134151 0.123663336 -0.053549308 -0.032606784 -0.990341723
1403636632363555584.000000 0.848262310 1.613861442 1.130183578 0.123634599 -0.053958241 -0.033613857 -0.990289390
1403636632413555456.000000 0.852368653 1.623270273 1.152639031 0.124151543 -0.052959129 -0.034135196 -0.990260899
1403636632463555584.000000 0.854543328 1.631632209 1.175581217 0.123232000 -0.050175786 -0.037451372 -0.990400791
1403636632513555456.000000 0.855570674 1.638985515 1.198874593 0.120385341 -0.047000110 -0.041089796 -0.990762353
1403636632563555584.000000 0.855342865 1.645585537 1.222560048 0.115805417 -0.041958116 -0.045806810 -0.991327643
1403636632613555456.000000 0.854808033 1.651823044 1.246374726 0.109992348 -0.037348125 -0.049598616 -0.991991401
1403636632663555584.000000 0.848804772 1.651769638 1.250895023 -0.103223309 0.033959445 0.051347803 0.992751360
1403636632713555456.000000 0.849030793 1.658224702 1.275074720 -0.095021039 0.031832088 0.051120859 0.993652105
1403636632763555584.000000 0.850841343 1.666903615 1.299537897 0.085608609 -0.030847432 -0.049046513 -0.994642675
1403636632813555456.000000 0.854978144 1.675069571 1.323033333 0.075873561 -0.031417996 -0.043290023 -0.995681703
1403636632863555584.000000 0.861667931 1.683861732 1.346637249 0.066415884 -0.034287345 -0.034389224 -0.996609569
1403636632913555456.000000 0.870442569 1.693109989 1.369510651 0.056932013 -0.038404454 -0.024815051 -0.997330487
1403636632963555584.000000 0.880250394 1.702826500 1.392342925 0.048767522 -0.040947590 -0.016047595 -0.997841477
1403636633013555456.000000 0.896622241 1.716384649 1.413247347 -0.041363820 0.043251902 0.008383225 0.998172343
1403636633063555584.000000 0.908573687 1.726063728 1.435467720 -0.034756258 0.043898273 0.002371006 0.998428464
1403636633113555456.000000 0.920308590 1.735417843 1.457651734 -0.028669607 0.044746216 -0.001842004 0.998585284
1403636633163555584.000000 0.929778218 1.745970130 1.479337931 0.023581419 -0.044810399 0.005405056 -0.998702526
1403636633213555456.000000 0.938399911 1.755153060 1.502634883 0.019306846 -0.045024298 0.007373098 -0.998772085
1403636633263555584.000000 0.945266902 1.764107108 1.526584387 0.015579439 -0.043808088 0.007717055 -0.998888731
1403636633313555456.000000 0.951155245 1.772790194 1.551132321 0.012476122 -0.042456105 0.007256588 -0.998994172
1403636633363555584.000000 0.956062257 1.781401634 1.576386929 0.009474202 -0.040866427 0.005281581 -0.999105811
1403636633413555456.000000 0.960201740 1.790115356 1.602615595 0.007819663 -0.038806822 0.003309448 -0.999210715
1403636633463555584.000000 0.963700593 1.798627019 1.629263759 0.006340480 -0.037037671 0.001189158 -0.999293089
1403636633513555456.000000 0.976815283 1.807375193 1.662618160 -0.006043288 0.035001915 0.000160260 0.999369025
1403636633563555584.000000 0.980426967 1.816106677 1.691355467 -0.006330781 0.033233844 0.001678966 0.999426186
1403636633613555456.000000 0.983638227 1.825504541 1.721028328 0.006989209 -0.031142784 -0.002470724 -0.999487460
1403636633663555584.000000 0.989259779 1.835130334 1.751037478 0.008508148 -0.029722678 -0.002784103 -0.999518156
1403636633713555456.000000 0.997123659 1.844886899 1.780742407 0.009839490 -0.030105488 -0.003578004 -0.999491930
1403636633763555584.000000 1.006740212 1.854775310 1.810446978 0.010838400 -0.030828938 -0.004759379 -0.999454677
1403636633813555456.000000 1.018895745 1.864784598 1.840173244 0.012079450 -0.031018943 -0.005888061 -0.999428451
1403636633863555584.000000 1.033080459 1.874736309 1.869824171 0.012824641 -0.032213185 -0.007990717 -0.999366820
1403636633913555456.000000 1.044756293 1.882704377 1.899351358 -0.012964716 0.033264529 0.012117321 0.999289095
1403636633963555584.000000 1.060518265 1.892793179 1.929164410 -0.012682385 0.035204049 0.016695935 0.999160230
1403636634013555456.000000 1.075922608 1.903572202 1.960059166 0.012789478 -0.037170634 -0.020551734 -0.999015808
1403636634063555584.000000 1.090577960 1.915199637 1.991589546 0.013525702 -0.037438262 -0.022819778 -0.998946786
1403636634113555456.000000 1.105931282 1.927386761 2.023219585 0.013284624 -0.036995620 -0.022993438 -0.998962522
1403636634163555584.000000 1.122897983 1.940619707 2.054510355 0.013458616 -0.035709519 -0.021798069 -0.999033809
1403636634213555456.000000 1.141998887 1.954749584 2.085717678 0.014063654 -0.034095969 -0.018657574 -0.999145508
1403636634263555584.000000 1.163553953 1.969628334 2.117089033 0.014971714 -0.034256566 -0.014400741 -0.999197185
1403636634313555456.000000 1.179751873 1.984242320 2.146090984 -0.015599621 0.037532583 0.010600787 0.999117434
1403636634363555584.000000 1.202926397 1.999577761 2.177972555 -0.015932722 0.041940171 0.007335695 0.998966157
1403636634413555456.000000 1.225726247 2.015585899 2.210409403 0.016179258 -0.046550818 -0.004194839 -0.998776078
1403636634463555584.000000 1.246603727 2.031510353 2.243696451 0.016280791 -0.049327798 -0.001766459 -0.998648405
1403636634513555456.000000 1.265922666 2.047188520 2.277548790 0.015794836 -0.052687522 -0.000037937 -0.998486221
1403636634563555584.000000 1.275737882 2.063904762 2.310400009 -0.015175432 0.055350035 -0.001373611 0.998350799
1403636634613555456.000000 1.291493297 2.078895330 2.344856262 -0.013954826 0.056342673 -0.003615145 0.998307467
1403636634663555584.000000 1.305523992 2.093238115 2.379435778 -0.010940127 0.056855168 -0.005983511 0.998304546
1403636634713555456.000000 1.318940163 2.108160973 2.413479567 0.007750085 -0.057299525 0.009246089 -0.998284161
1403636634763555584.000000 1.332555175 2.121886015 2.446676970 0.004247777 -0.055270422 0.011496298 -0.998396277
1403636634813555456.000000 1.346914768 2.135069847 2.478875160 0.000848016 -0.053048436 0.012650327 -0.998511493
1403636634863555584.000000 1.356976151 2.148873091 2.509795904 0.002330561 0.051290691 -0.013507172 0.998589754
1403636634913555456.000000 1.373756766 2.160917521 2.539954424 0.005679042 0.049588490 -0.014821202 0.998643696
1403636634963555584.000000 1.391236067 2.172875643 2.568670034 -0.008563058 -0.047005475 0.016508600 -0.998721540
1403636635013555456.000000 1.410896420 2.184114695 2.597038746 -0.010857749 -0.046554275 0.018657573 -0.998682499
1403636635063555584.000000 1.429915309 2.194888353 2.625435114 -0.012826941 -0.044922981 0.020441594 -0.998698950
1403636635113555456.000000 1.447715402 2.205417633 2.654383898 -0.014428390 -0.043368898 0.021817729 -0.998716652
1403636635163555584.000000 1.463830709 2.215748549 2.683865547 -0.016068494 -0.042381283 0.022290308 -0.998723567
1403636635213555456.000000 1.477413416 2.226495028 2.719035864 0.017585987 0.041125756 -0.022167129 0.998753309
1403636635263555584.000000 1.490856171 2.236284971 2.750253201 0.019656761 0.040159564 -0.020756898 0.998784244
1403636635313555456.000000 1.503095031 2.245863438 2.782328606 0.021436516 0.038654283 -0.018988824 0.998842239
1403636635363555584.000000 1.515972972 2.255363226 2.813856363 -0.023618683 -0.036720835 0.015487355 -0.998926401
1403636635413555456.000000 1.529383063 2.264894009 2.845533609 -0.024937376 -0.035559263 0.014075848 -0.998957276
1403636635463555584.000000 1.544111729 2.274555922 2.877633333 -0.025625927 -0.035902631 0.012711412 -0.998945832
1403636635513555456.000000 1.560983658 2.284127235 2.909950256 -0.026753783 -0.035302795 0.009827720 -0.998970211
1403636635563555584.000000 1.582857370 2.291954756 2.944496393 0.027005482 0.035212435 -0.008985843 0.998974502
1403636635613555456.000000 1.601050138 2.302648067 2.974679232 0.027266208 0.035933401 -0.007854878 0.998951316
1403636635663555584.000000 1.621087670 2.313812256 3.005221605 0.027045039 0.037025288 -0.006868092 0.998924732
1403636635713555456.000000 1.640808463 2.324886560 3.033962488 -0.026782123 -0.038378414 0.006302848 -0.998884439
1403636635763555584.000000 1.669028759 2.334571600 3.065196991 0.027179131 0.041583654 -0.004050822 0.998757124
1403636635813555456.000000 1.694482327 2.346772671 3.094877481 0.028378781 0.045757011 0.000104083 0.998549402
1403636635863555584.000000 1.722289085 2.359872580 3.124450922 0.029140705 0.048342746 0.003755532 0.998398602
1403636635913555456.000000 1.751130223 2.373959541 3.153323650 -0.030072976 -0.046839833 -0.007478367 -0.998421609
1403636635963555584.000000 1.786268830 2.387323380 3.184232235 0.029770076 0.043223523 0.008385069 0.998586595
1403636636013555456.000000 1.815381885 2.403653383 3.213205099 0.028503088 0.038005468 0.006441168 0.998850226
1403636636063555584.000000 1.843850017 2.420836926 3.242960453 0.026264586 0.034141172 0.002175490 0.999069452
1403636636113555456.000000 1.872244120 2.438251734 3.274181128 -0.023975367 -0.031355985 0.002476416 -0.999217689
1403636636163555584.000000 1.901324868 2.456246376 3.305315971 -0.022302151 -0.033142623 0.006588181 -0.999180079
1403636636213555456.000000 1.936456203 2.473587275 3.336785078 0.020626506 0.038066845 -0.010837925 0.999003470
1403636636263555584.000000 1.969350100 2.491813660 3.366737604 0.019272644 0.044377483 -0.014219436 0.998727798
1403636636313555456.000000 2.003684044 2.509772778 3.395980597 0.018600691 0.049974713 -0.015988976 0.998449326
1403636636363555584.000000 2.039109468 2.526660681 3.424438477 -0.017954146 -0.056724634 0.017498408 -0.998075068
1403636636413555456.000000 2.075539351 2.545308352 3.453829527 0.017902339 0.065378293 -0.018475343 0.997528911
1403636636463555584.000000 2.107586145 2.562224865 3.481919527 0.017905571 0.072313771 -0.019147446 0.997037351
1403636636513555456.000000 2.136634588 2.579175711 3.510087252 -0.016621297 -0.075302266 0.022026761 -0.996778905
1403636636563555584.000000 2.163134575 2.595655680 3.537790775 -0.015168173 -0.076522268 0.025525445 -0.996625662
1403636636613555456.000000 2.187308073 2.611598015 3.564988136 -0.013453330 -0.077150933 0.029671699 -0.996487021
1403636636663555584.000000 2.209954977 2.628480196 3.587834597 0.011683231 0.076693587 -0.034185141 0.996400058
1403636636713555456.000000 2.228876114 2.642697811 3.614129543 0.009983661 0.076613165 -0.037945606 0.996288598
1403636636763555584.000000 2.245295048 2.655505896 3.640118122 0.008409956 0.076048978 -0.041847553 0.996190071
1403636636813555456.000000 2.259104013 2.666930914 3.665715933 0.006472604 0.075635225 -0.046962660 0.996008039
1403636636863555584.000000 2.269667149 2.676533699 3.690728188 -0.004801791 -0.074024186 0.051374812 -0.995920718
1403636636913555456.000000 2.278074026 2.684257984 3.715595961 -0.006310029 -0.071125321 0.048976671 -0.996244252
1403636636963555584.000000 2.284764767 2.690295935 3.740067482 -0.009451729 -0.069183640 0.043611679 -0.996605396
1403636637013555456.000000 2.289815664 2.695104122 3.764134645 -0.013134715 -0.066547342 0.036959764 -0.997011960
1403636637063555584.000000 2.293816090 2.699168682 3.787770033 -0.016386237 -0.064998731 0.031026199 -0.997268319
1403636637113555456.000000 2.296643257 2.702929974 3.811150312 -0.018993007 -0.062427606 0.026541235 -0.997515798
1403636637163555584.000000 2.289866447 2.706560612 3.814979315 0.020873433 0.058592685 -0.023964744 0.997775972
1403636637213555456.000000 2.291837215 2.709532261 3.838258505 0.021617860 0.054251283 -0.023029946 0.998027682
1403636637263555584.000000 2.294443607 2.712540388 3.860726833 0.022517279 0.051182318 -0.022417774 0.998183787
1403636637313555456.000000 2.297891617 2.714902163 3.883428812 -0.023072518 -0.048481632 0.022500897 -0.998304069
1403636637363555584.000000 2.305656433 2.716956377 3.906721592 -0.022930548 -0.046648737 0.023328198 -0.998375714
1403636637413555456.000000 2.316107273 2.718310595 3.930274010 -0.024140138 -0.045623995 0.022785716 -0.998407006
1403636637463555584.000000 2.312973976 2.718136311 3.933507681 0.024565957 0.043948520 -0.023848131 0.998447001
1403636637513555456.000000 2.326976061 2.718940973 3.954658031 0.025301233 0.043366700 -0.023265297 0.998467803
1403636637563555584.000000 2.341136456 2.719440937 3.974507809 0.025995832 0.041715916 -0.023116697 0.998523772
1403636637613555456.000000 2.357053518 2.720199347 3.992264509 -0.027200129 -0.041565333 0.022134610 -0.998520195
1403636637663555584.000000 2.370099068 2.721201420 4.006011009 0.027806705 0.040699709 -0.021556348 0.998551846
1403636637713555456.000000 2.390500784 2.721402168 4.024502277 0.028159520 0.041334204 -0.022003653 0.998506129
1403636637763555584.000000 2.412580729 2.721395016 4.043979168 0.028619220 0.042474587 -0.022444919 0.998435378
1403636637813555456.000000 2.435712814 2.722110748 4.061970234 -0.028874965 -0.044852637 0.022919152 -0.998313189
1403636637863555584.000000 2.480226278 2.726632595 4.098807335 0.029134113 0.045497786 -0.022655275 0.998282552
1403636637913555456.000000 2.507049799 2.726117849 4.116461277 0.029619098 0.047417447 -0.022678617 0.998178363
1403636637963555584.000000 2.531733513 2.725554228 4.135018349 0.029928800 0.049923569 -0.022698114 0.998046517
1403636638013555456.000000 2.548351288 2.725898743 4.150816917 0.030283792 0.051821776 -0.022626596 0.997940600
1403636638063555584.000000 2.565098763 2.725449800 4.172560692 0.030772503 0.053484444 -0.022624686 0.997837961
1403636638113555456.000000 2.577995539 2.725043535 4.196044922 0.031078909 0.055557262 -0.022367936 0.997721016
1403636638163555584.000000 2.586896896 2.724461794 4.218473911 -0.031555355 -0.057113491 0.022076845 -0.997624695
1403636638213555456.000000 2.594730139 2.723977089 4.242220402 -0.031830158 -0.057358105 0.022323925 -0.997596383
1403636638263555584.000000 2.592318773 2.724370003 4.259034634 0.031721003 0.058290478 -0.022404175 0.997544110
1403636638313555456.000000 2.596819639 2.723922253 4.282626152 0.032759141 0.056290172 -0.020757062 0.997660995
1403636638363555584.000000 2.598824263 2.723789454 4.306074142 0.034545310 0.050300866 -0.016605888 0.997998357
1403636638413555456.000000 2.597856760 2.724222183 4.328350067 -0.036562983 -0.040129043 0.011591638 -0.998458028
1403636638463555584.000000 2.596983671 2.724892855 4.352254868 -0.038238462 -0.029859411 0.007601131 -0.998793542
1403636638513555456.000000 2.593385458 2.726526976 4.382978916 0.039954230 0.021425053 -0.003158775 0.998966813
1403636638563555584.000000 2.594053507 2.728892803 4.406624317 0.040310774 0.016456794 -0.001880089 0.999049902
1403636638613555456.000000 2.597719193 2.732457161 4.430027962 0.039572224 0.014441475 -0.004015631 0.999104321
1403636638663555584.000000 2.604349613 2.736454248 4.452376842 -0.037877902 -0.016293950 0.009238458 -0.999106824
1403636638713555456.000000 2.615258455 2.741438866 4.475786686 -0.036314517 -0.019265799 0.012904604 -0.999071360
1403636638763555584.000000 2.628584623 2.746795177 4.498956203 -0.035542279 -0.024021866 0.015841380 -0.998953879
1403636638813555456.000000 2.649659395 2.752614021 4.536664963 0.035424251 0.029284876 -0.017307438 0.998793364
1403636638863555584.000000 2.667860985 2.758164167 4.560111523 0.035636533 0.033785790 -0.017006980 0.998648763
1403636638913555456.000000 2.685554028 2.763399363 4.583257675 -0.036776416 -0.037136018 0.015329037 -0.998515606
1403636638963555584.000000 2.705258846 2.769214869 4.606100082 -0.038048334 -0.039690867 0.012974886 -0.998403072
1403636639013555456.000000 2.729864359 2.775574684 4.636902809 0.040345404 0.039945208 -0.007933953 0.998355508
1403636639063555584.000000 2.750089645 2.782138109 4.661506653 0.042908307 0.040600859 -0.002265091 0.998251140
1403636639113555456.000000 2.768532991 2.789665222 4.687658787 0.045034859 0.040962894 0.002494713 0.998142183
1403636639163555584.000000 2.784093857 2.797809839 4.718189716 -0.046620734 -0.040244624 -0.006398874 -0.998081148
1403636639213555456.000000 2.801940680 2.809371233 4.756976604 0.047966506 0.039906673 0.009516958 0.998006105
1403636639263555584.000000 2.810598135 2.820526838 4.790218353 0.048486654 0.038960621 0.010798111 0.998005271
1403636639313555456.000000 2.817380190 2.833406210 4.824761391 0.046565570 0.038984612 0.006414352 0.998133659
1403636639363555584.000000 2.823370934 2.847175598 4.861080170 -0.044102147 -0.038780671 -0.000281496 -0.998274028
1403636639413555456.000000 2.828466177 2.862148046 4.897688389 -0.041526917 -0.038512938 0.005927150 -0.998377264
1403636639463555584.000000 2.832909822 2.877809763 4.934974670 -0.039048404 -0.038643677 0.012168422 -0.998415709
1403636639513555456.000000 2.836896181 2.893963575 4.972782135 -0.036432300 -0.040132817 0.018637877 -0.998356044
1403636639563555584.000000 2.840229988 2.910250425 5.010966778 -0.033576258 -0.042386811 0.025849145 -0.998202324
1403636639613555456.000000 2.845699072 2.929552078 5.055772305 0.031747174 0.044182703 -0.031463802 0.998023093
1403636639663555584.000000 2.848945618 2.944695473 5.094394207 0.031424809 0.047615524 -0.033295538 0.997816026
1403636639713555456.000000 2.853215933 2.959141016 5.131989002 0.032202616 0.051790390 -0.032100920 0.997622311
1403636639763555584.000000 2.858197689 2.972073793 5.169131279 -0.033711318 -0.055547252 0.029190237 -0.997459769
1403636639813555456.000000 2.864262581 2.985199213 5.204258442 -0.034574360 -0.057625413 0.027210249 -0.997368336
1403636639863555584.000000 2.872140646 2.997882843 5.238215923 -0.035868686 -0.058990680 0.024556618 -0.997311652
1403636639913555456.000000 2.876293898 3.013408422 5.274732113 0.037381221 0.059670918 -0.022610417 0.997261643
1403636639963555584.000000 2.886870146 3.025751829 5.305233955 0.037715137 0.060227990 -0.021991361 0.997229457
1403636640013555456.000000 2.898768425 3.037981749 5.334631920 0.038475700 0.060859893 -0.022086246 0.997159958
1403636640063555584.000000 2.914424419 3.049965620 5.363769531 -0.040431194 -0.061109465 0.023820680 -0.997027397
1403636640113555456.000000 2.931761026 3.061577082 5.391314507 -0.043086678 -0.061418373 0.027834494 -0.996793151
1403636640163555584.000000 2.950468063 3.072793484 5.417378902 -0.047284134 -0.061568916 0.029916367 -0.996533215
1403636640213555456.000000 2.954758167 3.087404728 5.445449829 0.051704939 0.062041387 -0.031908240 0.996222556
1403636640263555584.000000 2.975235224 3.098524094 5.468201637 0.055050515 0.060494993 -0.034507968 0.996051729
1403636640313555456.000000 2.994657278 3.109691143 5.490565300 -0.058174293 -0.059944540 0.035344183 -0.995878100
1403636640363555584.000000 3.013074875 3.120590687 5.512812614 -0.061019491 -0.059909515 0.037046343 -0.995648086
1403636640413555456.000000 3.029754400 3.131442547 5.535275936 -0.063236065 -0.059741788 0.038599696 -0.995460868
1403636640463555584.000000 3.030387163 3.143754959 5.560884953 0.065104835 0.060181011 -0.040103365 0.995254397
1403636640513555456.000000 3.043483973 3.154822111 5.583682537 0.066840820 0.058683708 -0.040653385 0.995206416
1403636640563555584.000000 3.055563450 3.165603161 5.606823921 0.068168893 0.058593065 -0.041794736 0.995074451
1403636640613555456.000000 3.064996719 3.176064491 5.630539894 -0.069460511 -0.058879141 0.041948669 -0.994961739
1403636640663555584.000000 3.074120998 3.186514378 5.653787613 -0.070306405 -0.059187964 0.042498633 -0.994860649
1403636640713555456.000000 3.081784248 3.196796656 5.677264214 -0.071074650 -0.058227681 0.042686727 -0.994854689
1403636640763555584.000000 3.088597059 3.206937551 5.700641632 -0.071827322 -0.056425985 0.042733025 -0.994902492
1403636640813555456.000000 3.096728563 3.216558218 5.723576069 -0.072128892 -0.055077482 0.043489765 -0.994923413
1403636640863555584.000000 3.104978561 3.225966930 5.745572090 -0.072381169 -0.053256597 0.044241536 -0.994971097
1403636640913555456.000000 3.114894152 3.234907389 5.766886711 -0.072635613 -0.052404072 0.044465147 -0.994987845
1403636640963555584.000000 3.110135794 3.241454840 5.782581806 0.072542705 0.053027797 -0.044847086 0.994944394
1403636641013555456.000000 3.121192694 3.249882460 5.801141262 0.072233193 0.053592876 -0.045093805 0.994925559
1403636641063555584.000000 3.130789518 3.257619143 5.819906712 0.072289757 0.054754876 -0.044131421 0.994901299
1403636641113555456.000000 3.139542341 3.267187595 5.836718082 -0.071773246 -0.055513997 0.044317815 -0.994888306
1403636641163555584.000000 3.146282911 3.275123119 5.855805874 -0.071283944 -0.055166908 0.044548523 -0.994932473
1403636641213555456.000000 3.151546240 3.282804251 5.875070095 -0.070857421 -0.056054980 0.044338077 -0.994922757
1403636641263555584.000000 3.155136824 3.290073395 5.894617558 -0.071286738 -0.056975983 0.042776477 -0.994908094
1403636641313555456.000000 3.156702518 3.297176361 5.914427757 -0.072152175 -0.056497596 0.039272431 -0.995017529
1403636641363555584.000000 3.156874180 3.304286003 5.934339523 -0.073483311 -0.055881884 0.035035718 -0.995113015
1403636641413555456.000000 3.156062841 3.311501026 5.954429150 -0.074831232 -0.055497624 0.031400293 -0.995155394
1403636641463555584.000000 3.155079842 3.316340685 5.973272324 0.074740089 0.056779340 -0.030128673 0.995129347
1403636641513555456.000000 3.153529167 3.324210167 5.992682934 0.073847488 0.057326168 -0.031384945 0.995125771
1403636641563555584.000000 3.152541637 3.332594872 6.010500431 0.073049031 0.057195969 -0.033245090 0.995131791
1403636641613555456.000000 3.150149107 3.341790199 6.026402950 -0.071706243 -0.057451233 0.035263512 -0.995145261
1403636641663555584.000000 3.150342464 3.350540638 6.042099953 -0.070819505 -0.057231132 0.036777020 -0.995166719
1403636641713555456.000000 3.152068377 3.359412432 6.055915833 -0.070235632 -0.058404516 0.037939817 -0.995096207
1403636641763555584.000000 3.156528950 3.367996216 6.068399429 -0.069560520 -0.058135845 0.038516305 -0.995137215
1403636641813555456.000000 3.162719250 3.376268864 6.079950809 -0.069430180 -0.059144098 0.038789768 -0.995076299
1403636641863555584.000000 3.170954704 3.383997679 6.091834068 -0.069214240 -0.060129244 0.038950626 -0.995026052
1403636641913555456.000000 3.181767702 3.391412258 6.103556156 -0.068053804 -0.060540851 0.038415492 -0.995101929
1403636641963555584.000000 3.211760044 3.394766808 6.098434448 0.065461010 0.059737116 -0.036560729 0.995394289
1403636642013555456.000000 3.224514723 3.402447462 6.107759476 0.061568495 0.061136682 -0.035036057 0.995612502
1403636642063555584.000000 3.238057613 3.410267115 6.116097927 0.057114441 0.062010434 -0.032669660 0.995904326
1403636642113555456.000000 3.250402689 3.418120146 6.127191544 -0.052633680 -0.062831327 0.031593118 -0.996134460
1403636642163555584.000000 3.261781216 3.425524712 6.137107849 -0.048702233 -0.063565508 0.030505547 -0.996321678
1403636642213555456.000000 3.274701118 3.432162285 6.134653091 0.045630403 0.064226493 -0.028947242 0.996471286
1403636642263555584.000000 3.282615185 3.438935280 6.144631863 0.042748421 0.064680047 -0.027246626 0.996617675
1403636642313555456.000000 3.288640738 3.445684910 6.154683113 0.039282650 0.065109350 -0.025071120 0.996789455
1403636642363555584.000000 3.292737722 3.452529430 6.163964272 -0.034509942 -0.065580495 0.022882761 -0.996987820
1403636642413555456.000000 3.295030594 3.459440708 6.174260616 -0.030369367 -0.066654623 0.020425446 -0.997104645
1403636642463555584.000000 3.295557261 3.466262102 6.184745312 -0.026546294 -0.066646039 0.018755706 -0.997247159
1403636642513555456.000000 3.294349670 3.472898245 6.194964409 -0.023520505 -0.065489314 0.017068800 -0.997430027
1403636642563555584.000000 3.291557312 3.479422808 6.204976082 -0.020418866 -0.062215474 0.016476389 -0.997717857
1403636642613555456.000000 3.287252426 3.485536098 6.214705467 -0.018547567 -0.058250364 0.014894940 -0.998018563
1403636642663555584.000000 3.279910326 3.490923405 6.232479572 -0.016712267 -0.053951539 0.013760321 -0.998308837
1403636642713555456.000000 3.277371645 3.502614260 6.217876434 0.015332240 0.049515285 -0.013197601 0.998568475
1403636642763555584.000000 3.272716045 3.508952141 6.225585938 0.014506074 0.045814320 -0.012570309 0.998765588
1403636642813555456.000000 3.270204067 3.515118361 6.233150959 0.013900313 0.042958979 -0.011647015 0.998912215
1403636642863555584.000000 3.268999815 3.519922972 6.244659424 -0.013682041 -0.041307405 0.010801072 -0.998994470
1403636642913555456.000000 3.270388365 3.525438786 6.252523899 -0.013593867 -0.039408144 0.010613134 -0.999074399
1403636642963555584.000000 3.273373127 3.531075716 6.258990288 -0.013562297 -0.038724288 0.009864924 -0.999109268
1403636643013555456.000000 3.278634310 3.536888838 6.264833450 -0.013782565 -0.039367430 0.009493547 -0.999084651
1403636643063555584.000000 3.285816431 3.543165207 6.271484852 -0.013889549 -0.043003514 0.009277270 -0.998935342
1403636643113555456.000000 3.292942524 3.549791098 6.278582573 -0.014181840 -0.047402173 0.008831494 -0.998736143
1403636643163555584.000000 3.298622131 3.556687832 6.286400795 -0.014701414 -0.050584294 0.008094154 -0.998578787
1403636643213555456.000000 3.307415009 3.569740534 6.298325062 0.015453348 0.052567974 -0.008011368 0.998465657
1403636643263555584.000000 3.310264826 3.577439308 6.307311058 0.015823662 0.053571984 -0.007934832 0.998407125
1403636643313555456.000000 3.311894655 3.585373640 6.316800594 0.015928589 0.053187851 -0.008318912 0.998422801
1403636643363555584.000000 3.312094688 3.592875004 6.325547218 -0.016008245 -0.051220786 0.008766483 -0.998520613
1403636643413555456.000000 3.314920425 3.600962400 6.334431648 -0.016490268 -0.048812117 0.008298086 -0.998637378
1403636643463555584.000000 3.320035219 3.609203339 6.343180656 -0.017138906 -0.045099869 0.007707165 -0.998805761
1403636643513555456.000000 3.326872587 3.617773294 6.352775574 -0.017555868 -0.041133225 0.008003380 -0.998967350
1403636643563555584.000000 3.336715937 3.626554012 6.363048077 -0.018062253 -0.037713334 0.008417541 -0.999089956
1403636643613555456.000000 3.347616434 3.635495424 6.373293400 -0.017959895 -0.033904888 0.009343514 -0.999220014
1403636643663555584.000000 3.360318661 3.644413233 6.383040905 -0.018730538 -0.030620625 0.010345371 -0.999302089
1403636643713555456.000000 3.374070406 3.653411150 6.380545139 0.019203676 0.027788131 -0.011282678 0.999365747
1403636643763555584.000000 3.390018940 3.662533283 6.388994694 0.019315371 0.026236173 -0.012079481 0.999396205
1403636643813555456.000000 3.405667067 3.671839714 6.398350716 0.019058259 0.023309888 -0.013666885 0.999453187
1403636643863555584.000000 3.421697140 3.682796001 6.411777496 -0.019367918 -0.020369887 0.013923026 -0.999508023
1403636643913555456.000000 3.436710596 3.692690134 6.425319195 -0.019470531 -0.018452186 0.014549281 -0.999534309
1403636643963555584.000000 3.450943947 3.702582598 6.440820694 -0.019282384 -0.016406823 0.015483666 -0.999559581
1403636644013555456.000000 3.464548349 3.712352514 6.458210945 -0.018963173 -0.015503987 0.016145606 -0.999569654
1403636644063555584.000000 3.477439404 3.721796513 6.477263451 -0.019145273 -0.014742206 0.016197052 -0.999576867
1403636644113555456.000000 3.489680052 3.730969191 6.498037338 -0.018889789 -0.013788788 0.016420588 -0.999591649
1403636644163555584.000000 3.501793623 3.739805222 6.520710945 -0.018902322 -0.015138276 0.016690671 -0.999567389
1403636644213555456.000000 3.508343935 3.748090029 6.543703079 0.019806867 0.020595368 -0.014273382 0.999489784
1403636644263555584.000000 3.520011902 3.756484509 6.569656372 0.021902595 0.027715178 -0.008760399 0.999337494
1403636644313555456.000000 3.531060696 3.765237093 6.597106457 0.024492232 0.035976123 -0.002396452 0.999049664
1403636644363555584.000000 3.541527748 3.775197506 6.624916553 -0.026588975 -0.043553423 -0.003387293 -0.998691499
1403636644413555456.000000 3.550091743 3.785727024 6.654154301 -0.028112128 -0.049354706 -0.007095575 -0.998360395
1403636644463555584.000000 3.556898832 3.797489882 6.684211254 -0.029051447 -0.054409746 -0.009936987 -0.998046517
1403636644513555456.000000 3.558870077 3.811000824 6.715054989 0.031173008 0.059274957 0.014933247 0.997643173
1403636644563555584.000000 3.561488390 3.825275660 6.746391773 0.033019453 0.061767422 0.018694287 0.997369111
1403636644613555456.000000 3.562529087 3.841017962 6.777946949 0.033292413 0.063312404 0.019967394 0.997238457
1403636644663555584.000000 3.561858892 3.858675003 6.809520721 0.031502590 0.064353414 0.015904345 0.997303069
1403636644713555456.000000 3.559353590 3.878337383 6.839840889 -0.028522292 -0.065391794 -0.009012718 -0.997411311
1403636644763555584.000000 3.551918507 3.898200750 6.873056412 0.024739262 0.064931124 0.000159007 0.997583091
1403636644813555456.000000 3.546144485 3.919457197 6.903962135 0.020742930 0.065176897 -0.008043685 0.997625709
1403636644863555584.000000 3.538805962 3.940841675 6.934685707 0.017522119 0.063254312 -0.013855617 0.997747481
1403636644913555456.000000 3.531352520 3.961676121 6.964027882 -0.015898630 -0.060584988 0.015635284 -0.997914016
1403636644963555584.000000 3.520008087 3.983088255 7.001807690 0.015357023 0.057806090 -0.015518622 0.998089135
1403636645013555456.000000 3.514775991 4.003252506 7.028426647 0.014689286 0.050221737 -0.015678436 0.998507023
1403636645063555584.000000 3.510612249 4.023091793 7.054147243 0.014666894 0.038648490 -0.013664968 0.999051809
1403636645113555456.000000 3.507993460 4.042663097 7.077048302 -0.014687864 -0.027255731 0.011947549 -0.999449193
1403636645163555584.000000 3.504130840 4.062837601 7.112223625 0.013667581 0.016798282 -0.012858653 0.999682784
1403636645213555456.000000 3.506710291 4.082341194 7.136003971 0.013734828 0.007733220 -0.011225533 0.999812782
1403636645263555584.000000 3.513243675 4.101771355 7.161133289 0.013208591 0.002804611 -0.011699953 0.999840379
1403636645313555456.000000 3.521140099 4.120992184 7.188301086 -0.013205533 -0.003625462 0.011507742 -0.999840081
1403636645363555584.000000 3.531968594 4.140058041 7.216065884 -0.012928419 -0.008059082 0.011939701 -0.999812722
1403636645413555456.000000 3.543750286 4.158996105 7.245694637 -0.012335454 -0.013204656 0.012452732 -0.999759257
1403636645463555584.000000 3.555403948 4.177726746 7.277339935 -0.012174914 -0.017259773 0.012133058 -0.999703348
1403636645513555456.000000 3.566347361 4.196359634 7.311090946 -0.012005413 -0.020475775 0.012461357 -0.999640644
1403636645563555584.000000 3.578135014 4.215338707 7.367352009 0.011495273 0.022093054 -0.012617150 0.999610245
1403636645613555456.000000 3.587942123 4.233466625 7.405561447 0.011071497 0.024230625 -0.012712184 0.999564290
1403636645663555584.000000 3.598040104 4.251569748 7.445303917 0.010916612 0.025705758 -0.013651136 0.999516726
1403636645713555456.000000 3.608471632 4.268459797 7.485262394 -0.010604659 -0.026932459 0.013914099 -0.999484181
1403636645763555584.000000 3.621593475 4.285440445 7.526133060 -0.011164883 -0.027971366 0.013264263 -0.999458432
1403636645813555456.000000 3.639783382 4.302705765 7.573856354 0.011645597 0.028392879 -0.012188773 0.999454677
1403636645863555584.000000 3.659217358 4.319132328 7.614128590 0.011674559 0.027535113 -0.011603156 0.999485373
1403636645913555456.000000 3.681519508 4.335402489 7.653213501 0.012355527 0.027073637 -0.010383298 0.999503255
1403636645963555584.000000 3.708484888 4.351656914 7.692888260 -0.011522219 -0.031704847 0.008402511 -0.999395549
1403636646013555456.000000 3.736475945 4.368250370 7.731625557 -0.009383162 -0.036098454 0.005194082 -0.999290705
1403636646063555584.000000 3.764117479 4.385328293 7.772079468 0.006266394 0.039699160 0.000338770 0.999191999
1403636646113555456.000000 3.793285370 4.403228760 7.809398174 0.000627458 0.043129947 0.005907566 0.999051869
1403636646163555584.000000 3.822299957 4.422019482 7.847564220 -0.007284289 0.046543654 0.011925038 0.998818517
1403636646213555456.000000 3.854808331 4.443946838 7.890554905 -0.015705856 0.049922273 0.019373735 0.998441696
1403636646263555584.000000 3.881222010 4.464550495 7.929909706 -0.026256075 0.053475004 0.027020488 0.997858167
1403636646313555456.000000 3.906253099 4.486255169 7.969379902 -0.037914190 0.058052331 0.034890357 0.996982992
1403636646363555584.000000 3.932416677 4.508661747 8.009777069 -0.049929630 0.062524401 0.043016210 0.995865107
1403636646413555456.000000 3.952687740 4.532678604 8.048558235 -0.064054146 0.066059589 0.047603499 0.994619071
1403636646463555584.000000 3.971923590 4.557180882 8.086586952 -0.077359788 0.071246877 0.049524792 0.993220389
1403636646513555456.000000 3.998816252 4.582442760 8.121477127 -0.089582540 0.075600013 0.049425643 0.991875410
1403636646563555584.000000 4.017064571 4.607461452 8.156473160 -0.100141063 0.078431658 0.049789988 0.990626693
1403636646613555456.000000 4.035054207 4.632524490 8.190128326 -0.108343907 0.078407295 0.050903957 0.989708424
1403636646663555584.000000 4.064323902 4.659633160 8.219601631 -0.115820400 0.075900100 0.050326213 0.989086568
1403636646713555456.000000 4.085525513 4.684223652 8.249195099 -0.121435232 0.073968492 0.051596753 0.988493800
1403636646763555584.000000 4.108403683 4.708436966 8.276710510 -0.125928581 0.073086694 0.052700635 0.987938762
1403636646813555456.000000 4.134899139 4.732537270 8.302634239 0.129485935 -0.072854586 -0.053131573 -0.987472892
1403636646863555584.000000 4.167343140 4.758972645 8.321376801 -0.132482290 0.073090047 0.053671096 0.987028778
1403636646913555456.000000 4.193095207 4.782028198 8.343965530 -0.133785367 0.072268374 0.054616608 0.986861646
1403636646963555584.000000 4.217814445 4.804883957 8.365877151 -0.135219097 0.070904195 0.054983903 0.986744761
1403636647013555456.000000 4.243164062 4.827715397 8.386918068 0.136177912 -0.068977676 -0.055068124 -0.986744761
1403636647063555584.000000 4.265311241 4.850080490 8.408579826 0.136571884 -0.066557117 -0.054701552 -0.986876905
1403636647113555456.000000 4.285416603 4.872527599 8.430172920 0.136887476 -0.062525548 -0.054810904 -0.987090766
1403636647163555584.000000 4.307818413 4.899581909 8.444981575 -0.136126086 0.059268478 0.055286001 0.987370491
1403636647213555456.000000 4.325761318 4.922112942 8.467066765 -0.136131510 0.057178676 0.054647610 0.987528503
1403636647263555584.000000 4.342748642 4.944568634 8.489271164 -0.135315895 0.057360671 0.055092901 0.987605333
1403636647313555456.000000 4.360146046 4.967543602 8.511203766 0.133856714 -0.058434308 -0.055982195 -0.987691164
1403636647363555584.000000 4.375507355 4.990323544 8.533928871 0.132658184 -0.060197759 -0.056543756 -0.987715006
1403636647413555456.000000 4.389431953 5.013226032 8.556795120 0.131583035 -0.062097643 -0.056897439 -0.987720847
1403636647463555584.000000 4.401970387 5.036114693 8.579491615 0.129949495 -0.064231291 -0.057764050 -0.987750411
1403636647513555456.000000 4.411260128 5.061697006 8.593708992 -0.127916545 0.067506388 0.058296598 0.987766027
1403636647563555584.000000 4.422542095 5.084880352 8.614886284 -0.125868872 0.071913995 0.059613604 0.987639487
1403636647613555456.000000 4.434123993 5.108356953 8.634256363 -0.123990811 0.077417657 0.061968051 0.987315953
1403636647663555584.000000 4.446002007 5.133794308 8.652810097 0.124645658 -0.078397751 -0.062487513 -0.987123370
1403636647713555456.000000 4.458825588 5.159187317 8.670279503 0.125884876 -0.077223286 -0.061837800 -0.987099648
1403636647763555584.000000 4.472593307 5.185247898 8.686575890 0.127438515 -0.074740790 -0.060970191 -0.987145364
1403636647813555456.000000 4.486585617 5.211590290 8.701551437 0.129756510 -0.073441356 -0.059597164 -0.987024724
1403636647863555584.000000 4.498643875 5.238232136 8.715929985 0.132845894 -0.071376540 -0.060158927 -0.986731172
1403636647913555456.000000 4.503965855 5.262526512 8.717512131 -0.137188226 0.070933826 0.061097182 0.986111045
1403636647963555584.000000 4.511262417 5.289442539 8.730916977 -0.142927364 0.070918083 0.063266419 0.985159755
1403636648013555456.000000 4.515543461 5.317380428 8.744248390 0.150684655 -0.070317313 -0.065753236 -0.983883202
1403636648063555584.000000 4.517123222 5.345227242 8.757027626 0.159921929 -0.069793396 -0.069374911 -0.982212305
1403636648113555456.000000 4.514882088 5.371277809 8.765511513 -0.170465156 0.069450498 0.073978953 0.980125248
1403636648163555584.000000 4.512665272 5.399434090 8.777894020 -0.182189256 0.069458954 0.078855053 0.977632105
1403636648213555456.000000 4.509614944 5.427636623 8.789985657 -0.194103971 0.069707550 0.083486348 0.974933147
1403636648263555584.000000 4.503763199 5.455335140 8.800339699 0.206380531 -0.070103034 -0.088982061 -0.971892416
1403636648313555456.000000 4.498066425 5.483857155 8.806925774 -0.218646795 0.069737755 0.094826944 0.968678534
1403636648363555584.000000 4.490103722 5.511538982 8.816767693 -0.231483087 0.070270620 0.099596754 0.965172648
1403636648413555456.000000 4.480539799 5.538778782 8.825628281 -0.244494364 0.069939986 0.104681812 0.961443007
1403636648463555584.000000 4.469335556 5.565563202 8.832509995 0.257701725 -0.069464356 -0.110292919 -0.957392395
1403636648513555456.000000 4.457866192 5.592210770 8.839513779 0.270325571 -0.069431581 -0.115795478 -0.953254879
1403636648563555584.000000 4.447735310 5.618530750 8.845203400 0.281455398 -0.069616340 -0.120760150 -0.949396312
1403636648613555456.000000 4.437833309 5.643702984 8.848854065 0.291274220 -0.069436811 -0.124467641 -0.945962846
1403636648663555584.000000 4.432759285 5.670235634 8.851278305 -0.299428672 0.067629881 0.127316803 0.943164408
1403636648713555456.000000 4.424691677 5.693954468 8.851813316 -0.306788892 0.064402595 0.129003868 0.940792680
1403636648763555584.000000 4.418305874 5.716953754 8.850671768 0.312116265 -0.061010536 -0.131614134 -0.938903034
1403636648813555456.000000 4.412908077 5.739820480 8.849363327 0.315572232 -0.053737849 -0.134990141 -0.937712193
1403636648863555584.000000 4.410023212 5.762667656 8.847026825 0.317840248 -0.047061671 -0.138444602 -0.936800957
1403636648913555456.000000 4.409375668 5.785585403 8.844040871 0.319824457 -0.040120184 -0.140106946 -0.936201274
1403636648963555584.000000 4.411461830 5.808910370 8.840571404 0.320805639 -0.035585355 -0.141390279 -0.935855925
1403636649013555456.000000 4.422753811 5.840332985 8.842580795 -0.322008580 0.034188230 0.140899792 0.935568750
1403636649063555584.000000 4.430417538 5.865099907 8.838704109 -0.323054492 0.037237100 0.139268845 0.935335994
1403636649113555456.000000 4.441425323 5.890372276 8.835599899 0.324025720 -0.043737348 -0.136239767 -0.935164750
1403636649163555584.000000 4.453920364 5.915565491 8.831802368 0.324505091 -0.051468812 -0.133869529 -0.934947312
1403636649213555456.000000 4.467469692 5.940577984 8.827550888 0.325037628 -0.057814449 -0.130520225 -0.934864998
1403636649263555584.000000 4.482198715 5.965246201 8.822538376 0.324917495 -0.062890194 -0.127983660 -0.934929788
1403636649313555456.000000 4.497591019 5.989105225 8.816397667 0.324172735 -0.064440422 -0.126697719 -0.935257792
1403636649363555584.000000 4.513797760 6.012352467 8.809314728 0.322859854 -0.063372225 -0.126025215 -0.935875595
1403636649413555456.000000 4.531100273 6.034887791 8.801141739 0.321190774 -0.061111666 -0.126094133 -0.936590731
1403636649463555584.000000 4.552146435 6.066695690 8.796892166 -0.319078684 0.057086255 0.126294360 0.937539220
1403636649513555456.000000 4.572340012 6.088345528 8.786761284 -0.317183018 0.057391614 0.125646487 0.938250601
1403636649563555584.000000 4.594495773 6.109778881 8.775520325 -0.315315872 0.060332850 0.125086904 0.938770056
1403636649613555456.000000 4.618549347 6.132127762 8.764103889 0.314206123 -0.063689783 -0.125730008 -0.938834488
1403636649663555584.000000 4.641045570 6.153264046 8.751661301 0.314788163 -0.068179153 -0.127122983 -0.938136399
1403636649713555456.000000 4.661011696 6.173869133 8.738766670 0.317104012 -0.070701629 -0.129388809 -0.936859071
1403636649763555584.000000 4.679085255 6.194232941 8.725837708 0.321227223 -0.072276555 -0.130118370 -0.935231745
1403636649813555456.000000 4.694879532 6.217480659 8.720043182 -0.325286090 0.073010065 0.130710661 0.933688045
1403636649863555584.000000 4.709008694 6.236852646 8.707410812 -0.329135150 0.074085765 0.130774453 0.932244360
1403636649913555456.000000 4.721148014 6.255736351 8.695279121 -0.332440645 0.074489176 0.130977482 0.931009948
1403636649963555584.000000 4.730033875 6.274871349 8.683974266 0.335638016 -0.074574970 -0.130839109 -0.929874718
1403636650013555456.000000 4.736677170 6.293143272 8.673091888 0.338321298 -0.074262962 -0.130937293 -0.928912878
1403636650063555584.000000 4.740537643 6.310714722 8.662647247 0.340756863 -0.075064197 -0.131756321 -0.927841902
1403636650113555456.000000 4.741478920 6.327385902 8.651978493 0.344463289 -0.075485036 -0.133439481 -0.926197112
1403636650163555584.000000 4.740042686 6.343523502 8.641023636 0.349929750 -0.075920276 -0.135598615 -0.923795640
1403636650213555456.000000 4.740799427 6.361060619 8.639444351 -0.358078212 0.075065255 0.138495460 0.920306623
1403636650263555584.000000 4.734580994 6.375751972 8.627513885 -0.367256492 0.074348606 0.142301470 0.916157961
1403636650313555456.000000 4.726950645 6.390110970 8.615905762 -0.377049774 0.073748015 0.147659421 0.911367953
1403636650363555584.000000 4.718229294 6.404161453 8.604237556 -0.388001204 0.072103180 0.153195828 0.905973136
1403636650413555456.000000 4.707884312 6.417778492 8.592178345 0.399442226 -0.069756031 -0.158495337 -0.900255144
1403636650463555584.000000 4.698345661 6.432036400 8.587060928 -0.411104858 0.066782266 0.164227724 0.894182503
1403636650513555456.000000 4.685536385 6.443274498 8.574201584 -0.421986103 0.063395560 0.170071989 0.888247848
1403636650563555584.000000 4.672028542 6.453464508 8.562524796 0.431095213 -0.060186259 -0.176116899 -0.882902801
1403636650613555456.000000 4.657792568 6.463197708 8.550785065 0.438941777 -0.057681691 -0.180546433 -0.878297210
1403636650663555584.000000 4.643033504 6.472607613 8.539546967 0.445394993 -0.056047238 -0.184282497 -0.874369562
1403636650713555456.000000 4.628264427 6.481738091 8.528337479 0.451518416 -0.054140925 -0.186651260 -0.870839417
1403636650763555584.000000 4.614787102 6.490263462 8.516612053 0.456219912 -0.053781703 -0.189251035 -0.867845058
1403636650813555456.000000 4.603409767 6.498595238 8.504231453 0.460303277 -0.054274376 -0.190546617 -0.865371108
1403636650863555584.000000 4.594994545 6.506910324 8.490949631 0.464000732 -0.056030300 -0.190281391 -0.863340557
1403636650913555456.000000 4.589001656 6.524164677 8.486553192 -0.467248350 0.059246432 0.188736126 0.861711979
1403636650963555584.000000 4.583847046 6.531719208 8.471906662 -0.469327867 0.062638007 0.187601447 0.860589087
1403636651013555456.000000 4.579925060 6.538743973 8.456636429 -0.471068382 0.065180212 0.185845673 0.859829962
1403636651063555584.000000 4.577771187 6.545835495 8.441150665 0.471850395 -0.066580735 -0.184776232 -0.859524310
1403636651113555456.000000 4.576621056 6.551712036 8.424659729 0.471791118 -0.068161510 -0.184125632 -0.859572589
1403636651163555584.000000 4.576542854 6.557074070 8.407476425 0.471603960 -0.067759559 -0.183839127 -0.859768331
1403636651213555456.000000 4.577366352 6.561222076 8.389444351 0.470316589 -0.066151403 -0.184519932 -0.860452652
1403636651263555584.000000 4.579197884 6.564498901 8.370487213 0.469168216 -0.063864052 -0.185131758 -0.861120701
1403636651313555456.000000 4.581854820 6.567193985 8.351109505 0.467521310 -0.061124802 -0.185850129 -0.862059951
1403636651363555584.000000 4.584274292 6.569721699 8.332063675 0.465578079 -0.058672629 -0.187145099 -0.863001406
1403636651413555456.000000 4.582985878 6.577696800 8.320202827 -0.464161307 0.057053640 0.187345415 0.863829255
1403636651463555584.000000 4.582564354 6.579859257 8.302580833 -0.462312281 0.056247909 0.187511101 0.864837050
1403636651513555456.000000 4.580400944 6.582111359 8.285887718 -0.461123705 0.056712147 0.186393663 0.865682423
1403636651563555584.000000 4.576879978 6.584330559 8.270149231 -0.459884465 0.059428811 0.185269192 0.866400599
1403636651613555456.000000 4.572808266 6.584549904 8.253356934 0.459190100 -0.062785856 -0.182857007 -0.867044330
1403636651663555584.000000 4.567009449 6.585421562 8.237991333 0.458334118 -0.066217817 -0.181474686 -0.867532134
1403636651713555456.000000 4.559677124 6.585539341 8.222808838 0.457379937 -0.068977110 -0.181727290 -0.867767811
1403636651763555584.000000 4.550949574 6.585295677 8.207471848 0.457324564 -0.072096430 -0.183847249 -0.867096663
1403636651813555456.000000 4.540950775 6.584606171 8.191770554 0.458222598 -0.075778455 -0.188104704 -0.865393758
1403636651863555584.000000 4.529423714 6.583247185 8.175386429 0.461053550 -0.079440467 -0.191935509 -0.862716496
1403636651913555456.000000 4.516386032 6.583041191 8.161170959 -0.465678811 0.081848025 0.196336374 0.859008849
1403636651963555584.000000 4.500916481 6.580602169 8.142841339 -0.472284973 0.083718702 0.200636089 0.854215026
1403636652013555456.000000 4.483773708 6.578505516 8.123918533 -0.481022894 0.084701188 0.203926817 0.848443568
1403636652063555584.000000 4.464269638 6.576304913 8.104257584 0.491652817 -0.082670458 -0.207608908 -0.841630399
1403636652113555456.000000 4.445555687 6.574349403 8.083429337 -0.504055977 0.078439042 0.210524499 0.833939075
1403636652163555584.000000 4.423599243 6.570682049 8.061669350 -0.517728567 0.073653921 0.214300603 0.824989438
1403636652213555456.000000 4.400042057 6.566216946 8.039621353 -0.531993270 0.068225756 0.219928265 0.814837456
1403636652263555584.000000 4.382249355 6.564476967 8.015863419 -0.545610785 0.063382596 0.226575658 0.804335177
1403636652313555456.000000 4.354277611 6.555475235 7.993509769 -0.558810532 0.056837678 0.235143125 0.793226421
1403636652363555584.000000 4.325121880 6.546260834 7.971615791 -0.571008146 0.051388737 0.243711516 0.782249153
1403636652413555456.000000 4.302073479 6.541865826 7.949476719 -0.581934869 0.047188111 0.250737011 0.772176266
1403636652463555584.000000 4.274540424 6.533528805 7.928421497 -0.590828955 0.044836488 0.257013530 0.763449311
1403636652513555456.000000 4.249124527 6.527227879 7.906662941 0.597918928 -0.042340644 -0.262951672 -0.756013632
1403636652563555584.000000 4.225177288 6.520740986 7.884558201 0.603744805 -0.039341118 -0.268837154 -0.749447227
1403636652613555456.000000 4.203525543 6.515359402 7.861769676 0.608053029 -0.035721429 -0.273843735 -0.744315267
1403636652663555584.000000 4.193936348 6.519048691 7.836906910 0.611515164 -0.030974051 -0.277818799 -0.740207136
1403636652713555456.000000 4.177226067 6.516492844 7.812057495 0.615081370 -0.027414456 -0.278720707 -0.737046897
1403636652763555584.000000 4.163257599 6.515289783 7.786699295 0.616770029 -0.026653619 -0.280752420 -0.734889448
1403636652813555456.000000 4.153291702 6.516818047 7.760081291 0.618519425 -0.025795372 -0.280832380 -0.733417690
1403636652863555584.000000 4.143918037 6.519481182 7.733417034 0.619632542 -0.026728921 -0.280843228 -0.732439935
1403636652913555456.000000 4.136809826 6.523571491 7.706121922 0.620725214 -0.027988950 -0.279037476 -0.732157767
1403636652963555584.000000 4.131374359 6.528853416 7.678462029 0.621617496 -0.029244509 -0.276646405 -0.732259035
1403636653013555456.000000 4.125725746 6.535448074 7.651235104 0.622079730 -0.030706424 -0.274660826 -0.732554078
1403636653063555584.000000 4.117785454 6.543094158 7.625658035 0.622601569 -0.031788725 -0.271355301 -0.733296037
1403636653113555456.000000 4.106401443 6.552359104 7.602208138 0.622618973 -0.034691229 -0.268631190 -0.734152257
1403636653163555584.000000 4.097310066 6.570668697 7.582816124 0.622890770 -0.037056681 -0.265064597 -0.735101879
1403636653213555456.000000 4.082949638 6.582242012 7.561835289 0.623312414 -0.041133121 -0.260378957 -0.736201406
1403636653263555584.000000 4.070110321 6.595287323 7.541042805 0.623434782 -0.045545314 -0.255721450 -0.737469494
1403636653313555456.000000 4.057993412 6.607473373 7.519998550 0.623565853 -0.048432384 -0.250921100 -0.738822401
1403636653363555584.000000 4.047484398 6.619522572 7.498815536 0.622650564 -0.050334837 -0.248155281 -0.740399718
1403636653413555456.000000 4.039059639 6.630750179 7.477105141 0.621391535 -0.051100638 -0.246295437 -0.742024243
1403636653463555584.000000 4.032777786 6.641451836 7.454945564 0.619863033 -0.050959706 -0.245688245 -0.743512094
1403636653513555456.000000 4.029062271 6.651508808 7.431990623 0.618251145 -0.050596606 -0.244970500 -0.745114088
1403636653563555584.000000 4.026806355 6.660663128 7.408830643 0.616430342 -0.050418358 -0.245036468 -0.746611536
1403636653613555456.000000 4.026566029 6.669723034 7.385168552 0.615436018 -0.052140784 -0.244116962 -0.747614086
1403636653663555584.000000 4.013849735 6.670583248 7.368314266 0.614826739 -0.054352727 -0.241971955 -0.748654485
1403636653713555456.000000 4.013156891 6.678245068 7.345661163 0.614655077 -0.056054533 -0.239769086 -0.749378383
1403636653763555584.000000 4.010768414 6.685575008 7.322464943 0.614476979 -0.058242343 -0.238226891 -0.749849260
1403636653813555456.000000 4.007107735 6.691749096 7.301120758 0.614292979 -0.058978528 -0.236579940 -0.750463665
1403636653863555584.000000 4.002003670 6.697086334 7.280624866 0.614533305 -0.059641343 -0.235154584 -0.750662506
1403636653913555456.000000 3.995337486 6.701375484 7.261143684 0.614399552 -0.059748948 -0.234823421 -0.750867069
1403636653963555584.000000 3.987062931 6.704530239 7.242858887 0.613270998 -0.059665795 -0.236974165 -0.751120508
1403636654013555456.000000 3.977277756 6.706915855 7.225673199 0.611993313 -0.059560642 -0.239912242 -0.751238286
1403636654063555584.000000 3.966184616 6.708482742 7.209146023 0.610912085 -0.060059711 -0.242306113 -0.751310289
1403636654113555456.000000 3.953991413 6.709428787 7.192935944 0.611263514 -0.060896557 -0.243749708 -0.750489712
1403636654163555584.000000 3.922303438 6.696941853 7.190381527 0.613461494 -0.063253008 -0.244181260 -0.748357892
1403636654213555456.000000 3.911713600 6.696641445 7.172974586 0.616503358 -0.063951060 -0.245010510 -0.745522559
1403636654263555584.000000 3.902110100 6.695181370 7.154125690 0.620625794 -0.062365960 -0.245846197 -0.741952777
1403636654313555456.000000 3.894238949 6.692899704 7.134120464 0.625393987 -0.060683325 -0.247613892 -0.737487197
1403636654363555584.000000 3.887998104 6.690029144 7.113174915 0.630341530 -0.058459777 -0.250664711 -0.732406497
1403636654413555456.000000 3.883447647 6.686757088 7.091308117 0.636188149 -0.055801511 -0.253914535 -0.726414680
1403636654463555584.000000 3.886489153 6.696410656 7.073692322 0.642099440 -0.053543556 -0.257967204 -0.719926596
1403636654513555456.000000 3.885492802 6.691832066 7.050318241 0.649216294 -0.051565159 -0.260680914 -0.712674320
1403636654563555584.000000 3.884418488 6.685983181 7.027661324 0.656588912 -0.049912877 -0.263660192 -0.704899371
1403636654613555456.000000 3.884328842 6.680157661 7.004992485 0.661939144 -0.048225526 -0.268571526 -0.698126256
1403636654663555584.000000 3.883549452 6.674312115 6.983321190 0.665808260 -0.047790729 -0.274795502 -0.692028105
1403636654713555456.000000 3.881778955 6.668435097 6.962591648 0.669751644 -0.046411891 -0.278608531 -0.686772168
1403636654763555584.000000 3.874741316 6.651356697 6.946377754 0.673198819 -0.045294993 -0.281898379 -0.682118058
1403636654813555456.000000 3.870007277 6.645824432 6.927615643 0.676602900 -0.043939795 -0.283808142 -0.678034544
1403636654863555584.000000 3.863739252 6.640454292 6.909993172 0.679412007 -0.042600278 -0.285298586 -0.674677253
1403636654913555456.000000 3.853762627 6.633118629 6.893749237 0.682243586 -0.042554062 -0.285536051 -0.671715736
1403636654963555584.000000 3.844288349 6.627656460 6.877975464 0.685627401 -0.044191901 -0.282865137 -0.669290304
1403636655013555456.000000 3.833756447 6.622063160 6.863164902 0.688622415 -0.047878783 -0.279879570 -0.667213917
1403636655063555584.000000 3.822320938 6.616258621 6.849219322 0.690884888 -0.051431235 -0.277339309 -0.665669560
1403636655113555456.000000 3.810245514 6.609890938 6.836111546 0.692542732 -0.054199159 -0.275565118 -0.664462924
1403636655163555584.000000 3.803744316 6.598111153 6.823380947 0.694205999 -0.056405775 -0.273119181 -0.663552821
1403636655213555456.000000 3.791263819 6.590064049 6.811181068 0.694794774 -0.059215099 -0.272208333 -0.663065970
1403636655263555584.000000 3.778133392 6.580516815 6.799108505 0.696121037 -0.061761942 -0.272235900 -0.661429286
1403636655313555456.000000 3.763798237 6.571270943 6.788248062 0.698181033 -0.063248105 -0.272473335 -0.659015417
1403636655363555584.000000 3.749697447 6.559622765 6.776615143 0.700576723 -0.065314777 -0.273722857 -0.655745387
1403636655413555456.000000 3.736396790 6.546201229 6.764960289 0.702889919 -0.067122839 -0.275098383 -0.652503788
1403636655463555584.000000 3.724713326 6.531674862 6.752260208 0.706049323 -0.067562401 -0.275689960 -0.648787260
1403636655513555456.000000 3.714858532 6.515172958 6.738597870 0.709493935 -0.067215577 -0.277694196 -0.644194365
1403636655563555584.000000 3.711866379 6.497712612 6.720206261 0.712124407 -0.064561307 -0.283022612 -0.639225245
1403636655613555456.000000 3.702322721 6.476540565 6.706267834 0.714660347 -0.060537562 -0.290234089 -0.633529902
1403636655663555584.000000 3.691876888 6.454746246 6.692777634 0.716761589 -0.057757758 -0.297895283 -0.627833843
1403636655713555456.000000 3.679979563 6.431976318 6.680790424 0.718438089 -0.055073068 -0.304773211 -0.622837842
1403636655763555584.000000 3.666453362 6.412657261 6.666661263 0.721069753 -0.052342717 -0.309805930 -0.617526531
1403636655813555456.000000 3.647920132 6.390359879 6.656328678 0.724442720 -0.051292058 -0.314283520 -0.611373723
1403636655863555584.000000 3.626233101 6.367891312 6.646675110 0.728454947 -0.050673656 -0.318864256 -0.604244351
1403636655913555456.000000 3.604356766 6.353224754 6.635008335 0.733271897 -0.050573595 -0.323151648 -0.596093714
1403636655963555584.000000 3.580556870 6.330886364 6.624744415 0.738792717 -0.050979026 -0.326231748 -0.587502658
1403636656013555456.000000 3.557986259 6.308797359 6.612982273 0.743471444 -0.051940069 -0.328573734 -0.580165327
1403636656063555584.000000 3.537252665 6.286481857 6.599590302 0.748234212 -0.051956058 -0.329812318 -0.573297501
1403636656113555456.000000 3.517855644 6.263735771 6.584881783 0.752191484 -0.050080989 -0.330768287 -0.567707896
1403636656163555584.000000 3.503481388 6.251670837 6.566288948 0.755388439 -0.048350967 -0.331609637 -0.563103497
1403636656213555456.000000 3.489020586 6.228834152 6.548210621 0.758130193 -0.044560689 -0.332076639 -0.559444487
1403636656263555584.000000 3.477312803 6.206387520 6.528572083 0.759886742 -0.043083508 -0.332969248 -0.556639433
1403636656313555456.000000 3.467456341 6.184375763 6.506239891 0.760973811 -0.041115250 -0.334209085 -0.554556310
1403636656363555584.000000 3.459885597 6.163225651 6.483330250 0.761588454 -0.040736251 -0.335354209 -0.553047180
1403636656413555456.000000 3.455730438 6.151637077 6.459541321 0.761904180 -0.039433673 -0.335906327 -0.552371204
1403636656463555584.000000 3.451395512 6.132922173 6.433638573 0.762075543 -0.039479632 -0.336164802 -0.551974297
1403636656513555456.000000 3.448086500 6.116602421 6.406438828 0.762073040 -0.038193345 -0.335886210 -0.552237689
1403636656563555584.000000 3.444827080 6.100266933 6.378948212 0.762475193 -0.037693314 -0.334084988 -0.552809238
1403636656613555456.000000 3.440907240 6.084759712 6.351562023 0.762916028 -0.038067386 -0.331743568 -0.553584933
1403636656663555584.000000 3.436453342 6.070061684 6.324260712 0.763935864 -0.040621437 -0.327822387 -0.554332316
1403636656713555456.000000 3.431147575 6.055916309 6.296999931 0.765692949 -0.045693416 -0.321545392 -0.555189252
1403636656763555584.000000 3.424242020 6.041688919 6.270349979 0.767319262 -0.050183687 -0.315484673 -0.556032658
1403636656813555456.000000 3.410727978 6.039417267 6.241674900 0.768877923 -0.052264199 -0.310464561 -0.556513309
1403636656863555584.000000 3.400281191 6.025033951 6.216941833 0.769763172 -0.052543122 -0.306380361 -0.557525814
1403636656913555456.000000 3.388092995 6.010588646 6.192584038 0.770207465 -0.053896446 -0.303155750 -0.558544755
1403636656963555584.000000 3.374644995 5.995114803 6.170215130 0.769986272 -0.055452526 -0.301476300 -0.559605420
1403636657013555456.000000 3.359706879 5.978690624 6.149181366 0.769457459 -0.057758514 -0.300695837 -0.560518682
1403636657063555584.000000 3.343320131 5.961313725 6.129346848 0.768816292 -0.060076147 -0.300456256 -0.561282754
1403636657113555456.000000 3.325945616 5.943036079 6.110669613 0.767902493 -0.062366523 -0.300943881 -0.562022269
1403636657163555584.000000 3.308532715 5.922570229 6.095346928 0.767092168 -0.064751618 -0.301719874 -0.562442839
1403636657213555456.000000 3.292534828 5.902055264 6.076903820 0.765810072 -0.066443831 -0.303469658 -0.563050926
1403636657263555584.000000 3.277526140 5.880352497 6.058163643 0.764353156 -0.066054374 -0.306425095 -0.563475668
1403636657313555456.000000 3.263761282 5.857443810 6.038872719 0.763286829 -0.064851694 -0.308844805 -0.563739657
1403636657363555584.000000 3.251018047 5.833818436 6.018878460 0.761917114 -0.063986287 -0.312345117 -0.563762963
1403636657413555456.000000 3.238133907 5.809598446 5.998800755 0.759896696 -0.062931888 -0.317568392 -0.563690424
1403636657463555584.000000 3.224345922 5.784700871 5.978725910 0.757812858 -0.060953017 -0.322775573 -0.563755572
1403636657513555456.000000 3.209643364 5.753177166 5.961014748 0.755977571 -0.059662607 -0.327358663 -0.563715041
1403636657563555584.000000 3.193334818 5.727757931 5.940596104 0.755036235 -0.057655681 -0.330066770 -0.563606381
1403636657613555456.000000 3.175955057 5.702196121 5.919949532 0.754678309 -0.056601036 -0.331176013 -0.563541949
1403636657663555584.000000 3.157855272 5.677459240 5.899539948 0.754644156 -0.056310285 -0.331430197 -0.563467324
1403636657713555456.000000 3.138519526 5.652404785 5.878504753 0.754980981 -0.057030797 -0.331195116 -0.563081741
1403636657763555584.000000 3.117736340 5.627403259 5.857111931 0.755762875 -0.057935350 -0.331749439 -0.561612189
1403636657813555456.000000 3.095465660 5.602190495 5.835627556 0.756203294 -0.058877520 -0.333437920 -0.559918940
1403636657863555584.000000 3.072988033 5.573546886 5.811501980 0.755652249 -0.061189417 -0.337035418 -0.558258712
1403636657913555456.000000 3.049278736 5.547866344 5.788722992 0.754571974 -0.062710121 -0.341590643 -0.556780517
1403636657963555584.000000 3.026122332 5.521532059 5.764763355 0.753937483 -0.063216232 -0.344897926 -0.555542409
1403636658013555456.000000 3.004337788 5.496133804 5.737770557 0.754344165 -0.062043000 -0.345739484 -0.554598808
1403636658063555584.000000 2.984147310 5.469956875 5.708545208 0.755211413 -0.058678441 -0.345620722 -0.553858221
1403636658113555456.000000 2.968759060 5.445800781 5.672749519 0.757463098 -0.054104555 -0.342308074 -0.553306043
1403636658163555584.000000 2.951020241 5.419245243 5.639948845 0.759231389 -0.049452979 -0.340046227 -0.552712142
1403636658213555456.000000 2.933640480 5.392292023 5.606216431 0.760939598 -0.045950379 -0.337788582 -0.552049279
1403636658263555584.000000 2.915266514 5.366118908 5.572402000 0.762759030 -0.041240536 -0.334864825 -0.551691532
1403636658313555456.000000 2.895597935 5.340551376 5.539228916 0.763770700 -0.038419958 -0.333563775 -0.551283419
1403636658363555584.000000 2.876937389 5.320814133 5.500284672 0.764562726 -0.035874087 -0.333035618 -0.550676227
1403636658413555456.000000 2.855483294 5.296662331 5.468029976 0.765069544 -0.033700570 -0.332594693 -0.550375998
1403636658463555584.000000 2.833691597 5.273854256 5.435832024 0.765821218 -0.030651757 -0.331677884 -0.550061882
1403636658513555456.000000 2.811405182 5.251563549 5.404186249 0.766686738 -0.027501097 -0.330193102 -0.549916089
1403636658563555584.000000 2.789050579 5.230254650 5.372840881 0.768050373 -0.023604536 -0.327559441 -0.549769282
1403636658613555456.000000 2.766456127 5.210056305 5.342226028 0.769067228 -0.020750593 -0.325432628 -0.549726069
1403636658663555584.000000 2.743839502 5.190880299 5.312514305 0.769733369 -0.019279329 -0.324100941 -0.549634039
1403636658713555456.000000 2.718095303 5.176371098 5.277686119 0.770435870 -0.018255301 -0.322478414 -0.549639106
1403636658763555584.000000 2.695194721 5.159385681 5.249794483 0.771772265 -0.017193850 -0.319470644 -0.549554884
1403636658813555456.000000 2.672354937 5.143809795 5.222940922 0.773757875 -0.015855271 -0.314904064 -0.549438775
1403636658863555584.000000 2.649382353 5.129117012 5.197358131 0.775290668 -0.016231183 -0.311282009 -0.549331009
1403636658913555456.000000 2.626620770 5.115321636 5.173443794 0.776160598 -0.019962369 -0.309426248 -0.549028039
1403636658963555584.000000 2.603599072 5.102199078 5.151196480 0.776374042 -0.025286382 -0.308990628 -0.548752069
1403636659013555456.000000 2.580243349 5.089673042 5.130472183 0.776352108 -0.030014560 -0.308961153 -0.548561454
1403636659063555584.000000 2.560262680 5.069817543 5.115543365 0.777197599 -0.034820929 -0.307651341 -0.547815859
1403636659113555456.000000 2.535832167 5.057476044 5.097079754 0.777496159 -0.037575863 -0.306687385 -0.547750473
1403636659163555584.000000 2.511134624 5.045010090 5.079582691 0.777873099 -0.040126555 -0.305618763 -0.547631741
1403636659213555456.000000 2.486400127 5.032233238 5.063338757 0.778025925 -0.041697640 -0.304780543 -0.547764361
1403636659263555584.000000 2.462788105 5.019003868 5.047875404 0.777826488 -0.042341020 -0.305123627 -0.547807395
1403636659313555456.000000 2.438521385 5.001467228 5.035744667 0.777048886 -0.040966779 -0.307076633 -0.547924042
1403636659363555584.000000 2.417548180 4.987786293 5.020783424 0.775964022 -0.039035533 -0.309823573 -0.548056006
1403636659413555456.000000 2.398219109 4.973912716 5.005895615 0.774628937 -0.035653729 -0.312802553 -0.548482955
1403636659463555584.000000 2.380475998 4.960576534 4.990769386 0.773082733 -0.032141674 -0.316310883 -0.548869252
1403636659513555456.000000 2.365427494 4.947478294 4.974766731 0.773096263 -0.029963400 -0.316661328 -0.548771381
1403636659563555584.000000 2.351145029 4.934628963 4.959279060 0.772525251 -0.030882964 -0.318197310 -0.548636079
1403636659613555456.000000 2.336055279 4.917349815 4.947793007 0.773534536 -0.030845320 -0.316300005 -0.548313141
1403636659663555584.000000 2.321214914 4.905041695 4.934094429 0.774500847 -0.031579640 -0.314826459 -0.547755003
1403636659713555456.000000 2.305366993 4.892519951 4.921714783 0.775527060 -0.032204196 -0.313224524 -0.547184765
1403636659763555584.000000 2.288509846 4.880542278 4.910885811 0.776507795 -0.033143129 -0.311940581 -0.546470821
1403636659813555456.000000 2.270773888 4.868807793 4.901583672 0.777115107 -0.032967079 -0.311413467 -0.545918524
1403636659863555584.000000 2.252438784 4.857090473 4.893820286 0.777383626 -0.033690471 -0.311921954 -0.545201302
1403636659913555456.000000 2.232847929 4.845079899 4.887718201 0.777117670 -0.032763664 -0.313432574 -0.544770360
1403636659963555584.000000 2.211711645 4.829485416 4.885440350 0.776675761 -0.029738100 -0.316309869 -0.543910384
1403636660013555456.000000 2.190851212 4.817611217 4.881798744 0.775584459 -0.027361823 -0.319765627 -0.543571591
1403636660063555584.000000 2.169459820 4.805891991 4.879132271 0.774468184 -0.024822403 -0.323681772 -0.542966902
1403636660113555456.000000 2.147458792 4.794474602 4.877483368 0.773678541 -0.022102958 -0.326522350 -0.542509198
1403636660163555584.000000 2.125967741 4.784731388 4.876837730 0.772910714 -0.019973530 -0.328934133 -0.542229176
1403636660213555456.000000 2.101701021 4.775806427 4.875914574 0.772581041 -0.019655656 -0.329903543 -0.542121589
1403636660263555584.000000 2.079430819 4.767463684 4.875834465 0.771750271 -0.017413437 -0.332478940 -0.541808188
1403636660313555456.000000 2.058323145 4.759992123 4.875872612 0.770713091 -0.014736452 -0.335175246 -0.541702569
1403636660363555584.000000 2.038238764 4.753790855 4.875688553 0.768538833 -0.010060902 -0.340387255 -0.541648805
1403636660413555456.000000 2.020316601 4.749579906 4.874737740 0.766389310 -0.006470842 -0.345547199 -0.541482031
1403636660463555584.000000 2.005261421 4.747232437 4.872675896 0.765213907 -0.004665111 -0.348152906 -0.541493833
1403636660513555456.000000 1.987021208 4.751044750 4.867793560 0.765153468 -0.003952627 -0.347918838 -0.541735291
1403636660563555584.000000 1.973499298 4.752988338 4.865335464 0.766753793 -0.005636467 -0.344324112 -0.541754425
1403636660613555456.000000 1.959539890 4.757054806 4.863172531 0.769310236 -0.008978893 -0.338172495 -0.541959941
1403636660663555584.000000 1.945175529 4.762549877 4.861602783 0.772456765 -0.012307686 -0.330400735 -0.542212605
1403636660713555456.000000 1.929531693 4.769381046 4.861352921 0.775616825 -0.014950296 -0.322583467 -0.542342126
1403636660763555584.000000 1.913201094 4.777021408 4.862518311 0.778775752 -0.016026985 -0.314560294 -0.542497337
1403636660813555456.000000 1.895931959 4.785237312 4.865272522 0.781317234 -0.015262013 -0.307831347 -0.542724967
1403636660863555584.000000 1.878008604 4.793618202 4.869844913 0.783417642 -0.013517452 -0.302054018 -0.542989433
1403636660913555456.000000 1.859124422 4.802621841 4.876233578 0.784839988 -0.013077960 -0.298391253 -0.542971373
1403636660963555584.000000 1.839784980 4.812096596 4.884830952 0.784907281 -0.015135806 -0.297927737 -0.543074965
1403636661013555456.000000 1.813468695 4.829355717 4.891657829 0.784436822 -0.019028369 -0.298672229 -0.543223441
1403636661063555584.000000 1.793486595 4.839224339 4.903648853 0.784019589 -0.022920337 -0.299669415 -0.543126285
1403636661113555456.000000 1.774836540 4.848705292 4.918477535 0.783588350 -0.026610231 -0.300612718 -0.543059170
1403636661163555584.000000 1.755469084 4.858158588 4.934244156 0.783102930 -0.029642891 -0.301962525 -0.542853475
1403636661213555456.000000 1.737803459 4.867450714 4.950451851 0.783137619 -0.032910608 -0.301816523 -0.542696178
1403636661263555584.000000 1.719847441 4.878706455 4.965064049 0.782453656 -0.034177847 -0.303448856 -0.542694271
1403636661313555456.000000 1.706197381 4.885806561 4.981781483 0.782440603 -0.035885263 -0.303380132 -0.542641103
1403636661363555584.000000 1.694478989 4.892518997 4.998343945 0.782347620 -0.036586460 -0.303503305 -0.542659581
1403636661413555456.000000 1.684886932 4.898005486 5.015408039 0.782385826 -0.036561187 -0.303150773 -0.542803288
1403636661463555584.000000 1.674627781 4.908642292 5.031084538 0.782100797 -0.037280299 -0.303703278 -0.542856276
1403636661513555456.000000 1.669126749 4.913677692 5.047211647 0.781463027 -0.037033122 -0.304998070 -0.543065727
1403636661563555584.000000 1.665734291 4.918803215 5.062979698 0.780501485 -0.038102232 -0.306755424 -0.543384671
1403636661613555456.000000 1.664148092 4.922744274 5.078961372 0.779357493 -0.038669266 -0.309249103 -0.543573141
1403636661663555584.000000 1.664793253 4.926132679 5.094519615 0.779014289 -0.040285379 -0.309453189 -0.543831408
1403636661713555456.000000 1.666976213 4.929573059 5.109535694 0.779184282 -0.041165490 -0.308537185 -0.544042408
1403636661763555584.000000 1.670875072 4.932505608 5.124319077 0.778491855 -0.046209469 -0.309911430 -0.543847442
1403636661813555456.000000 1.673857689 4.937418938 5.141093731 0.777402520 -0.051210474 -0.311617732 -0.543982863
1403636661863555584.000000 1.680922508 4.939137936 5.154428959 0.776749611 -0.054685339 -0.312093914 -0.544304192
1403636661913555456.000000 1.690169334 4.939492702 5.166115284 0.776625991 -0.056392305 -0.312061369 -0.544325113
1403636661963555584.000000 1.700616598 4.939081669 5.177047729 0.776101053 -0.057487119 -0.312199265 -0.544879794
1403636662013555456.000000 1.712645173 4.937753201 5.186850548 0.776244760 -0.057476956 -0.311637849 -0.544997573
1403636662063555584.000000 1.725908279 4.935543537 5.195760250 0.776548326 -0.057147983 -0.310652941 -0.545162141
1403636662113555456.000000 1.739430785 4.932440758 5.204377651 0.776647627 -0.056568686 -0.310024440 -0.545438766
1403636662163555584.000000 1.751914263 4.928336620 5.213412285 0.777065873 -0.052937813 -0.309414834 -0.545553565
1403636662213555456.000000 1.763076067 4.923367023 5.223436832 0.777769566 -0.047947079 -0.308292449 -0.545647740
1403636662263555584.000000 1.778411627 4.915150166 5.237193584 0.778712869 -0.042330578 -0.307324082 -0.545313060
1403636662313555456.000000 1.786639452 4.908648491 5.249392509 0.779277682 -0.038285699 -0.306932896 -0.545025527
1403636662363555584.000000 1.794432640 4.901424408 5.261857033 0.779555082 -0.034195147 -0.307009906 -0.544857442
1403636662413555456.000000 1.800697684 4.894556522 5.275911331 0.779201388 -0.030947257 -0.308908671 -0.544484138
1403636662463555584.000000 1.805451393 4.887654781 5.291571617 0.778004348 -0.027323186 -0.312669933 -0.544242680
1403636662513555456.000000 1.809526205 4.880843639 5.308478355 0.776596069 -0.024406016 -0.316723287 -0.544049025
1403636662563555584.000000 1.813040137 4.874621391 5.326462269 0.775200784 -0.024092460 -0.320859343 -0.543629169
1403636662613555456.000000 1.819613457 4.865334034 5.347220421 0.773350775 -0.027681734 -0.326115131 -0.542965353
1403636662663555584.000000 1.822030783 4.860086441 5.366576195 0.771511137 -0.035210438 -0.331442922 -0.541919231
1403636662713555456.000000 1.823836088 4.855621338 5.385654926 0.770154595 -0.042921595 -0.334879607 -0.541179657
1403636662763555584.000000 1.823476672 4.852065563 5.404446602 0.769479513 -0.049236905 -0.336602896 -0.540532708
1403636662813555456.000000 1.822342873 4.848218918 5.422702789 0.769200206 -0.053918514 -0.337991238 -0.539616406
1403636662863555584.000000 1.819450378 4.844347477 5.440759659 0.768313289 -0.054736383 -0.340215474 -0.539399862
1403636662913555456.000000 1.815039396 4.840114117 5.458123207 0.767846406 -0.051343061 -0.342154235 -0.539171934
1403636662963555584.000000 1.810918570 4.832855225 5.474406242 0.766721725 -0.049253162 -0.345142543 -0.539062738
1403636663013555456.000000 1.805239439 4.828883648 5.489782333 0.764885724 -0.049702261 -0.349654526 -0.538721919
1403636663063555584.000000 1.799949050 4.825195789 5.503544807 0.762989223 -0.051671539 -0.354359776 -0.538151205
1403636663113555456.000000 1.795447707 4.821735382 5.514905930 0.761350930 -0.053967442 -0.358031541 -0.537815750
1403636663163555584.000000 1.791793823 4.818851471 5.523532867 0.760199487 -0.053581785 -0.360942811 -0.537537098
1403636663213555456.000000 1.788269043 4.816209316 5.529261589 0.761427104 -0.049414374 -0.359469831 -0.537185729
1403636663263555584.000000 1.783634663 4.814054489 5.533039093 0.764222324 -0.039393954 -0.353921115 -0.537728846
1403636663313555456.000000 1.776875377 4.813145638 5.535170078 0.766067863 -0.029889578 -0.350040048 -0.538255274
1403636663363555584.000000 1.768553019 4.812393188 5.538823128 0.767545462 -0.020928944 -0.347085387 -0.538486421
1403636663413555456.000000 1.757965803 4.812293053 5.543096542 0.767969906 -0.012448480 -0.345860034 -0.538932443
1403636663463555584.000000 1.746290088 4.814143181 5.547911644 0.767691135 -0.006434523 -0.346073359 -0.539297938
1403636663513555456.000000 1.733441949 4.817736149 5.553055763 0.767520905 -0.000783582 -0.346648395 -0.539208770
1403636663563555584.000000 1.723461866 4.829267025 5.555248260 0.767071545 0.003355274 -0.347762942 -0.539120555
1403636663613555456.000000 1.709354281 4.837116718 5.561475754 0.766533315 0.004785077 -0.348637164 -0.539310634
1403636663663555584.000000 1.694953680 4.847745895 5.567932129 0.766265213 0.006486509 -0.348985970 -0.539448202
1403636663713555456.000000 1.681179881 4.860782146 5.573863029 0.767140687 0.010239293 -0.346337676 -0.539852381
1403636663763555584.000000 1.668758512 4.876035690 5.579548359 0.768390179 0.013612161 -0.342417300 -0.540501297
1403636663813555456.000000 1.658339262 4.893825054 5.585011005 0.770720840 0.017101040 -0.335670650 -0.541315317
1403636663863555584.000000 1.650158882 4.914544106 5.590624809 0.772946954 0.019773405 -0.328645051 -0.542360127
1403636663913555456.000000 1.644311547 4.938114643 5.596784592 0.774681330 0.019874744 -0.323169798 -0.543171406
1403636663963555584.000000 1.640108347 4.970808983 5.598381519 0.777080119 0.020439841 -0.315259576 -0.544371367
1403636664013555456.000000 1.639801621 4.998959064 5.605947971 0.779653311 0.019648015 -0.307387590 -0.545222521
1403636664063555584.000000 1.641325116 5.028912544 5.615304947 0.780636609 0.016948888 -0.303520381 -0.546072066
1403636664113555456.000000 1.645793676 5.059610844 5.626869202 0.780609071 0.011858607 -0.301772922 -0.547212958
1403636664163555584.000000 1.650511980 5.093410492 5.637722015 0.780411303 0.005158810 -0.300895840 -0.548081398
1403636664213555456.000000 1.659136176 5.127065659 5.651599884 0.779915273 -0.002436814 -0.300152957 -0.549212575
1403636664263555584.000000 1.668073535 5.161076069 5.667366982 0.779506087 -0.009344513 -0.298861265 -0.550422549
1403636664313555456.000000 1.670542479 5.200850010 5.682280064 0.778725684 -0.015248223 -0.298378885 -0.551655531
1403636664363555584.000000 1.673715591 5.234313011 5.704141617 0.777850270 -0.019001504 -0.298112273 -0.552916765
1403636664413555456.000000 1.672913313 5.267927170 5.728967667 0.777006209 -0.022533620 -0.297538251 -0.554278553
1403636664463555584.000000 1.669546843 5.303729534 5.753550529 0.775837719 -0.024758659 -0.297660142 -0.555752993
1403636664513555456.000000 1.666316986 5.336151123 5.782340050 0.775051534 -0.027692553 -0.296687931 -0.557229400
1403636664563555584.000000 1.662866354 5.368695736 5.811769485 0.773598135 -0.030724531 -0.296827465 -0.559012949
1403636664613555456.000000 1.660330772 5.403723717 5.839572906 0.771221459 -0.037318770 -0.299093485 -0.560685217
1403636664663555584.000000 1.660152078 5.434088707 5.870153427 0.769692540 -0.040562697 -0.299514204 -0.562333941
1403636664713555456.000000 1.661620140 5.464724541 5.899917603 0.767313480 -0.043644171 -0.302096844 -0.563970566
1403636664763555584.000000 1.662939310 5.498991013 5.926975250 0.766235948 -0.040013418 -0.302039802 -0.565732658
1403636664813555456.000000 1.668493748 5.526799679 5.956000328 0.765618265 -0.036235601 -0.301080048 -0.567332804
1403636664863555584.000000 1.676179051 5.554993153 5.983976364 0.764480233 -0.035345968 -0.300880820 -0.569026768
1403636664913555456.000000 1.685464382 5.582569122 6.011992455 0.763309658 -0.036440704 -0.301374048 -0.570266783
1403636664963555584.000000 1.695757627 5.609704494 6.040089607 0.761558414 -0.034622315 -0.303591281 -0.571543932
1403636665013555456.000000 1.706958532 5.641953468 6.065359592 0.759080172 -0.034048229 -0.307400435 -0.572837770
1403636665063555584.000000 1.721199512 5.667625904 6.092549324 0.756906927 -0.031164782 -0.311291933 -0.573775172
1403636665113555456.000000 1.736886263 5.692791939 6.118788242 0.754675984 -0.029699931 -0.314813137 -0.574869335
1403636665163555584.000000 1.754517555 5.718265057 6.144360065 0.753289878 -0.028097944 -0.317236394 -0.575435460
1403636665213555456.000000 1.772862554 5.743648052 6.169879436 0.751424611 -0.031441566 -0.320118815 -0.576104641
1403636665263555584.000000 1.792635918 5.773363590 6.193267345 0.750696301 -0.038640477 -0.321150094 -0.576042235
1403636665313555456.000000 1.811786532 5.800371647 6.216959000 0.751054406 -0.044102415 -0.319606572 -0.576041579
1403636665363555584.000000 1.830224872 5.827574730 6.240275383 0.751225233 -0.046466343 -0.318624228 -0.576177180
1403636665413555456.000000 1.853314281 5.858014107 6.262053490 0.752125204 -0.045217101 -0.316688538 -0.576169789
1403636665463555584.000000 1.870481849 5.884552479 6.283746243 0.753279507 -0.040429227 -0.314639419 -0.576140285
1403636665513555456.000000 1.887311816 5.909515381 6.305371284 0.754661500 -0.034157317 -0.312529057 -0.575886130
1403636665563555584.000000 1.905064225 5.934210777 6.326828003 0.756470919 -0.028900862 -0.309299469 -0.575543463
1403636665613555456.000000 1.922922134 5.958629131 6.348940372 0.757101417 -0.023923602 -0.308461845 -0.575392485
1403636665663555584.000000 1.945125699 5.987069607 6.370858192 0.758123398 -0.021375475 -0.307623208 -0.574595571
1403636665713555456.000000 1.963901877 6.012475967 6.393857002 0.759506047 -0.020920780 -0.305636734 -0.573845983
1403636665763555584.000000 1.988792777 6.040209770 6.417604923 0.761247516 -0.021558244 -0.302835822 -0.572999060
1403636665813555456.000000 2.009085417 6.066376686 6.441301823 0.762446105 -0.024154885 -0.301499873 -0.572005630
1403636665863555584.000000 2.030014515 6.092650414 6.465960026 0.762243986 -0.033035241 -0.302877933 -0.571102202
1403636665913555456.000000 2.053525686 6.119874477 6.491021156 0.761319101 -0.041554388 -0.306323141 -0.569940984
1403636665963555584.000000 2.074228764 6.145939827 6.516442776 0.760156810 -0.048956595 -0.310002774 -0.568914115
1403636666013555456.000000 2.093867540 6.171362877 6.542312145 0.758972526 -0.053538617 -0.313727945 -0.568039775
1403636666063555584.000000 2.111699343 6.196210861 6.568273544 0.758375525 -0.055977471 -0.315537244 -0.567599714
1403636666113555456.000000 2.131520748 6.220157623 6.594500542 0.759207964 -0.054952715 -0.314251691 -0.567300141
1403636666163555584.000000 2.146528959 6.243404388 6.620122910 0.760861576 -0.051816691 -0.311109215 -0.567111790
1403636666213555456.000000 2.160196304 6.266577721 6.646094322 0.761885762 -0.050825071 -0.308702737 -0.567141652
1403636666263555584.000000 2.172500134 6.289124966 6.672559738 0.762060285 -0.050923843 -0.308050632 -0.567252755
1403636666313555456.000000 2.184565306 6.310159683 6.701893330 0.762277722 -0.053021371 -0.307665229 -0.566977620
1403636666363555584.000000 2.194319725 6.330915928 6.729033947 0.761645138 -0.056201585 -0.307956010 -0.567363441
1403636666413555456.000000 2.204590797 6.350320816 6.755969524 0.760285378 -0.058664571 -0.310445040 -0.567581356
1403636666463555584.000000 2.215035915 6.368560791 6.782096863 0.758758187 -0.059809897 -0.313014060 -0.568094254
1403636666513555456.000000 2.226666927 6.384315491 6.808822155 0.757505536 -0.059435934 -0.314671099 -0.568889201
1403636666563555584.000000 2.239969254 6.399085045 6.831988811 0.756825030 -0.055886645 -0.315593719 -0.569642961
1403636666613555456.000000 2.255352020 6.412844181 6.853597164 0.755900800 -0.051217701 -0.316591442 -0.570754468
1403636666663555584.000000 2.271953344 6.425759315 6.874058723 0.755603671 -0.045368701 -0.316249609 -0.571831346
1403636666713555456.000000 2.290160179 6.436319828 6.894054890 0.754486740 -0.039648380 -0.317755222 -0.572895765
1403636666763555584.000000 2.305964947 6.448114395 6.921346188 0.753491998 -0.034922488 -0.319395781 -0.573599696
1403636666813555456.000000 2.324650049 6.460400581 6.940655231 0.751571834 -0.032735612 -0.322603583 -0.574452043
1403636666863555584.000000 2.340990543 6.473400593 6.961517334 0.748716891 -0.032077301 -0.328317374 -0.574979842
1403636666913555456.000000 2.356723070 6.486784458 6.981836796 0.743976891 -0.036114965 -0.338129580 -0.575206578
1403636666963555584.000000 2.370477200 6.500342846 7.002266884 0.739695013 -0.040674284 -0.346863896 -0.575223744
1403636667013555456.000000 2.382966995 6.515261173 7.021165848 0.738109767 -0.043890394 -0.349761605 -0.575269163
1403636667063555584.000000 2.390131474 6.531524658 7.041096687 0.738229871 -0.046031475 -0.348926723 -0.575454652
1403636667113555456.000000 2.400327682 6.547966480 7.056783676 0.741967916 -0.046178721 -0.340362579 -0.575764358
1403636667163555584.000000 2.409148693 6.565630436 7.071458817 0.746954918 -0.044983324 -0.328566849 -0.576262712
1403636667213555456.000000 2.410458326 6.581814766 7.089167595 0.750968397 -0.044376578 -0.318669409 -0.576651633
1403636667263555584.000000 2.416599751 6.599399090 7.103926659 0.754587650 -0.041699145 -0.309607863 -0.577063024
1403636667313555456.000000 2.420497179 6.617007256 7.120336533 0.756679237 -0.039672870 -0.303854823 -0.577524841
1403636667363555584.000000 2.423717022 6.633961678 7.137513161 0.757609010 -0.039452113 -0.300905198 -0.577865303
1403636667413555456.000000 2.426111698 6.650609970 7.155550957 0.757635236 -0.038059216 -0.300487041 -0.578141809
1403636667463555584.000000 2.426219463 6.665955544 7.175873280 0.756566703 -0.035520554 -0.302471608 -0.578667581
1403636667513555456.000000 2.428013802 6.681668282 7.195718288 0.754926860 -0.033360027 -0.305912077 -0.579129040
1403636667563555584.000000 2.429094315 6.697549343 7.216744900 0.752085865 -0.032531250 -0.312314719 -0.579455078
1403636667613555456.000000 2.431786299 6.713579655 7.237128258 0.749225140 -0.033259355 -0.319119602 -0.579411983
1403636667663555584.000000 2.436650276 6.729761600 7.256404400 0.746725619 -0.034577314 -0.324440390 -0.579606652
1403636667713555456.000000 2.444616795 6.745836258 7.273246288 0.745240331 -0.036790311 -0.327718019 -0.579537928
1403636667763555584.000000 2.453141689 6.762193203 7.289733887 0.744847000 -0.038590692 -0.328583509 -0.579436481
1403636667813555456.000000 2.462594271 6.779185295 7.304667473 0.745151520 -0.040189601 -0.328275234 -0.579110920
1403636667863555584.000000 2.473128557 6.796853542 7.319489002 0.745269179 -0.041317776 -0.328542173 -0.578728676
1403636667913555456.000000 2.482236862 6.812988758 7.333772182 0.745400250 -0.042558257 -0.328923047 -0.578253448
1403636667963555584.000000 2.490042686 6.829376698 7.347786903 0.745347679 -0.041726992 -0.329657793 -0.577963233
1403636668013555456.000000 2.496497631 6.846276760 7.361615658 0.745903850 -0.042007398 -0.329139650 -0.577520609
1403636668063555584.000000 2.501264572 6.863106728 7.376237869 0.747354746 -0.039955258 -0.327355444 -0.576804161
1403636668113555456.000000 2.503694057 6.880856991 7.390613556 0.748908758 -0.037778620 -0.325373948 -0.576055884
1403636668163555584.000000 2.504713774 6.899021149 7.405244827 0.750442684 -0.035085890 -0.323661119 -0.575194120
1403636668213555456.000000 2.504024029 6.917815685 7.420333862 0.751296997 -0.031776439 -0.323596835 -0.574306786
1403636668263555584.000000 2.504384279 6.938873768 7.434451580 0.752178013 -0.028619047 -0.323397398 -0.573431253
1403636668313555456.000000 2.501928806 6.958682060 7.449951649 0.753328323 -0.026516432 -0.323215067 -0.572123587
1403636668363555584.000000 2.498414993 6.979385853 7.465860367 0.754164040 -0.025916722 -0.323144406 -0.571088970
1403636668413555456.000000 2.494575500 7.000426769 7.482323170 0.755368412 -0.025973221 -0.322139174 -0.570061803
1403636668463555584.000000 2.490174770 7.022085667 7.499063015 0.756849587 -0.026634229 -0.320564121 -0.568953514
1403636668513555456.000000 2.486842155 7.045696259 7.517454147 0.757978678 -0.026540317 -0.319726437 -0.567925096
1403636668563555584.000000 2.482058764 7.068349838 7.535151958 0.758596182 -0.026826452 -0.319970787 -0.566948831
1403636668613555456.000000 2.477586746 7.091392994 7.553050995 0.759247005 -0.026532434 -0.319780529 -0.566198289
1403636668663555584.000000 2.473788261 7.115768909 7.571395874 0.760028064 -0.025655897 -0.319866627 -0.565141082
1403636668713555456.000000 2.468330860 7.137690544 7.593634129 0.761804163 -0.023012402 -0.317160636 -0.564388275
1403636668763555584.000000 2.464539766 7.162852764 7.612287998 0.764061511 -0.019640399 -0.312695116 -0.563955784
1403636668813555456.000000 2.461682320 7.188471794 7.631484032 0.766600370 -0.017541077 -0.307853788 -0.563242733
1403636668863555584.000000 2.461192131 7.214677334 7.651228428 0.768894494 -0.014073995 -0.302287370 -0.563227892
1403636668913555456.000000 2.462444067 7.240833759 7.671390533 0.771339357 -0.012422302 -0.296576709 -0.562959731
1403636668963555584.000000 2.465940475 7.267523766 7.692642689 0.771897197 -0.015880859 -0.295365065 -0.562745154
1403636669013555456.000000 2.471658707 7.293747902 7.715982437 0.771476269 -0.021813339 -0.296642214 -0.562451780
1403636669063555584.000000 2.488588095 7.319653034 7.735135555 0.771177649 -0.027473658 -0.297786295 -0.562008560
1403636669113555456.000000 2.498733997 7.344195843 7.759125233 0.770723999 -0.032930594 -0.299228460 -0.561571479
1403636669163555584.000000 2.509220600 7.368417740 7.783929348 0.770484686 -0.035758972 -0.300480008 -0.561058462
1403636669213555456.000000 2.522256136 7.392811775 7.807682514 0.770671546 -0.037894901 -0.300556183 -0.560620606
1403636669263555584.000000 2.531195879 7.415614128 7.834800243 0.770957708 -0.038807038 -0.300321132 -0.560290575
1403636669313555456.000000 2.539093018 7.437802315 7.863090992 0.771371484 -0.038162734 -0.299997628 -0.559938550
1403636669363555584.000000 2.549975157 7.459909439 7.890671730 0.770978391 -0.038282931 -0.301375031 -0.559732020
1403636669413555456.000000 2.556273699 7.481361866 7.920818806 0.771395981 -0.039421894 -0.300481141 -0.559558213
1403636669463555584.000000 2.562174797 7.502282619 7.951923847 0.772015452 -0.041871279 -0.298870593 -0.559388399
1403636669513555456.000000 2.575268745 7.519208908 7.981860161 0.772642970 -0.043354977 -0.296618462 -0.559607625
1403636669563555584.000000 2.580647945 7.538936138 8.014497757 0.773697436 -0.045421109 -0.293537855 -0.559611261
1403636669613555456.000000 2.587218761 7.557679653 8.047178268 0.775319099 -0.048041999 -0.288656741 -0.559687018
1403636669663555584.000000 2.594498873 7.569326878 8.083126068 0.776501298 -0.051280648 -0.284553766 -0.559861839
1403636669713555456.000000 2.603813171 7.585972309 8.116448402 0.777762413 -0.054364417 -0.280310988 -0.559960663
1403636669763555584.000000 2.615079165 7.601071358 8.149883270 0.777878582 -0.057049338 -0.278956562 -0.560208559
1403636669813555456.000000 2.625898838 7.611525059 8.186531067 0.775137246 -0.065363742 -0.283779114 -0.560677469
1403636669863555584.000000 2.640665531 7.623116016 8.220328331 0.770687521 -0.077167109 -0.292192042 -0.560990095
1403636669913555456.000000 2.657265663 7.632272243 8.253723145 0.764890909 -0.086474240 -0.304056406 -0.561260879
1403636669963555584.000000 2.674510717 7.639446259 8.284986496 0.760350704 -0.092412792 -0.313371718 -0.561360002
1403636670013555456.000000 2.692839861 7.630969524 8.320299149 0.757187665 -0.094287150 -0.320483506 -0.561308503
1403636670063555584.000000 2.711286306 7.633143425 8.347096443 0.754451275 -0.096173562 -0.325819731 -0.561600924
1403636670113555456.000000 2.729851961 7.632078648 8.371992111 0.751443803 -0.098091528 -0.329977304 -0.562872410
1403636670163555584.000000 2.749058247 7.629763126 8.393614769 0.749331057 -0.102903426 -0.330738664 -0.564381003
1403636670213555456.000000 2.767703295 7.625857830 8.412698746 0.746359587 -0.112317882 -0.331316262 -0.566181600
1403636670263555584.000000 2.781150818 7.607703686 8.434189796 0.743758559 -0.121238239 -0.330767095 -0.568082511
1403636670313555456.000000 2.795013189 7.599005222 8.449411392 0.740855634 -0.128592849 -0.331137627 -0.570039213
1403636670363555584.000000 2.804723501 7.586307049 8.463615417 0.737140298 -0.133047059 -0.332676619 -0.572930276
1403636670413555456.000000 2.812313318 7.571616650 8.474952698 0.732830226 -0.135266587 -0.334395558 -0.576925099
1403636670463555584.000000 2.817975283 7.553993702 8.483274460 0.727188647 -0.137657687 -0.337094069 -0.581906080
1403636670513555456.000000 2.823246717 7.533288479 8.487157822 0.721474528 -0.139313489 -0.338360131 -0.587859452
1403636670563555584.000000 2.827795506 7.509832859 8.486686707 0.715085983 -0.140190125 -0.338593930 -0.595275581
1403636670613555456.000000 2.832205772 7.483580112 8.481122017 0.708647847 -0.140338957 -0.337953508 -0.603250146
1403636670663555584.000000 2.836622000 7.443471909 8.472760201 0.702328265 -0.139622718 -0.335765153 -0.611965895
1403636670713555456.000000 2.840177059 7.411414623 8.457113266 0.695766151 -0.139132440 -0.333009601 -0.621012330
1403636670763555584.000000 2.842651367 7.377117157 8.436639786 0.688612103 -0.139405623 -0.330292851 -0.630306482
1403636670813555456.000000 2.842987061 7.340354919 8.413171768 0.680171132 -0.141574234 -0.328553408 -0.639825463
1403636670863555584.000000 2.840465784 7.303117275 8.386813164 0.670389235 -0.145536110 -0.327487558 -0.649730265
1403636670913555456.000000 2.835525036 7.262999535 8.356435776 0.660154521 -0.150386497 -0.326025814 -0.659762919
1403636670963555584.000000 2.829633951 7.218665123 8.322202682 0.648641407 -0.157254696 -0.324227095 -0.670382142
1403636671013555456.000000 2.822495461 7.173536301 8.281345367 0.637386918 -0.161471203 -0.319955081 -0.682124496
1403636671063555584.000000 2.815760136 7.125061989 8.233758926 0.627134025 -0.162334830 -0.313563913 -0.694282413
1403636671113555456.000000 2.808211803 7.074512482 8.179304123 0.617840648 -0.158878729 -0.305639416 -0.706834555
1403636671163555584.000000 2.798607588 7.023202419 8.120378494 0.608515143 -0.153420001 -0.298329145 -0.719146371
1403636671213555456.000000 2.789129019 6.969064713 8.054281235 0.599756420 -0.146654144 -0.292531163 -0.730212510
1403636671263555584.000000 2.778274536 6.912271023 7.982897758 0.592533112 -0.137036532 -0.286739975 -0.740206599
1403636671313555456.000000 2.764688492 6.854730129 7.907215118 0.587842464 -0.121977523 -0.279875338 -0.749154627
1403636671363555584.000000 2.749986410 6.796082973 7.828254223 0.584905088 -0.102764241 -0.270699263 -0.757659137
1403636671413555456.000000 2.734475613 6.742659092 7.749950409 0.581809700 -0.083052024 -0.260642052 -0.765941024
1403636671463555584.000000 2.716685295 6.683814526 7.669374943 0.576538801 -0.065771542 -0.253361434 -0.774005949
1403636671513555456.000000 2.697615385 6.625327110 7.589460850 0.569999039 -0.051643182 -0.249372765 -0.781183362
1403636671563555584.000000 2.676550388 6.566797256 7.509860039 -0.562986553 0.040786013 0.248372510 0.787206352
1403636671613555456.000000 2.654441357 6.509964943 7.431774139 -0.556486785 0.030782225 0.248708189 0.792161107
1403636671663555584.000000 2.631515026 6.454640388 7.354997635 -0.550788641 0.022681555 0.250401974 0.795874596
1403636671713555456.000000 2.608067989 6.401562691 7.279582500 -0.545985818 0.016404977 0.252065390 0.798807502
1403636671763555584.000000 2.590353489 6.362416267 7.208747864 -0.542628467 0.011337701 0.253824949 0.800623953
1403636671813555456.000000 2.566026926 6.314179897 7.136464119 -0.540379643 0.005062716 0.254136086 0.802109182
1403636671863555584.000000 2.542533875 6.268966675 7.065701485 -0.538246453 0.000102162 0.256251276 0.802886128
1403636671913555456.000000 2.519948244 6.228212833 6.997305870 0.536654711 0.006547026 -0.259363651 -0.802925467
1403636671963555584.000000 2.500267982 6.190176010 6.928839207 0.536037207 0.014090111 -0.261095732 -0.802679718
1403636672013555456.000000 2.489441156 6.162230492 6.860413074 -0.535890996 -0.022435801 0.262497574 0.802130044
1403636672063555584.000000 2.476331472 6.132432461 6.794157028 -0.538000286 -0.028774673 0.259229422 0.801578403
1403636672113555456.000000 2.466458797 6.106615067 6.729510307 -0.541465402 -0.033798005 0.252422363 0.801221550
1403636672163555584.000000 2.460252523 6.084516525 6.667088509 -0.544924557 -0.036386658 0.246738359 0.800533235
1403636672213555456.000000 2.456978798 6.066499710 6.608103275 0.547564864 0.038959831 -0.242611066 -0.799871743
1403636672263555584.000000 2.454629660 6.051292896 6.552093983 0.550034702 0.039497785 -0.240048409 -0.798923373
1403636672313555456.000000 2.455990076 6.047665596 6.497618675 -0.552594185 -0.040265348 0.235625014 0.798435509
1403636672363555584.000000 2.454892635 6.038948059 6.449148178 -0.556468487 -0.039914533 0.227722973 0.798055112
1403636672413555456.000000 2.452865839 6.032333851 6.405306816 -0.560428798 -0.038470298 0.218438342 0.797950029
1403636672463555584.000000 2.454129219 6.031747341 6.363268852 -0.564496279 -0.032386996 0.208698586 0.797959924
1403636672513555456.000000 2.449963331 6.028927803 6.329578400 -0.567001402 -0.017736450 0.204340950 0.797771633
1403636672563555584.000000 2.443954945 6.026964188 6.300677299 -0.568588734 -0.001352142 0.201101363 0.797661185
1403636672613555456.000000 2.434335232 6.026534081 6.276404381 0.568449080 -0.014128243 -0.201694146 -0.797487020
1403636672663555584.000000 2.421499968 6.025498390 6.256176949 0.568246067 -0.026718065 -0.202839881 -0.797018588
1403636672713555456.000000 2.404326439 6.024212837 6.239878178 0.566527903 -0.033171047 -0.207615137 -0.796769679
1403636672763555584.000000 2.383180380 6.022227287 6.226722717 0.563654721 -0.033614073 -0.214629173 -0.796930194
1403636672813555456.000000 2.361093521 6.019904137 6.215882301 0.559538901 -0.031810582 -0.220891893 -0.798192441
1403636672863555584.000000 2.340807199 6.017735481 6.205852985 0.555879951 -0.029786307 -0.221984968 -0.800520480
1403636672913555456.000000 2.323002338 6.015913963 6.196176529 0.551163077 -0.029250748 -0.220982283 -0.804071248
1403636672963555584.000000 2.304084301 6.019312859 6.180563450 -0.545490563 0.027653139 0.218671113 0.808615148
1403636673013555456.000000 2.290688515 6.018040657 6.171741962 -0.539409518 0.026427761 0.215287909 0.813627779
1403636673063555584.000000 2.279597282 6.017199993 6.163791656 -0.533550203 0.023941081 0.211283088 0.818602741
1403636673113555456.000000 2.271037102 6.018109322 6.156741619 0.526957631 -0.021523394 -0.208927840 -0.823529959
1403636673163555584.000000 2.265384674 6.019362450 6.149696350 0.520206153 -0.016246067 -0.209571615 -0.827768981
1403636673213555456.000000 2.261983395 6.020791054 6.143007755 0.513641179 -0.009011566 -0.211544678 -0.831468880
1403636673263555584.000000 2.260613441 6.023134232 6.137296677 0.507849157 -0.001168473 -0.212712064 -0.834770381
1403636673313555456.000000 2.261815548 6.026366234 6.132224560 0.502871513 0.004518556 -0.215034083 -0.837173939
1403636673363555584.000000 2.265465736 6.031337738 6.128595829 0.499081224 0.008689705 -0.215861604 -0.839193821
1403636673413555456.000000 2.270040035 6.038143158 6.126912594 0.496487111 0.009410447 -0.215133801 -0.840909958
1403636673463555584.000000 2.265454292 6.046257496 6.131041527 -0.494601548 -0.008403188 0.214029759 0.842312336
1403636673513555456.000000 2.269042015 6.056797028 6.134267807 -0.493535370 -0.007407649 0.212394968 0.843360186
1403636673563555584.000000 2.272781372 6.068778515 6.139756203 -0.492860943 -0.004389169 0.210030124 0.844367385
1403636673613555456.000000 2.278821707 6.082667351 6.146700382 0.493615031 -0.001246793 -0.205303177 -0.845099628
1403636673663555584.000000 2.283506870 6.097477436 6.156220436 0.494419783 -0.007517418 -0.200926319 -0.845648348
1403636673713555456.000000 2.288368940 6.113144398 6.167799473 0.495108008 -0.014130105 -0.196888074 -0.846110821
1403636673763555584.000000 2.293922186 6.128654480 6.180479050 0.496654421 -0.020929856 -0.191216439 -0.846364379
1403636673813555456.000000 2.305244207 6.142147064 6.191377640 0.496776730 -0.027265768 -0.188573092 -0.846705198
1403636673863555584.000000 2.307135105 6.156708241 6.208324909 0.497386068 -0.029711151 -0.185780600 -0.846882522
1403636673913555456.000000 2.315212727 6.170580387 6.223614216 0.497652471 -0.028024871 -0.184260622 -0.847115517
1403636673963555584.000000 2.318102360 6.191786766 6.243408203 -0.497492224 0.028319381 0.183668971 0.847328365
1403636674013555456.000000 2.327876329 6.205788612 6.261523724 -0.496840358 0.027923359 0.185277462 0.847373784
1403636674063555584.000000 2.337264299 6.219996452 6.281647682 -0.496735901 0.027881706 0.185840189 0.847313166
1403636674113555456.000000 2.346299171 6.232553005 6.302821636 0.496090114 -0.028650876 -0.187358946 -0.847331405
1403636674163555584.000000 2.354350805 6.245388031 6.326115131 0.496021718 -0.030151626 -0.187651083 -0.847254694
1403636674213555456.000000 2.361270905 6.257825851 6.351057053 0.495977759 -0.032974530 -0.188268036 -0.847038329
1403636674263555584.000000 2.366725445 6.269738674 6.377590179 0.495271206 -0.037413117 -0.190500975 -0.846768081
1403636674313555456.000000 2.370528698 6.280941963 6.405807972 0.493373364 -0.042571519 -0.195446178 -0.846505344
1403636674363555584.000000 2.372943878 6.291400433 6.435114861 0.490241945 -0.046614151 -0.200936079 -0.846826196
1403636674413555456.000000 2.374238491 6.301789761 6.465736389 0.485434234 -0.051227104 -0.205849648 -0.848148227
1403636674463555584.000000 2.376261473 6.321557999 6.498715878 -0.479963154 0.055628818 0.208438128 0.850349605
1403636674513555456.000000 2.375127792 6.332358360 6.530124187 -0.474087358 0.059414167 0.209208593 0.853195727
1403636674563555584.000000 2.372289181 6.343275547 6.561264515 -0.468789011 0.061010323 0.208308741 0.856225550
1403636674613555456.000000 2.366985559 6.353316784 6.591980457 0.464655280 -0.062008426 -0.206100285 -0.858937263
1403636674663555584.000000 2.361471176 6.364308834 6.622286797 0.461280465 -0.062574841 -0.202622637 -0.861538649
1403636674713555456.000000 2.354094744 6.375164986 6.652422905 0.457307756 -0.062078658 -0.202306762 -0.863763809
1403636674763555584.000000 2.345052719 6.386288643 6.682291508 0.452977747 -0.058064248 -0.203684077 -0.865997970
1403636674813555456.000000 2.335541725 6.397669315 6.711054325 0.448409289 -0.051590808 -0.206996828 -0.867997646
1403636674863555584.000000 2.327516079 6.409877300 6.738394260 0.444480121 -0.044702444 -0.210356325 -0.869591534
1403636674913555456.000000 2.320612669 6.423378468 6.764267921 0.441142470 -0.038751539 -0.213188335 -0.870886028
1403636674963555584.000000 2.317607403 6.449091911 6.796455383 -0.438472807 0.032260507 0.215740815 0.871869683
1403636675013555456.000000 2.315357208 6.467072487 6.820119858 -0.436327040 0.027764548 0.218267933 0.872471809
1403636675063555584.000000 2.315660954 6.487037659 6.842930794 -0.435178012 0.022369504 0.218738422 0.873082697
1403636675113555456.000000 2.318436623 6.506913185 6.862950802 0.436116189 -0.018078011 -0.216152638 -0.873357892
1403636675163555584.000000 2.323560476 6.530537605 6.883240223 0.437937021 -0.011781355 -0.211039320 -0.873804808
1403636675213555456.000000 2.331877708 6.557056427 6.903604507 0.440989375 -0.007758189 -0.202979401 -0.874224007
1403636675263555584.000000 2.342113972 6.586388588 6.925337791 0.443788022 -0.004631913 -0.196698040 -0.874265850
1403636675313555456.000000 2.354831219 6.617430687 6.948276520 0.446180582 -0.002819750 -0.191394806 -0.874232888
1403636675363555584.000000 2.370334148 6.649405479 6.972061634 0.448422045 -0.005816160 -0.184915349 -0.874465644
1403636675413555456.000000 2.387634754 6.682262421 6.997834206 0.449365348 -0.012303708 -0.177858531 -0.875377476
1403636675463555584.000000 2.404426336 6.711800098 7.028521538 -0.448206216 0.018705007 0.172287583 0.876971185
1403636675513555456.000000 2.421038151 6.745200634 7.058897018 -0.446293026 0.023400120 0.165083066 0.879217029
1403636675563555584.000000 2.436852455 6.778080463 7.091522217 -0.444284856 0.027739342 0.157689944 0.881462157
1403636675613555456.000000 2.452100992 6.809938431 7.126002789 0.442018926 -0.031266950 -0.151018009 -0.883648872
1403636675663555584.000000 2.466171741 6.840988159 7.162439823 0.438361138 -0.034251336 -0.146273986 -0.886154830
1403636675713555456.000000 2.479411602 6.870632648 7.200572968 0.433264345 -0.038436975 -0.142646417 -0.889076293
1403636675763555584.000000 2.495682716 6.892283440 7.234669685 -0.426686972 0.044442441 0.140388593 0.892330825
1403636675813555456.000000 2.506912231 6.918754578 7.276244164 -0.416780591 0.052415717 0.143902451 0.896012664
1403636675863555584.000000 2.516782761 6.943860531 7.318837166 -0.405280292 0.060896665 0.149328604 0.899855793
1403636675913555456.000000 2.524688959 6.967476368 7.362081528 0.392209262 -0.065923847 -0.156847283 -0.904004991
1403636675963555584.000000 2.534357309 6.986083508 7.400722027 -0.379156440 0.068183273 0.162956849 0.908315241
1403636676013555456.000000 2.539187431 7.008709908 7.443486214 -0.367202848 0.067514129 0.165499851 0.912805438
1403636676063555584.000000 2.542846441 7.031562328 7.485390186 -0.356798798 0.065595940 0.163992077 0.917332292
1403636676113555456.000000 2.545133591 7.054524422 7.526267052 -0.348320037 0.060996331 0.158497259 0.921862960
1403636676163555584.000000 2.547454357 7.076772213 7.566122055 0.341412753 -0.055450566 -0.147459358 -0.926616669
1403636676213555456.000000 2.548708916 7.099955082 7.606349945 0.334433973 -0.050452523 -0.136081323 -0.931176901
1403636676263555584.000000 2.549321175 7.123119354 7.646640778 0.328039497 -0.043902710 -0.121764988 -0.935754240
1403636676313555456.000000 2.557263851 7.138947964 7.681429863 -0.319513738 0.037549965 0.111469962 0.940252900
1403636676363555584.000000 2.559340954 7.160674095 7.722268105 -0.311571240 0.034740623 0.098357663 0.944479883
1403636676413555456.000000 2.563227892 7.180870533 7.763244152 -0.302899569 0.031432316 0.087468319 0.948479414
1403636676463555584.000000 2.570088148 7.200363636 7.804427147 0.292126656 -0.029801587 -0.081416920 -0.952441692
1403636676513555456.000000 2.577732325 7.216890335 7.845495224 0.280307293 -0.029120320 -0.078834623 -0.956224382
1403636676563555584.000000 2.587987185 7.232430458 7.887417793 0.267760217 -0.031913184 -0.079796053 -0.959645092
1403636676613555456.000000 2.600962639 7.247191429 7.929789543 0.256441474 -0.034259550 -0.080829471 -0.962564588
1403636676663555584.000000 2.624508381 7.252492905 7.968380928 -0.247351840 0.037070151 0.082296036 0.964712560
1403636676713555456.000000 2.641806126 7.265785217 8.010048866 -0.239270046 0.040102497 0.084549583 0.966433167
1403636676763555584.000000 2.660598516 7.278355598 8.051001549 -0.232703269 0.043463811 0.086896919 0.967682302
1403636676813555456.000000 2.681664705 7.292043209 8.091120720 0.226271838 -0.045255024 -0.089655377 -0.968873024
1403636676863555584.000000 2.703593731 7.304526806 8.130629539 0.219557986 -0.046134964 -0.093063898 -0.970054150
1403636676913555456.000000 2.725515842 7.317004681 8.168843269 0.215206951 -0.047942951 -0.093952812 -0.970855474
1403636676963555584.000000 2.745463371 7.329576969 8.207202911 0.211869135 -0.049109902 -0.094897121 -0.971439302
1403636677013555456.000000 2.762103319 7.342408657 8.246540070 0.210815310 -0.049502432 -0.092840061 -0.971847296
1403636677063555584.000000 2.775275707 7.355569363 8.286911011 0.211943984 -0.048989095 -0.087580122 -0.972116053
1403636677113555456.000000 2.785115719 7.368572235 8.328796387 0.213711306 -0.048330437 -0.082260951 -0.972226739
1403636677163555584.000000 2.801322460 7.375077724 8.374441147 -0.216215447 0.046865396 0.077627689 0.972125769
1403636677213555456.000000 2.806047916 7.386889458 8.417633057 -0.217849404 0.047961511 0.073852926 0.972001612
1403636677263555584.000000 2.810928106 7.397739410 8.461075783 -0.218510300 0.050627023 0.070169546 0.971991003
1403636677313555456.000000 2.815208435 7.409008026 8.504773140 0.217143074 -0.054301169 -0.067355521 -0.972298026
1403636677363555584.000000 2.821576118 7.417907715 8.547160149 0.214322284 -0.059931125 -0.063109107 -0.972878039
1403636677413555456.000000 2.830213547 7.425536156 8.588457108 0.210405678 -0.066165954 -0.059152145 -0.973577201
1403636677463555584.000000 2.849757433 7.434234142 8.629462242 -0.205064073 0.072686180 0.055922590 0.974442482
1403636677513555456.000000 2.860989094 7.438544750 8.667054176 -0.197948053 0.078175284 0.054351110 0.975577354
1403636677563555584.000000 2.873348713 7.441480637 8.702755928 -0.189901426 0.082023181 0.052758079 0.976947427
1403636677613555456.000000 2.886912823 7.442748070 8.736427307 0.180278704 -0.083860375 -0.052772813 -0.978612363
1403636677663555584.000000 2.900936365 7.442914486 8.768125534 0.170241073 -0.083577141 -0.052969944 -0.980421901
1403636677713555456.000000 2.915699005 7.441878319 8.797513008 0.158636317 -0.083286129 -0.053837314 -0.982343972
1403636677763555584.000000 2.930704594 7.440023899 8.824579239 0.147025362 -0.080388434 -0.053811349 -0.984390974
1403636677813555456.000000 2.951136827 7.440244675 8.852778435 -0.133391559 0.075170860 0.056173995 0.986610651
1403636677863555584.000000 2.965672731 7.437510967 8.876019478 -0.118419230 0.069940075 0.059451856 0.988711655
1403636677913555456.000000 2.980859280 7.435426712 8.897925377 -0.103799976 0.064202562 0.060560308 0.990674555
1403636677963555584.000000 2.996959925 7.435581684 8.917846680 0.089727424 -0.059993058 -0.059725121 -0.992362201
1403636678013555456.000000 3.012453318 7.436091900 8.937475204 0.077234648 -0.055773012 -0.055637803 -0.993895710
1403636678063555584.000000 3.027286291 7.438172817 8.956852913 0.066223033 -0.054456044 -0.050192375 -0.995052636
1403636678113555456.000000 3.040939331 7.441871643 8.976179123 0.058487531 -0.054197941 -0.041380711 -0.995956540
1403636678163555584.000000 3.053304195 7.446880817 8.995855331 0.052123781 -0.054498661 -0.032771494 -0.996613860
1403636678213555456.000000 3.063905716 7.450721741 9.021081924 -0.047550853 0.053564571 0.023599999 0.997152328
1403636678263555584.000000 3.074139118 7.457263947 9.041018486 -0.042285141 0.053446561 0.015842723 0.997549236
1403636678313555456.000000 3.084516048 7.463453293 9.060232162 -0.035655230 0.053530671 0.010011630 0.997879267
1403636678363555584.000000 3.096495628 7.469842434 9.079195023 0.027137175 -0.054084022 -0.007643916 -0.998138368
1403636678413555456.000000 3.109211683 7.475943089 9.096994400 0.018669339 -0.052669995 -0.004614759 -0.998426855
1403636678463555584.000000 3.123568773 7.481928825 9.113832474 0.010247724 -0.051864732 -0.000921495 -0.998601139
1403636678513555456.000000 3.139095068 7.487757683 9.129783630 0.001664567 -0.050390370 0.003176969 -0.998723149
1403636678563555584.000000 3.156187773 7.493120670 9.144773483 -0.007553872 -0.050435130 0.006793534 -0.998675704
1403636678613555456.000000 3.171079636 7.496814728 9.161897659 0.017954787 0.050857883 -0.011448868 0.998478889
1403636678663555584.000000 3.188184977 7.501963139 9.175685883 0.027746432 0.051306129 -0.019566208 0.998105705
1403636678713555456.000000 3.204370260 7.506893158 9.190011978 0.036862198 0.051730786 -0.030577669 0.997511983
1403636678763555584.000000 3.218962193 7.511390209 9.204751015 0.046364188 0.051949788 -0.043120541 0.996640503
1403636678813555456.000000 3.233427048 7.514547825 9.219507217 -0.055169906 -0.051891979 0.056634057 -0.995518088
1403636678863555584.000000 3.243223190 7.518134594 9.236300468 0.063267477 0.051467169 -0.068835266 0.994288802
1403636678913555456.000000 3.252640247 7.519361496 9.252455711 0.070457488 0.051765136 -0.080642670 0.992901325
1403636678963555584.000000 3.259959698 7.518804550 9.268645287 0.079065584 0.051067028 -0.088491656 0.991619945
1403636679013555456.000000 3.266052246 7.516133308 9.284666061 -0.088848822 -0.052066494 0.093127690 -0.990314245
1403636679063555584.000000 3.270724535 7.511349201 9.300687790 -0.099896945 -0.053107724 0.095158234 -0.989012182
1403636679113555456.000000 3.273843527 7.504715443 9.316540718 -0.111626886 -0.055027667 0.096253924 -0.987545788
1403636679163555584.000000 3.275223970 7.496370792 9.332191467 -0.125045791 -0.056674704 0.093722455 -0.986087024
1403636679213555456.000000 3.275373459 7.486302376 9.348434448 0.140402660 0.059571784 -0.089509293 0.984238982
1403636679263555584.000000 3.276200294 7.475209713 9.362396240 0.155560017 0.061791375 -0.086124025 0.982123077
1403636679313555456.000000 3.277791023 7.463550568 9.374940872 0.170284495 0.062579691 -0.083831228 0.979826212
1403636679363555584.000000 3.280532837 7.451902866 9.386395454 -0.184381202 -0.063563906 0.084814996 -0.977123201
1403636679413555456.000000 3.284738541 7.440371513 9.396034241 -0.197370812 -0.062978886 0.086969644 -0.974430442
1403636679463555584.000000 3.290359735 7.429278374 9.403692245 -0.210049734 -0.062463529 0.090004250 -0.971533179
1403636679513555456.000000 3.297167540 7.418768406 9.409873009 -0.221397668 -0.061155289 0.094139032 -0.968700707
1403636679563555584.000000 3.305018187 7.409016609 9.414810181 -0.230915010 -0.059580956 0.098092824 -0.966181278
1403636679613555456.000000 3.310095072 7.401433945 9.419782639 0.239453688 0.058129013 -0.100727662 0.963917494
1403636679663555584.000000 3.319906712 7.393343449 9.422043800 0.246077612 0.055138379 -0.103576191 0.962121427
1403636679713555456.000000 3.330842972 7.386383057 9.422920227 0.251353949 0.053331885 -0.106708348 0.960515678
1403636679763555584.000000 3.343830824 7.381030083 9.421717644 -0.254869819 -0.053432193 0.110744260 -0.959125757
1403636679813555456.000000 3.358399868 7.375834465 9.419441223 -0.258040249 -0.056937993 0.112734221 -0.957843602
1403636679863555584.000000 3.375361919 7.370455265 9.416418076 -0.259771913 -0.061057020 0.114693426 -0.956888735
1403636679913555456.000000 3.393714428 7.365226746 9.412409782 -0.260122180 -0.067096062 0.118940353 -0.955870211
1403636679963555584.000000 3.412628412 7.359812260 9.407418251 -0.259582549 -0.068992428 0.122642606 -0.955413878
1403636680013555456.000000 3.425559998 7.354292870 9.402841568 0.256730050 0.072172761 -0.129430652 0.955054224
1403636680063555584.000000 3.445184946 7.349432468 9.393559456 0.253424436 0.074635521 -0.136561349 0.954754770
1403636680113555456.000000 3.463794708 7.344234467 9.382236481 0.249505267 0.078075916 -0.144535229 0.954337955
1403636680163555584.000000 3.480902672 7.338912010 9.370715141 -0.247030407 -0.079379402 0.148218095 -0.954309344
1403636680213555456.000000 3.495157480 7.332027435 9.357352257 -0.246866539 -0.079403378 0.147150427 -0.954514980
1403636680263555584.000000 3.507495880 7.324052811 9.342580795 -0.246622324 -0.082057580 0.146007165 -0.954529166
1403636680313555456.000000 3.517069101 7.315461159 9.326899529 -0.244161665 -0.083643258 0.148698896 -0.954608560
1403636680363555584.000000 3.523691654 7.305996895 9.310137749 -0.240186781 -0.082703792 0.154474840 -0.954781651
1403636680413555456.000000 3.527767420 7.295330048 9.292009354 -0.236419067 -0.080426395 0.159092411 -0.955158293
1403636680463555584.000000 3.529687166 7.283027649 9.272578239 -0.233527333 -0.078159288 0.162047386 -0.955560982
1403636680513555456.000000 3.520126581 7.263545990 9.260962486 0.229926810 0.076789588 -0.164255545 0.956167996
1403636680563555584.000000 3.517089128 7.247381210 9.239355087 0.229091972 0.074322857 -0.162586078 0.956848383
1403636680613555456.000000 3.512148142 7.229252815 9.216262817 0.229484826 0.073178962 -0.158628225 0.957506478
1403636680663555584.000000 3.505733013 7.208989620 9.193074226 -0.228978083 -0.072321594 0.156411767 -0.958057404
1403636680713555456.000000 3.497028112 7.186876774 9.168455124 -0.229587302 -0.069654576 0.152372152 -0.958759964
1403636680763555584.000000 3.486593723 7.163146019 9.142885208 -0.232148588 -0.065243617 0.143798560 -0.959777236
1403636680813555456.000000 3.475167990 7.138062954 9.116649628 -0.235149994 -0.061317161 0.134711698 -0.960623503
1403636680863555584.000000 3.462638855 7.112509251 9.090124130 -0.238875881 -0.056353990 0.123918697 -0.961460710
1403636680913555456.000000 3.448677778 7.086740494 9.063941956 -0.242406592 -0.049277928 0.113664851 -0.962232351
1403636680963555584.000000 3.436461926 7.063272476 9.042068481 0.244348705 0.039879952 -0.108073562 0.962820590
1403636681013555456.000000 3.419619322 7.037956238 9.017821312 0.243906856 0.031614881 -0.107477561 0.963306010
1403636681063555584.000000 3.401966333 7.012965679 8.994796753 0.243102014 0.023583440 -0.108485714 0.963626564
1403636681113555456.000000 3.384388924 6.987764835 8.973053932 -0.241687804 -0.018106490 0.111310378 -0.963778675
1403636681163555584.000000 3.367731333 6.962573051 8.952927589 -0.240701541 -0.018313751 0.113502972 -0.963765800
1403636681213555456.000000 3.352252960 6.936807156 8.934222221 -0.239378572 -0.024851926 0.117466755 -0.963473856
1403636681263555584.000000 3.338133812 6.910334110 8.916131973 -0.238771453 -0.034268171 0.120458029 -0.962966144
1403636681313555456.000000 3.325001955 6.883361816 8.897977829 -0.239089802 -0.041509360 0.121032856 -0.962530077
1403636681363555584.000000 3.313423872 6.855781078 8.879650116 -0.239494056 -0.048244931 0.120522983 -0.962179422
1403636681413555456.000000 3.303011656 6.827994823 8.860419273 -0.240946174 -0.052981243 0.118744753 -0.961788833
1403636681463555584.000000 3.299697399 6.798858166 8.847273827 0.242725864 0.055682708 -0.116146505 0.961505949
1403636681513555456.000000 3.291663408 6.770969868 8.825736046 0.243932098 0.057306737 -0.114831559 0.961263120
1403636681563555584.000000 3.283891201 6.742997646 8.803930283 0.244937152 0.057646673 -0.115075506 0.960958064
1403636681613555456.000000 3.274729967 6.717070103 8.782925606 -0.244562611 -0.058051616 0.117876753 -0.960689485
1403636681663555584.000000 3.264714241 6.690173626 8.761501312 -0.244797662 -0.058639921 0.119162597 -0.960435212
1403636681713555456.000000 3.253539085 6.663195610 8.740141869 -0.245103493 -0.059271440 0.120811723 -0.960112393
1403636681763555584.000000 3.241433859 6.635935307 8.718989372 -0.245494798 -0.060069192 0.121647410 -0.959857225
1403636681813555456.000000 3.228495836 6.608304977 8.697675705 -0.246111527 -0.060636271 0.122296222 -0.959581196
1403636681863555584.000000 3.221608162 6.577345371 8.679725647 0.246943861 0.060871605 -0.122172669 0.959368169
1403636681913555456.000000 3.210071564 6.549335957 8.656648636 0.247937769 0.061837308 -0.121827811 0.959093809
1403636681963555584.000000 3.199967861 6.520820141 8.632178307 0.249314576 0.061620969 -0.120903403 0.958867848
1403636682013555456.000000 3.191962481 6.492531300 8.607169151 -0.250642985 -0.061131965 0.119870894 -0.958682418
1403636682063555584.000000 3.185352564 6.463968277 8.580296516 -0.251935750 -0.060328804 0.118468769 -0.958568692
1403636682113555456.000000 3.179963827 6.435945988 8.551648140 -0.252937824 -0.060351066 0.117662854 -0.958402693
1403636682163555584.000000 3.175064325 6.408267975 8.521980286 -0.253839225 -0.059577905 0.116677068 -0.958333313
1403636682213555456.000000 3.169405937 6.380966663 8.492207527 -0.254285723 -0.056531891 0.116438985 -0.958428383
1403636682263555584.000000 3.156677008 6.352231979 8.466279984 0.254469424 0.052488249 -0.115897015 0.958675265
1403636682313555456.000000 3.148100138 6.325380325 8.438060760 0.253957927 0.046571404 -0.116845615 0.959001362
1403636682363555584.000000 3.138163567 6.298505306 8.410866737 0.253581911 0.040427469 -0.116977327 0.959363401
1403636682413555456.000000 3.126824141 6.272537708 8.385124207 -0.253061414 -0.037096553 0.116990261 -0.959633887
1403636682463555584.000000 3.116452932 6.245915413 8.360031128 -0.252806962 -0.038913555 0.116398871 -0.959700882
1403636682513555456.000000 3.105770588 6.219449997 8.335824013 -0.251627028 -0.043471761 0.117032722 -0.959738255
1403636682563555584.000000 3.094406366 6.192944527 8.312409401 -0.250468761 -0.048259471 0.117708892 -0.959729671
1403636682613555456.000000 3.081878424 6.166265011 8.289553642 -0.249610767 -0.052509423 0.118403159 -0.959644675
1403636682663555584.000000 3.068690300 6.139448166 8.267060280 -0.248524144 -0.056311443 0.118412063 -0.959710062
1403636682713555456.000000 3.055403709 6.112385273 8.244242668 -0.248636365 -0.058294520 0.116469659 -0.959800303
1403636682763555584.000000 3.043096781 6.085832119 8.213637352 0.248344824 0.060328413 -0.114336237 0.960006535
1403636682813555456.000000 3.032188416 6.059106350 8.189251900 0.247742593 0.062645219 -0.112920195 0.960181355
1403636682863555584.000000 3.022245407 6.032695770 8.163767815 0.246584952 0.064635836 -0.114259042 0.960189044
1403636682913555456.000000 3.013840914 6.006638527 8.137498856 -0.244339094 -0.065427445 0.116393812 -0.960453093
1403636682963555584.000000 3.006212950 5.980422497 8.109681129 -0.242765233 -0.066027962 0.118650138 -0.960535109
1403636683013555456.000000 2.998942852 5.954318523 8.080686569 -0.241263375 -0.066317849 0.121731460 -0.960507929
1403636683063555584.000000 2.991108418 5.927919388 8.051411629 -0.241079301 -0.067553937 0.121574461 -0.960487843
1403636683113555456.000000 2.981211185 5.901241779 8.022301674 -0.241407707 -0.066338748 0.121461384 -0.960504413
1403636683163555584.000000 2.969489574 5.874248505 7.993324280 -0.242489129 -0.065263994 0.119827211 -0.960510910
1403636683213555456.000000 2.955833673 5.847232342 7.964363098 -0.243719548 -0.063086666 0.118307412 -0.960533321
1403636683263555584.000000 2.934521198 5.825258255 7.924901009 0.244425759 0.062225875 -0.117299043 0.960533738
1403636683313555456.000000 2.918507099 5.798644543 7.896220207 0.245899647 0.061247099 -0.116086386 0.960367739
1403636683363555584.000000 2.900975227 5.771906376 7.867114067 0.247179538 0.060365014 -0.115139216 0.960209072
1403636683413555456.000000 2.881879568 5.744660378 7.838481903 -0.248210281 -0.059804134 0.114758871 -0.960023701
1403636683463555584.000000 2.862285376 5.718008995 7.810322285 -0.249677673 -0.058877952 0.113952339 -0.959796548
1403636683513555456.000000 2.842186451 5.691628933 7.782491207 -0.250142038 -0.058873538 0.114468530 -0.959614456
1403636683563555584.000000 2.821292639 5.665592670 7.754938126 -0.250953883 -0.058741909 0.114099853 -0.959454417
1403636683613555456.000000 2.799290895 5.639945984 7.727635860 -0.251291335 -0.057152309 0.114559248 -0.959407389
1403636683663555584.000000 2.768422127 5.619967937 7.692220211 0.252037048 0.054898705 -0.114557929 0.959343493
1403636683713555456.000000 2.745572805 5.594645977 7.665081978 0.252457887 0.052153312 -0.115013249 0.959331572
1403636683763555584.000000 2.723626614 5.569349289 7.637533665 0.253258497 0.049159218 -0.114170529 0.959379375
1403636683813555456.000000 2.704155684 5.544270039 7.609821320 -0.253428876 -0.046125170 0.115465060 -0.959330022
1403636683863555584.000000 2.685914278 5.519470215 7.581154346 -0.255114287 -0.043103792 0.113813013 -0.959221303
1403636683913555456.000000 2.669486523 5.494588852 7.552951813 -0.254911125 -0.042996828 0.116236180 -0.958989501
1403636683963555584.000000 2.655552387 5.469370365 7.524666309 -0.255906522 -0.042936936 0.115514763 -0.958814204
1403636684013555456.000000 2.635447741 5.450932026 7.487329006 0.257107645 0.044919495 -0.114900775 0.958475769
1403636684063555584.000000 2.626317024 5.425649643 7.458440781 0.258056402 0.046904564 -0.114905454 0.958125055
1403636684113555456.000000 2.618622780 5.400999069 7.428048611 0.258975714 0.048527140 -0.115263447 0.957753181
1403636684163555584.000000 2.613038540 5.376119614 7.398457050 -0.260092348 -0.049417119 0.115557104 -0.957369566
1403636684213555456.000000 2.608526707 5.351800919 7.367400646 -0.261312217 -0.050641418 0.115236863 -0.957011938
1403636684263555584.000000 2.605240583 5.327620506 7.335977554 -0.262740403 -0.051854193 0.114565745 -0.956636488
1403636684313555456.000000 2.601847172 5.303946972 7.304460526 -0.263445258 -0.053994361 0.115079507 -0.956262529
1403636684363555584.000000 2.596963644 5.280863762 7.273238659 -0.264388949 -0.055725891 0.114889413 -0.955925524
1403636684413555456.000000 2.590455055 5.258241653 7.242714405 -0.265152216 -0.056877214 0.114932545 -0.955641031
1403636684463555584.000000 2.573906183 5.240025043 7.203394890 0.266213894 0.057454910 -0.113908470 0.955433905
1403636684513555456.000000 2.563880920 5.218459129 7.173821926 -0.268114567 -0.057256550 0.111296922 -0.955222130
1403636684563555584.000000 2.552918911 5.197629452 7.144413948 -0.269135684 -0.058080003 0.109625407 -0.955078542
1403636684613555456.000000 2.539300919 5.178283691 7.113671780 0.270357907 0.058120821 -0.107659563 0.954954445
1403636684663555584.000000 2.525044918 5.159523487 7.084856510 0.271052390 0.058502093 -0.107128784 0.954793990
1403636684713555456.000000 2.509496689 5.141665459 7.056591511 0.271528333 0.059221927 -0.106511191 0.954683542
1403636684763555584.000000 2.492436886 5.124942303 7.028742790 0.271516472 0.059826143 -0.106947444 0.954600453
1403636684813555456.000000 2.473771334 5.109146595 7.001350403 0.271583736 0.060143951 -0.106795378 0.954578340
1403636684863555584.000000 2.453188181 5.094633102 6.974411964 0.271190971 0.059889395 -0.108014233 0.954568863
1403636684913555456.000000 2.431922674 5.081050873 6.947516441 0.269813180 0.061472122 -0.111000948 0.954516053
1403636684963555584.000000 2.421942472 5.063945293 6.927730560 0.267446131 0.061594769 -0.116478041 0.954521656
1403636685013555456.000000 2.401035547 5.052141190 6.899678707 -0.265373200 -0.061507948 0.119980164 -0.954671979
1403636685063555584.000000 2.381839514 5.039743900 6.871151924 -0.263824850 -0.061180364 0.122256376 -0.954833448
1403636685113555456.000000 2.365448952 5.029198647 6.840997696 -0.262706459 -0.059646502 0.123323388 -0.955101550
1403636685163555584.000000 2.349409580 5.017897606 6.809618950 -0.262128860 -0.056919485 0.122628666 -0.955516040
1403636685213555456.000000 2.334360123 5.007169724 6.776876450 -0.259885728 -0.055179290 0.125012383 -0.955921888
1403636685263555584.000000 2.320118189 4.996339321 6.743321419 -0.257456690 -0.053692907 0.127526700 -0.956331611
1403636685313555456.000000 2.307646990 4.984797001 6.709091187 -0.255246192 -0.052837893 0.129407495 -0.956719041
1403636685363555584.000000 2.299667835 4.964317322 6.675967693 0.253330231 0.052559968 -0.130448744 0.957102060
1403636685413555456.000000 2.287821770 4.951721191 6.641234875 0.252378911 0.052659292 -0.129536211 0.957471848
1403636685463555584.000000 2.274615765 4.938078880 6.606985569 0.252203792 0.051806491 -0.127488703 0.957839251
1403636685513555456.000000 2.259824514 4.924343109 6.573369980 -0.252095610 -0.051527143 0.125341713 -0.958166122
1403636685563555584.000000 2.243457079 4.910252571 6.540306568 -0.251857102 -0.050536230 0.123991899 -0.958457172
1403636685613555456.000000 2.225832939 4.895739555 6.507742882 -0.252237737 -0.050506771 0.121550471 -0.958671272
1403636685663555584.000000 2.207075596 4.881086349 6.475768566 -0.251403809 -0.051408112 0.121965148 -0.958789825
1403636685713555456.000000 2.186988354 4.866183758 6.444428444 -0.250890374 -0.052673750 0.122596487 -0.958775103
1403636685763555584.000000 2.165856123 4.850883961 6.413729668 -0.250506699 -0.053475056 0.123325847 -0.958737493
1403636685813555456.000000 2.144080400 4.835502148 6.383569717 -0.249420047 -0.055428904 0.125332698 -0.958649635
1403636685863555584.000000 2.126431465 4.818540573 6.355353832 0.248516604 0.056868501 -0.127183229 0.958556235
1403636685913555456.000000 2.102303743 4.801804066 6.325764656 0.248950154 0.056311671 -0.126198336 0.958606720
1403636685963555584.000000 2.077643633 4.785091400 6.296243668 0.250411808 0.054572642 -0.123510145 0.958676696
1403636686013555456.000000 2.051866293 4.768371582 6.264323711 -0.251496643 -0.052140791 0.121128403 -0.958831966
1403636686063555584.000000 2.027976990 4.751423836 6.232789993 -0.252863020 -0.048869852 0.118725568 -0.958945453
1403636686113555456.000000 2.006202698 4.734273434 6.200782299 -0.253719687 -0.046678539 0.116794109 -0.959065497
1403636686163555584.000000 1.986349344 4.718532085 6.173179150 0.253984272 0.046870191 -0.116132796 0.959066451
1403636686213555456.000000 1.968725801 4.701467037 6.140490055 0.253970861 0.045705657 -0.115306579 0.959225833
1403636686263555584.000000 1.952551007 4.684456825 6.107747555 0.254220486 0.044342384 -0.114102468 0.959367692
1403636686313555456.000000 1.938070893 4.666867256 6.075662613 -0.254229099 -0.042984989 0.113497935 -0.959498942
1403636686363555584.000000 1.925549626 4.649731159 6.042779922 -0.254482955 -0.041922871 0.112794764 -0.959561527
1403636686413555456.000000 1.913971066 4.632814884 6.010296345 -0.253974885 -0.041021410 0.113279186 -0.959677994
1403636686463555584.000000 1.901683092 4.616071701 5.978722572 -0.254019082 -0.039411422 0.113080226 -0.959757268
1403636686513555456.000000 1.888280034 4.599789619 5.948359966 -0.254306972 -0.037825670 0.112539619 -0.959808350
1403636686563555584.000000 1.874269009 4.583381176 5.919410706 -0.254002124 -0.037879068 0.113138519 -0.959816575
1403636686613555456.000000 1.858978271 4.567161083 5.891685009 -0.253901362 -0.037734266 0.114783093 -0.959653616
1403636686663555584.000000 1.842509627 4.554665089 5.866837502 0.254077941 0.037854042 -0.115409881 0.959527016
1403636686713555456.000000 1.825817227 4.538300991 5.841663361 0.254377335 0.038194939 -0.115263931 0.959451735
1403636686763555584.000000 1.809340358 4.521956921 5.816820145 0.255057752 0.039721116 -0.114732169 0.959272861
1403636686813555456.000000 1.793134570 4.504821777 5.793254852 -0.255278140 -0.041537389 0.114456050 -0.959170222
1403636686863555584.000000 1.779116750 4.488137245 5.769034863 -0.256236047 -0.042679500 0.113401048 -0.958989978
1403636686913555456.000000 1.767164230 4.471671104 5.744380951 -0.257031649 -0.043834928 0.112276778 -0.958857298
1403636686963555584.000000 1.756960630 4.455565453 5.719274044 -0.257565469 -0.044665303 0.111601755 -0.958754539
1403636687013555456.000000 1.748603940 4.439614773 5.694015026 -0.258267462 -0.045681965 0.111098878 -0.958576143
1403636687063555584.000000 1.741885781 4.424015045 5.668531418 -0.258620739 -0.045789070 0.109999478 -0.958602548
1403636687113555456.000000 1.736596346 4.408917904 5.642515659 -0.258948326 -0.045803960 0.109986283 -0.958514929
1403636687163555584.000000 1.732547283 4.395003319 5.616997242 0.259472489 0.045919646 -0.110103592 0.958354175
1403636687213555456.000000 1.727139235 4.380811691 5.591690540 0.259480834 0.047466181 -0.110070951 0.958280265
1403636687263555584.000000 1.720103741 4.366840363 5.567084789 0.259646714 0.047938921 -0.110525802 0.958159447
1403636687313555456.000000 1.713437676 4.352951050 5.543063641 -0.259946138 -0.048757203 0.110608771 -0.958027422
1403636687363555584.000000 1.704522967 4.339901924 5.520246029 -0.259747297 -0.050625455 0.111298293 -0.957904577
1403636687413555456.000000 1.694289804 4.327168465 5.498327255 -0.259873718 -0.052005127 0.112029150 -0.957711160
1403636687463555584.000000 1.682669163 4.314726830 5.477203846 -0.259986073 -0.052855775 0.112275615 -0.957605243
1403636687513555456.000000 1.669461608 4.302600384 5.456980228 -0.260177612 -0.053389065 0.112054907 -0.957549453
1403636687563555584.000000 1.652068257 4.287814617 5.438961506 0.261012763 0.053113725 -0.110840961 0.957478762
1403636687613555456.000000 1.635430455 4.276399612 5.420320511 0.261823207 0.054021616 -0.109789640 0.957327843
1403636687663555584.000000 1.616750956 4.265751839 5.401842117 -0.262666672 -0.053923093 0.109057382 -0.957185984
1403636687713555456.000000 1.596900344 4.255638123 5.384232044 -0.263652205 -0.055132337 0.107626788 -0.957008064
1403636687763555584.000000 1.575241804 4.245906830 5.367447376 -0.264200270 -0.054492224 0.107303649 -0.956929862
1403636687813555456.000000 1.552667975 4.236753941 5.351422310 -0.264052719 -0.054494563 0.108138792 -0.956876457
1403636687863555584.000000 1.532195330 4.224963665 5.337403297 0.263885379 0.053628113 -0.108699545 0.956908047
1403636687913555456.000000 1.507475734 4.216878891 5.322761059 0.263450712 0.053585202 -0.110104665 0.956869543
1403636687963555584.000000 1.481838346 4.209254742 5.308582306 0.262556642 0.053897407 -0.112740658 0.956790805
1403636688013555456.000000 1.455748320 4.201796532 5.294494629 -0.261778235 -0.054621760 0.114448942 -0.956760287
1403636688063555584.000000 1.429340363 4.194406986 5.280710697 -0.260484129 -0.055353876 0.118276067 -0.956605911
1403636688113555456.000000 1.403618217 4.187317848 5.266033649 -0.259340703 -0.055884760 0.120863929 -0.956562221
1403636688163555584.000000 1.379635215 4.180894852 5.250580788 0.258960724 0.055553954 -0.121850327 0.956559300
1403636688213555456.000000 1.356788874 4.173242092 5.234022141 0.258954227 0.055324845 -0.121849693 0.956574440
1403636688263555584.000000 1.335191131 4.165387154 5.216482162 0.259664655 0.055768549 -0.120533146 0.956522882
1403636688313555456.000000 1.314427972 4.156601906 5.197686195 -0.260708630 -0.054215964 0.118290976 -0.956608057
1403636688363555584.000000 1.294446826 4.148193359 5.178585052 -0.261661887 -0.053322822 0.116173781 -0.956657410
1403636688413555456.000000 1.273826361 4.139996052 5.159826279 -0.261858732 -0.051707529 0.115915626 -0.956723511
1403636688463555584.000000 1.253681540 4.134472847 5.143722057 0.260997772 0.052287579 -0.117652081 0.956715286
1403636688513555456.000000 1.231573701 4.126715660 5.125661850 0.260017186 0.052267265 -0.120298877 0.956654310
1403636688563555584.000000 1.208731055 4.119086742 5.108189106 0.257985115 0.052916098 -0.124667682 0.956609428
1403636688613555456.000000 1.184663534 4.111114502 5.090873718 -0.256189644 -0.053305898 0.129398391 -0.956442118
1403636688663555584.000000 1.159825087 4.102435112 5.073956966 -0.255314350 -0.053908862 0.132341072 -0.956239700
1403636688713555456.000000 1.134086490 4.093235493 5.057324409 -0.255160391 -0.054305721 0.133910641 -0.956039786
1403636688763555584.000000 1.108027577 4.083781242 5.043407917 0.255446464 0.053878270 -0.135561734 0.955754876
1403636688813555456.000000 1.082196236 4.073049545 5.026263237 0.257067412 0.053157374 -0.134223938 0.955549419
1403636688863555584.000000 1.057620287 4.061189651 5.008358955 0.258863866 0.051877160 -0.135542721 0.954948366
1403636688913555456.000000 1.034903646 4.048412800 4.988291264 -0.262634665 -0.049947988 0.135175765 -0.954073250
1403636688963555584.000000 1.013660431 4.034774780 4.968012810 -0.266387641 -0.047440346 0.134511188 -0.953254282
1403636689013555456.000000 0.994258225 4.020379066 4.946897984 -0.270100206 -0.045272347 0.133762628 -0.952420056
1403636689063555584.000000 0.975905776 4.006445408 4.923270702 0.274110794 0.043334190 -0.132496431 0.951540947
1403636689113555456.000000 0.960313141 3.990931988 4.901053429 0.278174430 0.040997591 -0.131172493 0.950648189
1403636689163555584.000000 0.946568131 3.974976063 4.878101826 -0.281835139 -0.038359698 0.130461678 -0.949777484
1403636689213555456.000000 0.934808016 3.959137201 4.854499817 -0.284626544 -0.036480512 0.131206140 -0.948916197
1403636689263555584.000000 0.924867332 3.943408489 4.830469131 -0.287462741 -0.035063669 0.131001011 -0.948142648
1403636689313555456.000000 0.917196870 3.927309513 4.806633949 -0.289705813 -0.033311091 0.131578043 -0.947443008
1403636689363555584.000000 0.912122190 3.910875797 4.782958984 -0.291597992 -0.033305801 0.131954566 -0.946810126
1403636689413555456.000000 0.907072842 3.890127182 4.768724918 0.293236613 0.033529419 -0.132873669 0.946167350
1403636689463555584.000000 0.906067729 3.873166084 4.744781494 0.294799089 0.033666160 -0.132566705 0.945719957
1403636689513555456.000000 0.907492757 3.856625557 4.720126629 -0.295808494 -0.032798827 0.132954180 -0.945380747
1403636689563555584.000000 0.909809530 3.840183735 4.695268631 -0.296888053 -0.030834069 0.132735059 -0.945139289
1403636689613555456.000000 0.913470924 3.824279070 4.669897556 -0.297473878 -0.028105581 0.132526383 -0.945069373
1403636689663555584.000000 0.917447031 3.808213711 4.645496368 -0.298457503 -0.024409108 0.130738437 -0.945111036
1403636689713555456.000000 0.921676934 3.784887791 4.634722233 0.299498886 0.019567706 -0.128155664 0.945248008
1403636689763555584.000000 0.924143314 3.768363953 4.614464283 0.300459057 0.013692197 -0.124198139 0.945574880
1403636689813555456.000000 0.926448941 3.751370907 4.596575737 -0.301382244 -0.010295829 0.120775543 -0.945767462
1403636689863555584.000000 0.929128051 3.734407663 4.580752373 -0.302223295 -0.009791872 0.116969131 -0.945982814
1403636689913555456.000000 0.931960583 3.717477798 4.567202568 -0.304357052 -0.009743923 0.110217579 -0.946109951
1403636689963555584.000000 0.935221136 3.700959921 4.556173325 -0.305098802 -0.011161861 0.105861068 -0.946352780
1403636690013555456.000000 0.940560281 3.681078434 4.555118084 0.304549187 0.012503602 -0.104776807 0.946633697
1403636690063555584.000000 0.943881035 3.666113853 4.549522400 -0.303298861 -0.013651587 0.105850331 -0.946899772
1403636690113555456.000000 0.946876824 3.651736498 4.546509266 -0.300711304 -0.013538437 0.110747516 -0.947166502
1403636690163555584.000000 0.950406492 3.638385773 4.544764996 -0.297557086 -0.014557286 0.116476774 -0.947460353
1403636690213555456.000000 0.955525458 3.624834538 4.544775963 -0.295025587 -0.015281691 0.121137984 -0.947656095
1403636690263555584.000000 0.963293195 3.610784054 4.545704365 -0.293762654 -0.016277088 0.123076200 -0.947782040
1403636690313555456.000000 0.973051429 3.596409321 4.547695160 -0.292506933 -0.017640684 0.125524312 -0.947824955
1403636690363555584.000000 0.984881163 3.581594229 4.550753117 -0.291366518 -0.018722029 0.126963004 -0.947963893
1403636690413555456.000000 0.997635722 3.566303730 4.554637909 -0.290886194 -0.019330796 0.127597660 -0.948013961
1403636690463555584.000000 1.012532592 3.549895763 4.558815479 0.291258782 0.020121647 -0.126190290 0.948071480
1403636690513555456.000000 1.025343060 3.534235954 4.565083027 0.292893916 0.020846954 -0.122010171 0.948099256
1403636690563555584.000000 1.037095547 3.518112421 4.573244095 -0.294324934 -0.021442797 0.118434526 -0.948096156
1403636690613555456.000000 1.047905207 3.502430916 4.583155632 -0.296632677 -0.019692706 0.112288132 -0.948162794
1403636690663555584.000000 1.058396339 3.487172127 4.594766617 -0.298773825 -0.019718798 0.106754951 -0.948129058
1403636690713555456.000000 1.069360852 3.474720955 4.605445385 0.302616805 0.020565368 -0.097539559 0.947885096
1403636690763555584.000000 1.075407147 3.461338282 4.621870995 0.306579947 0.020987339 -0.087226592 0.947607398
1403636690813555456.000000 1.078544497 3.449389935 4.641520023 0.309798539 0.022379240 -0.079262368 0.947228312
1403636690863555584.000000 1.079311252 3.440601826 4.662482262 0.312451988 0.026305506 -0.072812080 0.946773589
1403636690913555456.000000 1.080079436 3.433374643 4.686692238 0.314731836 0.032025818 -0.067489833 0.946236432
1403636690963555584.000000 1.082444072 3.429591656 4.711581230 0.317376316 0.039497431 -0.061515532 0.945477724
1403636691013555456.000000 1.086636186 3.428473234 4.737349033 0.319611698 0.048604134 -0.056730345 0.944599211
1403636691063555584.000000 1.093916535 3.431355000 4.763204575 0.321240127 0.057213735 -0.053916309 0.943729043
1403636691113555456.000000 1.102107286 3.437582493 4.789135933 0.321983635 0.063241258 -0.054071009 0.943081915
1403636691163555584.000000 1.113996148 3.449297428 4.813166142 0.321460098 0.071416952 -0.056981660 0.942505300
1403636691213555456.000000 1.125120282 3.465923786 4.834362984 0.319274634 0.078862421 -0.064570911 0.942165136
1403636691263555584.000000 1.139958024 3.485997438 4.855389595 0.315598637 0.086030744 -0.075396836 0.941972136
1403636691313555456.000000 1.154784679 3.510145664 4.873953342 0.311985165 0.090046056 -0.086144984 0.941879034
1403636691363555584.000000 1.170200109 3.537448883 4.890403271 0.309165120 0.090794861 -0.095341906 0.941850960
1403636691413555456.000000 1.183612347 3.565262794 4.904561996 0.307985693 0.084684454 -0.101759441 0.942135096
1403636691463555584.000000 1.200507522 3.595318079 4.917292118 0.307148457 0.076120242 -0.107069589 0.942550600
1403636691513555456.000000 1.219013572 3.625967979 4.928619862 0.307549775 0.067660473 -0.109488592 0.942787111
1403636691563555584.000000 1.237461329 3.660079002 4.936180592 0.308114707 0.062636636 -0.111388937 0.942727208
1403636691613555456.000000 1.260505915 3.692283154 4.944176197 0.308122993 0.058190119 -0.114814438 0.942598462
1403636691663555584.000000 1.285035849 3.725082397 4.951511860 0.306155890 0.056581527 -0.121203601 0.942537427
1403636691713555456.000000 1.309072375 3.758502007 4.958672047 0.303761184 0.054759853 -0.128548458 0.942446709
1403636691763555584.000000 1.332050562 3.791808605 4.965776443 0.302020013 0.055319354 -0.134017050 0.942211866
1403636691813555456.000000 1.349188805 3.828861237 4.970872402 0.301888734 0.054480318 -0.135412604 0.942103207
1403636691863555584.000000 1.367254734 3.861911774 4.978172779 0.302547872 0.053040791 -0.134560511 0.942096055
1403636691913555456.000000 1.383315206 3.895442963 4.984912872 0.303590626 0.052736230 -0.131960586 0.942145467
1403636691963555584.000000 1.398792386 3.928506851 4.992180824 0.305342853 0.056085724 -0.128096849 0.941919029
1403636692013555456.000000 1.413174152 3.961649895 4.999516487 0.306529224 0.059722215 -0.124848500 0.941746235
1403636692063555584.000000 1.426500559 3.995213032 5.006706238 0.307264656 0.059660353 -0.122651324 0.941799223
1403636692113555456.000000 1.439775825 4.029287815 5.013219833 0.306195766 0.059259761 -0.124321416 0.941953659
1403636692163555584.000000 1.454646111 4.063409805 5.019043922 0.303531349 0.060401708 -0.129287288 0.942074955
1403636692213555456.000000 1.470345020 4.097435951 5.023530483 0.301957816 0.059655987 -0.132340625 0.942204177
1403636692263555584.000000 1.486699104 4.131567955 5.026516914 0.300868064 0.058475614 -0.133757532 0.942426622
1403636692313555456.000000 1.509721041 4.168349266 5.025184631 0.301107317 0.057556510 -0.133031830 0.942509532
1403636692363555584.000000 1.529273987 4.202753067 5.023853779 0.301753312 0.055982310 -0.130557716 0.942743659
1403636692413555456.000000 1.550165415 4.237328529 5.021445751 0.300933689 0.054513697 -0.130923063 0.943041027
1403636692463555584.000000 1.570899487 4.271076202 5.018190861 0.299372971 0.054182597 -0.133434907 0.943204761
1403636692513555456.000000 1.593669653 4.304896832 5.013998508 0.296818763 0.055244140 -0.137360528 0.943386912
1403636692563555584.000000 1.617505908 4.337982178 5.008682728 0.296118408 0.055583995 -0.137498692 0.943566859
1403636692613555456.000000 1.642836332 4.370158195 5.002416611 0.296177298 0.054942239 -0.136255860 0.943766236
1403636692663555584.000000 1.680075049 4.399632454 4.995716572 0.295869797 0.054139175 -0.135330051 0.944042265
1403636692713555456.000000 1.706716776 4.431225777 4.988335609 0.293945491 0.052581754 -0.138117298 0.944327712
1403636692763555584.000000 1.731677175 4.462697029 4.980927467 -0.289963871 -0.051200423 0.145804018 -0.944479108
1403636692813555456.000000 1.753097057 4.493909836 4.973577976 -0.285072625 -0.049634900 0.155080780 -0.944573939
1403636692863555584.000000 1.774818540 4.523157597 4.966520309 -0.281800568 -0.048995450 0.161722034 -0.944475472
1403636692913555456.000000 1.802084923 4.549889565 4.959181309 0.279427797 0.047937889 -0.166892096 0.944335341
1403636692963555584.000000 1.821441054 4.574756145 4.951862812 0.279285192 0.046629626 -0.167107254 0.944404960
1403636693013555456.000000 1.839818597 4.596572876 4.944730759 -0.280714959 -0.044235859 0.164094850 -0.944624424
1403636693063555584.000000 1.857098579 4.616812706 4.937428951 -0.282492638 -0.044332780 0.160108700 -0.944773912
1403636693113555456.000000 1.873175740 4.635142803 4.930377007 -0.284538299 -0.045604847 0.156317636 -0.944734395
1403636693163555584.000000 1.887342572 4.652038097 4.923765659 -0.286664784 -0.045948613 0.152395055 -0.944715738
1403636693213555456.000000 1.899607182 4.667850971 4.917917252 -0.287658721 -0.043788265 0.150916219 -0.944753647
1403636693263555584.000000 1.910401344 4.682706356 4.912643433 -0.288787663 -0.039653473 0.149032846 -0.944890738
1403636693313555456.000000 1.919926405 4.696553707 4.907926559 -0.290182322 -0.034237493 0.146625891 -0.945051789
1403636693363555584.000000 1.928796053 4.709583759 4.903783321 -0.291388124 -0.029416131 0.144708395 -0.945138752
1403636693413555456.000000 1.943781853 4.725676060 4.897844315 0.292690665 0.024467913 -0.143066466 0.945127249
1403636693463555584.000000 1.951708913 4.736907005 4.895672798 0.293572634 0.019499136 -0.142405376 0.945069075
1403636693513555456.000000 1.958832741 4.747045040 4.894670010 -0.293754667 -0.012819661 0.141438261 -0.945271969
1403636693563555584.000000 1.965873599 4.756340027 4.895361423 -0.293620527 -0.006170799 0.142084390 -0.945283532
1403636693613555456.000000 1.973278880 4.764510632 4.897663593 -0.293439120 -0.001605882 0.143332556 -0.945170224
1403636693663555584.000000 1.981199265 4.771393776 4.901822090 -0.293319494 0.001117502 0.143891498 -0.945123136
1403636693713555456.000000 1.989927769 4.776644230 4.907649994 -0.293988883 0.000047225 0.143293023 -0.945006728
1403636693763555584.000000 1.999403596 4.780428886 4.915300846 -0.295088291 -0.005557457 0.142459273 -0.944773734
1403636693813555456.000000 2.008755207 4.783305168 4.924675941 -0.295623899 -0.011250854 0.141985893 -0.944626927
1403636693863555584.000000 2.018321991 4.784937382 4.935630798 -0.296817899 -0.018209422 0.140368983 -0.944385648
1403636693913555456.000000 2.024704695 4.786626816 4.946420670 0.298769832 0.026397061 -0.137075827 0.944060445
1403636693963555584.000000 2.033349991 4.786716461 4.959461212 0.299525291 0.034347598 -0.136166245 0.943696797
1403636694013555456.000000 2.041998625 4.786081314 4.973708153 0.301430941 0.042035770 -0.133148625 0.943209350
1403636694063555584.000000 2.049469948 4.785507202 4.988174915 0.302236557 0.048146065 -0.131865457 0.942839682
1403636694113555456.000000 2.056089640 4.785236359 5.002505302 0.303068250 0.050914753 -0.131105453 0.942533195
1403636694163555584.000000 2.063376904 4.785153866 5.016077042 0.303577721 0.053868815 -0.130582973 0.942277491
1403636694213555456.000000 2.071813345 4.785548687 5.028287411 0.303954184 0.055498235 -0.130168989 0.942118883
1403636694263555584.000000 2.080579519 4.786071777 5.039682865 0.303919584 0.055249818 -0.131239668 0.941996038
1403636694313555456.000000 2.090718031 4.786523819 5.050004005 0.304051220 0.053455964 -0.131908700 0.941963553
1403636694363555584.000000 2.101567745 4.787193298 5.058969498 0.304212064 0.050444182 -0.131302580 0.942162454
1403636694413555456.000000 2.111850023 4.789284706 5.062723637 0.303967506 0.047288653 -0.132504746 0.942236722
1403636694463555584.000000 2.122532129 4.790573120 5.071685314 0.303382546 0.045087140 -0.133120805 0.942446351
1403636694513555456.000000 2.132456541 4.791543007 5.080572128 0.302557409 0.043825906 -0.134481966 0.942577839
1403636694563555584.000000 2.140681028 4.792055607 5.091506004 0.302497447 0.042747349 -0.134778887 0.942604184
1403636694613555456.000000 2.147898912 4.792808056 5.102281570 -0.302009374 -0.042058472 0.135057554 -0.942751825
1403636694663555584.000000 2.153663874 4.793253899 5.113813400 -0.301419228 -0.042008493 0.135598108 -0.942865312
1403636694713555456.000000 2.158366919 4.793549061 5.125732899 -0.301088959 -0.043415509 0.135787502 -0.942879856
1403636694763555584.000000 2.161800385 4.793714046 5.137695789 0.301752329 0.045093149 -0.132980123 0.942989111
1403636694813555456.000000 2.163969278 4.793932915 5.149888515 0.301342815 0.046938431 -0.132082105 0.943156183
1403636694863555584.000000 2.164000750 4.794279099 5.162337303 0.303544939 0.044944517 -0.126195803 0.943353176
1403636694913555456.000000 2.163983583 4.793482780 5.172421932 0.304630101 0.043418638 -0.121335357 0.943712413
1403636694963555584.000000 2.162957191 4.794692993 5.185480118 0.305854052 0.041471861 -0.116764545 0.943980634
1403636695013555456.000000 2.161637783 4.796699524 5.199963570 0.306238055 0.040189333 -0.114872299 0.944143832
1403636695063555584.000000 2.161012411 4.799548626 5.214142799 0.304723680 0.039347671 -0.116827816 0.944429219
1403636695113555456.000000 2.162042856 4.803315163 5.227575302 0.302816212 0.040625211 -0.119525880 0.944651067
1403636695163555584.000000 2.164609432 4.807469845 5.240468502 0.301330745 0.040857486 -0.120913170 0.944939435
1403636695213555456.000000 2.169404507 4.811710835 5.252986431 0.299200267 0.042168844 -0.123499654 0.945224285
1403636695263555584.000000 2.175945044 4.816213608 5.264672756 0.297383487 0.043884769 -0.125791371 0.945417225
1403636695313555456.000000 2.184208632 4.821154118 5.275507450 0.295831710 0.045179281 -0.127260879 0.945646405
1403636695363555584.000000 2.193807364 4.825811863 5.285261631 0.294330657 0.046243530 -0.128362402 0.945914507
1403636695413555456.000000 2.206372023 4.825434208 5.297771931 0.293443918 0.046711385 -0.128624201 0.946131349
1403636695463555584.000000 2.217449903 4.829764366 5.306290150 0.292532623 0.047775403 -0.129296988 0.946268678
1403636695513555456.000000 2.228372574 4.834063530 5.314532280 -0.291028231 -0.049011603 0.131427497 -0.946375847
1403636695563555584.000000 2.238102674 4.839386940 5.321112156 -0.290080100 -0.050449517 0.132210597 -0.946482301
1403636695613555456.000000 2.246432066 4.843844891 5.328942299 -0.288716465 -0.051634368 0.133908570 -0.946596682
1403636695663555584.000000 2.253252983 4.848117828 5.336892605 -0.287074476 -0.052982975 0.136232689 -0.946689904
1403636695713555456.000000 2.258487940 4.851823330 5.344976425 -0.286527485 -0.053597983 0.136390880 -0.946798146
1403636695763555584.000000 2.262069702 4.855243683 5.352940559 -0.287079841 -0.052032221 0.133416206 -0.947142005
1403636695813555456.000000 2.264518023 4.858585835 5.360994816 -0.286909699 -0.051464435 0.133102015 -0.947268784
1403636695863555584.000000 2.265926600 4.861891747 5.369392872 -0.286983907 -0.051232882 0.132027820 -0.947409213
1403636695913555456.000000 2.269789696 4.858572960 5.389386654 0.286273569 0.050376050 -0.132016137 0.947671652
1403636695963555584.000000 2.269189596 4.861067295 5.398590088 0.286360383 0.047959045 -0.131045356 0.947905481
1403636696013555456.000000 2.267909527 4.862856388 5.408585548 0.286273211 0.045228496 -0.129808486 0.948236167
1403636696063555584.000000 2.263386250 4.865993500 5.414885998 -0.285286605 -0.041749630 0.130677134 -0.948573709
1403636696113555456.000000 2.260106802 4.867958546 5.424033642 -0.283402592 -0.038717620 0.133298561 -0.948902249
1403636696163555584.000000 2.256731987 4.869494438 5.433322430 -0.281443179 -0.038029280 0.136678264 -0.949032485
1403636696213555456.000000 2.252573967 4.870622635 5.442828178 -0.279991060 -0.037141919 0.138991714 -0.949161112
1403636696263555584.000000 2.248453617 4.870932102 5.452277660 -0.279246956 -0.040349644 0.140040785 -0.949095190
1403636696313555456.000000 2.243963718 4.870221138 5.461852551 -0.279948711 -0.043837618 0.138421476 -0.948971331
1403636696363555584.000000 2.240296841 4.868851662 5.471522808 -0.280771285 -0.051501725 0.135515243 -0.948762715
1403636696413555456.000000 2.240248203 4.862638474 5.493608952 0.282747805 0.058989778 -0.130599961 0.948429048
1403636696463555584.000000 2.237388134 4.860649586 5.502038956 0.284573704 0.062954985 -0.125441536 0.948324263
1403636696513555456.000000 2.235168695 4.859395027 5.507267475 0.284455657 0.064495236 -0.124524474 0.948377073
1403636696563555584.000000 2.233659029 4.858455658 5.511424065 0.284410745 0.063110575 -0.123185396 0.948658526
1403636696613555456.000000 2.232671738 4.858388901 5.513202667 0.284320951 0.062239122 -0.123140387 0.948748887
1403636696663555584.000000 2.232266188 4.858781815 5.513748646 0.284450978 0.060103860 -0.121861801 0.949012637
1403636696713555456.000000 2.232727289 4.859640598 5.513329983 0.284522265 0.059523977 -0.121634640 0.949056923
1403636696763555584.000000 2.232375860 4.860865593 5.512907505 0.284404278 0.057652421 -0.121700309 0.949199438
1403636696813555456.000000 2.231004715 4.862269402 5.512948990 0.283626258 0.057580888 -0.122894853 0.949282646
1403636696863555584.000000 2.228314400 4.864098549 5.513366699 0.283301413 0.056707382 -0.123893298 0.949302375
1403636696913555456.000000 2.228148937 4.858814716 5.524683475 0.282327980 0.057173807 -0.125531897 0.949349165
1403636696963555584.000000 2.223943233 4.860006332 5.526013851 -0.279752940 -0.059055790 0.131578162 -0.949177504
1403636697013555456.000000 2.220431566 4.859351158 5.529706955 -0.276837409 -0.060878616 0.138168931 -0.948980629
1403636697063555584.000000 2.211999416 4.862924099 5.523745537 -0.274120718 -0.062905729 0.144115627 -0.948752522
1403636697113555456.000000 2.207120180 4.863112450 5.521335602 -0.270780683 -0.064460233 0.151079103 -0.948524058
1403636697163555584.000000 2.203270197 4.862207890 5.516751289 -0.268327087 -0.066114470 0.156053498 -0.948302090
1403636697213555456.000000 2.201442480 4.859227180 5.509860992 -0.266993403 -0.067781337 0.158799648 -0.948104918
1403636697263555584.000000 2.200107336 4.854644299 5.500621319 -0.266135484 -0.068616636 0.159554109 -0.948159397
1403636697313555456.000000 2.199253082 4.848191261 5.489409447 -0.267097503 -0.065374576 0.157314017 -0.948492169
1403636697363555584.000000 2.199700594 4.839924812 5.476285934 -0.269044936 -0.061584324 0.151715294 -0.949107289
1403636697413555456.000000 2.200871944 4.832546711 5.459648609 0.271483749 0.057096168 -0.145923451 0.949601471
1403636697463555584.000000 2.203762054 4.821757793 5.443613529 0.273572415 0.052555207 -0.141379401 0.949951589
1403636697513555456.000000 2.208202124 4.810190201 5.426046371 0.274473548 0.049058083 -0.137834609 0.950399578
1403636697563555584.000000 2.215671301 4.797672272 5.405638695 -0.273217678 -0.047154866 0.135608539 -0.951177657
1403636697613555456.000000 2.222807884 4.785193443 5.386507034 -0.269533068 -0.047267884 0.134486631 -0.952381790
1403636697663555584.000000 2.228913069 4.772562981 5.368228436 -0.263455868 -0.047988579 0.132967666 -0.954257727
1403636697713555456.000000 2.233285666 4.759934902 5.350455284 -0.255747050 -0.047672816 0.129338026 -0.956865907
1403636697763555584.000000 2.235773325 4.747343063 5.333241940 -0.245734334 -0.046675842 0.126361579 -0.959931672
1403636697813555456.000000 2.230292082 4.743418217 5.309918880 0.235899061 0.047436018 -0.122002587 0.962921023
1403636697863555584.000000 2.229954720 4.729923248 5.293460369 0.226634249 0.047853600 -0.117501155 0.965681374
1403636697913555456.000000 2.227998495 4.715890884 5.276995182 0.218079835 0.047646530 -0.113126516 0.968180537
1403636697963555584.000000 2.225782394 4.700919628 5.261405468 -0.210778043 -0.047662076 0.108409978 -0.970334172
1403636698013555456.000000 2.221626759 4.685384750 5.246257782 -0.204435036 -0.047102805 0.104761064 -0.972117662
1403636698063555584.000000 2.216573477 4.669288158 5.231546402 -0.199017391 -0.047978014 0.102048688 -0.973486722
1403636698113555456.000000 2.210091829 4.652503490 5.217172146 -0.194709912 -0.047388133 0.098944396 -0.974706352
1403636698163555584.000000 2.202393770 4.635247707 5.203524590 -0.191192493 -0.047204811 0.096165985 -0.975689173
1403636698213555456.000000 2.193731785 4.617832661 5.190561295 -0.187604502 -0.047742341 0.093870923 -0.976582587
1403636698263555584.000000 2.183666706 4.600703716 5.178214073 -0.182902649 -0.047502428 0.091051474 -0.977752507
1403636698313555456.000000 2.164978743 4.587686539 5.156716347 0.176678464 0.047987096 -0.089177378 0.979045153
1403636698363555584.000000 2.152954102 4.570624828 5.145026207 0.169318646 0.048820384 -0.086399734 0.980552375
1403636698413555456.000000 2.140092373 4.553500652 5.133522987 0.160768926 0.048312936 -0.083433323 0.982271910
1403636698463555584.000000 2.128021955 4.535857677 5.123746395 -0.151761770 -0.047286522 0.079621412 -0.984069526
1403636698513555456.000000 2.114318848 4.518362999 5.113733292 -0.141628787 -0.046974931 0.076709114 -0.985824764
1403636698563555584.000000 2.100388050 4.500679016 5.104230404 -0.131050289 -0.046835169 0.072248004 -0.987629771
1403636698613555456.000000 2.085760355 4.482781887 5.095333576 -0.120017223 -0.046612497 0.067254521 -0.989393771
1403636698663555584.000000 2.070079565 4.464701653 5.086860180 -0.108719394 -0.045848567 0.061022334 -0.991137862
1403636698713555456.000000 2.053506613 4.446241379 5.079042912 -0.096796744 -0.045507994 0.054924987 -0.992745042
1403636698763555584.000000 2.031349659 4.426831722 5.060007095 0.084171943 0.045389462 -0.048617791 0.994229019
1403636698813555456.000000 2.013112307 4.407850742 5.053362846 0.071007572 0.044846550 -0.042297345 0.995568991
1403636698863555584.000000 1.994332552 4.388479233 5.047085762 0.058203202 0.044501223 -0.034191046 0.996726155
1403636698913555456.000000 1.977309227 4.369343758 5.042013168 -0.044646055 -0.044909593 0.028090155 -0.997597575
1403636698963555584.000000 1.961206079 4.349720001 5.035891533 -0.031814713 -0.044479266 0.020612773 -0.998290896
1403636699013555456.000000 1.946404696 4.329895020 5.029282570 -0.019388488 -0.044717200 0.013674903 -0.998717964
1403636699063555584.000000 1.933605075 4.309911251 5.022728443 -0.006987119 -0.044981554 0.006271187 -0.998943746
1403636699113555456.000000 1.922553301 4.289937973 5.015293121 0.005610095 -0.045936391 -0.001426296 -0.998927653
1403636699163555584.000000 1.912862062 4.270231247 5.007073879 0.017197954 -0.046752524 -0.012000731 -0.998686373
1403636699213555456.000000 1.904497862 4.251153469 4.997927666 0.029963376 -0.046440016 -0.020527897 -0.998260558
1403636699263555584.000000 1.895902395 4.233777046 4.975415230 -0.043126747 0.046643242 0.029978095 0.997529924
1403636699313555456.000000 1.890462399 4.215867996 4.965570927 -0.055884469 0.045301672 0.040081240 0.996603370
1403636699363555584.000000 1.887105107 4.199588776 4.955994129 -0.068914644 0.044779688 0.048211701 0.995450258
1403636699413555456.000000 1.884781957 4.184027672 4.946940899 0.081326164 -0.044051133 -0.057311114 -0.994062960
1403636699463555584.000000 1.883214831 4.169723988 4.937741280 0.093375236 -0.043333188 -0.064915307 -0.992567003
1403636699513555456.000000 1.881631613 4.156726360 4.929153919 0.105743460 -0.043122821 -0.071110211 -0.990909755
1403636699563555584.000000 1.879153371 4.145058632 4.921260834 0.117491439 -0.043213893 -0.078339763 -0.989035547
1403636699613555456.000000 1.875519514 4.134775639 4.914309502 0.128813162 -0.043474872 -0.085340656 -0.987033010
1403636699663555584.000000 1.870807409 4.126332283 4.908088207 0.140406489 -0.044068806 -0.092380345 -0.984789252
1403636699713555456.000000 1.865481377 4.119741440 4.902254105 0.152533501 -0.045281276 -0.097479068 -0.982436240
1403636699763555584.000000 1.860253334 4.116963863 4.891310692 -0.164412811 0.045381766 0.098583020 0.980403185
1403636699813555456.000000 1.853062987 4.113400936 4.886171341 -0.175531268 0.046421364 0.097955137 0.978487968
1403636699863555584.000000 1.845285654 4.110609531 4.880651951 -0.184484541 0.048450794 0.097390436 0.976797402
1403636699913555456.000000 1.838011503 4.106965542 4.876946449 0.191365212 -0.050644290 -0.097650990 -0.975335240
1403636699963555584.000000 1.829559803 4.104863167 4.872619629 0.195865169 -0.052812520 -0.099185281 -0.974171460
1403636700013555456.000000 1.820045471 4.103321075 4.868866920 0.199171022 -0.053509776 -0.100831725 -0.973293722
1403636700063555584.000000 1.809414268 4.102206707 4.865021706 0.201433688 -0.053962324 -0.101818189 -0.972700238
1403636700113555456.000000 1.797879457 4.101461887 4.860985756 0.202238530 -0.054854449 -0.103394561 -0.972316921
1403636700163555584.000000 1.785460114 4.101818085 4.857214928 0.203654572 -0.055398524 -0.103443742 -0.971985221
1403636700213555456.000000 1.772461653 4.103148937 4.854122162 0.203950837 -0.055681095 -0.103781454 -0.971870899
1403636700263555584.000000 1.760071039 4.108802795 4.855191708 -0.204370528 0.055363808 0.104505017 0.971723318
1403636700313555456.000000 1.743990302 4.112037182 4.852496624 -0.205885723 0.053914424 0.106517546 0.971266389
1403636700363555584.000000 1.726211190 4.116812229 4.850777626 -0.207802877 0.052546650 0.110318437 0.970508456
1403636700413555456.000000 1.706069231 4.121476650 4.847928524 0.211243957 -0.051946174 -0.113906726 -0.969382703
1403636700463555584.000000 1.685806394 4.128208160 4.846273899 0.216534913 -0.053327065 -0.114692934 -0.968046665
1403636700513555456.000000 1.664604664 4.135825157 4.844849110 0.221244738 -0.055846397 -0.114758760 -0.966831088
1403636700563555584.000000 1.642743230 4.144483089 4.843504429 0.226737604 -0.057964120 -0.113646828 -0.965564430
1403636700613555456.000000 1.620611906 4.154057026 4.841748238 0.233157873 -0.060737334 -0.112835787 -0.963958740
1403636700663555584.000000 1.597545028 4.164592266 4.839787483 0.240939841 -0.061861500 -0.111782514 -0.962094486
1403636700713555456.000000 1.574377537 4.175450802 4.837678432 0.247842804 -0.063064128 -0.112645961 -0.960160315
1403636700763555584.000000 1.554045916 4.186244488 4.841980934 -0.254056305 0.063934356 0.112566523 0.958486617
1403636700813555456.000000 1.533640027 4.197060108 4.838150978 -0.258867294 0.063198604 0.113043174 0.957191169
1403636700863555584.000000 1.514895797 4.208153725 4.833438873 -0.262216270 0.060449176 0.114573732 0.956274807
1403636700913555456.000000 1.498307228 4.218813419 4.827813148 -0.264886975 0.057799499 0.115683988 0.955568612
1403636700963555584.000000 1.480019569 4.227658272 4.820758343 0.266781271 -0.054143615 -0.116694428 -0.955132782
1403636701013555456.000000 1.465690732 4.237786770 4.813255310 0.267562330 -0.051111825 -0.118102208 -0.954908311
1403636701063555584.000000 1.453081846 4.248058796 4.805216789 0.267675072 -0.046234667 -0.119163141 -0.954993546
1403636701113555456.000000 1.442547917 4.258537292 4.796514988 0.267066538 -0.041335996 -0.120608054 -0.955207109
1403636701163555584.000000 1.435093999 4.269617081 4.787641525 0.266772032 -0.039031260 -0.119578995 -0.955515623
1403636701213555456.000000 1.425539732 4.284151077 4.773261547 -0.265488863 0.036624417 0.119240560 0.956010520
1403636701263555584.000000 1.423443079 4.296282291 4.763868809 -0.264302939 0.036023781 0.118988469 0.956393242
1403636701313555456.000000 1.422950983 4.308943272 4.754622459 -0.263141900 0.034490407 0.118096262 0.956880391
1403636701363555584.000000 1.424063921 4.321943760 4.745205402 0.261873722 -0.035323285 -0.117863551 -0.957226515
1403636701413555456.000000 1.426140785 4.335550785 4.736468315 0.261021197 -0.036752861 -0.115756303 -0.957662642
1403636701463555584.000000 1.428921223 4.349554062 4.728519917 0.259697884 -0.039556216 -0.113982014 -0.958123446
1403636701513555456.000000 1.432333231 4.364009857 4.721022129 0.258996397 -0.043894600 -0.111517921 -0.958414257
1403636701563555584.000000 1.435696840 4.378677368 4.714056969 0.257831216 -0.047964483 -0.109411404 -0.958776116
1403636701613555456.000000 1.438688040 4.393509865 4.707745075 0.256496072 -0.050382286 -0.107585013 -0.959216774
1403636701663555584.000000 1.441425323 4.408362865 4.702024937 0.255525887 -0.052406155 -0.105084538 -0.959644437
1403636701713555456.000000 1.437131286 4.421698093 4.700160980 -0.255486339 0.054613538 0.104709469 0.959572852
1403636701763555584.000000 1.438251257 4.436742306 4.695053577 -0.256488144 0.055221368 0.105755061 0.959156096
1403636701813555456.000000 1.437542439 4.451714993 4.690505028 -0.259064227 0.054794461 0.108292624 0.958204627
1403636701863555584.000000 1.435394764 4.466682434 4.685845852 0.264278412 -0.054280158 -0.109977365 -0.956616819
1403636701913555456.000000 1.431546211 4.482028961 4.682097435 0.269530416 -0.053553600 -0.114449322 -0.954665840
1403636701963555584.000000 1.426656961 4.497495651 4.678578377 0.276465744 -0.053818844 -0.117991716 -0.952233315
1403636702013555456.000000 1.420520782 4.512924194 4.675388813 0.284250319 -0.053510796 -0.122401617 -0.949397862
1403636702063555584.000000 1.413081408 4.528264999 4.672402382 0.293006331 -0.053937819 -0.127210677 -0.946073711
1403636702113555456.000000 1.398061991 4.540842533 4.672250748 -0.302758098 0.055125844 0.132263944 0.942233980
1403636702163555584.000000 1.387981176 4.556710720 4.669920444 -0.313242257 0.056175090 0.136853546 0.938080430
1403636702213555456.000000 1.376762867 4.572815895 4.668147087 -0.322668672 0.055938587 0.141176969 0.934251010
1403636702263555584.000000 1.364060521 4.588346958 4.667325020 -0.330614328 0.054758109 0.144832760 0.930977523
1403636702313555456.000000 1.349888563 4.603349686 4.663214684 0.337672263 -0.051999241 -0.147811249 -0.928130090
1403636702363555584.000000 1.335519791 4.619042397 4.662378311 0.343632370 -0.049257427 -0.149671137 -0.925791144
1403636702413555456.000000 1.315294147 4.633699894 4.668376923 -0.349538952 0.046830226 0.149577051 0.923718691
1403636702463555584.000000 1.299364328 4.649816036 4.669217110 -0.354127377 0.043668363 0.150836974 0.921919227
1403636702513555456.000000 1.282793045 4.666113377 4.671164036 -0.358182400 0.041598246 0.150625303 0.920481980
1403636702563555584.000000 1.264948964 4.681746960 4.674813271 0.361073107 -0.040304139 -0.150784150 -0.919383526
1403636702613555456.000000 1.246621370 4.698007107 4.679423809 0.363357514 -0.037781559 -0.151273996 -0.918509722
1403636702663555584.000000 1.227655292 4.714418888 4.685373306 0.364912838 -0.035039391 -0.151597634 -0.917948306
1403636702713555456.000000 1.205374360 4.730666161 4.698845863 -0.366443962 0.033473793 0.150875270 0.917515635
1403636702763555584.000000 1.185418844 4.747070789 4.707621574 -0.366608560 0.032755192 0.152002916 0.917289734
1403636702813555456.000000 1.164891958 4.763666153 4.717978477 -0.366952986 0.030150298 0.151407301 0.917339802
1403636702863555584.000000 1.144232392 4.780368328 4.731178284 0.366999239 -0.028819541 -0.151433483 -0.917359710
1403636702913555456.000000 1.124928474 4.797495365 4.744429588 0.366469622 -0.027841451 -0.152254879 -0.917465746
1403636702963555584.000000 1.107907534 4.814953327 4.758030891 0.366077513 -0.028186882 -0.151956812 -0.917661130
1403636703013555456.000000 1.092693806 4.833372593 4.768908978 -0.365087777 0.030794963 0.153349787 0.917739928
1403636703063555584.000000 1.079642057 4.851535797 4.782787323 -0.364491522 0.033634786 0.153504387 0.917851388
1403636703113555456.000000 1.069075584 4.870256901 4.796606541 -0.363066494 0.038550351 0.155797645 0.917836487
1403636703163555584.000000 1.060895324 4.888556957 4.809681892 0.361409128 -0.046516303 -0.158277854 -0.917697012
1403636703213555456.000000 1.054498196 4.907386780 4.822398663 0.359186828 -0.052059036 -0.161495939 -0.917711139
1403636703263555584.000000 1.049679518 4.926995754 4.834702015 0.357016504 -0.058218297 -0.165780485 -0.917424023
1403636703313555456.000000 1.045983315 4.946959972 4.845575333 0.355074346 -0.063360259 -0.169142067 -0.917223394
1403636703363555584.000000 1.043353081 4.967275620 4.854674816 0.354752958 -0.065914690 -0.168901712 -0.917212009
1403636703413555456.000000 1.041649103 4.988432884 4.861744404 0.356291533 -0.065702312 -0.165195391 -0.917305887
1403636703463555584.000000 1.040616393 5.010032177 4.867058277 0.358340979 -0.062264450 -0.160140365 -0.917643666
1403636703513555456.000000 1.041429162 5.028606892 4.867864132 -0.360653520 0.057727195 0.154334247 0.918029189
1403636703563555584.000000 1.042892694 5.050168991 4.870333195 -0.362286955 0.054334719 0.150111854 0.918293178
1403636703613555456.000000 1.045781612 5.071580887 4.872047424 -0.362443119 0.050663043 0.148809299 0.918653369
1403636703663555584.000000 1.049450278 5.093274593 4.873338699 -0.362192243 0.048451841 0.148317516 0.918951154
1403636703713555456.000000 1.052645564 5.113540173 4.877715111 0.361843735 -0.047154631 -0.148072854 -0.919195294
1403636703763555584.000000 1.055302382 5.134340286 4.880586624 0.361025602 -0.048563212 -0.148223847 -0.919419348
1403636703813555456.000000 1.056621790 5.154926300 4.884198189 0.360018730 -0.050866358 -0.149060160 -0.919554353
1403636703863555584.000000 1.057044744 5.175206661 4.888330460 0.358760834 -0.053923406 -0.150200337 -0.919686317
1403636703913555456.000000 1.060407996 5.196217537 4.891228199 -0.357159525 0.056383379 0.151543781 0.919941604
1403636703963555584.000000 1.058751106 5.216212749 4.895842075 -0.356397510 0.057624992 0.151738480 0.920128047
1403636704013555456.000000 1.055893660 5.235913277 4.900420189 -0.354691356 0.059295896 0.153364107 0.920411646
1403636704063555584.000000 1.052396536 5.254907131 4.905720711 0.353311539 -0.060434368 -0.154261693 -0.920718253
1403636704113555456.000000 1.046841145 5.274329662 4.910643578 0.352280319 -0.058962252 -0.154695988 -0.921135783
1403636704163555584.000000 1.040090919 5.293863773 4.915694714 0.351578057 -0.056009643 -0.154485628 -0.921623588
1403636704213555456.000000 1.032238960 5.313638687 4.920980930 0.351111561 -0.052010745 -0.153927967 -0.922128975
1403636704263555584.000000 1.024081469 5.333767891 4.926569462 0.350886643 -0.048089836 -0.153285950 -0.922534227
1403636704313555456.000000 1.017890096 5.357579231 4.932297707 -0.350852638 0.045043949 0.151891127 0.922931552
1403636704363555584.000000 1.012802958 5.378498077 4.937251091 -0.351067126 0.042361237 0.150382817 0.923223972
1403636704413555456.000000 1.009767056 5.400131702 4.941997528 -0.350387514 0.040894780 0.150731906 0.923491240
1403636704463555584.000000 1.008454323 5.421753407 4.944852352 0.350546092 -0.037987653 -0.149502307 -0.923755109
1403636704513555456.000000 1.009604096 5.443590641 4.948246956 0.350675076 -0.035052955 -0.148403808 -0.923999310
1403636704563555584.000000 1.012772441 5.465641499 4.951634407 0.350258440 -0.032760363 -0.148922056 -0.924158096
1403636704613555456.000000 1.017405510 5.488634109 4.960268497 -0.350120783 0.030467430 0.148849115 0.924300373
1403636704663555584.000000 1.021141887 5.511539936 4.965760708 -0.350089014 0.028565770 0.148808792 0.924379647
1403636704713555456.000000 1.023510814 5.534676552 4.973021507 -0.349820226 0.023810169 0.148505256 0.924664915
1403636704763555584.000000 1.025175214 5.559063911 4.981696606 0.349416167 -0.020870883 -0.148195654 -0.924938262
1403636704813555456.000000 1.025578380 5.583674908 4.992563248 0.348299682 -0.017595110 -0.149514094 -0.925215244
1403636704863555584.000000 1.025282502 5.608818054 5.005635738 0.347087026 -0.014165807 -0.150761187 -0.925527394
1403636704913555456.000000 1.024669409 5.634794712 5.020784378 0.345635056 -0.011616121 -0.151850417 -0.925928116
1403636704963555584.000000 1.023627520 5.661803722 5.037943363 0.344953924 -0.008605693 -0.151979730 -0.926193774
1403636705013555456.000000 1.021519899 5.687617779 5.058835506 -0.344701946 0.006491147 0.151715457 0.926348150
1403636705063555584.000000 1.020752072 5.716811657 5.079896927 -0.344869226 0.005479310 0.149883181 0.926590681
1403636705113555456.000000 1.020965099 5.747040749 5.103064537 -0.345285177 0.009983920 0.147800833 0.926732659
1403636705163555584.000000 1.022579551 5.777797699 5.127482414 -0.346381187 0.018009081 0.144030124 0.926796138
1403636705213555456.000000 1.026133776 5.808445454 5.151933193 0.347731471 -0.026294176 -0.139583498 -0.926772833
1403636705263555584.000000 1.031447411 5.840034485 5.177916527 0.348707974 -0.032671917 -0.135833055 -0.926760316
1403636705313555456.000000 1.038708687 5.871272087 5.204033852 0.349152923 -0.036927827 -0.134045854 -0.926693261
1403636705363555584.000000 1.046900511 5.902037144 5.230274200 0.349300802 -0.039911896 -0.133105412 -0.926649332
1403636705413555456.000000 1.056200743 5.932510853 5.256875038 0.348915815 -0.038321983 -0.133793160 -0.926762402
1403636705463555584.000000 1.065996885 5.962590218 5.283901691 0.348501831 -0.036378376 -0.135360792 -0.926768899
1403636705513555456.000000 1.075732231 5.988586903 5.308389187 -0.348224521 0.032935411 0.137305766 0.926715791
1403636705563555584.000000 1.084463120 6.018272400 5.337940216 -0.347943366 0.029443759 0.138091058 0.926822186
1403636705613555456.000000 1.092159748 6.047939777 5.368560791 -0.347621024 0.028300861 0.139394626 0.926783621
1403636705663555584.000000 1.099001408 6.077645302 5.400612354 -0.347850204 0.026847685 0.139867872 0.926669538
1403636705713555456.000000 1.105434299 6.107695580 5.434348106 0.348166347 -0.028928692 -0.139576137 -0.926532209
1403636705763555584.000000 1.111877918 6.138427258 5.469288826 0.348291337 -0.031931590 -0.139767542 -0.926357687
1403636705813555456.000000 1.118828893 6.169024467 5.504858017 0.347673237 -0.036022816 -0.140768290 -0.926288366
1403636705863555584.000000 1.126913309 6.197042465 5.538446903 -0.347349972 0.041072857 0.141165823 0.926138878
1403636705913555456.000000 1.136918545 6.227725983 5.573649883 -0.346000344 0.046749324 0.143849805 0.925961912
1403636705963555584.000000 1.148904085 6.258573532 5.608202934 -0.344269723 0.052059609 0.146884307 0.925847232
1403636706013555456.000000 1.163047075 6.289128304 5.641157150 0.341365814 -0.057496682 -0.152000085 -0.925775111
1403636706063555584.000000 1.178100705 6.319462776 5.672522545 0.338168085 -0.061858751 -0.157438993 -0.925758600
1403636706113555456.000000 1.190165162 6.349195480 5.701813221 -0.335991949 0.066694319 0.161045969 0.925594687
1403636706163555584.000000 1.204588532 6.381042480 5.731118202 -0.336452037 0.067560270 0.158127561 0.925867915
1403636706213555456.000000 1.216973782 6.413269043 5.759880066 -0.338360906 0.065936714 0.151948273 0.926323950
1403636706263555584.000000 1.226896048 6.445754051 5.788006306 0.339868993 -0.063035086 -0.146972373 -0.926776528
1403636706313555456.000000 1.234880447 6.477919102 5.816861153 0.341963410 -0.058937114 -0.140313983 -0.927307665
1403636706363555584.000000 1.235879540 6.508133411 5.847812653 -0.343070865 0.054761499 0.136108369 0.927781284
1403636706413555456.000000 1.240356088 6.539460182 5.877332687 -0.344094127 0.050969299 0.132445693 0.928148508
1403636706463555584.000000 1.244534969 6.570269108 5.907068729 -0.344545007 0.047144718 0.130145878 0.928508639
1403636706513555456.000000 1.250053167 6.600833893 5.936703205 -0.344990879 0.044689812 0.128401250 0.928707302
1403636706563555584.000000 1.256820679 6.630544662 5.965686798 -0.345527023 0.042294145 0.127732411 0.928712368
1403636706613555456.000000 1.264957070 6.658692837 5.994824409 0.345352978 -0.041495617 -0.127806708 -0.928802967
1403636706663555584.000000 1.269645810 6.684988022 6.020949364 -0.345801115 0.040142260 0.127867177 0.928687394
1403636706713555456.000000 1.281792998 6.713862896 6.050134659 -0.345767647 0.037757427 0.128504723 0.928711832
1403636706763555584.000000 1.296281576 6.742275715 6.078940392 -0.345286846 0.035589602 0.130965084 0.928632677
1403636706813555456.000000 1.311523438 6.770330429 6.107882023 -0.345690101 0.032563094 0.131838813 0.928470075
1403636706863555584.000000 1.327812672 6.797628403 6.136895180 0.346258521 -0.030858068 -0.132874891 -0.928168714
1403636706913555456.000000 1.345358253 6.825231552 6.166341782 0.346655637 -0.030563844 -0.134395197 -0.927811265
1403636706963555584.000000 1.364002824 6.853003502 6.196347713 0.347966731 -0.030515525 -0.134472027 -0.927310824
1403636707013555456.000000 1.383762836 6.880757809 6.227006912 0.349150062 -0.033227563 -0.134460494 -0.926774323
1403636707063555584.000000 1.400165796 6.901589394 6.250519753 -0.350831330 0.035732757 0.133668885 0.926160455
1403636707113555456.000000 1.420224071 6.928791046 6.282016754 -0.352260917 0.038070824 0.133519828 0.925545931
1403636707163555584.000000 1.440387249 6.955819130 6.313941956 -0.353652239 0.038408052 0.133903578 0.924945831
1403636707213555456.000000 1.460837841 6.982226372 6.346196651 0.355317354 -0.037847772 -0.134557262 -0.924235642
1403636707263555584.000000 1.482556701 7.008629322 6.378562927 0.356866032 -0.037341382 -0.134866089 -0.923614383
1403636707313555456.000000 1.506079435 7.034498692 6.410696507 0.358504266 -0.035897590 -0.134664625 -0.923066378
1403636707363555584.000000 1.531653166 7.060017109 6.442825794 0.359587610 -0.035110936 -0.135230407 -0.922592402
1403636707413555456.000000 1.559394240 7.085069180 6.474770546 0.360243827 -0.034426432 -0.136155725 -0.922226012
1403636707463555584.000000 1.589781880 7.110002041 6.506846905 0.360962659 -0.033306602 -0.135964245 -0.922014356
1403636707513555456.000000 1.621799231 7.134096146 6.538269997 0.360955954 -0.033468440 -0.137440890 -0.921792090
1403636707563555584.000000 1.654355764 7.155273914 6.562456131 -0.360731393 0.033829097 0.139142483 0.921611607
1403636707613555456.000000 1.687533975 7.178922653 6.594399452 -0.360025227 0.033339236 0.141777828 0.921503901
1403636707663555584.000000 1.719275594 7.202571869 6.628122330 -0.357196122 0.034579519 0.148574010 0.921488464
1403636707713555456.000000 1.748444438 7.226222992 6.664311409 0.355399311 -0.035437133 -0.152479619 -0.921512663
1403636707763555584.000000 1.775023937 7.250727177 6.701289177 0.353568882 -0.035946365 -0.156011477 -0.921605885
1403636707813555456.000000 1.799269915 7.276060104 6.739767551 0.352990478 -0.037456159 -0.157300130 -0.921548426
1403636707863555584.000000 1.821075320 7.301873684 6.779525757 0.352173567 -0.039257076 -0.157419339 -0.921765566
1403636707913555456.000000 1.840252876 7.328260422 6.820123196 0.351448923 -0.041606877 -0.156986699 -0.922012866
1403636707963555584.000000 1.857359529 7.355387688 6.861892700 0.351055592 -0.042835791 -0.155212715 -0.922406673
1403636708013555456.000000 1.872432113 7.383224964 6.904886723 0.350736022 -0.043826338 -0.152880594 -0.922871113
1403636708063555584.000000 1.883701682 7.409407616 6.941750526 -0.350500643 0.044336759 0.150013536 0.923406482
1403636708113555456.000000 1.895904303 7.437915325 6.985951424 -0.350307614 0.045568194 0.146734491 0.923946500
1403636708163555584.000000 1.906888604 7.466549397 7.030776978 -0.350186169 0.046533294 0.143733546 0.924416006
1403636708213555456.000000 1.916462183 7.495072842 7.076330185 -0.348896325 0.048420809 0.143751830 0.924803913
1403636708263555584.000000 1.925950408 7.522366524 7.122445107 0.347300649 -0.051260334 -0.145579830 -0.924965501
1403636708313555456.000000 1.933740973 7.550451279 7.168312073 0.344776928 -0.056068070 -0.149932235 -0.924935460
1403636708363555584.000000 1.941049218 7.578652859 7.213651180 0.341398597 -0.061065882 -0.156597570 -0.924767613
1403636708413555456.000000 1.948732495 7.607222557 7.257204056 0.338923275 -0.065172724 -0.161500305 -0.924554646
1403636708463555584.000000 1.956225753 7.632492065 7.292500496 -0.336859792 0.068500176 0.165045619 0.924442112
1403636708513555456.000000 1.966616392 7.663893223 7.332711220 -0.336340308 0.070298478 0.166225389 0.924284875
1403636708563555584.000000 1.978068590 7.696341991 7.370806694 -0.336790353 0.071617760 0.164848953 0.924266219
1403636708613555456.000000 1.990312219 7.729515076 7.406647682 -0.339217216 0.071116939 0.160292357 0.924218893
1403636708663555584.000000 2.002645016 7.763827801 7.441518784 0.342379332 -0.067979045 -0.153995335 -0.924359620
1403636708713555456.000000 2.013078213 7.797689915 7.475509167 0.346463591 -0.066489816 -0.146155909 -0.924218893
1403636708763555584.000000 2.021686077 7.831170559 7.509275436 0.350288212 -0.063754342 -0.138875172 -0.924092710
1403636708813555456.000000 2.029942036 7.856313705 7.537473679 -0.354234427 0.062984250 0.131849512 0.923670292
1403636708863555584.000000 2.035461426 7.887866974 7.571241379 -0.356629074 0.061474189 0.129313514 0.923208952
1403636708913555456.000000 2.041238785 7.918254375 7.604484558 -0.359332532 0.062406864 0.126966655 0.922423482
1403636708963555584.000000 2.046567917 7.946434498 7.635794640 0.362184912 -0.062796615 -0.125059068 -0.921541572
1403636709013555456.000000 2.054433346 7.973526001 7.666967869 0.363686025 -0.065390386 -0.124904640 -0.920790672
1403636709063555584.000000 2.063408852 7.998746395 7.696780205 0.366677582 -0.066320516 -0.122172326 -0.919903934
1403636709113555456.000000 2.073389053 8.022010803 7.725843430 0.368126005 -0.067550503 -0.122741163 -0.919159889
1403636709163555584.000000 2.093548298 8.042859077 7.752943993 -0.369910419 0.065631822 0.123089403 0.918535709
1403636709213555456.000000 2.106119156 8.062432289 7.779865265 -0.370639563 0.063065015 0.125382006 0.918111384
1403636709263555584.000000 2.119711161 8.080140114 7.805790901 -0.371526390 0.059102859 0.126116186 0.917916000
1403636709313555456.000000 2.134547710 8.096257210 7.831321716 -0.371541142 0.055888828 0.127969623 0.917854786
1403636709363555584.000000 2.148671150 8.109975815 7.857573986 0.371305108 -0.052891102 -0.129740119 -0.917879403
1403636709413555456.000000 2.162213564 8.123279572 7.883788109 0.372376204 -0.050398730 -0.128431842 -0.917769730
1403636709463555584.000000 2.174076319 8.135380745 7.911209583 0.371951848 -0.050090037 -0.129522413 -0.917805493
1403636709513555456.000000 2.184153557 8.146443367 7.939649582 0.372453928 -0.048468173 -0.128598556 -0.917818844
1403636709563555584.000000 2.192817926 8.156161308 7.969200134 0.372048765 -0.047635127 -0.129252672 -0.917934895
1403636709613555456.000000 2.215244770 8.164484024 8.004657745 -0.372469246 0.045572158 0.129530191 0.917829990
1403636709663555584.000000 2.222300053 8.172571182 8.035839081 -0.372062713 0.044668175 0.129627630 0.918025494
1403636709713555456.000000 2.229473114 8.180078506 8.067455292 -0.371681452 0.043998487 0.128965572 0.918305457
1403636709763555584.000000 2.236963034 8.186546326 8.100069046 -0.370390773 0.044031274 0.129794657 0.918708503
1403636709813555456.000000 2.243343353 8.189998627 8.133300781 0.370111316 -0.043950748 -0.128298178 -0.919035137
1403636709863555584.000000 2.252036095 8.193635941 8.166019440 0.369039565 -0.044844542 -0.129036844 -0.919319510
1403636709913555456.000000 2.262932301 8.196675301 8.198337555 0.368942082 -0.045238603 -0.127801090 -0.919511914
1403636709963555584.000000 2.275489330 8.198609352 8.230144501 0.368378967 -0.046048392 -0.126889870 -0.919823647
1403636710013555456.000000 2.290159225 8.200187683 8.261622429 0.367346585 -0.046711497 -0.127210975 -0.920158684
1403636710063555584.000000 2.316195011 8.219708443 8.300725937 -0.366202503 0.046605509 0.126691446 0.920691609
1403636710113555456.000000 2.332314968 8.220516205 8.333058357 -0.365333080 0.047558572 0.125881940 0.921099186
1403636710163555584.000000 2.346833229 8.219916344 8.366292000 -0.364543468 0.047881037 0.124890536 0.921530247
1403636710213555456.000000 2.358726978 8.216493607 8.399415970 0.363447368 -0.048370890 -0.124036171 -0.922052801
1403636710263555584.000000 2.369143009 8.213571548 8.434833527 0.361478418 -0.049709179 -0.124942183 -0.922633111
1403636710313555456.000000 2.377781868 8.209609032 8.471277237 0.357839793 -0.053517655 -0.129470244 -0.923213959
1403636710363555584.000000 2.385006905 8.204880714 8.508535385 0.352796316 -0.056969337 -0.135786861 -0.924040675
1403636710413555456.000000 2.391378403 8.199610710 8.546274185 0.346869916 -0.060021181 -0.140603587 -0.925369859
1403636710463555584.000000 2.396665096 8.194201469 8.584433556 0.340075165 -0.061921939 -0.144544467 -0.927157760
1403636710513555456.000000 2.402386427 8.201422691 8.633250237 -0.332498014 0.063678555 0.147398099 0.929335237
1403636710563555584.000000 2.406103611 8.197098732 8.671499252 -0.325521559 0.065010875 0.148236856 0.931576729
1403636710613555456.000000 2.408669710 8.193329811 8.709477425 -0.319175094 0.066388905 0.147658974 0.933764756
1403636710663555584.000000 2.410046577 8.190649033 8.747054100 -0.312285602 0.067065269 0.145731106 0.936345279
1403636710713555456.000000 2.410648346 8.185293198 8.781587601 0.305857867 -0.067532502 -0.141429082 -0.939089000
1403636710763555584.000000 2.411635160 8.182706833 8.816545486 0.298707336 -0.067902967 -0.136768803 -0.942049623
1403636710813555456.000000 2.410261154 8.184106827 8.854880333 -0.292553455 0.067114547 0.127718121 0.945302188
1403636710863555584.000000 2.413752079 8.182154655 8.886369705 -0.285735756 0.065035902 0.118835725 0.948685169
1403636710913555456.000000 2.418286324 8.180279732 8.916666985 -0.278672665 0.062911943 0.110463038 0.951935768
1403636710963555584.000000 2.424239874 8.179143906 8.945425034 0.272250056 -0.061888203 -0.102447353 -0.954753518
1403636711013555456.000000 2.431586742 8.177340508 8.973007202 0.267424703 -0.058199730 -0.093063489 -0.957306683
1403636711063555584.000000 2.439887047 8.174790382 8.999365807 0.262146890 -0.057788257 -0.088535905 -0.959218979
1403636711113555456.000000 2.449154854 8.171719551 9.025062561 0.258708239 -0.056677300 -0.082500271 -0.960755646
1403636711163555584.000000 2.454904556 8.165216446 9.054855347 -0.255841970 0.057461958 0.078554951 0.961806774
1403636711213555456.000000 2.464804649 8.160242081 9.079951286 -0.253417581 0.057702828 0.075704657 0.962662339
1403636711263555584.000000 2.474498987 8.153802872 9.104353905 -0.251530558 0.057921074 0.073965020 0.963279128
1403636711313555456.000000 2.484103918 8.146139145 9.127389908 0.248922110 -0.059951875 -0.075115107 -0.963743389
1403636711363555584.000000 2.494488239 8.137360573 9.150177956 0.247010246 -0.061934363 -0.076742619 -0.963981688
1403636711413555456.000000 2.507074356 8.127784729 9.172239304 0.245753840 -0.067662954 -0.078047454 -0.963812947
1403636711463555584.000000 2.520143032 8.116948128 9.192620277 0.245226711 -0.075423226 -0.078629941 -0.963323712
1403636711513555456.000000 2.532861471 8.105184555 9.212151527 0.245560616 -0.082097277 -0.078383133 -0.962712884
1403636711563555584.000000 2.545979738 8.092721939 9.231412888 0.247533500 -0.086745374 -0.075721517 -0.962012827
1403636711613555456.000000 2.558686495 8.078689575 9.249850273 0.249364197 -0.089263476 -0.073662147 -0.961469412
1403636711663555584.000000 2.570844889 8.054830551 9.265182495 -0.251676112 0.090280868 0.072064877 0.960892975
1403636711713555456.000000 2.582347393 8.037773132 9.281344414 -0.253789693 0.088726312 0.070502490 0.960597694
1403636711763555584.000000 2.593639135 8.018858910 9.295769691 -0.254854321 0.087715305 0.071235538 0.960354567
1403636711813555456.000000 2.603702545 7.998699665 9.308778763 0.254853070 -0.085742772 -0.074169524 -0.960310876
1403636711863555584.000000 2.613856554 7.976825714 9.320964813 0.253693998 -0.083004348 -0.079171076 -0.960459054
1403636711913555456.000000 2.624226093 7.953651905 9.331908226 0.251820296 -0.080119655 -0.085879229 -0.960620761
1403636711963555584.000000 2.634907007 7.929702759 9.341174126 0.249912262 -0.077602342 -0.092592485 -0.960702121
1403636712013555456.000000 2.645891190 7.905068874 9.348658562 0.247747242 -0.076196559 -0.099609509 -0.960673451
1403636712063555584.000000 2.657625437 7.880479813 9.354691505 0.245638430 -0.075485080 -0.105916783 -0.960596442
1403636712113555456.000000 2.673285484 7.855443954 9.358382225 -0.244770885 0.075974472 0.109305501 0.960399687
1403636712163555584.000000 2.686361313 7.831548214 9.361279488 -0.243894607 0.076979332 0.110440105 0.960412800
1403636712213555456.000000 2.700013638 7.807762146 9.362656593 -0.243275493 0.076066919 0.105382390 0.961210430
1403636712263555584.000000 2.714758873 7.784913540 9.363217354 0.241456881 -0.074690513 -0.098028600 -0.962554038
1403636712313555456.000000 2.730334759 7.761225700 9.362240791 0.238229454 -0.074655324 -0.089731209 -0.964168906
1403636712363555584.000000 2.746215820 7.736888409 9.360036850 0.234011799 -0.073960193 -0.081516564 -0.965983152
1403636712413555456.000000 2.762430906 7.711946011 9.356498718 0.229605526 -0.074012354 -0.075158529 -0.967550933
1403636712463555584.000000 2.779221535 7.686036587 9.351472855 0.225070238 -0.074921027 -0.069250800 -0.968986392
1403636712513555456.000000 2.796729326 7.659213543 9.345294952 0.220060408 -0.075510532 -0.064929403 -0.970389545
1403636712563555584.000000 2.814063072 7.631177425 9.337780952 0.215128854 -0.076551184 -0.062341243 -0.971582770
1403636712613555456.000000 2.831607342 7.601695538 9.326115608 -0.210023120 0.079386331 0.060610030 0.972581446
1403636712663555584.000000 2.846152306 7.571485043 9.317322731 -0.204826996 0.083350882 0.060477994 0.973365843
1403636712713555456.000000 2.858850241 7.540709972 9.307750702 -0.200435758 0.086788721 0.060405232 0.973983824
1403636712763555584.000000 2.869327307 7.510507107 9.299071312 0.196303010 -0.088306718 -0.060338855 -0.974692941
1403636712813555456.000000 2.877532005 7.478889465 9.289051056 0.193271756 -0.087934583 -0.060491778 -0.975322664
1403636712863555584.000000 2.883811712 7.446765900 9.278139114 0.191063747 -0.085802287 -0.060739193 -0.975932062
1403636712913555456.000000 2.888488054 7.414100170 9.266221046 0.189457521 -0.083468869 -0.060938276 -0.976435065
1403636712963555584.000000 2.891025543 7.380915165 9.253428459 0.188732341 -0.080208980 -0.060562171 -0.976871967
1403636713013555456.000000 2.892534018 7.347648621 9.240139008 0.189132825 -0.077942558 -0.058886420 -0.977080464
1403636713063555584.000000 2.894480228 7.313651562 9.225342751 0.188331500 -0.078499235 -0.059789542 -0.977135777
1403636713113555456.000000 2.895963669 7.283296585 9.212942123 -0.186434045 0.079053931 0.061304525 0.977361083
1403636713163555584.000000 2.899345398 7.247604847 9.194310188 -0.185092434 0.077943936 0.062228482 0.977646828
1403636713213555456.000000 2.903918028 7.212198734 9.173852921 -0.184254020 0.076574802 0.063700043 0.977818549
1403636713263555584.000000 2.909910679 7.176324844 9.151943207 -0.183575451 0.074079841 0.064745717 0.978069723
1403636713313555456.000000 2.916774511 7.140581608 9.127669334 0.183824137 -0.072739944 -0.064602025 -0.978133023
1403636713363555584.000000 2.925740719 7.104910374 9.102867126 0.183801562 -0.070547283 -0.065195337 -0.978258550
1403636713413555456.000000 2.936697006 7.069288731 9.077558517 0.183124855 -0.070410162 -0.067435913 -0.978243351
1403636713463555584.000000 2.947779894 7.033912659 9.051561356 0.182829052 -0.069819391 -0.069235973 -0.978215337
1403636713513555456.000000 2.956456184 7.002477169 9.026309967 -0.182221785 0.069352567 0.071567759 0.978194058
1403636713563555584.000000 2.967075586 6.967253685 8.998576164 -0.181676805 0.069588847 0.074209645 0.978081763
1403636713613555456.000000 2.976209641 6.932780266 8.970776558 -0.180972129 0.068039924 0.078269996 0.978004873
1403636713663555584.000000 2.983418226 6.897883415 8.943074226 0.180536970 -0.066682644 -0.081505083 -0.977914572
1403636713713555456.000000 2.989243507 6.864135265 8.915578842 0.180066794 -0.066054016 -0.084978402 -0.977748215
1403636713763555584.000000 2.993408442 6.831429482 8.888358116 0.179932699 -0.065457232 -0.088264912 -0.977521837
1403636713813555456.000000 2.996116638 6.799991608 8.861253738 0.179904133 -0.064794689 -0.090562694 -0.977361023
1403636713863555584.000000 2.997477770 6.769670486 8.834125519 0.180817544 -0.064656630 -0.091146931 -0.977147341
1403636713913555456.000000 2.997520924 6.740752220 8.806945801 0.182611570 -0.063768283 -0.089797691 -0.976996958
1403636713963555584.000000 2.996077299 6.712993622 8.779840469 0.184385598 -0.062922753 -0.088000849 -0.976882100
1403636714013555456.000000 2.991179943 6.688445091 8.756499290 -0.185973480 0.061431661 0.087013118 0.976764441
1403636714063555584.000000 2.987096786 6.662466526 8.729984283 -0.189238563 0.061252635 0.082620665 0.976529956
1403636714113555456.000000 2.981405497 6.636693954 8.703629494 -0.190836817 0.060675342 0.082049944 0.976303101
1403636714163555584.000000 2.975996971 6.611894131 8.677052498 0.192618743 -0.060514715 -0.081030987 -0.976048172
1403636714213555456.000000 2.968879700 6.587349415 8.650746346 0.193760917 -0.062000085 -0.081217818 -0.975713253
1403636714263555584.000000 2.960726738 6.563170433 8.624762535 0.193749309 -0.063494757 -0.083682746 -0.975411117
1403636714313555456.000000 2.951610327 6.539438248 8.598901749 0.193773910 -0.064179644 -0.086179763 -0.975143969
1403636714363555584.000000 2.941235065 6.516348362 8.573133469 0.194322214 -0.063252270 -0.087461315 -0.974981308
1403636714413555456.000000 2.929414749 6.493972778 8.547560692 0.194997296 -0.059555389 -0.088110015 -0.975020945
1403636714463555584.000000 2.916595221 6.471969128 8.522455215 0.193923011 -0.054979261 -0.088691957 -0.975451171
1403636714513555456.000000 2.902813435 6.449982166 8.501194954 -0.191711351 0.050468203 0.088499233 0.976149440
1403636714563555584.000000 2.888468266 6.429353237 8.477257729 -0.187335297 0.046649598 0.088802211 0.977160990
1403636714613555456.000000 2.874078512 6.409429073 8.454643250 -0.181774676 0.043109432 0.087303780 0.978507876
1403636714663555584.000000 2.860139132 6.390583038 8.432676315 -0.175523102 0.040637046 0.083763048 0.980063379
1403636714713555456.000000 2.848027468 6.371884346 8.410270691 0.167530850 -0.038624231 -0.079921909 -0.981862545
1403636714763555584.000000 2.837509632 6.354632854 8.388184547 0.158621654 -0.036924306 -0.074524850 -0.983830154
1403636714813555456.000000 2.829464912 6.338171482 8.366064072 0.149029061 -0.036352392 -0.066866882 -0.985899448
1403636714863555584.000000 2.821748972 6.321976185 8.346540451 -0.139161929 0.036413923 0.058429085 0.987873495
1403636714913555456.000000 2.817664623 6.306647778 8.324478149 -0.128158629 0.035826668 0.050823882 0.989802420
1403636714963555584.000000 2.815778971 6.291625977 8.302531242 -0.116591521 0.034727678 0.044490125 0.991575062
1403636715013555456.000000 2.815498590 6.277235985 8.280618668 0.106357396 -0.034110069 -0.038389027 -0.993000984
1403636715063555584.000000 2.817669153 6.263196945 8.258893967 0.096934140 -0.033371605 -0.033030927 -0.994182646
1403636715113555456.000000 2.821188450 6.249509811 8.236971855 0.089527100 -0.031991761 -0.027221220 -0.995098233
1403636715163555584.000000 2.826113224 6.236063480 8.215723038 0.082527660 -0.031521268 -0.024378842 -0.995791852
1403636715213555456.000000 2.831710100 6.222756386 8.195381165 0.077489175 -0.031321805 -0.021018520 -0.996279478
1403636715263555584.000000 2.845423460 6.208689213 8.177817345 -0.072681718 0.032001290 0.019729316 0.996646464
1403636715313555456.000000 2.849706411 6.195814133 8.160921097 -0.068619937 0.034249730 0.019791204 0.996858418
1403636715363555584.000000 2.853239775 6.183047295 8.145895004 -0.065845281 0.036018338 0.019268515 0.996993423
1403636715413555456.000000 2.855060339 6.171730042 8.132809639 0.062464602 -0.039906111 -0.021970479 -0.997007072
1403636715463555584.000000 2.855603218 6.160085678 8.121145248 0.060092822 -0.043716691 -0.024659030 -0.996930182
1403636715513555456.000000 2.854329109 6.148717880 8.110796928 0.056939878 -0.047503635 -0.030121146 -0.996791840
1403636715563555584.000000 2.851401329 6.138147831 8.101395607 0.053461693 -0.050578855 -0.037609439 -0.996578813
1403636715613555456.000000 2.846873760 6.128905773 8.092947960 0.052258223 -0.051385563 -0.040604427 -0.996483803
1403636715663555584.000000 2.842187405 6.121070862 8.084872246 0.053132910 -0.055601656 -0.039855897 -0.996241391
1403636715713555456.000000 2.837170839 6.114825726 8.076940536 0.055811465 -0.061733481 -0.035448585 -0.995900393
1403636715763555584.000000 2.829462051 6.108601093 8.071458817 -0.058788754 0.066584967 0.030654542 0.995575607
1403636715813555456.000000 2.824442387 6.103397846 8.062304497 -0.061778620 0.071163774 0.026624154 0.995193601
1403636715863555584.000000 2.820717335 6.098415852 8.052415848 -0.063778967 0.075439908 0.024047829 0.994818032
1403636715913555456.000000 2.818358421 6.093497753 8.040174484 -0.066470511 0.079402357 0.020568263 0.994411409
1403636715963555584.000000 2.816939354 6.091345787 8.026213646 0.068106011 -0.081968680 -0.019936593 -0.994105279
1403636716013555456.000000 2.815222263 6.086722374 8.010160446 0.069274440 -0.083181895 -0.019895395 -0.993924618
1403636716063555584.000000 2.813844442 6.081933498 7.993031025 0.070609070 -0.082593553 -0.020193810 -0.993873715
1403636716113555456.000000 2.812807083 6.076889515 7.974039555 0.071009457 -0.081317879 -0.022617826 -0.993898153
1403636716163555584.000000 2.811796427 6.071707726 7.953309536 0.071701534 -0.076290756 -0.025031587 -0.994189143
1403636716213555456.000000 2.811098337 6.066189766 7.930769444 0.072372183 -0.069844961 -0.028090205 -0.994532526
1403636716263555584.000000 2.797769070 6.061996937 7.915137768 -0.073985934 0.066421799 0.029423939 0.994609714
1403636716313555456.000000 2.794755936 6.056843281 7.891957283 -0.075372554 0.062626563 0.030717881 0.994712710
1403636716363555584.000000 2.789565563 6.051756859 7.869219303 -0.076787770 0.059916556 0.032034013 0.994729877
1403636716413555456.000000 2.782648325 6.047161102 7.847513199 -0.078130201 0.059406213 0.032801084 0.994630992
1403636716463555584.000000 2.778708458 6.042827606 7.824365616 0.079594135 -0.058288295 -0.032902040 -0.994577706
1403636716513555456.000000 2.770179749 6.038681984 7.803627968 0.080958858 -0.058502130 -0.033320490 -0.994441032
1403636716563555584.000000 2.760240316 6.034646034 7.783747673 0.081690751 -0.058922201 -0.031208998 -0.994424939
1403636716613555456.000000 2.748786449 6.030398369 7.764651299 0.080778442 -0.058612186 -0.029360546 -0.994574010
1403636716663555584.000000 2.735788345 6.026088715 7.746174812 0.077992193 -0.059057001 -0.027519535 -0.994822681
1403636716713555456.000000 2.721446276 6.021819115 7.728230953 0.073925264 -0.058934655 -0.025201419 -0.995201826
1403636716763555584.000000 2.699901819 6.022708416 7.714096069 -0.068562239 0.060125064 0.023298400 0.995560884
1403636716813555456.000000 2.683236837 6.018157482 7.696573257 -0.061785892 0.060086768 0.020785458 0.996062338
1403636716863555584.000000 2.666883707 6.013321877 7.679130554 -0.053925861 0.059664238 0.018149266 0.996595621
1403636716913555456.000000 2.651552677 6.007051945 7.659398079 0.044682592 -0.059352659 -0.014825605 -0.997126341
1403636716963555584.000000 2.637416840 6.001383781 7.639630795 0.034477223 -0.057934754 -0.009822777 -0.997676551
1403636717013555456.000000 2.624942780 5.995952606 7.618878841 0.023808386 -0.058132969 -0.005169393 -0.998011589
1403636717063555584.000000 2.615761995 5.994618893 7.596139908 -0.012616917 0.057130918 -0.000069065 0.998286963
1403636717113555456.000000 2.606445551 5.989441872 7.574191093 -0.002195005 0.056938872 -0.005044860 0.998362601
1403636717163555584.000000 2.598737478 5.984659195 7.551900387 0.005979927 0.056611605 -0.010127649 0.998327076
1403636717213555456.000000 2.591676712 5.980195999 7.529651165 0.013262187 0.056186639 -0.014549493 0.998226225
1403636717263555584.000000 2.584095001 5.975930691 7.505848885 -0.018599292 -0.056078423 0.020357650 -0.998045504
1403636717313555456.000000 2.576951742 5.971939564 7.482550144 -0.021782666 -0.055501178 0.027271394 -0.997848392
1403636717363555584.000000 2.570188999 5.967763424 7.459002018 -0.023286883 -0.056110222 0.035317577 -0.997528017
1403636717413555456.000000 2.563030958 5.963049889 7.435525894 -0.024400054 -0.056634624 0.042070176 -0.997209728
1403636717463555584.000000 2.555015087 5.957498550 7.412233829 -0.025660202 -0.057075292 0.046169385 -0.996971667
1403636717513555456.000000 2.545284748 5.950723171 7.389569759 -0.027013864 -0.056830056 0.047507197 -0.996886969
1403636717563555584.000000 2.535878658 5.938961029 7.359056473 0.029251920 0.057626709 -0.045746144 0.996860504
1403636717613555456.000000 2.523205757 5.929665565 7.337762356 0.031438090 0.057047646 -0.042485707 0.996971548
1403636717663555584.000000 2.509073257 5.919173241 7.317003727 0.032219626 0.057785954 -0.040967595 0.996967614
1403636717713555456.000000 2.493385077 5.908017159 7.296899319 0.032800894 0.058416110 -0.039320882 0.996978223
1403636717763555584.000000 2.473773956 5.898432255 7.278454781 -0.032482598 -0.057920534 0.042541947 -0.996885300
1403636717813555456.000000 2.455961227 5.885710239 7.258835793 -0.034037706 -0.057592310 0.044373896 -0.996772587
1403636717863555584.000000 2.439140797 5.871630192 7.238595963 -0.036733873 -0.057093501 0.047728449 -0.996550560
1403636717913555456.000000 2.431971073 5.855132580 7.213862419 0.041060820 0.056612503 -0.051040828 0.996244848
1403636717963555584.000000 2.418247223 5.837493896 7.191548347 0.046098061 0.056905705 -0.055016812 0.995796144
1403636718013555456.000000 2.406342983 5.818064213 7.168356895 0.053231630 0.057055611 -0.058247387 0.995247900
1403636718063555584.000000 2.396377087 5.797877312 7.144342899 -0.061438065 -0.056443319 0.060987566 -0.994645715
1403636718113555456.000000 2.387328863 5.775559902 7.119337082 -0.072032802 -0.056456018 0.061117757 -0.993925869
1403636718163555584.000000 2.378322840 5.752134323 7.094522476 -0.082802460 -0.055574208 0.061184511 -0.993132293
1403636718213555456.000000 2.368500233 5.728302479 7.070079327 -0.092559472 -0.054933913 0.061152779 -0.992308140
1403636718263555584.000000 2.356472492 5.704213619 7.046030998 -0.101053521 -0.053875558 0.061328638 -0.991526306
1403636718313555456.000000 2.342381239 5.679734707 7.022739410 -0.108972266 -0.052684288 0.060914304 -0.990776956
1403636718363555584.000000 2.326725245 5.655035973 7.000064850 -0.116776809 -0.052146841 0.061881416 -0.989855886
1403636718413555456.000000 2.309004068 5.632864475 6.977735519 0.125172287 0.050671685 -0.062745303 0.988851547
1403636718463555584.000000 2.290780783 5.607327938 6.956851006 0.133991048 0.049943477 -0.062540963 0.987745285
1403636718513555456.000000 2.271591902 5.581727982 6.936693192 0.142610699 0.049701221 -0.063903801 0.986462533
1403636718563555584.000000 2.251697540 5.556437492 6.917329311 0.150683030 0.048938476 -0.063376807 0.985334039
1403636718613555456.000000 2.231221437 5.531404495 6.898942471 0.158062801 0.047625035 -0.062596425 0.984291494
1403636718663555584.000000 2.210216761 5.506496429 6.880472660 -0.165638342 -0.046069928 0.059611280 -0.983304679
1403636718713555456.000000 2.183894396 5.485054493 6.862252235 0.172049597 0.044247571 -0.057965849 0.982385457
1403636718763555584.000000 2.162176847 5.462776661 6.846857071 0.176759735 0.044233318 -0.058302600 0.981529534
1403636718813555456.000000 2.140062571 5.442092896 6.832356930 0.178951591 0.044218216 -0.062604539 0.980867863
1403636718863555584.000000 2.118972301 5.422199726 6.818441868 -0.179625288 -0.045174897 0.069171645 -0.980259836
1403636718913555456.000000 2.099575281 5.403059006 6.804702759 -0.179901794 -0.046558701 0.074737452 -0.979735672
1403636718963555584.000000 2.081865072 5.384622097 6.790194511 -0.179717854 -0.048388101 0.079897523 -0.979273498
1403636719013555456.000000 2.066715002 5.366121769 6.775293827 -0.179795295 -0.049608685 0.083549201 -0.978893340
1403636719063555584.000000 2.053310633 5.347789764 6.759229660 -0.180260107 -0.051794775 0.085286096 -0.978544831
1403636719113555456.000000 2.041654825 5.329620838 6.742218971 -0.180353209 -0.054522585 0.086635262 -0.978260934
1403636719163555584.000000 2.023352146 5.311333179 6.719804287 0.180856735 0.058284041 -0.086168669 0.977992237
1403636719213555456.000000 2.014470577 5.292824745 6.701630592 0.181149110 0.061475608 -0.085149437 0.977832019
1403636719263555584.000000 2.004564762 5.274152756 6.683266640 0.181183085 0.064650625 -0.084152624 0.977707207
1403636719313555456.000000 1.995301485 5.255901337 6.665297508 -0.181919575 -0.066626839 0.081004754 -0.977703691
1403636719363555584.000000 1.982901931 5.238153458 6.647413254 -0.181778565 -0.068931274 0.079828136 -0.977666914
1403636719413555456.000000 1.968411207 5.220810413 6.629659176 -0.181730807 -0.070072539 0.078308173 -0.977717578
1403636719463555584.000000 1.952059388 5.204191208 6.612112522 -0.181526124 -0.070604958 0.076592825 -0.977853179
1403636719513555456.000000 1.933912873 5.188335896 6.594737053 -0.181119531 -0.070374429 0.075223342 -0.978051484
1403636719563555584.000000 1.914128542 5.173112869 6.577337742 -0.180153072 -0.067442618 0.074878849 -0.978462875
1403636719613555456.000000 1.894184470 5.158300877 6.559039116 -0.179867297 -0.064538144 0.073041029 -0.978850186
1403636719663555584.000000 1.870392919 5.143833637 6.534739017 0.178126574 0.061520744 -0.073502645 0.979328156
1403636719713555456.000000 1.853791356 5.130204201 6.513752460 0.176618442 0.057967357 -0.073086463 0.979849041
1403636719763555584.000000 1.838733077 5.117400169 6.491485596 0.175061092 0.055562649 -0.072469771 0.980313540
1403636719813555456.000000 1.825832129 5.104832172 6.468521595 0.173561260 0.053385239 -0.071692072 0.980758250
1403636719863555584.000000 1.814862370 5.092829704 6.444362164 0.172243506 0.052795809 -0.070714116 0.981093407
1403636719913555456.000000 1.806376457 5.079282284 6.421069622 -0.170900717 -0.052008592 0.069819704 -0.981434286
1403636719963555584.000000 1.796534300 5.067808628 6.397292614 -0.169805169 -0.050201200 0.069136813 -0.981766939
1403636720013555456.000000 1.786091805 5.056959629 6.374192715 -0.168210477 -0.049944360 0.069293402 -0.982043386
1403636720063555584.000000 1.774446607 5.046168804 6.352343082 -0.167836457 -0.049262371 0.068705648 -0.982183099
1403636720113555456.000000 1.761759996 5.035670280 6.331822872 -0.167068660 -0.048947424 0.068989761 -0.982309878
1403636720163555584.000000 1.749622703 5.028493881 6.310988426 0.166651472 0.047881026 -0.069149867 0.982422054
1403636720213555456.000000 1.734526396 5.018845081 6.292628288 0.166927859 0.047635593 -0.068358168 0.982442439
1403636720263555584.000000 1.718424797 5.009640217 6.275156021 0.167068586 0.047812097 -0.068144038 0.982424796
1403636720313555456.000000 1.701380253 4.999746323 6.257996082 -0.167355269 -0.047790647 0.067452975 -0.982424796
1403636720363555584.000000 1.683948755 4.990862370 6.242023468 -0.167573020 -0.047882345 0.067800611 -0.982359231
1403636720413555456.000000 1.665801764 4.982465267 6.226732254 -0.168261334 -0.047808975 0.067622304 -0.982257426
1403636720463555584.000000 1.648018837 4.974506855 6.211641788 -0.169129342 -0.047223993 0.067149252 -0.982169151
1403636720513555456.000000 1.631533384 4.967212677 6.196109295 -0.169754505 -0.046716936 0.066926584 -0.982100725
1403636720563555584.000000 1.616887808 4.960516453 6.180185795 -0.170832336 -0.046600465 0.066407278 -0.981954634
1403636720613555456.000000 1.603945374 4.954375744 6.163869858 -0.170833215 -0.046102777 0.067868747 -0.981878042
1403636720663555584.000000 1.598844767 4.952304363 6.147754669 0.172218695 0.045357358 -0.067493841 0.981696486
1403636720713555456.000000 1.589933991 4.947140694 6.130157948 0.172079265 0.046863526 -0.067470387 0.981651843
1403636720763555584.000000 1.583349466 4.942569256 6.112594128 0.171031505 0.046408705 -0.066291660 0.981936872
1403636720813555456.000000 1.576816082 4.939113617 6.094137669 -0.167828202 -0.046216551 0.065416597 -0.982557118
1403636720863555584.000000 1.571248293 4.935831070 6.077378750 -0.163001299 -0.046312239 0.065010346 -0.983391821
1403636720913555456.000000 1.564778805 4.933184147 6.061427116 -0.157231227 -0.046425909 0.062826321 -0.984467328
1403636720963555584.000000 1.557259202 4.930975914 6.046815395 -0.151126534 -0.047629014 0.060066849 -0.985537589
1403636721013555456.000000 1.548316717 4.928884983 6.033223152 -0.145943940 -0.048991311 0.056080017 -0.986486375
1403636721063555584.000000 1.538470507 4.927272797 6.020715714 -0.139993638 -0.050904017 0.052319124 -0.987457991
1403636721113555456.000000 1.527621150 4.926463604 6.009402752 -0.133280754 -0.051940903 0.048410006 -0.988531709
1403636721163555584.000000 1.518157721 4.925800323 6.004276276 0.125029683 0.054362517 -0.045306273 0.989626050
1403636721213555456.000000 1.507376909 4.926005840 5.993356705 0.117274776 0.055699430 -0.041398924 0.990671694
1403636721263555584.000000 1.497861743 4.926762104 5.981584072 0.110491008 0.058540873 -0.037385803 0.991446972
1403636721313555456.000000 1.488554001 4.928006649 5.968696117 -0.104116544 -0.058738474 0.035007849 -0.992211699
1403636721363555584.000000 1.481790423 4.929992199 5.954712868 -0.097955368 -0.059162170 0.033050995 -0.992880762
1403636721413555456.000000 1.476857662 4.932421207 5.939595699 -0.092753641 -0.060231365 0.031947330 -0.993352115
1403636721463555584.000000 1.472646356 4.934939861 5.923657417 -0.088443883 -0.060001489 0.030437404 -0.993806362
1403636721513555456.000000 1.468722463 4.938019276 5.907214642 -0.083008893 -0.059446387 0.029876579 -0.994325459
1403636721563555584.000000 1.463993192 4.941520691 5.891001701 -0.077381581 -0.058723554 0.028449411 -0.994863987
1403636721613555456.000000 1.457856894 4.945412636 5.875206470 -0.071318567 -0.057959128 0.027873412 -0.995378077
1403636721663555584.000000 1.454819918 4.949169159 5.864730358 0.066465184 0.056725483 -0.027301900 0.995800853
1403636721713555456.000000 1.446586609 4.952796459 5.850243568 0.062514268 0.057619538 -0.027081363 0.996011376
1403636721763555584.000000 1.436444163 4.956355095 5.836204052 0.058802206 0.057205118 -0.027984647 0.996236324
1403636721813555456.000000 1.423441648 4.961336136 5.820892811 -0.056866433 -0.057609700 0.027458936 -0.996339977
1403636721863555584.000000 1.410257578 4.965229511 5.807155609 -0.055878628 -0.058278020 0.026452906 -0.996384263
1403636721913555456.000000 1.396432638 4.968811512 5.793965816 -0.055054680 -0.058536336 0.026494099 -0.996413827
1403636721963555584.000000 1.382479429 4.972391129 5.781065464 -0.053837497 -0.058996376 0.029234065 -0.996376693
1403636722013555456.000000 1.369548321 4.975699902 5.767825127 -0.052533813 -0.059281655 0.032604944 -0.996324718
1403636722063555584.000000 1.358385921 4.978545666 5.753949165 -0.051739454 -0.059496306 0.035741389 -0.996245921
1403636722113555456.000000 1.349131346 4.980939388 5.739124298 -0.052360311 -0.059258349 0.036706343 -0.996192575
1403636722163555584.000000 1.348755717 4.983289242 5.726700306 0.053526264 0.058102489 -0.035568845 0.996239960
1403636722213555456.000000 1.343197703 4.985095501 5.710043907 0.054880835 0.057739664 -0.034691408 0.996218204
1403636722263555584.000000 1.338552356 4.986352921 5.693143368 0.056362979 0.056966625 -0.033494886 0.996220946
1403636722313555456.000000 1.331125617 4.986265182 5.673897266 -0.058055494 -0.057185747 0.032073766 -0.996157944
1403636722363555584.000000 1.324406505 4.986900330 5.656457901 -0.058497455 -0.056733675 0.031494051 -0.996176422
1403636722413555456.000000 1.316527963 4.987817764 5.639538288 -0.057162680 -0.056540292 0.031236226 -0.996273041
1403636722463555584.000000 1.307596207 4.988947392 5.623088837 -0.054871090 -0.057202928 0.030476527 -0.996387601
1403636722513555456.000000 1.297630906 4.989939690 5.607158661 -0.052761525 -0.057437617 0.028983343 -0.996532619
1403636722563555584.000000 1.286879539 4.990894794 5.591707706 -0.050556261 -0.057288282 0.028177453 -0.996678591
1403636722613555456.000000 1.275529146 4.991523266 5.576634884 -0.048276380 -0.057283539 0.028931404 -0.996770322
1403636722663555584.000000 1.271848321 4.991441250 5.561715126 0.046395306 0.056399852 -0.028938049 0.996909797
1403636722713555456.000000 1.259961963 4.991527557 5.547118664 0.044779766 0.056899812 -0.029161172 0.996948779
1403636722763555584.000000 1.247761130 4.991548538 5.532835007 0.043092433 0.056532085 -0.030035147 0.997018099
1403636722813555456.000000 1.235332966 4.991692066 5.516547203 -0.041995224 -0.055824000 0.030719277 -0.997083962
1403636722863555584.000000 1.225569844 4.990926266 5.499708176 -0.041031137 -0.055985827 0.031452887 -0.997092128
1403636722913555456.000000 1.216682434 4.989559174 5.482180595 -0.041071579 -0.055683844 0.030351577 -0.997141540
1403636722963555584.000000 1.209103227 4.987762928 5.463861465 -0.041515261 -0.055161316 0.029208388 -0.997186363
1403636723013555456.000000 1.202314496 4.985651493 5.444253922 -0.042438194 -0.055629335 0.027351052 -0.997174203
1403636723063555584.000000 1.197617769 4.983144760 5.424883842 -0.043487456 -0.056448262 0.025094608 -0.997142255
1403636723113555456.000000 1.193644643 4.980318069 5.405662060 -0.043965839 -0.056712132 0.024104174 -0.997130752
1403636723163555584.000000 1.190505266 4.974890232 5.394118309 0.043765929 0.057408564 -0.023580145 0.997112215
1403636723213555456.000000 1.185451746 4.972420216 5.375831127 0.043772489 0.057278708 -0.023011446 0.997132719
1403636723263555584.000000 1.180784822 4.969906807 5.358304024 0.043108936 0.056550525 -0.024180720 0.997175515
1403636723313555456.000000 1.168173552 4.966749668 5.341360569 -0.041765410 -0.057045981 0.026299667 -0.997150838
1403636723363555584.000000 1.158873677 4.964066505 5.324878216 -0.039680060 -0.057434630 0.026593816 -0.997205913
1403636723413555456.000000 1.148913264 4.961396694 5.308720112 -0.035565473 -0.058434080 0.027453838 -0.997279763
1403636723463555584.000000 1.139428973 4.958802223 5.292802334 -0.030130172 -0.060876444 0.028206397 -0.997291744
1403636723513555456.000000 1.130700707 4.955756187 5.276806355 -0.024786564 -0.065107092 0.025815202 -0.997236311
1403636723563555584.000000 1.123686790 4.952066898 5.260920048 -0.020568522 -0.071537979 0.021196954 -0.997000515
1403636723613555456.000000 1.117821693 4.947882175 5.243557453 -0.016829588 -0.077948272 0.017006550 -0.996670306
1403636723663555584.000000 1.116636038 4.942302704 5.216302872 0.012780549 0.078085557 -0.013896069 0.996767879
1403636723713555456.000000 1.112261653 4.937357426 5.196572781 0.009008142 0.074499875 -0.012284531 0.997104704
1403636723763555584.000000 1.108091712 4.932103634 5.175066948 0.005237928 0.069980033 -0.010315744 0.997481346
1403636723813555456.000000 1.103422046 4.926611900 5.152902126 0.002747839 0.065131307 -0.007486253 0.997844875
1403636723863555584.000000 1.096799850 4.919749737 5.133364201 -0.000325138 -0.061610229 0.005511801 -0.998085022
1403636723913555456.000000 1.089780807 4.913621426 5.112731457 0.001622571 -0.058095146 0.003504825 -0.998303652
1403636723963555584.000000 1.081272840 4.907524109 5.092749596 0.003474805 -0.053768251 0.001515427 -0.998546302
1403636724013555456.000000 1.071710587 4.901848793 5.073335648 0.006642066 -0.049576569 0.000382273 -0.998748243
1403636724063555584.000000 1.061396956 4.896710873 5.054816723 0.010942768 -0.046155810 -0.001587416 -0.998873115
1403636724113555456.000000 1.049730897 4.892106533 5.037175655 0.016661331 -0.042472061 -0.003616615 -0.998952270
1403636724163555584.000000 1.033709526 4.890692711 5.017730713 -0.023602789 0.042275991 0.005370722 0.998812735
1403636724213555456.000000 1.020722508 4.886973381 5.001844883 -0.030638371 0.041077547 0.009223714 0.998643517
1403636724263555584.000000 1.007441640 4.883213043 4.986626625 -0.039133515 0.041291956 0.012450799 0.998302877
1403636724313555456.000000 0.994149804 4.879676819 4.972383499 -0.048409268 0.042596683 0.014998135 0.997806191
1403636724363555584.000000 0.984222651 4.875736713 4.960131168 0.057561912 -0.044725664 -0.018196696 -0.997173607
1403636724413555456.000000 0.973325491 4.872010708 4.946082115 0.066937976 -0.047759019 -0.021172723 -0.996388555
1403636724463555584.000000 0.963834703 4.868007183 4.931770325 0.074643373 -0.049787555 -0.024327768 -0.995669544
1403636724513555456.000000 0.956233740 4.863631248 4.916831970 0.081731163 -0.052651361 -0.025678292 -0.994931400
1403636724563555584.000000 0.949254870 4.858830452 4.901216030 0.087244295 -0.055065382 -0.027543988 -0.994282484
1403636724613555456.000000 0.943769753 4.854012966 4.885545731 0.092080899 -0.055559143 -0.029030414 -0.993776441
1403636724663555584.000000 0.938125432 4.850114346 4.873211384 -0.095488511 0.056809187 0.030154392 0.993350625
1403636724713555456.000000 0.936944366 4.843869686 4.856088161 -0.098145284 0.056798104 0.031521007 0.993049860
1403636724763555584.000000 0.937806189 4.837156296 4.838442326 -0.100095771 0.056279011 0.032621227 0.992849112
1403636724813555456.000000 0.940380633 4.829887390 4.819986343 -0.101230994 0.055426892 0.033356883 0.992757559
1403636724863555584.000000 0.945572436 4.822962284 4.800121784 0.101496093 -0.054413922 -0.034491748 -0.992747784
1403636724913555456.000000 0.951925516 4.815158367 4.780402660 0.100634590 -0.053731684 -0.036371108 -0.992805541
1403636724963555584.000000 0.960007250 4.807140350 4.760170937 0.099172093 -0.053088244 -0.038655110 -0.992901027
1403636725013555456.000000 0.969951034 4.799151421 4.739587307 0.097180605 -0.053074099 -0.041151643 -0.992998362
1403636725063555584.000000 0.982063174 4.791417122 4.718177319 0.095519811 -0.053672075 -0.043091014 -0.993045092
1403636725113555456.000000 0.995389760 4.784266472 4.696441650 0.093965754 -0.053363293 -0.044575039 -0.993144453
1403636725163555584.000000 1.011369228 4.778580666 4.680647373 -0.092551850 0.052526567 0.046024382 0.993255734
1403636725213555456.000000 1.025411367 4.772651196 4.659434319 -0.092260823 0.052589480 0.045139417 0.993320107
1403636725263555584.000000 1.038817525 4.767391682 4.639052868 -0.091346823 0.052150123 0.045263596 0.993422091
1403636725313555456.000000 1.050529599 4.761761665 4.618652821 0.092138164 -0.051441748 -0.043054797 -0.993484139
1403636725363555584.000000 1.061340332 4.757394791 4.599611282 0.092300244 -0.051206537 -0.041870035 -0.993531823
1403636725413555456.000000 1.070969462 4.753429413 4.581417561 0.092911288 -0.051429294 -0.039985865 -0.993541002
1403636725463555584.000000 1.079168320 4.749681473 4.564255714 0.093212627 -0.051418863 -0.039222736 -0.993543804
1403636725513555456.000000 1.086176872 4.746288776 4.547863007 0.093800947 -0.051212247 -0.037694968 -0.993558168
1403636725563555584.000000 1.091727257 4.743022442 4.532370567 0.094396412 -0.050422736 -0.036993865 -0.993568540
1403636725613555456.000000 1.096233845 4.740122318 4.517828465 0.095085770 -0.050513051 -0.035635903 -0.993547797
1403636725663555584.000000 1.105732322 4.730418205 4.498749256 -0.095707960 0.051784437 0.035139877 0.993440270
1403636725713555456.000000 1.107990623 4.727204323 4.486545086 -0.095693186 0.052132778 0.035673160 0.993404448
1403636725763555584.000000 1.109172106 4.723975658 4.475656986 -0.095641188 0.051702257 0.035583910 0.993435144
1403636725813555456.000000 1.109024525 4.720802307 4.465570450 -0.095571712 0.052094311 0.035257172 0.993432999
1403636725863555584.000000 1.106410027 4.718709946 4.454664707 0.094977647 -0.050531376 -0.035955485 -0.993545711
1403636725913555456.000000 1.104262114 4.715948582 4.445920467 0.093790114 -0.050851412 -0.037763748 -0.993575096
1403636725963555584.000000 1.101196170 4.713254929 4.438020706 0.093026899 -0.050335020 -0.038215965 -0.993655860
1403636726013555456.000000 1.097486496 4.710715771 4.430856228 0.092299365 -0.051304333 -0.038767409 -0.993652761
1403636726063555584.000000 1.093059778 4.708311081 4.424652576 0.092071958 -0.051631968 -0.037762087 -0.993695617
1403636726113555456.000000 1.087647438 4.705964565 4.419232845 0.092117220 -0.051917583 -0.036494460 -0.993723869
1403636726163555584.000000 1.071800351 4.699297428 4.402159214 -0.092059635 0.053922523 0.035300739 0.993665636
1403636726213555456.000000 1.064329505 4.696797371 4.398137093 -0.091614008 0.054662473 0.034793030 0.993684292
1403636726263555584.000000 1.056493163 4.693895340 4.394477844 -0.091449328 0.054812219 0.033568922 0.993733287
1403636726313555456.000000 1.049232960 4.690604687 4.390439987 -0.090719253 0.055255488 0.033292629 0.993784964
1403636726363555584.000000 1.046418548 4.691209316 4.385393620 0.090351887 -0.056386545 -0.032225866 -0.993790030
1403636726413555456.000000 1.044460773 4.688848019 4.380660057 0.089528263 -0.056827579 -0.031777367 -0.993853867
1403636726463555584.000000 1.044810414 4.686345577 4.375670910 0.088456906 -0.057588037 -0.032057822 -0.993897021
1403636726513555456.000000 1.046517134 4.683643341 4.370535851 0.086828172 -0.058154687 -0.034163244 -0.993937492
1403636726563555584.000000 1.049814701 4.680708408 4.364721775 0.083332464 -0.059822105 -0.040311631 -0.993907452
1403636726613555456.000000 1.053925991 4.677959919 4.358077049 0.079242431 -0.061279550 -0.048300888 -0.993797004
1403636726663555584.000000 1.044215918 4.671003819 4.326477528 -0.075708181 0.064798698 0.055015925 0.993500292
1403636726713555456.000000 1.047832012 4.669539928 4.316285133 -0.075123698 0.064888693 0.055725649 0.993499160
1403636726763555584.000000 1.052701831 4.669224262 4.303589344 -0.076475419 0.065647222 0.052136485 0.993541062
1403636726813555456.000000 1.058997989 4.670258045 4.289433479 -0.078300007 0.065593652 0.046540570 0.993680358
1403636726863555584.000000 1.068168759 4.672348499 4.275241852 -0.078844503 0.065746360 0.040154263 0.993905723
1403636726913555456.000000 1.092754841 4.681671619 4.272026539 0.078401312 -0.065003268 -0.035173535 -0.994178355
1403636726963555584.000000 1.105233312 4.685031891 4.257587910 0.077652246 -0.064526059 -0.031499907 -0.994391382
1403636727013555456.000000 1.118929148 4.688471794 4.242595196 0.076694213 -0.064573146 -0.029578285 -0.994521797
1403636727063555584.000000 1.131940365 4.691438675 4.226270199 0.076476038 -0.064631701 -0.026902864 -0.994610727
1403636727113555456.000000 1.140610337 4.691411495 4.204655170 0.076252148 -0.064086676 -0.024424031 -0.994727135
1403636727163555584.000000 1.147918105 4.691943169 4.168487549 -0.076554701 0.063375093 0.021382671 0.994819522
1403636727213555456.000000 1.155208826 4.692418575 4.148931026 -0.077071816 0.062628508 0.018486194 0.994884908
1403636727263555584.000000 1.161558390 4.692905903 4.131066322 -0.077673890 0.061908077 0.015740218 0.994930387
1403636727313555456.000000 1.166028976 4.691879749 4.111004353 -0.078670032 0.061154366 0.012900438 0.994939566
1403636727363555584.000000 1.173816085 4.696830273 4.105360508 0.078658909 -0.059137885 -0.011953593 -0.995074153
1403636727413555456.000000 1.177841783 4.696028233 4.090207100 0.078914315 -0.058895014 -0.010927874 -0.995080173
1403636727463555584.000000 1.181178689 4.694420338 4.075073719 0.079328611 -0.058961898 -0.009847278 -0.995054543
1403636727513555456.000000 1.184580922 4.691792965 4.059442043 0.078547373 -0.060658932 -0.011650430 -0.994995058
1403636727563555584.000000 1.188597918 4.688093662 4.043023109 0.077099338 -0.062348738 -0.015130499 -0.994957030
1403636727613555456.000000 1.193578243 4.683672428 4.025221348 0.076690331 -0.063977584 -0.016210940 -0.994868219
1403636727663555584.000000 1.203825593 4.679005146 3.999932051 -0.075726748 0.064162061 0.018214060 0.994895518
1403636727713555456.000000 1.211743355 4.673495293 3.980498075 -0.076027468 0.062590607 0.017990930 0.994976759
1403636727763555584.000000 1.221445322 4.667604923 3.959818363 -0.076461367 0.061922032 0.017005153 0.995002627
1403636727813555456.000000 1.232479453 4.662368298 3.939759254 0.076856934 -0.061184939 -0.015495480 -0.995042384
1403636727863555584.000000 1.244784713 4.655653477 3.917500973 0.079205342 -0.059999552 -0.010785709 -0.994992614
1403636727913555456.000000 1.256841302 4.648015499 3.894866943 0.081247471 -0.059791539 -0.006346110 -0.994878650
1403636727963555584.000000 1.267697930 4.639423370 3.872655869 0.081735022 -0.059695274 -0.005226207 -0.994851053
1403636728013555456.000000 1.276981950 4.629760742 3.850978374 0.081363872 -0.059445299 -0.006611748 -0.994888186
1403636728063555584.000000 1.284780145 4.619167805 3.829895973 0.080716178 -0.059325740 -0.008398052 -0.994934678
1403636728113555456.000000 1.291247845 4.607906342 3.809145927 0.079347454 -0.061115362 -0.011783691 -0.994902074
1403636728163555584.000000 1.306021214 4.591835499 3.801016092 -0.079435885 0.061752860 0.013575548 0.994832814
1403636728213555456.000000 1.309882879 4.579227924 3.781159401 -0.078685172 0.062930115 0.015410124 0.994791925
1403636728263555584.000000 1.312292933 4.566310406 3.761912823 -0.078350499 0.063599527 0.016591599 0.994756818
1403636728313555456.000000 1.313120604 4.552805901 3.743192911 -0.077874437 0.063448511 0.018160744 0.994776428
1403636728363555584.000000 1.312692642 4.538813114 3.725033998 -0.078204982 0.063031435 0.017981494 0.994780302
1403636728413555456.000000 1.310307145 4.525115013 3.706353903 0.076413155 -0.062830970 -0.021827549 -0.994855225
1403636728463555584.000000 1.306725025 4.510674000 3.688706398 0.073995002 -0.063634939 -0.027936930 -0.994834065
1403636728513555456.000000 1.301596880 4.496422768 3.671228886 0.071110934 -0.063608393 -0.035106484 -0.994818985
1403636728563555584.000000 1.295401812 4.482775688 3.653784275 0.068975940 -0.063280083 -0.038392838 -0.994868815
1403636728613555456.000000 1.288471699 4.469969273 3.636614323 0.066485628 -0.063811071 -0.039887726 -0.994945645
1403636728663555584.000000 1.282045484 4.456005573 3.641975880 -0.065370694 0.062927365 0.034989409 0.995260119
1403636728713555456.000000 1.275999904 4.444235802 3.623949766 -0.062879078 0.062839985 0.028315311 0.995638311
1403636728763555584.000000 1.271651983 4.432381630 3.605128050 -0.058594380 0.062315762 0.021546280 0.996102035
1403636728813555456.000000 1.269174099 4.420745850 3.586264372 -0.053258937 0.061639063 0.014306856 0.996573925
1403636728863555584.000000 1.265735269 4.409899712 3.562933922 0.047405791 -0.061652150 -0.008693895 -0.996933401
1403636728913555456.000000 1.264456391 4.398234367 3.540713787 0.041753106 -0.062862895 -0.003516777 -0.997142255
1403636728963555584.000000 1.263701439 4.384294510 3.533215046 -0.036688145 0.063692749 0.000382002 0.997294903
1403636729013555456.000000 1.260909557 4.372098446 3.511130810 -0.031699348 0.064964712 -0.002427877 0.997381032
1403636729063555584.000000 1.257042289 4.359696865 3.489454031 -0.027582938 0.066592760 -0.005296974 0.997384906
1403636729113555456.000000 1.251494765 4.347225666 3.468404531 -0.023659220 0.067553312 -0.006931959 0.997411072
1403636729163555584.000000 1.244402170 4.333834171 3.447379351 0.020947050 -0.067342214 0.008780029 -0.997471392
1403636729213555456.000000 1.235647678 4.320581913 3.426366806 0.018360423 -0.065127067 0.009273844 -0.997664988
1403636729263555584.000000 1.225942850 4.306822300 3.405578852 0.015447898 -0.064073697 0.008039749 -0.997793198
1403636729313555456.000000 1.215190172 4.292889118 3.384810925 0.014037994 -0.063706093 0.008665061 -0.997832417
1403636729363555584.000000 1.203797698 4.278762341 3.364111662 0.012573029 -0.063721769 0.008161192 -0.997855127
1403636729413555456.000000 1.193068504 4.263103485 3.362900257 -0.012261462 0.064585999 -0.008790774 0.997798085
1403636729463555584.000000 1.182395935 4.248641968 3.340729952 -0.011761456 0.064764008 -0.009009503 0.997790694
1403636729513555456.000000 1.172879100 4.234068871 3.317528963 -0.011155040 0.064731017 -0.008891497 0.997800827
1403636729563555584.000000 1.164230824 4.219645977 3.294413567 -0.010589189 0.064145043 -0.008437195 0.997848809
1403636729613555456.000000 1.156817436 4.203280449 3.266648531 0.010373904 -0.063356571 0.008481882 -0.997901022
1403636729663555584.000000 1.151148558 4.188076973 3.239817619 0.010221194 -0.062723771 0.008186255 -0.997945070
1403636729713555456.000000 1.146061063 4.172832489 3.212643147 0.009574795 -0.062964298 0.006895198 -0.997946024
1403636729763555584.000000 1.141468525 4.157626629 3.185747147 0.010103873 -0.061060708 0.007241177 -0.998056710
1403636729813555456.000000 1.136075497 4.142262459 3.159067869 0.010315449 -0.058942065 0.006566280 -0.998186529
1403636729863555584.000000 1.129343510 4.127049446 3.132879734 0.010835118 -0.056239914 0.006943668 -0.998334408
1403636729913555456.000000 1.126340866 4.109476089 3.120903492 -0.010562923 0.054498807 -0.004808727 0.998446465
1403636729963555584.000000 1.117528915 4.094161987 3.096409321 -0.011059165 0.052735984 -0.005763013 0.998530686
1403636730013555456.000000 1.108165264 4.078467846 3.073352814 -0.010857617 0.051157132 -0.004772454 0.998620212
1403636730063555584.000000 1.098200440 4.062423706 3.051404715 -0.010553773 0.050306980 -0.004698479 0.998667002
1403636730113555456.000000 1.083804369 4.044599533 3.025583029 0.010171719 -0.049705159 0.004807692 -0.998700559
1403636730163555584.000000 1.071264982 4.028128147 3.003491640 0.009765855 -0.049971264 0.003758830 -0.998695850
1403636730213555456.000000 1.057835579 4.011875629 2.982179165 0.009986736 -0.048839804 0.004588681 -0.998746157
1403636730263555584.000000 1.043959618 3.995784760 2.961705446 0.009697880 -0.048840232 0.004841854 -0.998747826
1403636730313555456.000000 1.029535532 3.979972124 2.941967010 0.008705080 -0.049425863 0.003006535 -0.998735368
1403636730363555584.000000 1.014497995 3.964533091 2.923069954 0.008272806 -0.048984829 0.002968411 -0.998760879
1403636730413555456.000000 0.999930978 3.951690912 2.909845352 -0.008246038 0.047552668 -0.003773587 0.998827636
1403636730463555584.000000 0.986169696 3.936561346 2.892500877 -0.007711580 0.043919828 -0.003365127 0.998999655
1403636730513555456.000000 0.974498987 3.921701908 2.874669313 -0.008079218 0.040086146 -0.004582435 0.999153137
1403636730563555584.000000 0.965204895 3.906472921 2.857231379 -0.007537200 0.035873726 -0.003768411 0.999320805
1403636730613555456.000000 0.956222177 3.890217781 2.838406563 0.007184391 -0.033000227 0.003304340 -0.999424040
1403636730663555584.000000 0.952170014 3.875038385 2.822033644 0.006955171 -0.031459048 0.002755405 -0.999477088
1403636730713555456.000000 0.952250540 3.859750271 2.806058645 0.006512763 -0.030436572 0.002609756 -0.999512076
1403636730763555584.000000 0.955407977 3.844271183 2.790874004 0.006894107 -0.029178489 0.003188571 -0.999545395
1403636730813555456.000000 0.959873557 3.828849792 2.775497198 0.006695979 -0.028722925 0.003606429 -0.999558508
1403636730863555584.000000 0.956719279 3.809049845 2.761522532 -0.006426056 0.027927183 -0.001777945 0.999587774
1403636730913555456.000000 0.962063909 3.793885708 2.747486591 -0.005223857 0.027148925 0.001805062 0.999616146
1403636730963555584.000000 0.966990471 3.778974056 2.734899998 -0.003349310 0.028438158 0.006780806 0.999567032
1403636731013555456.000000 0.970757604 3.764635324 2.723851681 -0.001693900 0.029798636 0.011949597 0.999483109
1403636731063555584.000000 0.976466238 3.750012398 2.714732409 -0.000726291 -0.035348590 -0.018620627 -0.999201298
1403636731113555456.000000 0.980435193 3.737442970 2.706605673 -0.001678661 -0.041886099 -0.022526825 -0.998866975
1403636731163555584.000000 0.983158708 3.726274490 2.699664593 -0.002075993 -0.047078047 -0.024556329 -0.998587251
1403636731213555456.000000 0.984839916 3.716769695 2.693644524 -0.000862783 -0.050901283 -0.022982197 -0.998438835
1403636731263555584.000000 0.991216958 3.712129354 2.686284065 0.000832900 -0.054461885 -0.019395795 -0.998327136
1403636731313555456.000000 0.990428746 3.705551147 2.681152821 0.003535231 -0.056281772 -0.014472620 -0.998303831
1403636731363555584.000000 0.973269820 3.706500530 2.666271687 -0.005198686 0.057439696 0.010497325 0.998280287
1403636731413555456.000000 0.970014870 3.701386929 2.661914825 -0.007554201 0.056430649 0.005623625 0.998362124
1403636731463555584.000000 0.965890467 3.696500063 2.657858849 -0.008295532 0.057041105 0.004140347 0.998328805
1403636731513555456.000000 0.960451543 3.692257881 2.654225111 -0.007913870 0.056161810 0.005296178 0.998376310
1403636731563555584.000000 0.954019129 3.687908173 2.652070761 0.005979141 -0.055663969 -0.009305040 -0.998388350
1403636731613555456.000000 0.947123110 3.684274435 2.649212837 0.004908185 -0.055901837 -0.012238672 -0.998349190
1403636731663555584.000000 0.939267457 3.681374311 2.646546602 0.003804420 -0.055732604 -0.014664732 -0.998330832
1403636731713555456.000000 0.930815101 3.679642200 2.644335985 0.004237888 -0.055948731 -0.014199002 -0.998323679
1403636731763555584.000000 0.921287596 3.678774118 2.642155886 0.005552098 -0.055569727 -0.011201043 -0.998376608
1403636731813555456.000000 0.910582423 3.678657770 2.639876842 0.006315252 -0.055594746 -0.009286274 -0.998390257
1403636731863555584.000000 0.899286389 3.681132317 2.634124994 -0.006910280 0.055371925 0.006774835 0.998418927
1403636731913555456.000000 0.887265086 3.681942701 2.632097960 -0.007109624 0.055728998 0.004988301 0.998408139
1403636731963555584.000000 0.874420106 3.683153391 2.630192518 -0.007024811 0.056513645 0.004636294 0.998366416
1403636732013555456.000000 0.860678792 3.684236050 2.628611326 -0.006920969 0.056773596 0.003943982 0.998355389
1403636732063555584.000000 0.846709788 3.686440468 2.629785299 0.006961056 -0.058311936 -0.002934024 -0.998269916
1403636732113555456.000000 0.830958426 3.688374519 2.629518270 0.006526057 -0.058440406 -0.003456642 -0.998263657
1403636732163555584.000000 0.814343214 3.690513849 2.629465818 0.006476681 -0.058585718 -0.002312862 -0.998258770
1403636732213555456.000000 0.798358619 3.692799807 2.628692627 0.006402192 -0.060190767 -0.001751781 -0.998164892
1403636732263555584.000000 0.783261240 3.695288897 2.626889229 0.006770158 -0.061015941 0.000161488 -0.998113871
1403636732313555456.000000 0.768919945 3.697821617 2.623530388 0.005930790 -0.061952606 -0.000775532 -0.998061240
1403636732363555584.000000 0.765496552 3.694481134 2.633065939 -0.007274572 0.061071962 -0.001952135 0.998104990
1403636732413555456.000000 0.755002856 3.697083473 2.626488447 -0.009051080 0.062694088 -0.006225314 0.997972369
1403636732463555584.000000 0.746896207 3.699444771 2.618290424 -0.011827494 0.065179735 -0.013227290 0.997715831
1403636732513555456.000000 0.740222514 3.701533556 2.607744217 -0.015051010 0.068102039 -0.021565448 0.997331738
1403636732563555584.000000 0.731758833 3.701468706 2.595081091 0.017295351 -0.071176589 0.027642837 -0.996930659
1403636732613555456.000000 0.725631893 3.700583696 2.581653357 0.018993627 -0.074348643 0.032518089 -0.996520996
1403636732663555584.000000 0.720053494 3.698013544 2.566808224 0.018295918 -0.076951027 0.032264948 -0.996344686
1403636732713555456.000000 0.715132236 3.693995714 2.550494909 0.016281128 -0.078927971 0.028604865 -0.996336877
1403636732763555584.000000 0.711066544 3.688739061 2.532695293 0.013913753 -0.079240315 0.024056805 -0.996468127
1403636732813555456.000000 0.709314585 3.683428288 2.514780283 0.011348263 -0.080200210 0.019255986 -0.996528208
1403636732863555584.000000 0.717016876 3.673921108 2.508458376 -0.010555936 0.079710230 -0.017567879 0.996607363
1403636732913555456.000000 0.712423146 3.666966200 2.488674879 -0.009727281 0.078714728 -0.016458865 0.996713877
1403636732963555584.000000 0.706660450 3.659517288 2.469174623 -0.008951908 0.076580733 -0.015452579 0.996903419
1403636733013555456.000000 0.698556960 3.651449680 2.449547291 -0.008356850 0.073667169 -0.015111037 0.997133374
1403636733063555584.000000 0.686365604 3.639094830 2.425354004 0.008376384 -0.070998415 0.015243456 -0.997324824
1403636733113555456.000000 0.678085268 3.629192829 2.403026342 0.007917025 -0.067072436 0.014881336 -0.997605801
1403636733163555584.000000 0.666542172 3.619809389 2.371674776 0.008947334 -0.067064755 0.017707933 -0.997551382
1403636733213555456.000000 0.661566198 3.608804226 2.347019672 0.008598936 -0.065670989 0.017883737 -0.997644007
1403636733263555584.000000 0.658137321 3.597125530 2.321350336 0.008412864 -0.064933121 0.018938344 -0.997674406
1403636733313555456.000000 0.655132234 3.584920406 2.294216871 0.007269880 -0.064326465 0.017357225 -0.997751474
1403636733363555584.000000 0.664366722 3.568648815 2.277936935 -0.006290758 0.061838172 -0.015731046 0.997942448
1403636733413555456.000000 0.662849665 3.555582047 2.249853373 -0.004983829 0.059262887 -0.014239080 0.998128414
1403636733463555584.000000 0.663051903 3.541757107 2.221226931 -0.003938661 0.057460409 -0.011664120 0.998271883
1403636733513555456.000000 0.664296031 3.527340651 2.192830086 -0.003532180 0.055313300 -0.011329719 0.998398602
1403636733563555584.000000 0.663549125 3.512726307 2.166173697 0.003229287 -0.053772613 0.010524482 -0.998492539
1403636733613555456.000000 0.662654817 3.498222828 2.138844967 0.003165368 -0.052456211 0.011557826 -0.998551369
1403636733663555584.000000 0.660319746 3.483552694 2.112231970 0.002501521 -0.051257432 0.009830880 -0.998634040
1403636733713555456.000000 0.656707883 3.468815327 2.086403131 0.002363640 -0.050125953 0.010083796 -0.998689234
1403636733763555584.000000 0.649585068 3.452785015 2.053640842 -0.002485421 0.049934510 -0.010760809 0.998691499
1403636733813555456.000000 0.643436193 3.437710047 2.029728889 -0.002162013 0.047966953 -0.010252862 0.998793960
1403636733863555584.000000 0.636294723 3.422535419 2.006304741 -0.001987804 0.047072008 -0.010291252 0.998836517
1403636733913555456.000000 0.628487229 3.407170773 1.983531475 -0.002579864 0.048263773 -0.011859092 0.998760939
1403636733963555584.000000 0.620107055 3.392047644 1.961685538 0.003891726 -0.050399993 0.014934629 -0.998609900
1403636734013555456.000000 0.611266077 3.376426220 1.940419555 0.004378740 -0.053689510 0.016117213 -0.998418093
1403636734063555584.000000 0.601531744 3.360641241 1.919568419 0.004868537 -0.056202047 0.016086597 -0.998277962
1403636734113555456.000000 0.591644824 3.344350576 1.898931265 0.004824266 -0.058293231 0.014513583 -0.998182416
1403636734163555584.000000 0.582218826 3.327836752 1.877817273 0.004970291 -0.059013635 0.014059813 -0.998145878
1403636734213555456.000000 0.574173629 3.310902596 1.856272340 0.004147704 -0.059291590 0.012539963 -0.998153389
1403636734263555584.000000 0.571157396 3.295869112 1.825327516 -0.002873853 0.059894156 -0.011523544 0.998134136
1403636734313555456.000000 0.565802693 3.278540134 1.801459670 -0.001856773 0.058725841 -0.010013742 0.998222232
1403636734363555584.000000 0.562143087 3.260982037 1.776887417 -0.001031465 0.057266772 -0.009090134 0.998317003
1403636734413555456.000000 0.560460329 3.243720531 1.751350522 0.000039239 0.055673786 -0.007723487 0.998419225
1403636734463555584.000000 0.558493674 3.225678205 1.727275729 -0.000599800 -0.053761601 0.007640387 -0.998524427
1403636734513555456.000000 0.557313681 3.208253145 1.702246070 -0.001274048 -0.052196428 0.007287189 -0.998609483
1403636734563555584.000000 0.555280030 3.190888405 1.677939534 -0.001766725 -0.049945768 0.007177843 -0.998724639
1403636734613555456.000000 0.552283823 3.173551798 1.654319286 -0.002436837 -0.047979340 0.006962169 -0.998821139
1403636734663555584.000000 0.548140049 3.156537294 1.631620646 -0.002414407 -0.046106622 0.007939034 -0.998902142
1403636734713555456.000000 0.542920113 3.139563084 1.609919071 -0.002708609 -0.045313332 0.008881318 -0.998929679
1403636734763555584.000000 0.526705086 3.126596212 1.576934218 0.003261328 0.045762099 -0.010326895 0.998893738
1403636734813555456.000000 0.518758237 3.110040903 1.556966782 0.003871840 0.044656936 -0.010255258 0.998942316
1403636734863555584.000000 0.509975553 3.093486071 1.538036942 0.004588224 0.044513401 -0.010381933 0.998944342
1403636734913555456.000000 0.500286520 3.076888800 1.520376563 0.005373954 0.044234265 -0.010056157 0.998956144
1403636734963555584.000000 0.492474794 3.062085390 1.505132318 -0.006002266 -0.044091728 0.009491909 -0.998964429
1403636735013555456.000000 0.482569098 3.046248674 1.489922166 -0.005804668 -0.044181358 0.010602109 -0.998950422
1403636735063555584.000000 0.472233742 3.030300140 1.475542665 -0.006245233 -0.044702142 0.009941359 -0.998931408
1403636735113555456.000000 0.461787939 3.014431715 1.461387634 -0.006406457 -0.044689350 0.009121901 -0.998938739
1403636735163555584.000000 0.452269733 2.998919964 1.447009563 -0.006839871 -0.044476256 0.007877144 -0.998955965
1403636735213555456.000000 0.444226176 2.983332634 1.432896018 -0.006783371 -0.043432970 0.006928582 -0.999009311
1403636735263555584.000000 0.414564222 2.969872713 1.407466531 0.007020622 0.042827625 -0.005290240 0.999043882
1403636735313555456.000000 0.411455095 2.954344034 1.392827034 0.006762637 0.041340131 -0.003785467 0.999115169
1403636735363555584.000000 0.411693215 2.938912868 1.378016353 0.006227061 0.040190339 -0.002506188 0.999169469
1403636735413555456.000000 0.414115518 2.923260450 1.361605048 0.004922283 0.041696653 -0.002305194 0.999115586
1403636735463555584.000000 0.416562498 2.909430027 1.343657136 0.003811209 0.042767335 -0.000682053 0.999077618
1403636735513555456.000000 0.436372578 2.898365974 1.333754182 -0.001984627 -0.043713722 0.000733354 -0.999041915
1403636735563555584.000000 0.445905834 2.884556055 1.317815304 -0.000069926 -0.044357214 0.000710920 -0.999015570
1403636735613555456.000000 0.456794053 2.871046543 1.302053332 0.001800943 -0.045250304 0.001026354 -0.998973548
1403636735663555584.000000 0.467273653 2.857782364 1.286923885 0.003775318 -0.045535617 0.001122014 -0.998955011
1403636735713555456.000000 0.476668775 2.844714165 1.273001552 0.004850615 -0.044637721 0.000135009 -0.998991489
1403636735763555584.000000 0.458779246 2.836042881 1.254660964 -0.006239491 0.045945112 -0.000283375 0.998924434
1403636735813555456.000000 0.464378327 2.823126554 1.241811395 -0.006875095 0.046138767 0.000909586 0.998910964
1403636735863555584.000000 0.468154132 2.810762644 1.229486465 -0.007601445 0.046835747 0.000764533 0.998873472
1403636735913555456.000000 0.469900757 2.798607588 1.217809439 -0.007801943 0.047315896 0.000897875 0.998849094
1403636735963555584.000000 0.477912247 2.789935827 1.211393237 0.008097689 -0.047466919 -0.000537785 -0.998839855
1403636736013555456.000000 0.481281549 2.778660774 1.202225208 0.006968694 -0.048210349 0.001028363 -0.998812377
1403636736063555584.000000 0.485466629 2.767193794 1.192877173 0.004279732 -0.048782248 0.003033785 -0.998795748
1403636736113555456.000000 0.491292238 2.755431652 1.182627201 -0.000332110 -0.050794780 0.004131448 -0.998700559
1403636736163555584.000000 0.498380959 2.743510962 1.171588898 -0.005927891 -0.052683551 0.006633941 -0.998571634
1403636736213555456.000000 0.506794870 2.731668711 1.159151673 -0.012166627 -0.054440357 0.008780847 -0.998404264
1403636736263555584.000000 0.534094989 2.723070383 1.150559425 0.017878260 0.054590277 -0.011882471 0.998278081
1403636736313555456.000000 0.542487085 2.711741924 1.138068438 0.022796856 0.055057891 -0.014847535 0.998112500
1403636736363555584.000000 0.549519002 2.700590611 1.126012325 0.026951468 0.055275843 -0.017842963 0.997947872
1403636736413555456.000000 0.555159807 2.689846516 1.114857912 0.030622866 0.055139743 -0.020155225 0.997805417
1403636736463555584.000000 0.555915594 2.678951263 1.103408456 -0.032512616 -0.055679847 0.024940990 -0.997607470
1403636736513555456.000000 0.557477057 2.668168306 1.093466878 -0.033483580 -0.056760933 0.030355934 -0.997364283
1403636736563555584.000000 0.557249784 2.657369137 1.084187865 -0.034287807 -0.057550509 0.035114869 -0.997135520
1403636736613555456.000000 0.555565417 2.646510363 1.075312614 -0.034711953 -0.058212977 0.039002411 -0.996937931
1403636736663555584.000000 0.552909791 2.635086298 1.066481709 -0.035726305 -0.059151083 0.040549606 -0.996785164
1403636736713555456.000000 0.549919307 2.623517275 1.058245897 -0.036400098 -0.059980117 0.042073950 -0.996648073
1403636736763555584.000000 0.573621869 2.613560677 1.059899569 0.037321355 0.058206517 -0.043233711 0.996669531
1403636736813555456.000000 0.568645358 2.600639820 1.051636100 0.038020808 0.059261043 -0.044401739 0.996529520
1403636736863555584.000000 0.563428342 2.587239265 1.043758273 0.039592218 0.059554510 -0.043265130 0.996500850
1403636736913555456.000000 0.559590161 2.573451996 1.036334395 0.040315393 0.058551997 -0.044353951 0.996483445
1403636736963555584.000000 0.544106483 2.555176735 1.025821924 -0.041962892 -0.058534257 0.042583257 -0.996493697
1403636737013555456.000000 0.535142779 2.538864851 1.017160773 -0.044559408 -0.058500875 0.039348792 -0.996515810
1403636737063555584.000000 0.525020719 2.522133589 1.008379579 -0.047172111 -0.058858328 0.036715753 -0.996475041
1403636737113555456.000000 0.514323950 2.505068064 0.999550283 -0.050289348 -0.059545379 0.033020012 -0.996411145
1403636737163555584.000000 0.502948761 2.488179922 0.990912557 -0.052129831 -0.059297677 0.032308947 -0.996354640
1403636737213555456.000000 0.490747780 2.471265793 0.982448936 -0.054004021 -0.059140917 0.031488851 -0.996290326
1403636737263555584.000000 0.507550359 2.448643923 0.989126682 0.056168262 0.056593768 -0.029873323 0.996368408
1403636737313555456.000000 0.496537030 2.432183266 0.981314600 0.057115939 0.054474965 -0.030916696 0.996400714
1403636737363555584.000000 0.484904885 2.415779829 0.972991943 0.058768783 0.052504551 -0.030238576 0.996431231
1403636737413555456.000000 0.478192866 2.399993896 0.964184940 0.059968203 0.050223932 -0.031011622 0.996453583
1403636737463555584.000000 0.460820138 2.382469416 0.951191843 -0.060873426 -0.047927789 0.031396724 -0.996499717
1403636737513555456.000000 0.453841448 2.366635084 0.939652264 -0.061346132 -0.046458028 0.032796934 -0.996495247
1403636737563555584.000000 0.448101431 2.350904226 0.927892148 -0.062746100 -0.045523878 0.031405684 -0.996495962
1403636737613555456.000000 0.462923586 2.328893423 0.930503964 0.063879587 0.043527566 -0.029617839 0.996567905
1403636737663555584.000000 0.460346162 2.314147711 0.918155193 0.065900661 0.042098749 -0.026292212 0.996591032
1403636737713555456.000000 0.460645616 2.300030231 0.906053960 0.067319445 0.040560845 -0.023275301 0.996634901
1403636737763555584.000000 0.462867051 2.286225080 0.893665493 0.068470314 0.039952669 -0.020933947 0.996633112
1403636737813555456.000000 0.461034834 2.271839619 0.878788531 -0.069173343 -0.038832441 0.018465031 -0.996677637
1403636737863555584.000000 0.466543168 2.259629011 0.865003467 -0.069574535 -0.039199483 0.016784865 -0.996664941
1403636737913555456.000000 0.473509014 2.248349667 0.850812852 -0.069610573 -0.039234661 0.016215388 -0.996670485
1403636737963555584.000000 0.483497649 2.238300085 0.836567879 -0.069552571 -0.039721694 0.015443961 -0.996667564
1403636738013555456.000000 0.495863110 2.229185820 0.822159231 -0.068825662 -0.040308721 0.015373261 -0.996695518
1403636738063555584.000000 0.510587275 2.221250772 0.808773279 -0.067903116 -0.040177815 0.015839092 -0.996756792
1403636738113555456.000000 0.515116990 2.210342884 0.799565911 0.066018522 0.041971691 -0.018628879 0.996761203
1403636738163555584.000000 0.530009687 2.203503847 0.788300276 0.064977586 0.043326583 -0.019383628 0.996757329
1403636738213555456.000000 0.543236554 2.197578907 0.777467072 0.063574977 0.044643160 -0.020648777 0.996764243
1403636738263555584.000000 0.556565106 2.190536976 0.771240830 0.062753625 0.044740058 -0.020467175 0.996815681
1403636738313555456.000000 0.566470206 2.184636116 0.754511356 -0.061447062 -0.044780336 0.020970453 -0.996884763
1403636738363555584.000000 0.576375127 2.179318428 0.746168375 -0.060516767 -0.044450343 0.020464798 -0.996967018
1403636738413555456.000000 0.585259020 2.174343586 0.739354134 -0.059804264 -0.044040438 0.020190394 -0.997033775
1403636738463555584.000000 0.592990875 2.170080900 0.733899236 -0.057863485 -0.043615337 0.020003116 -0.997170746
1403636738513555456.000000 0.599593341 2.166672945 0.730110884 -0.054681357 -0.042489413 0.018254360 -0.997432411
1403636738563555584.000000 0.604755580 2.163911819 0.728082716 -0.050046671 -0.040821355 0.015980860 -0.997784376
1403636738613555456.000000 0.593952954 2.157934427 0.736611962 0.044359654 0.039758842 -0.012188417 0.998149753
1403636738663555584.000000 0.596466303 2.156591654 0.738366008 0.037072320 0.039486568 -0.008495144 0.998496056
1403636738713555456.000000 0.597848892 2.155990362 0.741555810 0.028970094 0.040138546 -0.003466648 0.998768091
1403636738763555584.000000 0.597894967 2.155829668 0.745591819 0.019773021 0.043097068 0.001860986 0.998873532
1403636738813555456.000000 0.596561551 2.156069756 0.750532389 0.010023066 0.045888584 0.008415049 0.998860836
1403636738863555584.000000 0.597217202 2.156608343 0.751689732 0.000198793 -0.049355205 -0.015903831 -0.998654664
1403636738913555456.000000 0.593875408 2.159195185 0.757224023 0.011250818 -0.051159561 -0.022806190 -0.998366654
1403636738963555584.000000 0.589231014 2.162737131 0.763526678 0.022225197 -0.052648958 -0.031132553 -0.997880220
1403636739013555456.000000 0.583326936 2.167289257 0.770325899 0.033689786 -0.054331265 -0.039882239 -0.997157276
1403636739063555584.000000 0.576106608 2.173111200 0.777595758 0.045886662 -0.054960039 -0.048152678 -0.996270657
1403636739113555456.000000 0.554259419 2.181771040 0.774381161 -0.059731688 0.056417994 0.053335149 0.995190740
1403636739163555584.000000 0.544859707 2.190551996 0.782162726 -0.074745253 0.055828359 0.055724699 0.994078040
1403636739213555456.000000 0.534568787 2.200765848 0.789942861 -0.090031892 0.056458164 0.058346622 0.992624044
1403636739263555584.000000 0.523247957 2.211907387 0.797480583 -0.105907120 0.056145880 0.059692517 0.990993559
1403636739313555456.000000 0.512913823 2.224251747 0.806474268 0.121632017 -0.056341060 -0.060422383 -0.989131212
1403636739363555584.000000 0.501632571 2.236640692 0.814328194 0.137648001 -0.055787038 -0.060403891 -0.987062454
1403636739413555456.000000 0.491249502 2.248982191 0.821144879 0.152064532 -0.055037186 -0.062045686 -0.984884560
1403636739463555584.000000 0.482406169 2.261258602 0.827072203 0.165899411 -0.054657862 -0.064412333 -0.982517719
1403636739513555456.000000 0.462962151 2.273124218 0.815487146 -0.177771091 0.054695483 0.069278099 0.980105340
1403636739563555584.000000 0.458533555 2.284464359 0.819618523 -0.187719226 0.055990390 0.075187795 0.977738976
1403636739613555456.000000 0.455256224 2.295338869 0.823309243 -0.195642248 0.056438129 0.080792502 0.975710809
1403636739663555584.000000 0.453604341 2.306148052 0.826378465 -0.202926338 0.055301491 0.083774470 0.974035203
1403636739713555456.000000 0.453451037 2.317832232 0.827418506 0.208297372 -0.056047417 -0.086480454 -0.972621262
1403636739763555584.000000 0.452631891 2.328477383 0.831001580 0.211386025 -0.056393571 -0.091212176 -0.971502066
1403636739813555456.000000 0.450630814 2.339092731 0.835353613 0.213868469 -0.056781709 -0.093949176 -0.970674872
1403636739863555584.000000 0.447586685 2.349991560 0.840675116 0.215909883 -0.056410495 -0.095709972 -0.970072329
1403636739913555456.000000 0.443753153 2.361264706 0.846725225 0.217244744 -0.056282248 -0.096330389 -0.969720364
1403636739963555584.000000 0.438450217 2.372699738 0.853246212 0.218258694 -0.056315973 -0.096094325 -0.969514072
1403636740013555456.000000 0.414197624 2.377722263 0.837861001 -0.218738586 0.056015190 0.095354550 0.969496369
1403636740063555584.000000 0.406424671 2.388982534 0.844323874 -0.218994349 0.055230062 0.093567222 0.969657838
1403636740113555456.000000 0.396952987 2.399809837 0.850135684 -0.219646513 0.055203382 0.090303339 0.969821274
1403636740163555584.000000 0.385287106 2.410399914 0.854726553 -0.220406055 0.054405399 0.086209163 0.970066607
1403636740213555456.000000 0.373068094 2.420643568 0.859680831 -0.221007347 0.054477990 0.081639260 0.970321119
1403636740263555584.000000 0.370011628 2.435260534 0.875095725 0.221215144 -0.053800344 -0.078137979 -0.970599771
1403636740313555456.000000 0.358932018 2.445585728 0.883334517 0.219925538 -0.055533797 -0.078268923 -0.970784664
1403636740363555584.000000 0.346668243 2.455230713 0.892008960 0.217673257 -0.056558952 -0.079533547 -0.971130192
1403636740413555456.000000 0.331902742 2.463557959 0.899382651 0.215347484 -0.057816356 -0.082356580 -0.971339345
1403636740463555584.000000 0.316054612 2.471638918 0.907313108 0.213326424 -0.057661269 -0.084277608 -0.971629798
1403636740513555456.000000 0.288234353 2.475976467 0.906871736 -0.210947782 0.060929529 0.085849494 0.971811950
1403636740563555584.000000 0.273018479 2.483597517 0.913179994 -0.209905595 0.061563328 0.085506067 0.972027957
1403636740613555456.000000 0.258946061 2.491009712 0.918195367 -0.208661422 0.062015858 0.085168935 0.972296596
1403636740663555584.000000 0.246108338 2.498531580 0.922221005 -0.206983268 0.061236788 0.086684123 0.972570777
1403636740713555456.000000 0.238335937 2.509249926 0.929898441 0.205594450 -0.059112221 -0.087931409 -0.972884834
1403636740763555584.000000 0.228575885 2.517917156 0.933057249 0.204817966 -0.056336191 -0.087164037 -0.973282218
1403636740813555456.000000 0.218803272 2.526714802 0.935782313 0.203768492 -0.055852037 -0.087443873 -0.973505259
1403636740863555584.000000 0.204800785 2.531300068 0.939609885 -0.203135431 0.056915313 0.087211534 0.973596871
1403636740913555456.000000 0.192438424 2.540321589 0.942539573 -0.203654841 0.057728641 0.083866321 0.973734319
1403636740963555584.000000 0.178587109 2.549405575 0.945695281 -0.205213159 0.058934242 0.079027981 0.973739684
1403636741013555456.000000 0.163022771 2.557910681 0.948971033 -0.207793355 0.058655284 0.071761332 0.973771989
1403636741063555584.000000 0.145681798 2.566382647 0.952503026 0.211387157 -0.059207201 -0.065392546 -0.973413527
1403636741113555456.000000 0.126315504 2.574050903 0.956965387 0.214234233 -0.060459834 -0.063837893 -0.972817063
1403636741163555584.000000 0.105037212 2.582759857 0.957818627 0.217552260 -0.062283613 -0.065467797 -0.971856892
1403636741213555456.000000 0.081988044 2.588362932 0.962932408 0.220032424 -0.064379327 -0.070501298 -0.970809340
1403636741263555584.000000 0.057378963 2.590785265 0.972396851 0.221365899 -0.065863326 -0.077269673 -0.969891012
1403636741313555456.000000 0.031619534 2.594093800 0.978160203 0.222079501 -0.065867916 -0.083148450 -0.969241261
1403636741363555584.000000 0.014057487 2.602264881 0.972914457 -0.222262129 0.062370818 0.090158939 0.968803823
1403636741413555456.000000 -0.011026993 2.604602575 0.977454305 -0.223462701 0.058932409 0.094470181 0.968331993
1403636741463555584.000000 -0.034449801 2.606928587 0.981560469 -0.224749416 0.054752894 0.097455360 0.967983663
1403636741513555456.000000 -0.056686163 2.609295607 0.985100985 -0.225751564 0.047563888 0.100116678 0.967858791
1403636741563555584.000000 -0.076743104 2.611407042 0.988065302 -0.224982247 0.044358753 0.105633140 0.967603683
1403636741613555456.000000 -0.097059444 2.611455202 0.987967551 0.226956695 -0.040075056 -0.104040176 -0.967502117
1403636741663555584.000000 -0.114010163 2.614389420 0.989311874 0.227471083 -0.038263839 -0.104234502 -0.967433691
1403636741713555456.000000 -0.128434926 2.618041515 0.990450740 0.228061408 -0.038628284 -0.103390723 -0.967370808
1403636741763555584.000000 -0.140323222 2.622693300 0.991900802 0.228642851 -0.040800836 -0.101338513 -0.967361569
1403636741813555456.000000 -0.151096120 2.628055573 0.993671417 0.229105771 -0.042955235 -0.098655850 -0.967436016
1403636741863555584.000000 -0.151115999 2.644045830 0.998832762 -0.229436904 0.044897143 0.094983891 0.967636824
1403636741913555456.000000 -0.163587347 2.650002480 1.002754569 -0.229819089 0.045877211 0.090985164 0.967884481
1403636741963555584.000000 -0.177359670 2.656369925 1.007896662 -0.230506346 0.046372682 0.085431062 0.968203545
1403636742013555456.000000 -0.192314029 2.662708521 1.014561415 -0.230801567 0.044456579 0.081065476 0.968598306
1403636742063555584.000000 -0.207977355 2.664709091 1.019577026 0.229678184 -0.041524846 -0.079471573 -0.969127417
1403636742113555456.000000 -0.222619116 2.668623686 1.026843071 0.227337316 -0.036864355 -0.080871336 -0.969751835
1403636742163555584.000000 -0.235449702 2.672056913 1.034279466 0.224619314 -0.034123998 -0.083776176 -0.970238864
1403636742213555456.000000 -0.246581197 2.675446749 1.042205334 0.222239211 -0.033090692 -0.085755125 -0.970649660
1403636742263555584.000000 -0.255330980 2.679011106 1.050284505 0.219160751 -0.033238463 -0.089337036 -0.971021473
1403636742313555456.000000 -0.262401253 2.682700157 1.057890654 0.217024773 -0.035802677 -0.089801811 -0.971367121
1403636742363555584.000000 -0.257543117 2.694641590 1.058001637 -0.215243295 0.039867554 0.090680726 0.971523583
1403636742413555456.000000 -0.260511756 2.699003220 1.065238953 -0.214018926 0.044311170 0.089845970 0.971679032
1403636742463555584.000000 -0.261618316 2.704003572 1.072340965 -0.213051364 0.047238890 0.089702718 0.971767008
1403636742513555456.000000 -0.262036443 2.709468842 1.079739571 -0.212291390 0.049276285 0.088840671 0.971911311
1403636742563555584.000000 -0.265165597 2.711839676 1.086657166 0.211422890 -0.050378829 -0.088501416 -0.972075045
1403636742613555456.000000 -0.265215874 2.716826916 1.094305754 0.211158976 -0.052532732 -0.087352842 -0.972122312
1403636742663555584.000000 -0.266156614 2.721882343 1.102378368 0.210938707 -0.055369455 -0.086584754 -0.972081363
1403636742713555456.000000 -0.268941373 2.726962566 1.111432672 0.210148528 -0.058108371 -0.086046666 -0.972140431
1403636742763555584.000000 -0.273956001 2.732151985 1.121491671 0.209586129 -0.060253926 -0.085270576 -0.972199678
1403636742813555456.000000 -0.280418992 2.737232208 1.131738186 0.209235922 -0.061756689 -0.084888592 -0.972214222
1403636742863555584.000000 -0.276734591 2.747430086 1.133170605 -0.207675070 0.062616259 0.085416272 0.972447634
1403636742913555456.000000 -0.286291778 2.752185345 1.143242002 -0.206865847 0.063341536 0.085836895 0.972536147
1403636742963555584.000000 -0.297719717 2.756977797 1.153379798 -0.207451507 0.063445643 0.086731032 0.972325206
1403636743013555456.000000 -0.310690165 2.761883974 1.163721561 -0.209368497 0.061301038 0.087743513 0.971960962
1403636743063555584.000000 -0.325353980 2.767220259 1.174353719 -0.211612046 0.055871096 0.090893134 0.971512854
1403636743113555456.000000 -0.346138179 2.772844315 1.188340902 -0.213697210 0.047340058 0.095363624 0.971080959
1403636743163555584.000000 -0.361689031 2.778409481 1.200149894 -0.215483010 0.036445007 0.099776119 0.970712960
1403636743213555456.000000 -0.375438631 2.784692764 1.211795807 -0.217275858 0.028387137 0.102692686 0.970278084
1403636743263555584.000000 -0.387590587 2.791648149 1.223493099 -0.219564945 0.019627184 0.104082040 0.969831407
1403636743313555456.000000 -0.394921660 2.799426794 1.234050512 0.220629856 -0.015997436 -0.106832214 -0.969357252
1403636743363555584.000000 -0.405860633 2.808568716 1.247502804 -0.221129671 0.014409328 0.109370932 0.968985081
1403636743413555456.000000 -0.408007830 2.818680286 1.259940386 -0.221943617 0.014614085 0.110791244 0.968634486
1403636743463555584.000000 -0.407545388 2.830062866 1.273538589 -0.223004267 0.018271068 0.110513203 0.968360543
1403636743513555456.000000 -0.407113880 2.842450619 1.288016319 -0.224234283 0.021748753 0.109646216 0.968103170
1403636743563555584.000000 -0.406511545 2.855713367 1.303194761 0.225365892 -0.026760172 -0.108324997 -0.967863560
1403636743613555456.000000 -0.407094300 2.869688272 1.320648551 0.226887554 -0.031257845 -0.104713015 -0.967770755
1403636743663555584.000000 -0.409044385 2.884327888 1.339802742 0.228090748 -0.034321528 -0.101929747 -0.967681289
1403636743713555456.000000 -0.412025928 2.899412155 1.360240698 0.229629099 -0.038870014 -0.098883852 -0.967461467
1403636743763555584.000000 -0.416115284 2.915133715 1.382006407 0.232513234 -0.043798156 -0.096539818 -0.966798544
1403636743813555456.000000 -0.421866596 2.930777311 1.404762745 0.235479742 -0.046671763 -0.097341157 -0.965865314
1403636743863555584.000000 -0.443696976 2.947119951 1.433036566 -0.237672955 0.051232833 0.100723386 0.964749575
1403636743913555456.000000 -0.451702774 2.962624550 1.457568169 -0.241324037 0.054026496 0.099741288 0.963792264
1403636743963555584.000000 -0.461346298 2.978457451 1.483214140 -0.244196475 0.056634303 0.099165641 0.962978125
1403636744013555456.000000 -0.472768545 2.994393349 1.509889364 -0.246120244 0.058100183 0.100064114 0.962307870
1403636744063555584.000000 -0.483100355 3.008377790 1.536190987 0.250344306 -0.059079584 -0.099054508 -0.961262465
1403636744113555456.000000 -0.496430218 3.023376226 1.563984632 0.254397660 -0.059599765 -0.100298405 -0.960036397
1403636744163555584.000000 -0.510619462 3.037875175 1.591856837 0.258440435 -0.060596075 -0.101793773 -0.958736062
1403636744213555456.000000 -0.539081216 3.049676657 1.625576496 -0.261484921 0.063116938 0.103742577 0.957538188
1403636744263555584.000000 -0.556582332 3.062678337 1.653555393 -0.263426751 0.065636896 0.107070044 0.956469655
1403636744313555456.000000 -0.575785995 3.075173616 1.681637764 -0.265290141 0.066319354 0.109271049 0.955658257
1403636744363555584.000000 -0.596413851 3.087459564 1.710151792 -0.266020626 0.067214072 0.112931617 0.954966903
1403636744413555456.000000 -0.618620634 3.099546909 1.738555074 -0.265761763 0.068358190 0.116515622 0.954527140
1403636744463555584.000000 -0.642736554 3.109514236 1.768090248 0.265189886 -0.069528028 -0.120463483 -0.954111516
1403636744513555456.000000 -0.667509615 3.121011496 1.796616912 0.262881875 -0.071447685 -0.125732422 -0.953928590
1403636744563555584.000000 -0.694589853 3.138895512 1.824845076 -0.262115330 0.073581956 0.126681387 0.953851759
1403636744613555456.000000 -0.721946239 3.151812077 1.852942467 -0.260642111 0.075766891 0.129075751 0.953763366
1403636744663555584.000000 -0.750418901 3.165479660 1.880146623 -0.260174692 0.077593066 0.129206032 0.953726590
1403636744713555456.000000 -0.780233026 3.179653645 1.906405687 -0.261195838 0.078993849 0.126197770 0.953735292
1403636744763555584.000000 -0.810413003 3.193875551 1.932163000 0.263353169 -0.078403376 -0.121019162 -0.953861892
1403636744813555456.000000 -0.840218663 3.208066702 1.955494046 0.265052855 -0.076925389 -0.117305823 -0.953975260
1403636744863555584.000000 -0.868613601 3.225859642 1.978989363 -0.266195804 0.074073121 0.114171743 0.954262972
1403636744913555456.000000 -0.896473527 3.238948584 1.998101950 -0.267111033 0.069299139 0.111704320 0.954657853
1403636744963555584.000000 -0.922504425 3.251490831 2.015312910 -0.266634732 0.066156775 0.110862315 0.955111980
1403636745013555456.000000 -0.946776748 3.263873816 2.031329393 -0.265434444 0.061737664 0.111351743 0.955685019
1403636745063555584.000000 -0.968690813 3.275470495 2.044194937 0.264087886 -0.057918902 -0.110968381 -0.956341565
1403636745113555456.000000 -0.989388347 3.287419558 2.058220148 0.261989146 -0.053220212 -0.111609422 -0.957116902
1403636745163555584.000000 -1.008306265 3.299341679 2.071509838 0.259190589 -0.051956449 -0.113610335 -0.957712650
1403636745213555456.000000 -1.025835752 3.311848164 2.084874392 0.257649630 -0.050858907 -0.111573391 -0.958426595
1403636745263555584.000000 -1.042681932 3.324752092 2.098494768 0.255532950 -0.049817238 -0.110448338 -0.959178030
1403636745313555456.000000 -1.051790714 3.345455647 2.123455048 -0.253717065 0.050339900 0.108185731 0.959890306
1403636745363555584.000000 -1.064472079 3.358862162 2.136326313 -0.252260625 0.054331634 0.104919180 0.960419059
1403636745413555456.000000 -1.074382305 3.372521400 2.147617817 -0.251503974 0.059096497 0.102125049 0.960637271
1403636745463555584.000000 -1.082112312 3.385634422 2.157481670 -0.251635045 0.062738739 0.099109501 0.960687757
1403636745513555456.000000 -1.090768933 3.397185802 2.164493799 0.251572162 -0.065911591 -0.098947763 -0.960508406
1403636745563555584.000000 -1.096722484 3.408944130 2.171865463 0.252200484 -0.067538679 -0.099021785 -0.960223019
1403636745613555456.000000 -1.101544499 3.420110941 2.178119183 0.253801703 -0.068797916 -0.099476695 -0.959664524
1403636745663555584.000000 -1.104943752 3.430568218 2.183175325 0.256015867 -0.069479816 -0.099960431 -0.958976805
1403636745713555456.000000 -1.098611712 3.446042299 2.198848724 -0.258901626 0.069755621 0.099988304 0.958178759
1403636745763555584.000000 -1.098088145 3.455419302 2.202498436 -0.262470633 0.069171682 0.099368013 0.957314253
1403636745813555456.000000 -1.095865607 3.464109659 2.205578089 -0.265649706 0.067688189 0.099531531 0.956526041
1403636745863555584.000000 -1.091433406 3.472601414 2.208010435 -0.269650936 0.066619270 0.098631725 0.955574274
1403636745913555456.000000 -1.087901711 3.479289055 2.208771706 0.273687899 -0.066222735 -0.098489463 -0.954468071
1403636745963555584.000000 -1.081694126 3.485160351 2.209168434 0.278253436 -0.064948581 -0.096435480 -0.953444779
1403636746013555456.000000 -1.073271155 3.490046263 2.209177732 0.282233179 -0.063751385 -0.095313005 -0.952468216
1403636746063555584.000000 -1.063503265 3.493380070 2.208217144 0.285897166 -0.062495939 -0.094156228 -0.951573312
1403636746113555456.000000 -1.051981688 3.495380402 2.206768751 0.289387584 -0.060316846 -0.092795506 -0.950792193
1403636746163555584.000000 -1.038623214 3.495823622 2.204740763 0.291812271 -0.060718462 -0.092432201 -0.950060606
1403636746213555456.000000 -1.027126074 3.497671843 2.206973314 -0.293948203 0.062282294 0.091907293 0.949351609
1403636746263555584.000000 -1.010915279 3.494964361 2.203985691 -0.295539200 0.066694081 0.091731995 0.948574543
1403636746313555456.000000 -0.994173050 3.491227627 2.201850653 -0.297243416 0.074840978 0.089669652 0.947631061
1403636746363555584.000000 -0.979754210 3.485693455 2.200379372 -0.297733545 0.080961674 0.089850560 0.946956694
1403636746413555456.000000 -0.965820670 3.476594448 2.196583509 0.298167437 -0.083979614 -0.089623950 -0.946578741
1403636746463555584.000000 -0.956141233 3.466984272 2.196046829 0.296620965 -0.082344919 -0.093045294 -0.946878016
1403636746513555456.000000 -0.949112892 3.455859661 2.196099758 0.294682086 -0.077658311 -0.096600689 -0.947523057
1403636746563555584.000000 -0.944573164 3.443626642 2.197156429 0.291442901 -0.069663383 -0.102073975 -0.948572040
1403636746613555456.000000 -0.942339540 3.430657148 2.199288130 0.287850320 -0.059362099 -0.107575305 -0.949760973
1403636746663555584.000000 -0.941295683 3.417594910 2.202409506 0.283277601 -0.049131859 -0.114237100 -0.950941563
1403636746713555456.000000 -0.948530495 3.401162624 2.197186232 -0.277809441 0.040773727 0.122548260 0.951914668
1403636746763555584.000000 -0.948609650 3.388978243 2.202668667 -0.273236036 0.035678674 0.129028410 0.952586353
1403636746813555456.000000 -0.948184490 3.378043652 2.209285021 -0.269397020 0.034794718 0.133991465 0.953027248
1403636746863555584.000000 -0.947909534 3.368936300 2.216766357 -0.266406119 0.035465881 0.137527838 0.953339458
1403636746913555456.000000 -0.944955707 3.359024763 2.224014997 0.264426112 -0.037298393 -0.138804778 -0.953635633
1403636746963555584.000000 -0.942619920 3.352494478 2.231605053 0.263515651 -0.038610827 -0.137678176 -0.953998685
1403636747013555456.000000 -0.937752783 3.347846270 2.238699675 0.262937695 -0.040957265 -0.136485055 -0.954231679
1403636747063555584.000000 -0.929474235 3.344975471 2.244771481 0.264714599 -0.043524459 -0.130107924 -0.954517543
1403636747113555456.000000 -0.918664575 3.343016386 2.249935627 0.267306209 -0.046111465 -0.123307228 -0.954576612
1403636747163555584.000000 -0.905851424 3.341919184 2.255311251 0.269048363 -0.049698569 -0.118929468 -0.954462647
1403636747213555456.000000 -0.909978509 3.323858023 2.245630980 -0.271893233 0.052028935 0.112575203 0.954302907
1403636747263555584.000000 -0.893938065 3.321209192 2.249301910 -0.273957133 0.053896461 0.108614817 0.954067886
1403636747313555456.000000 -0.875670791 3.318454266 2.251932859 -0.275627345 0.054153111 0.105981648 0.953868449
1403636747363555584.000000 -0.857541561 3.314677954 2.253615379 -0.276661277 0.054810997 0.104973130 0.953642964
1403636747413555456.000000 -0.828372955 3.323016644 2.265871286 0.277887166 -0.055323921 -0.104393527 -0.953320503
1403636747463555584.000000 -0.809390247 3.321291924 2.271863937 0.279245734 -0.054818757 -0.104123928 -0.952982187
1403636747513555456.000000 -0.792074323 3.318817139 2.278764963 0.279877424 -0.053605847 -0.106039338 -0.952654541
1403636747563555584.000000 -0.776188135 3.315398455 2.286213636 0.280457139 -0.052252218 -0.107078500 -0.952443063
1403636747613555456.000000 -0.779845655 3.301365852 2.285393953 -0.281289816 0.052714229 0.108731195 0.951984704
1403636747663555584.000000 -0.766676664 3.294760227 2.290788412 -0.282269657 0.051937073 0.109416500 0.951658785
1403636747713555456.000000 -0.751529813 3.288052797 2.295655251 -0.283353359 0.051854011 0.110393308 0.951228380
1403636747763555584.000000 -0.733823061 3.281514168 2.300645113 -0.284626335 0.051007461 0.110913895 0.950833440
1403636747813555456.000000 -0.704164624 3.279170752 2.313416719 0.285526633 -0.050609570 -0.111936532 -0.950464904
1403636747863555584.000000 -0.679882526 3.272901535 2.319434643 0.286192358 -0.051662344 -0.113610700 -0.950009346
1403636747913555456.000000 -0.662819743 3.266267538 2.320975542 -0.284512401 0.054404229 0.120458789 0.949517012
1403636747963555584.000000 -0.636474252 3.259556055 2.326433897 -0.282720000 0.059377410 0.128000200 0.948767543
1403636748013555456.000000 -0.612689614 3.252897501 2.331271410 -0.280819625 0.062295467 0.135524437 0.948099554
1403636748063555584.000000 -0.590090752 3.246786833 2.336167812 -0.279882371 0.064295962 0.140983909 0.947446823
1403636748113555456.000000 -0.567000508 3.241154194 2.341987610 0.279791355 -0.064745687 -0.143509999 -0.947063744
1403636748163555584.000000 -0.547696054 3.236723661 2.347485065 0.279449642 -0.064674549 -0.147075266 -0.946622431
1403636748213555456.000000 -0.530359685 3.233325481 2.352792501 0.280850947 -0.063334085 -0.146058708 -0.946455717
1403636748263555584.000000 -0.515045226 3.231178522 2.358110666 0.283371657 -0.060561951 -0.140907213 -0.946666718
1403636748313555456.000000 -0.501492798 3.230147123 2.363592863 0.286603689 -0.057777185 -0.134161532 -0.946847856
1403636748363555584.000000 -0.489137113 3.229958296 2.369321823 0.289842278 -0.054994561 -0.126524508 -0.947079062
1403636748413555456.000000 -0.472144306 3.239305019 2.379987717 -0.291917801 0.053387348 0.119742721 0.947415173
1403636748463555584.000000 -0.459849566 3.239530087 2.385998249 -0.292950451 0.053464890 0.116853245 0.947452903
1403636748513555456.000000 -0.446580172 3.239837646 2.391149998 -0.293961197 0.053636882 0.113545313 0.947532296
1403636748563555584.000000 -0.432382673 3.239453554 2.395503998 -0.294157773 0.053958323 0.113353290 0.947476029
1403636748613555456.000000 -0.416464061 3.238554478 2.399439812 -0.292831004 0.056154061 0.116825178 0.947337627
1403636748663555584.000000 -0.398927093 3.233916759 2.403067112 0.291746587 -0.058185454 -0.120286524 -0.947116494
1403636748713555456.000000 -0.381875485 3.232120991 2.406200886 0.290153831 -0.060682651 -0.125160247 -0.946817458
1403636748763555584.000000 -0.365939528 3.230515957 2.409263849 0.288769275 -0.062483791 -0.129601195 -0.946526110
1403636748813555456.000000 -0.351294041 3.229306459 2.412704706 0.287978023 -0.063718237 -0.133336887 -0.946165919
1403636748863555584.000000 -0.337713689 3.228823900 2.416248560 0.288069457 -0.065049082 -0.135659084 -0.945717335
1403636748913555456.000000 -0.300465345 3.241358280 2.432319880 -0.288339585 0.065686926 0.138472602 0.945182979
1403636748963555584.000000 -0.289091587 3.242286921 2.436051130 -0.289535671 0.066400208 0.139917806 0.944554448
1403636749013555456.000000 -0.278675169 3.244112015 2.439450741 -0.290722221 0.067156330 0.141249955 0.943938136
1403636749063555584.000000 -0.267133892 3.247879744 2.444190025 -0.290696442 0.068560906 0.144680634 0.943325281
1403636749113555456.000000 -0.263733268 3.248294115 2.443707943 0.290291876 -0.070571564 -0.148752496 -0.942668080
1403636749163555584.000000 -0.257012606 3.251859903 2.445182800 0.290725768 -0.071802944 -0.150341466 -0.942189097
1403636749213555456.000000 -0.250152290 3.256524086 2.445351362 0.292451143 -0.071643099 -0.149236366 -0.941842914
1403636749263555584.000000 -0.242134959 3.261971951 2.443500280 0.296183199 -0.070386700 -0.143600032 -0.941647649
1403636749313555456.000000 -0.232783347 3.268192768 2.440395117 0.299403042 -0.069483079 -0.138349459 -0.941482544
1403636749363555584.000000 -0.221451432 3.274919987 2.436318874 0.302084923 -0.067644708 -0.133847713 -0.941410482
1403636749413555456.000000 -0.195455477 3.281612873 2.440367699 -0.304935277 0.065647885 0.129462048 0.941246271
1403636749463555584.000000 -0.181241974 3.288852930 2.435294151 -0.307115227 0.064499281 0.124964729 0.941224694
1403636749513555456.000000 -0.167130947 3.295409918 2.428887606 -0.308784097 0.062782809 0.121096179 0.941300452
1403636749563555584.000000 -0.150480390 3.302691221 2.423515320 -0.310424179 0.060498323 0.116557926 0.941483498
1403636749613555456.000000 -0.143453896 3.303714752 2.413014889 0.311962128 -0.060120426 -0.112111121 -0.941539347
1403636749663555584.000000 -0.132128954 3.308018923 2.407315254 0.312011212 -0.059798952 -0.110660210 -0.941715181
1403636749713555456.000000 -0.121649653 3.311636209 2.402804852 0.311266273 -0.061274461 -0.110670529 -0.941865623
1403636749763555584.000000 -0.112457454 3.314396858 2.399120808 0.310367554 -0.064496607 -0.110604130 -0.941954911
1403636749813555456.000000 -0.104499042 3.316499233 2.396196127 0.309375823 -0.069076337 -0.110227637 -0.942000568
1403636749863555584.000000 -0.097739175 3.318017960 2.393948078 0.308100641 -0.074225597 -0.110506661 -0.941994071
1403636749913555456.000000 -0.075733885 3.326992035 2.392487526 -0.306741267 0.076807439 0.110135071 0.942274272
1403636749963555584.000000 -0.071307182 3.327397108 2.391192436 -0.305308431 0.079991870 0.109469965 0.942552090
1403636750013555456.000000 -0.067522585 3.327487946 2.390328646 -0.303645015 0.081645668 0.109012038 0.943000615
1403636750063555584.000000 -0.065000951 3.326395512 2.388975382 -0.302033007 0.082340941 0.108966433 0.943463027
1403636750113555456.000000 -0.068214089 3.321464300 2.383738518 0.300137281 -0.081021883 -0.109344058 -0.944138229
1403636750163555584.000000 -0.067530259 3.317571878 2.379764318 0.298687071 -0.079080947 -0.109580822 -0.944735050
1403636750213555456.000000 -0.065821096 3.312720060 2.374300003 0.296874940 -0.077677034 -0.110378146 -0.945329666
1403636750263555584.000000 -0.062729701 3.307445288 2.368069887 0.295572907 -0.074304640 -0.110246330 -0.946023941
1403636750313555456.000000 -0.056997240 3.302112103 2.361071825 0.293575048 -0.072268628 -0.111179262 -0.946694314
1403636750363555584.000000 -0.048604816 3.296631098 2.352444410 0.292347997 -0.069148198 -0.110342272 -0.947404742
1403636750413555456.000000 -0.041479200 3.284741402 2.338157654 -0.290145278 0.067610696 0.112176821 0.947977304
1403636750463555584.000000 -0.028455853 3.278717041 2.327221394 -0.288680911 0.066131271 0.111075662 0.948658109
1403636750513555456.000000 -0.012954175 3.272108078 2.314435005 -0.286891520 0.066353105 0.110310659 0.949274480
1403636750563555584.000000 0.004572511 3.265272141 2.300969362 -0.285284281 0.065398559 0.109311230 0.949940503
1403636750613555456.000000 0.025568396 3.258552313 2.285978317 0.283484608 -0.064595439 -0.109051719 -0.950563908
1403636750663555584.000000 0.046605855 3.252214909 2.270849705 0.282898515 -0.063879751 -0.106924973 -0.951028347
1403636750713555456.000000 0.069018394 3.245668650 2.254920959 0.281597316 -0.062736928 -0.106569521 -0.951530337
1403636750763555584.000000 0.091647595 3.238501072 2.238230467 0.280332893 -0.061334848 -0.106349438 -0.952019632
1403636750813555456.000000 0.114234746 3.229958057 2.220251560 0.279728889 -0.060057536 -0.105419852 -0.952382028
1403636750863555584.000000 0.138623506 3.221199751 2.200924158 0.278934985 -0.059223671 -0.105104752 -0.952701867
1403636750913555456.000000 0.162961155 3.201059103 2.174926519 -0.279392123 0.057074223 0.103590123 0.952865064
1403636750963555584.000000 0.187900454 3.190386057 2.154192448 -0.279673696 0.055539906 0.101987265 0.953045964
1403636751013555456.000000 0.211869895 3.179480553 2.134210348 -0.280102849 0.053901006 0.101260863 0.953091443
1403636751063555584.000000 0.234498769 3.167519093 2.114911556 -0.280385405 0.053518455 0.101088077 0.953048289
1403636751113555456.000000 0.260552108 3.160482407 2.100400209 0.280364275 -0.053246859 -0.101780713 -0.952996075
1403636751163555584.000000 0.281482220 3.149342060 2.084644318 0.280089408 -0.050986696 -0.103963651 -0.952964783
1403636751213555456.000000 0.301429123 3.137947559 2.069899559 0.280510992 -0.046102207 -0.104466625 -0.953034639
1403636751263555584.000000 0.320704818 3.126238346 2.055999756 0.279970407 -0.041696426 -0.107400961 -0.953070343
1403636751313555456.000000 0.339764625 3.114119291 2.042395353 0.279429168 -0.039800636 -0.110242777 -0.952985764
1403636751363555584.000000 0.358878642 3.102187872 2.029430151 0.278474301 -0.040534690 -0.114406735 -0.952743471
1403636751413555456.000000 0.371207058 3.088692427 2.027997971 -0.278192073 0.044339243 0.117863074 0.952235103
1403636751463555584.000000 0.390545607 3.077229977 2.016092539 -0.276932448 0.048709739 0.122569494 0.951794446
1403636751513555456.000000 0.409756869 3.066006660 2.004447460 -0.275348306 0.053070400 0.125549465 0.951632440
1403636751563555584.000000 0.428722590 3.055157185 1.993024588 -0.272806495 0.057619642 0.126801014 0.951933861
1403636751613555456.000000 0.446592242 3.046093941 1.983026385 0.269250631 -0.059567917 -0.128498629 -0.952598512
1403636751663555584.000000 0.463583887 3.037064314 1.971951604 0.265887320 -0.060018938 -0.129575342 -0.953368783
1403636751713555456.000000 0.479174763 3.028762341 1.961004734 0.262463480 -0.057318322 -0.130691141 -0.954330862
1403636751763555584.000000 0.493732840 3.021631479 1.949933648 0.259385973 -0.053337302 -0.131741777 -0.955258250
1403636751813555456.000000 0.507571518 3.015717745 1.938971877 0.256474495 -0.048904955 -0.132804960 -0.956133962
1403636751863555584.000000 0.521492124 3.011653662 1.928235292 0.255610615 -0.043205906 -0.130461589 -0.956961989
1403636751913555456.000000 0.540554941 3.015945673 1.926910758 -0.255561590 0.039398566 0.125990912 0.957738221
1403636751963555584.000000 0.555331469 3.014701605 1.916773200 -0.256005019 0.036383003 0.121143170 0.958364308
1403636752013555456.000000 0.570330679 3.014490366 1.907551408 -0.256753474 0.034237642 0.116787605 0.958783627
1403636752063555584.000000 0.585651278 3.015538454 1.899421811 -0.257210195 0.034442343 0.113875501 0.959004223
1403636752113555456.000000 0.598207057 3.014612675 1.889209032 0.257397979 -0.036233075 -0.111662261 -0.959148049
1403636752163555584.000000 0.613187432 3.015899658 1.882125258 0.256758809 -0.040634304 -0.108880468 -0.959462821
1403636752213555456.000000 0.627952456 3.017484665 1.876131296 0.254975468 -0.045648012 -0.105798878 -0.960057497
1403636752263555584.000000 0.642968059 3.018987656 1.870366335 0.251393050 -0.050261572 -0.103096277 -0.961065352
1403636752313555456.000000 0.659472466 3.020761490 1.864579916 0.246744812 -0.055883076 -0.099900156 -0.962296247
1403636752363555584.000000 0.685618103 3.030418158 1.865544915 -0.240731254 0.060358185 0.096450776 0.963899672
1403636752413555456.000000 0.704477489 3.032147884 1.859098196 -0.233541444 0.062970668 0.092958510 0.965842605
1403636752463555584.000000 0.724388301 3.033847570 1.852126718 -0.225009978 0.063426360 0.089695960 0.968143761
1403636752513555456.000000 0.745172441 3.035833120 1.844559073 -0.216200352 0.063401677 0.085089937 0.970565498
1403636752563555584.000000 0.764831126 3.038221359 1.837268353 -0.206780717 0.061903834 0.080823109 0.973076224
1403636752613555456.000000 0.783168077 3.040394545 1.830141306 -0.196950600 0.060576107 0.076112814 0.975575745
1403636752663555584.000000 0.795417666 3.037257671 1.820771098 0.186891690 -0.057953421 -0.071596213 -0.978052676
1403636752713555456.000000 0.809575021 3.038280010 1.814239144 0.176513016 -0.057718955 -0.067474321 -0.980285108
1403636752763555584.000000 0.822146297 3.039438486 1.808487654 0.165842548 -0.056833662 -0.063085914 -0.982489884
1403636752813555456.000000 0.833073318 3.040585756 1.803384781 0.155928031 -0.055801265 -0.056752246 -0.984556735
1403636752863555584.000000 0.855021238 3.041802168 1.800586104 -0.145101890 0.053799126 0.051354960 0.986617327
1403636752913555456.000000 0.863359451 3.042810202 1.796561837 -0.135269538 0.054392152 0.043352954 0.988364458
1403636752963555584.000000 0.869738340 3.043288708 1.793800712 -0.125082627 0.053747024 0.035398692 0.990056813
1403636753013555456.000000 0.875092506 3.043481350 1.791450024 -0.114562213 0.052877344 0.027867394 0.991616309
1403636753063555584.000000 0.875893831 3.042670727 1.789437175 0.103595383 -0.051967904 -0.020502158 -0.993049383
1403636753113555456.000000 0.877214909 3.041472673 1.788792133 0.092119925 -0.051604468 -0.013713868 -0.994315326
1403636753163555584.000000 0.877314091 3.039454222 1.789010286 0.080305725 -0.051233243 -0.007360430 -0.995425582
1403636753213555456.000000 0.876273096 3.036629915 1.790082097 0.068404727 -0.050977681 -0.000859118 -0.996354103
1403636753263555584.000000 0.874063730 3.032981634 1.792091131 0.057042893 -0.050728206 0.006772866 -0.997059166
1403636753313555456.000000 0.870873749 3.028088808 1.794914842 0.046184458 -0.050925806 0.015664294 -0.997510970
1403636753363555584.000000 0.877575815 3.016284943 1.798967600 -0.035270158 0.051631328 -0.021111630 0.997819901
1403636753413555456.000000 0.874174714 3.009149551 1.802082896 -0.025217401 0.052865688 -0.023712561 0.998001516
1403636753463555584.000000 0.871887743 3.001113892 1.805629849 -0.015880484 0.053695917 -0.023243425 0.998160481
1403636753513555456.000000 0.871260524 2.991972446 1.808440924 -0.008421144 0.054195028 -0.022292821 0.998245955
1403636753563555584.000000 0.871187806 2.984592915 1.810280681 0.001853339 -0.054540545 0.020722277 -0.998294830
1403636753613555456.000000 0.873050094 2.975063086 1.810132623 -0.002703769 -0.056243978 0.019856585 -0.998215914
1403636753663555584.000000 0.875835121 2.965212107 1.808365107 -0.005839077 -0.056722857 0.018818213 -0.998195529
1403636753713555456.000000 0.878346741 2.955089808 1.806683183 -0.007862668 -0.056787752 0.017706577 -0.998198330
1403636753763555584.000000 0.880751371 2.944676399 1.804938793 -0.008445842 -0.057937115 0.018228348 -0.998118103
1403636753813555456.000000 0.881857038 2.933865547 1.803362966 -0.008331214 -0.058584392 0.018918086 -0.998068392
1403636753863555584.000000 0.881929636 2.913953781 1.801285267 0.007278793 0.058982477 -0.019090781 0.998049915
1403636753913555456.000000 0.879785597 2.901929855 1.800089478 0.006874264 0.058653664 -0.017687360 0.998098075
1403636753963555584.000000 0.876559019 2.889628410 1.798906684 0.005764015 0.059154227 -0.017688435 0.998075485
1403636754013555456.000000 0.873659253 2.876823902 1.797230721 0.004130887 0.059806697 -0.017886285 0.998041272
1403636754063555584.000000 0.872510135 2.863643646 1.795242667 0.002980212 0.063028142 -0.016930787 0.997863710
1403636754113555456.000000 0.873097837 2.855183601 1.791110277 -0.002114858 -0.066529579 0.016083973 -0.997652650
1403636754163555584.000000 0.874439418 2.842276335 1.786414146 -0.000615702 -0.069117978 0.016006375 -0.997479856
1403636754213555456.000000 0.876048446 2.828855276 1.780554771 0.001460329 -0.071591429 0.017144531 -0.997285604
1403636754263555584.000000 0.878326237 2.814944744 1.772709012 0.003327469 -0.072665282 0.017810125 -0.997191787
1403636754313555456.000000 0.881733775 2.800304890 1.764151096 0.004987691 -0.072770663 0.018225843 -0.997169733
1403636754363555584.000000 0.885930300 2.780519962 1.750385523 -0.006565329 0.072889037 -0.019410953 0.997129560
1403636754413555456.000000 0.891006947 2.763762474 1.739344358 -0.005906018 0.072694406 -0.019362383 0.997148871
1403636754463555584.000000 0.895840466 2.746179819 1.727452278 -0.003923869 0.072223999 -0.019814664 0.997183919
1403636754513555456.000000 0.899426579 2.727627516 1.715145707 -0.001422464 0.071365833 -0.021363961 0.997220397
1403636754563555584.000000 0.899679899 2.709764481 1.703741312 -0.002026037 -0.069475517 0.024356339 -0.997284234
1403636754613555456.000000 0.899213016 2.689851046 1.691772223 -0.006805525 -0.067706779 0.027400382 -0.997305751
1403636754663555584.000000 0.897309780 2.669046402 1.679752231 -0.013174444 -0.067301169 0.030053437 -0.997192979
1403636754713555456.000000 0.893959582 2.647396803 1.667554021 -0.020683857 -0.066197403 0.032236043 -0.997071207
1403636754763555584.000000 0.894741237 2.627267599 1.649831533 0.029129749 0.066292360 -0.035034630 0.996759474
1403636754813555456.000000 0.889130592 2.604698181 1.637349248 0.036679566 0.066022292 -0.038514879 0.996399701
1403636754863555584.000000 0.881969810 2.581861496 1.624727726 0.044147532 0.065805025 -0.040110461 0.996048152
1403636754913555456.000000 0.873723984 2.558759928 1.611823559 0.049733620 0.066336326 -0.043174144 0.995621443
1403636754963555584.000000 0.863910198 2.535907030 1.600035906 -0.055643383 -0.065772213 0.044306189 -0.995296359
1403636755013555456.000000 0.853299081 2.512336254 1.587349176 -0.059437755 -0.065381698 0.047902923 -0.994936109
1403636755063555584.000000 0.842083812 2.488374233 1.574116468 -0.063326880 -0.065553427 0.048078373 -0.994676292
1403636755113555456.000000 0.831265748 2.464124203 1.559359312 -0.066295564 -0.065172389 0.049475092 -0.994439363
1403636755163555584.000000 0.820642948 2.439569473 1.542672157 -0.069124311 -0.064361148 0.049312782 -0.994307697
1403636755213555456.000000 0.815728247 2.418175459 1.516234756 0.071527466 0.063906789 -0.049421389 0.994161665
1403636755263555584.000000 0.807991624 2.393218994 1.496545315 0.072609901 0.061254736 -0.049770005 0.994232655
1403636755313555456.000000 0.801491201 2.367990255 1.475979805 0.073513299 0.056146100 -0.049973663 0.994457722
1403636755363555584.000000 0.796491385 2.342666864 1.453942060 0.074028969 0.049904384 -0.049897376 0.994756043
1403636755413555456.000000 0.793269217 2.316757202 1.431547642 0.073718116 0.044655412 -0.050914787 0.994976997
1403636755463555584.000000 0.788118601 2.290563583 1.411090612 -0.073807754 -0.041160267 0.050630957 -0.995135546
1403636755513555456.000000 0.786312461 2.264147282 1.390099764 -0.072898053 -0.040389013 0.051244326 -0.995202839
1403636755563555584.000000 0.783841848 2.237247467 1.370114684 -0.071587391 -0.040420614 0.052545451 -0.995228887
1403636755613555456.000000 0.780770183 2.209940910 1.351285696 -0.070610918 -0.042315740 0.053246114 -0.995182574
1403636755663555584.000000 0.776530266 2.182035208 1.333543181 -0.070486374 -0.043734793 0.051325146 -0.995230973
1403636755713555456.000000 0.771621346 2.156147480 1.309772372 0.070135765 0.044049475 -0.050721463 0.995272875
1403636755763555584.000000 0.765270174 2.127718925 1.293676138 0.070129722 0.045641825 -0.048971750 0.995289147
1403636755813555456.000000 0.758266985 2.099144936 1.278059840 0.070048332 0.048524272 -0.047686342 0.995220900
1403636755863555584.000000 0.750119925 2.070124149 1.262770653 0.070156872 0.050246280 -0.046602890 0.995179176
1403636755913555456.000000 0.740784585 2.040912390 1.248803735 -0.070076495 -0.052993003 0.046269424 -0.995057881
1403636755963555584.000000 0.732515335 2.011414289 1.234514594 -0.070486173 -0.053825736 0.044924900 -0.995045841
1403636756013555456.000000 0.725452900 1.981810451 1.219458938 -0.070724845 -0.055049300 0.044215094 -0.994993806
1403636756063555584.000000 0.719990194 1.951952219 1.204257965 -0.070961013 -0.055973612 0.043617245 -0.994951785
1403636756113555456.000000 0.716433942 1.921969295 1.188697815 -0.070430800 -0.056835454 0.044891696 -0.994883955
1403636756163555584.000000 0.714705944 1.891612172 1.172471881 -0.070374317 -0.057989653 0.045395251 -0.994798481
1403636756213555456.000000 0.704785764 1.864869356 1.149501920 0.070588976 0.059264891 -0.044961520 0.994727850
1403636756263555584.000000 0.703890502 1.834109545 1.131312132 0.071015537 0.059445318 -0.044625357 0.994701803
1403636756313555456.000000 0.702158570 1.803375959 1.112798572 0.071349651 0.059491754 -0.044595271 0.994676471
1403636756363555584.000000 0.699349701 1.772583365 1.094531775 0.071688868 0.060096607 -0.045189157 0.994588912
1403636756413555456.000000 0.698534489 1.742136359 1.079536438 -0.071726695 -0.060745060 0.046078932 -0.994506001
1403636756463555584.000000 0.693787158 1.711334109 1.062850475 -0.072299242 -0.060905624 0.045857500 -0.994464874
1403636756513555456.000000 0.681312740 1.683786750 1.042977691 0.073090069 0.061107609 -0.045447420 0.994413555
1403636756563555584.000000 0.673105717 1.652937770 1.027001500 0.073368572 0.061163701 -0.045995902 0.994364321
1403636756613555456.000000 0.663184166 1.621849775 1.010942817 0.073802009 0.061590295 -0.045798108 0.994315147
1403636756663555584.000000 0.653029978 1.590753794 0.994402468 0.074485689 0.061682977 -0.045544021 0.994270027
1403636756713555456.000000 0.644132674 1.560913801 0.976618350 -0.075245462 -0.063189380 0.045577776 -0.994116664
1403636756763555584.000000 0.635366559 1.530369520 0.957594097 -0.075697616 -0.063808203 0.045640606 -0.994039953
1403636756813555456.000000 0.626891613 1.499988556 0.937301338 -0.076464355 -0.064262651 0.045164872 -0.993973732
1403636756863555584.000000 0.619187951 1.469733477 0.915703297 -0.077106059 -0.064010993 0.044982743 -0.993948638
1403636756913555456.000000 0.617112398 1.441510201 0.894414544 0.077412069 0.063987710 -0.045448214 0.993905127
1403636756963555584.000000 0.612280786 1.411312699 0.869413614 0.078188181 0.063609235 -0.044818118 0.993897319
1403636757013555456.000000 0.607486010 1.381247282 0.843313098 0.078368954 0.063818634 -0.045417964 0.993842423
1403636757063555584.000000 0.601996124 1.351252437 0.817381799 0.079584688 0.063198611 -0.043482777 0.993872046
1403636757113555456.000000 0.593614757 1.323471785 0.790360630 -0.079831623 -0.063645661 0.043736994 -0.993812501
1403636757163555584.000000 0.585150599 1.294234037 0.764357209 -0.079981446 -0.062792905 0.043612793 -0.993860126
1403636757213555456.000000 0.575372100 1.265385032 0.738333762 -0.080163173 -0.063261889 0.043284155 -0.993830144
1403636757263555584.000000 0.564180613 1.236805797 0.712650836 -0.080167949 -0.062990062 0.044123325 -0.993810117
1403636757313555456.000000 0.554283857 1.208845735 0.698468685 0.079220548 0.062258799 -0.046724446 0.993813276
1403636757363555584.000000 0.540248930 1.180566669 0.673297048 0.079619415 0.061142899 -0.046523832 0.993860066
1403636757413555456.000000 0.525039673 1.152330995 0.648382902 0.079176873 0.059457127 -0.048337266 0.993911147
1403636757463555584.000000 0.509648204 1.123785853 0.623508275 0.078545950 0.057417836 -0.050389614 0.993979216
1403636757513555456.000000 0.495130002 1.093872309 0.597991824 -0.079393342 -0.055025175 0.052976143 -0.993912697
1403636757563555584.000000 0.479825139 1.065645218 0.577921212 0.081634864 0.050949059 -0.054981850 0.993839562
1403636757613555456.000000 0.467668474 1.035221100 0.550948679 0.084757976 0.045011517 -0.057296082 0.993734002
1403636757663555584.000000 0.457579762 1.004301667 0.523338616 0.087743297 0.038620945 -0.059404641 0.993619978
1403636757713555456.000000 0.449255556 0.972652793 0.495993674 0.091288269 0.032309607 -0.060869023 0.993437231
1403636757763555584.000000 0.443522125 0.940644622 0.469928205 -0.094752789 -0.027184227 0.061717089 -0.993214011
1403636757813555456.000000 0.437714845 0.908977389 0.448710829 0.097917579 0.023155602 -0.062820099 0.992939949
1403636757863555584.000000 0.438721031 0.875331581 0.422956318 0.101196475 0.020712601 -0.062501088 0.992685199
1403636757913555456.000000 0.442684382 0.841451705 0.397149384 0.103949167 0.020446328 -0.062497932 0.992406487
1403636757963555584.000000 0.448567182 0.806992650 0.372206002 0.107105888 0.022896415 -0.061030526 0.992108583
1403636758013555456.000000 0.452521384 0.773602009 0.352380604 0.109262943 0.031139759 -0.060857557 0.991659403
1403636758063555584.000000 0.459453285 0.739135265 0.330619276 0.111586906 0.038004488 -0.060019340 0.991212249
1403636758113555456.000000 0.465106905 0.704828084 0.310218364 0.113633350 0.044272944 -0.058398928 0.990816295
1403636758163555584.000000 0.468457609 0.670571804 0.291642100 -0.115051381 -0.049867276 0.057525538 -0.990437925
1403636758213555456.000000 0.470739335 0.636985600 0.273038328 -0.116271749 -0.054411415 0.056885287 -0.990093112
1403636758263555584.000000 0.470989287 0.603901565 0.254911810 -0.117290445 -0.056347366 0.055668887 -0.989933789
1403636758313555456.000000 0.469426841 0.571138978 0.237538621 -0.118199632 -0.058081284 0.054088343 -0.989813030
1403636758363555584.000000 0.465182900 0.539003730 0.221020684 -0.118776903 -0.056318711 0.053122964 -0.989898145
1403636758413555456.000000 0.458103329 0.507221997 0.205259204 -0.119606338 -0.049593557 0.051096972 -0.990264595
1403636758463555584.000000 0.449104369 0.475694418 0.190614894 -0.120641403 -0.040144924 0.048204750 -0.990712106
1403636758513555456.000000 0.433261544 0.444329709 0.177230448 0.122481681 0.028981643 -0.043307394 0.991101861
1403636758563555584.000000 0.423226058 0.413980335 0.165601477 0.124602690 0.017508315 -0.037511759 0.991342843
1403636758613555456.000000 0.413386524 0.384728163 0.155794248 0.126380816 0.008340208 -0.032569420 0.991411924
1403636758663555584.000000 0.405378878 0.356865078 0.147812366 0.126437142 0.006384195 -0.031216042 0.991462767
1403636758713555456.000000 0.400615036 0.330431938 0.139861554 -0.125884891 -0.012869023 0.031307504 -0.991467297
1403636758763555584.000000 0.396043032 0.305309713 0.135830939 -0.123979889 -0.022016734 0.034017883 -0.991457105
1403636758813555456.000000 0.391445488 0.281022549 0.133515596 -0.123800091 -0.030341711 0.034193639 -0.991253674
1403636758863555584.000000 0.386630923 0.257884830 0.132348850 -0.122715533 -0.039150644 0.036870051 -0.990983784
1403636758913555456.000000 0.380580068 0.236113682 0.131849185 -0.120325863 -0.045144472 0.042014007 -0.990817130
1403636758963555584.000000 0.373523712 0.215284765 0.131911725 -0.119396359 -0.049897425 0.044129636 -0.990609646
1403636759013555456.000000 0.367064178 0.190734908 0.125513837 0.118507065 0.052318215 -0.045894787 0.990511239
1403636759063555584.000000 0.358089119 0.170235455 0.126044780 0.119720787 0.054614514 -0.043627582 0.990343869
1403636759113555456.000000 0.348582149 0.150589973 0.126646072 0.122716784 0.055225141 -0.036628455 0.990226865
1403636759163555584.000000 0.338484585 0.131827295 0.126943767 0.127423570 0.054720383 -0.026193703 0.989991367
1403636759213555456.000000 0.327387780 0.116003662 0.128169864 -0.131750628 -0.053938910 0.016113108 -0.989683151
1403636759263555584.000000 0.315561712 0.101333439 0.129816473 -0.135480285 -0.053210370 0.007665096 -0.989320517
1403636759313555456.000000 0.307951182 0.086371951 0.127360925 0.136559948 0.052844867 -0.005585542 0.989205539
1403636759363555584.000000 0.295333385 0.077086531 0.129838288 0.134207115 0.054634206 -0.012095450 0.989372194
1403636759413555456.000000 0.281804740 0.070206627 0.132780388 0.131089076 0.055311520 -0.020179112 0.989620745
1403636759463555584.000000 0.266934663 0.065734543 0.136594236 -0.128204912 -0.057163473 0.027865022 -0.989706695
1403636759513555456.000000 0.251629353 0.062223397 0.140095681 -0.125176579 -0.058188736 0.035674691 -0.989784002
1403636759563555584.000000 0.236089200 0.059485257 0.143412963 -0.123815201 -0.059448630 0.041015740 -0.989673436
1403636759613555456.000000 0.221818894 0.057600293 0.145724744 -0.121887214 -0.060453508 0.047109310 -0.989580572
1403636759663555584.000000 0.213521704 0.054491695 0.140729994 0.120751619 0.060095608 -0.050583232 0.989570081
1403636759713555456.000000 0.203759506 0.053067092 0.139588118 0.120230414 0.059710272 -0.052983772 0.989531219
1403636759763555584.000000 0.196147531 0.051590960 0.136631995 0.121046245 0.060249209 -0.052436616 0.989428222
1403636759813555456.000000 0.191127449 0.050422639 0.132753357 0.120500222 0.061460681 -0.054049917 0.989333570
1403636759863555584.000000 0.186703950 0.049214274 0.127659917 0.120598860 0.060396425 -0.053525582 0.989415586
1403636759913555456.000000 0.178532004 0.048330303 0.123365343 -0.120415598 -0.055313017 0.054088622 -0.989704549
1403636759963555584.000000 0.173434511 0.049380615 0.115912974 0.120004475 0.049637664 -0.054928090 0.990009069
1403636760013555456.000000 0.166451588 0.049045525 0.110604130 0.119846895 0.044981029 -0.054730747 0.990261614
1403636760063555584.000000 0.158821911 0.048407998 0.105553105 0.120125346 0.040639937 -0.053208999 0.990498483
1403636760113555456.000000 0.151041090 0.047918454 0.101204790 0.119316518 0.036058169 -0.054232899 0.990718067
1403636760163555584.000000 0.141890511 0.047554471 0.098346859 0.118864141 0.032432847 -0.054675754 0.990873396
1403636760213555456.000000 0.135363698 0.046912711 0.095638968 0.119326733 0.036585450 -0.053385455 0.990743577
1403636760263555584.000000 0.129025578 0.046376437 0.093428507 0.119530559 0.043963622 -0.052365851 0.990473390
1403636760313555456.000000 0.122331426 0.045986902 0.091630988 0.120518684 0.050910641 -0.050255019 0.990130246
1403636760363555584.000000 0.115849368 0.044085305 0.090750232 -0.119949117 -0.055014044 0.051198840 -0.989931524
1403636760413555456.000000 0.106979273 0.045060847 0.089640275 -0.119589038 -0.059058376 0.052650843 -0.989665866
1403636760463555584.000000 0.096668065 0.046522826 0.088660218 -0.119054422 -0.060487024 0.054060366 -0.989568055
1403636760513555456.000000 0.086515531 0.047468532 0.086822525 -0.118306525 -0.058987603 0.055958919 -0.989642680
1403636760563555584.000000 0.076598719 0.047492042 0.084333740 -0.117952116 -0.053909745 0.057418972 -0.989891052
1403636760613555456.000000 0.065673985 0.047919206 0.081835374 -0.117417634 -0.048489250 0.058964483 -0.990144014
1403636760663555584.000000 0.054245517 0.048920196 0.081922948 0.116615854 0.044758443 -0.061385710 0.990267336
1403636760713555456.000000 0.044426996 0.048730943 0.079151735 0.116064832 0.041504521 -0.063511752 0.990339696
1403636760763555584.000000 0.035924975 0.048101578 0.076417521 0.115495771 0.041877970 -0.065569021 0.990256429
1403636760813555456.000000 0.028405730 0.046741702 0.073035620 -0.115511425 -0.044455640 0.066358380 -0.990089595
1403636760863555584.000000 0.020628665 0.045002431 0.070386693 -0.115144886 -0.048283733 0.067950614 -0.989845037
1403636760913555456.000000 0.012488879 0.042707402 0.067577645 -0.115245752 -0.051513564 0.069146395 -0.989587545
1403636760963555584.000000 0.003938824 0.039817449 0.064833261 -0.115375564 -0.051222160 0.069236517 -0.989581287
1403636761013555456.000000 -0.005187801 0.036188360 0.062023655 -0.116232917 -0.047416877 0.067840219 -0.989767313
1403636761063555584.000000 -0.015265558 0.032842018 0.061717529 0.116994813 0.042555839 -0.066109613 0.990015566
1403636761113555456.000000 -0.024516728 0.028055361 0.059477594 0.117886528 0.035800882 -0.064471081 0.990285099
1403636761163555584.000000 -0.033785887 0.022923319 0.057829399 0.118108928 0.028008096 -0.064040683 0.990537584
1403636761213555456.000000 -0.042153809 0.017220952 0.056418542 0.117812723 0.021242639 -0.065586284 0.990639925
1403636761263555584.000000 -0.048234787 0.010032372 0.054371469 -0.118049584 -0.016466672 0.064689569 -0.990761518
1403636761313555456.000000 -0.054519251 0.003500545 0.056356143 0.117800422 0.015375192 -0.065455638 0.990758419
1403636761363555584.000000 -0.058206432 -0.004117848 0.057390615 0.118343391 0.018154189 -0.064787798 0.990690589
1403636761413555456.000000 -0.060033154 -0.012165234 0.059234560 0.118664481 0.025293691 -0.064164169 0.990536153
1403636761463555584.000000 -0.059363544 -0.020375488 0.060987573 -0.118654720 -0.033334192 0.064035356 -0.990307808
1403636761513555456.000000 -0.058776718 -0.029035049 0.063223734 -0.119084425 -0.040621985 0.062730573 -0.990067482
1403636761563555584.000000 -0.057783887 -0.037868313 0.065527588 -0.119114541 -0.046839286 0.061806507 -0.989847362
1403636761613555456.000000 -0.055606559 -0.047192324 0.067903206 0.119313173 0.051614068 -0.060347583 0.989675999
1403636761663555584.000000 -0.054289639 -0.056008589 0.069489285 0.120744176 0.053449836 -0.056039095 0.989658356
1403636761713555456.000000 -0.052573539 -0.064810492 0.070874259 0.123039544 0.054476913 -0.049386445 0.989674032
1403636761763555584.000000 -0.050756056 -0.073199496 0.072078772 0.125212938 0.054200664 -0.043530203 0.989691496
1403636761813555456.000000 -0.048399147 -0.080708645 0.071992315 0.126882792 0.053954501 -0.038513720 0.989700139
1403636761863555584.000000 -0.045610357 -0.087016620 0.072295479 0.127913401 0.053582951 -0.035565615 0.989697993
1403636761913555456.000000 -0.042307436 -0.091910794 0.072366670 0.127129465 0.052867491 -0.036698069 0.989796162
1403636761963555584.000000 -0.039393254 -0.095159031 0.072228216 -0.125356346 -0.052699719 0.040108912 -0.989898860
1403636762013555456.000000 -0.035083432 -0.098031774 0.072034843 -0.121533573 -0.054410841 0.048738360 -0.989895761
1403636762063555584.000000 -0.030506175 -0.100632571 0.071455434 -0.117325351 -0.056077041 0.057465993 -0.989842355
1403636762113555456.000000 -0.025759760 -0.103207193 0.070140705 -0.112124063 -0.057729475 0.069206707 -0.989598870
1403636762163555584.000000 -0.021510305 -0.106411748 0.067932934 -0.108218648 -0.057250727 0.077480450 -0.989448309
1403636762213555456.000000 -0.018214965 -0.110683769 0.065481208 -0.106240675 -0.052526984 0.080809005 -0.989658415
1403636762263555584.000000 -0.017295994 -0.115590826 0.061712608 0.105985016 0.044855390 -0.080227450 0.990110457
1403636762313555456.000000 -0.016467240 -0.122389883 0.060559470 0.106374428 0.036568522 -0.078051642 0.990583301
1403636762363555584.000000 -0.017548595 -0.130151540 0.060336199 0.107173219 0.029165937 -0.075251222 0.990959466
1403636762413555456.000000 -0.019964274 -0.138949916 0.062167596 0.108571149 0.025056209 -0.071182348 0.991220295
1403636762463555584.000000 -0.023808129 -0.148960739 0.065647401 0.111709543 0.022919923 -0.063381463 0.991452694
1403636762513555456.000000 -0.026652204 -0.160096407 0.073894709 -0.117651410 -0.025811942 0.049190059 -0.991500020
1403636762563555584.000000 -0.034001891 -0.169723019 0.078496285 0.123240747 0.030350659 -0.035618097 0.991272867
1403636762613555456.000000 -0.041372251 -0.179343149 0.087215535 0.128647521 0.035106294 -0.022545753 0.990812361
1403636762663555584.000000 -0.050018854 -0.187583342 0.097490720 0.131932452 0.040826343 -0.014971429 0.990304470
1403636762713555456.000000 -0.060206685 -0.193815768 0.109109893 0.130867630 0.046002049 -0.018270241 0.990163445
1403636762763555584.000000 -0.071458422 -0.198104098 0.120495066 0.128454015 0.049372431 -0.024528563 0.990181983
1403636762813555456.000000 -0.084779821 -0.201181218 0.134184539 0.125021949 0.051616862 -0.033714388 0.990236640
1403636762863555584.000000 -0.085917033 -0.199780107 0.135994792 0.129897863 0.082831562 -0.024132116 0.987766743
1403636762913555456.000000 -0.083195761 -0.193088606 0.130022287 0.126148522 0.094509892 -0.028546097 0.987086475
1403636762963555584.000000 -0.092395268 -0.185953125 0.126161873 0.115753353 0.066783585 -0.041706000 0.990152419
1403636763013555456.000000 -0.098647512 -0.177353352 0.121432349 0.105975866 0.057404809 -0.034527220 0.992109776
1403636763063555584.000000 -0.112089850 -0.170068055 0.118528754 -0.098898984 -0.056135662 0.021290286 -0.993284762
1403636763113555456.000000 -0.111289531 -0.161971912 0.112848617 0.092918113 0.067604832 -0.013549937 0.993283570
1403636763163555584.000000 -0.112111129 -0.159599990 0.109071366 0.087191440 0.081400916 -0.008223335 0.992826223
1403636763213555456.000000 -0.116173461 -0.157265335 0.109816790 0.085443653 0.073028490 -0.004913795 0.993650913
1403636763263555584.000000 -0.121450745 -0.156677872 0.113643780 0.085935168 0.064468600 -0.003615964 0.994206190
1403636763313555456.000000 -0.124725416 -0.156560987 0.114156872 0.085989773 0.067815967 -0.002870582 0.993981183
1403636763363555584.000000 -0.124166936 -0.155062914 0.112062469 0.086230129 0.067531250 -0.003235835 0.993978620
1403636763413555456.000000 -0.128672004 -0.154895812 0.111547202 0.086395100 0.066237159 -0.002309116 0.994053960
1403636763463555584.000000 -0.130604252 -0.154017970 0.110146008 0.086067721 0.066467635 -0.002934083 0.994065285
1403636763513555456.000000 -0.135079652 -0.153994098 0.108469658 0.086293109 0.066477135 -0.002340430 0.994046688
1403636763563555584.000000 -0.139504090 -0.153742403 0.106798626 0.086136736 0.066573843 -0.002578915 0.994053245
1403636763613555456.000000 -0.142504200 -0.152412906 0.105553858 -0.086225785 -0.066370048 0.002332319 -0.994059801
1403636763663555584.000000 -0.144159287 -0.151546270 0.103571124 0.086241551 0.066564545 -0.002525464 0.994044900
1403636763713555456.000000 -0.147872344 -0.150954664 0.101486444 0.086349502 0.066579685 -0.002105563 0.994035482
1403636763763555584.000000 -0.151526690 -0.150108218 0.099233575 0.086119570 0.066722132 -0.002525631 0.994044900
1403636763813555456.000000 -0.154868469 -0.149564326 0.096705228 0.086463921 0.066948995 -0.001862061 0.994001269
