seed,pose_bias_m,moved_fraction,occlusion_fraction,method,static_false_change_rate,moved_recall_all,coverage,query_error_m,pose_error_m
100,0.0,0.2,0.0,raw_residual,0.0,1.0,1.0,0.005296527854237684,0.0
100,0.0,0.2,0.0,visibility_only,0.0,1.0,1.0,0.005296527854237684,0.0
100,0.0,0.2,0.0,common_mode_only,0.0,1.0,1.0,0.005489247294682363,0.007631524307179616
100,0.0,0.2,0.0,combined,0.0,1.0,1.0,0.005489247294682363,0.007631524307179616
100,0.0,0.2,0.5,raw_residual,0.5,1.0,0.5333333333333333,0.006566107021170137,0.0
100,0.0,0.2,0.5,visibility_only,0.0,0.6666666666666666,0.5333333333333333,0.006566107021170137,0.0
100,0.0,0.2,0.5,common_mode_only,0.5,1.0,0.5333333333333333,0.007504312543703527,0.014914301676408967
100,0.0,0.2,0.5,combined,0.0,0.6666666666666666,0.5333333333333333,0.007504312543703527,0.014914301676408967
100,0.0,0.4,0.0,raw_residual,0.0,1.0,1.0,0.009666043111885238,0.0
100,0.0,0.4,0.0,visibility_only,0.0,1.0,1.0,0.009666043111885238,0.0
100,0.0,0.4,0.0,common_mode_only,0.05555555555555555,1.0,1.0,0.016037823166555484,0.019613382489417224
100,0.0,0.4,0.0,combined,0.05555555555555555,1.0,1.0,0.016037823166555484,0.019613382489417224
100,0.0,0.4,0.5,raw_residual,0.5555555555555556,1.0,0.5333333333333333,0.012932312379259993,0.0
100,0.0,0.4,0.5,visibility_only,0.0,0.6666666666666666,0.5333333333333333,0.012932312379259993,0.0
100,0.0,0.4,0.5,common_mode_only,1.0,1.0,0.5333333333333333,0.49754752156236726,0.4976116476784878
100,0.0,0.4,0.5,combined,0.4444444444444444,0.6666666666666666,0.5333333333333333,0.49754752156236726,0.4976116476784878
100,0.0,0.6,0.0,raw_residual,0.0,1.0,1.0,0.014849895589256566,0.0
100,0.0,0.6,0.0,visibility_only,0.0,1.0,1.0,0.014849895589256566,0.0
100,0.0,0.6,0.0,common_mode_only,1.0,0.0,1.0,0.9912780706193065,0.9785838323820406
100,0.0,0.6,0.0,combined,1.0,0.0,1.0,0.9912780706193065,0.9785838323820406
100,0.0,0.6,0.5,raw_residual,0.5,1.0,0.5333333333333333,0.015097901797676325,0.0
100,0.0,0.6,0.5,visibility_only,0.0,0.5555555555555556,0.5333333333333333,0.015097901797676325,0.0
100,0.0,0.6,0.5,common_mode_only,1.0,0.4444444444444444,0.5333333333333333,0.9887713087430842,0.9813190581049661
100,0.0,0.6,0.5,combined,0.5,0.0,0.5333333333333333,0.9887713087430842,0.9813190581049661
100,0.0,0.8,0.0,raw_residual,0.0,1.0,1.0,0.01961576570959075,0.0
100,0.0,0.8,0.0,visibility_only,0.0,1.0,1.0,0.01961576570959075,0.0
100,0.0,0.8,0.0,common_mode_only,1.0,0.0,1.0,0.9963689260790969,0.9870814700326757
100,0.0,0.8,0.0,combined,1.0,0.0,1.0,0.9963689260790969,0.9870814700326757
100,0.0,0.8,0.5,raw_residual,0.3333333333333333,1.0,0.5333333333333333,0.018119731602192157,0.0
100,0.0,0.8,0.5,visibility_only,0.0,0.5,0.5333333333333333,0.018119731602192157,0.0
100,0.0,0.8,0.5,common_mode_only,1.0,0.5,0.5333333333333333,0.9944443770563558,0.9876594586499278
100,0.0,0.8,0.5,combined,0.6666666666666666,0.0,0.5333333333333333,0.9944443770563558,0.9876594586499278
100,0.15,0.2,0.0,raw_residual,1.0,1.0,1.0,0.14764320203592288,0.15
100,0.15,0.2,0.0,visibility_only,1.0,1.0,1.0,0.14764320203592288,0.15
100,0.15,0.2,0.0,common_mode_only,0.0,1.0,1.0,0.005489247294682383,0.007631524307179616
100,0.15,0.2,0.0,combined,0.0,1.0,1.0,0.005489247294682383,0.007631524307179616
100,0.15,0.2,0.5,raw_residual,1.0,1.0,0.5333333333333333,0.15169879970958797,0.15
100,0.15,0.2,0.5,visibility_only,0.5,0.6666666666666666,0.5333333333333333,0.15169879970958797,0.15
100,0.15,0.2,0.5,common_mode_only,0.5,1.0,0.5333333333333333,0.007504312543703547,0.01491430167640897
100,0.15,0.2,0.5,combined,0.0,0.6666666666666666,0.5333333333333333,0.007504312543703547,0.01491430167640897
100,0.15,0.4,0.0,raw_residual,1.0,1.0,1.0,0.14764320203592282,0.15
100,0.15,0.4,0.0,visibility_only,1.0,1.0,1.0,0.14764320203592282,0.15
100,0.15,0.4,0.0,common_mode_only,0.05555555555555555,1.0,1.0,0.016037823166555523,0.019613382489417228
100,0.15,0.4,0.0,combined,0.05555555555555555,1.0,1.0,0.016037823166555523,0.019613382489417228
100,0.15,0.4,0.5,raw_residual,1.0,1.0,0.5333333333333333,0.15169879970958794,0.15
100,0.15,0.4,0.5,visibility_only,0.4444444444444444,0.6666666666666666,0.5333333333333333,0.15169879970958794,0.15
100,0.15,0.4,0.5,common_mode_only,1.0,1.0,0.5333333333333333,0.49754752156236726,0.4976116476784877
100,0.15,0.4,0.5,combined,0.4444444444444444,0.6666666666666666,0.5333333333333333,0.49754752156236726,0.4976116476784877
100,0.15,0.6,0.0,raw_residual,1.0,1.0,1.0,0.1476432020359228,0.15
100,0.15,0.6,0.0,visibility_only,1.0,1.0,1.0,0.1476432020359228,0.15
100,0.15,0.6,0.0,common_mode_only,1.0,0.0,1.0,0.9912780706193064,0.9785838323820403
100,0.15,0.6,0.0,combined,1.0,0.0,1.0,0.9912780706193064,0.9785838323820403
100,0.15,0.6,0.5,raw_residual,1.0,1.0,0.5333333333333333,0.15169879970958794,0.15
100,0.15,0.6,0.5,visibility_only,0.5,0.5555555555555556,0.5333333333333333,0.15169879970958794,0.15
100,0.15,0.6,0.5,common_mode_only,1.0,0.4444444444444444,0.5333333333333333,0.9887713087430842,0.981319058104966
100,0.15,0.6,0.5,combined,0.5,0.0,0.5333333333333333,0.9887713087430842,0.981319058104966
100,0.15,0.8,0.0,raw_residual,1.0,1.0,1.0,0.1476432020359228,0.15
100,0.15,0.8,0.0,visibility_only,1.0,1.0,1.0,0.1476432020359228,0.15
100,0.15,0.8,0.0,common_mode_only,1.0,0.0,1.0,0.9963689260790967,0.9870814700326754
100,0.15,0.8,0.0,combined,1.0,0.0,1.0,0.9963689260790967,0.9870814700326754
100,0.15,0.8,0.5,raw_residual,1.0,1.0,0.5333333333333333,0.15169879970958794,0.15
100,0.15,0.8,0.5,visibility_only,0.6666666666666666,0.5,0.5333333333333333,0.15169879970958794,0.15
100,0.15,0.8,0.5,common_mode_only,1.0,0.5,0.5333333333333333,0.9944443770563558,0.9876594586499277
100,0.15,0.8,0.5,combined,0.6666666666666666,0.0,0.5333333333333333,0.9944443770563558,0.9876594586499277
100,0.3,0.2,0.0,raw_residual,1.0,1.0,1.0,0.296945044357284,0.3
100,0.3,0.2,0.0,visibility_only,1.0,1.0,1.0,0.296945044357284,0.3
100,0.3,0.2,0.0,common_mode_only,0.0,1.0,1.0,0.005489247294682371,0.0076315243071796305
100,0.3,0.2,0.0,combined,0.0,1.0,1.0,0.005489247294682371,0.0076315243071796305
100,0.3,0.2,0.5,raw_residual,1.0,1.0,0.5333333333333333,0.3009739054980788,0.3
100,0.3,0.2,0.5,visibility_only,0.5,0.6666666666666666,0.5333333333333333,0.3009739054980788,0.3
100,0.3,0.2,0.5,common_mode_only,0.5,1.0,0.5333333333333333,0.007504312543703527,0.01491430167640897
100,0.3,0.2,0.5,combined,0.0,0.6666666666666666,0.5333333333333333,0.007504312543703527,0.01491430167640897
100,0.3,0.4,0.0,raw_residual,1.0,1.0,1.0,0.296945044357284,0.3
100,0.3,0.4,0.0,visibility_only,1.0,1.0,1.0,0.296945044357284,0.3
100,0.3,0.4,0.0,common_mode_only,0.05555555555555555,1.0,1.0,0.01603782316655546,0.0196133824894172
100,0.3,0.4,0.0,combined,0.05555555555555555,1.0,1.0,0.01603782316655546,0.0196133824894172
100,0.3,0.4,0.5,raw_residual,1.0,1.0,0.5333333333333333,0.3009739054980788,0.3
100,0.3,0.4,0.5,visibility_only,0.4444444444444444,0.6666666666666666,0.5333333333333333,0.3009739054980788,0.3
100,0.3,0.4,0.5,common_mode_only,1.0,1.0,0.5333333333333333,0.49754752156236726,0.49761164767848787
100,0.3,0.4,0.5,combined,0.4444444444444444,0.6666666666666666,0.5333333333333333,0.49754752156236726,0.49761164767848787
100,0.3,0.6,0.0,raw_residual,1.0,1.0,1.0,0.296945044357284,0.3
100,0.3,0.6,0.0,visibility_only,1.0,1.0,1.0,0.296945044357284,0.3
100,0.3,0.6,0.0,common_mode_only,1.0,0.0,1.0,0.9912780706193065,0.9785838323820406
100,0.3,0.6,0.0,combined,1.0,0.0,1.0,0.9912780706193065,0.9785838323820406
100,0.3,0.6,0.5,raw_residual,1.0,1.0,0.5333333333333333,0.3009739054980788,0.3
100,0.3,0.6,0.5,visibility_only,0.5,0.5555555555555556,0.5333333333333333,0.3009739054980788,0.3
100,0.3,0.6,0.5,common_mode_only,1.0,0.4444444444444444,0.5333333333333333,0.9887713087430842,0.9813190581049659
100,0.3,0.6,0.5,combined,0.5,0.0,0.5333333333333333,0.9887713087430842,0.9813190581049659
100,0.3,0.8,0.0,raw_residual,1.0,1.0,1.0,0.2969450443572841,0.3
100,0.3,0.8,0.0,visibility_only,1.0,1.0,1.0,0.2969450443572841,0.3
100,0.3,0.8,0.0,common_mode_only,1.0,0.0,1.0,0.9963689260790969,0.9870814700326758
100,0.3,0.8,0.0,combined,1.0,0.0,1.0,0.9963689260790969,0.9870814700326758
100,0.3,0.8,0.5,raw_residual,1.0,1.0,0.5333333333333333,0.3009739054980788,0.3
100,0.3,0.8,0.5,visibility_only,0.6666666666666666,0.5,0.5333333333333333,0.3009739054980788,0.3
100,0.3,0.8,0.5,common_mode_only,1.0,0.5,0.5333333333333333,0.9944443770563558,0.9876594586499278
100,0.3,0.8,0.5,combined,0.6666666666666666,0.0,0.5333333333333333,0.9944443770563558,0.9876594586499278
100,0.6,0.2,0.0,raw_residual,1.0,1.0,1.0,0.5966037478304481,0.6
100,0.6,0.2,0.0,visibility_only,1.0,1.0,1.0,0.5966037478304481,0.6
100,0.6,0.2,0.0,common_mode_only,0.0,1.0,1.0,0.005489247294682353,0.007631524307179616
100,0.6,0.2,0.0,combined,0.0,1.0,1.0,0.005489247294682353,0.007631524307179616
100,0.6,0.2,0.5,raw_residual,1.0,1.0,0.5333333333333333,0.6006068355025426,0.6
100,0.6,0.2,0.5,visibility_only,0.5,0.6666666666666666,0.5333333333333333,0.6006068355025426,0.6
100,0.6,0.2,0.5,common_mode_only,0.5,1.0,0.5333333333333333,0.007504312543703507,0.01491430167640897
100,0.6,0.2,0.5,combined,0.0,0.6666666666666666,0.5333333333333333,0.007504312543703507,0.01491430167640897
100,0.6,0.4,0.0,raw_residual,1.0,1.0,1.0,0.5966037478304481,0.6
100,0.6,0.4,0.0,visibility_only,1.0,1.0,1.0,0.5966037478304481,0.6
100,0.6,0.4,0.0,common_mode_only,0.05555555555555555,1.0,1.0,0.01603782316655546,0.019613382489417252
100,0.6,0.4,0.0,combined,0.05555555555555555,1.0,1.0,0.01603782316655546,0.019613382489417252
100,0.6,0.4,0.5,raw_residual,1.0,1.0,0.5333333333333333,0.6006068355025426,0.6
100,0.6,0.4,0.5,visibility_only,0.4444444444444444,0.6666666666666666,0.5333333333333333,0.6006068355025426,0.6
100,0.6,0.4,0.5,common_mode_only,1.0,1.0,0.5333333333333333,0.49754752156236737,0.4976116476784879
100,0.6,0.4,0.5,combined,0.4444444444444444,0.6666666666666666,0.5333333333333333,0.49754752156236737,0.4976116476784879
100,0.6,0.6,0.0,raw_residual,1.0,1.0,1.0,0.5966037478304481,0.6
100,0.6,0.6,0.0,visibility_only,1.0,1.0,1.0,0.5966037478304481,0.6
100,0.6,0.6,0.0,common_mode_only,1.0,0.0,1.0,0.9912780706193064,0.9785838323820405
100,0.6,0.6,0.0,combined,1.0,0.0,1.0,0.9912780706193064,0.9785838323820405
100,0.6,0.6,0.5,raw_residual,1.0,1.0,0.5333333333333333,0.6006068355025426,0.6
100,0.6,0.6,0.5,visibility_only,0.5,0.5555555555555556,0.5333333333333333,0.6006068355025426,0.6
100,0.6,0.6,0.5,common_mode_only,1.0,0.4444444444444444,0.5333333333333333,0.9887713087430843,0.9813190581049662
100,0.6,0.6,0.5,combined,0.5,0.0,0.5333333333333333,0.9887713087430843,0.9813190581049662
100,0.6,0.8,0.0,raw_residual,1.0,1.0,1.0,0.5966037478304481,0.6
100,0.6,0.8,0.0,visibility_only,1.0,1.0,1.0,0.5966037478304481,0.6
100,0.6,0.8,0.0,common_mode_only,1.0,0.0,1.0,0.9963689260790969,0.9870814700326757
100,0.6,0.8,0.0,combined,1.0,0.0,1.0,0.9963689260790969,0.9870814700326757
100,0.6,0.8,0.5,raw_residual,1.0,1.0,0.5333333333333333,0.6006068355025426,0.6
100,0.6,0.8,0.5,visibility_only,0.6666666666666666,0.5,0.5333333333333333,0.6006068355025426,0.6
100,0.6,0.8,0.5,common_mode_only,1.0,0.5,0.5333333333333333,0.9944443770563558,0.9876594586499279
100,0.6,0.8,0.5,combined,0.6666666666666666,0.0,0.5333333333333333,0.9944443770563558,0.9876594586499279
101,0.0,0.2,0.0,raw_residual,0.08333333333333333,1.0,1.0,0.009050945603181664,0.0
101,0.0,0.2,0.0,visibility_only,0.08333333333333333,1.0,1.0,0.009050945603181664,0.0
101,0.0,0.2,0.0,common_mode_only,0.08333333333333333,1.0,1.0,0.010950480492616195,0.013498389514719742
101,0.0,0.2,0.0,combined,0.08333333333333333,1.0,1.0,0.010950480492616195,0.013498389514719742
101,0.0,0.2,0.5,raw_residual,0.5833333333333334,1.0,0.4666666666666667,0.01408635050451254,0.0
101,0.0,0.2,0.5,visibility_only,0.08333333333333333,0.3333333333333333,0.4666666666666667,0.01408635050451254,0.0
101,0.0,0.2,0.5,common_mode_only,0.5833333333333334,1.0,0.4666666666666667,0.015371332708503197,0.012455218265535433
101,0.0,0.2,0.5,combined,0.08333333333333333,0.3333333333333333,0.4666666666666667,0.015371332708503197,0.012455218265535433
101,0.0,0.4,0.0,raw_residual,0.1111111111111111,1.0,1.0,0.013741593670067716,0.0
101,0.0,0.4,0.0,visibility_only,0.1111111111111111,1.0,1.0,0.013741593670067716,0.0
101,0.0,0.4,0.0,common_mode_only,0.1111111111111111,1.0,1.0,0.018550018691869372,0.024299084378840752
101,0.0,0.4,0.0,combined,0.1111111111111111,1.0,1.0,0.018550018691869372,0.024299084378840752
101,0.0,0.4,0.5,raw_residual,0.6111111111111112,1.0,0.4666666666666667,0.017634857270527726,0.0
101,0.0,0.4,0.5,visibility_only,0.1111111111111111,0.4166666666666667,0.4666666666666667,0.017634857270527726,0.0
101,0.0,0.4,0.5,common_mode_only,0.6111111111111112,1.0,0.4666666666666667,0.01958539830244768,0.016826090427381746
101,0.0,0.4,0.5,combined,0.1111111111111111,0.4166666666666667,0.4666666666666667,0.01958539830244768,0.016826090427381746
101,0.0,0.6,0.0,raw_residual,0.16666666666666666,1.0,1.0,0.018103822529297552,0.0
101,0.0,0.6,0.0,visibility_only,0.16666666666666666,1.0,1.0,0.018103822529297552,0.0
101,0.0,0.6,0.0,common_mode_only,1.0,0.05555555555555555,1.0,0.9920516051107431,0.9835279302983957
101,0.0,0.6,0.0,combined,1.0,0.05555555555555555,1.0,0.9920516051107431,0.9835279302983957
101,0.0,0.6,0.5,raw_residual,0.6666666666666666,1.0,0.4666666666666667,0.021552444667047293,0.0
101,0.0,0.6,0.5,visibility_only,0.16666666666666666,0.4444444444444444,0.4666666666666667,0.021552444667047293,0.0
101,0.0,0.6,0.5,common_mode_only,1.0,0.5555555555555556,0.4666666666666667,0.9918888492094834,0.9785946766033984
101,0.0,0.6,0.5,combined,0.5,0.0,0.4666666666666667,0.9918888492094834,0.9785946766033984
101,0.0,0.8,0.0,raw_residual,0.3333333333333333,1.0,1.0,0.024105805481106985,0.0
101,0.0,0.8,0.0,visibility_only,0.3333333333333333,1.0,1.0,0.024105805481106985,0.0
101,0.0,0.8,0.0,common_mode_only,1.0,0.0,1.0,1.0014834975210887,0.9985554343112748
101,0.0,0.8,0.0,combined,1.0,0.0,1.0,1.0014834975210887,0.9985554343112748
101,0.0,0.8,0.5,raw_residual,0.5,1.0,0.4666666666666667,0.02440813670283601,0.0
101,0.0,0.8,0.5,visibility_only,0.3333333333333333,0.375,0.4666666666666667,0.02440813670283601,0.0
101,0.0,0.8,0.5,common_mode_only,1.0,0.625,0.4666666666666667,1.003489135369289,0.9988183990473778
101,0.0,0.8,0.5,combined,0.8333333333333334,0.0,0.4666666666666667,1.003489135369289,0.9988183990473778
101,0.15,0.2,0.0,raw_residual,1.0,1.0,1.0,0.15312614462599244,0.15
101,0.15,0.2,0.0,visibility_only,1.0,1.0,1.0,0.15312614462599244,0.15
101,0.15,0.2,0.0,common_mode_only,0.08333333333333333,1.0,1.0,0.010950480492616203,0.013498389514719749
101,0.15,0.2,0.0,combined,0.08333333333333333,1.0,1.0,0.010950480492616203,0.013498389514719749
101,0.15,0.2,0.5,raw_residual,1.0,1.0,0.4666666666666667,0.15415284746922006,0.15
101,0.15,0.2,0.5,visibility_only,0.5,0.3333333333333333,0.4666666666666667,0.15415284746922006,0.15
101,0.15,0.2,0.5,common_mode_only,0.5833333333333334,1.0,0.4666666666666667,0.015371332708503197,0.012455218265535422
101,0.15,0.2,0.5,combined,0.08333333333333333,0.3333333333333333,0.4666666666666667,0.015371332708503197,0.012455218265535422
101,0.15,0.4,0.0,raw_residual,1.0,1.0,1.0,0.15312614462599244,0.15
101,0.15,0.4,0.0,visibility_only,1.0,1.0,1.0,0.15312614462599244,0.15
101,0.15,0.4,0.0,common_mode_only,0.1111111111111111,1.0,1.0,0.018550018691869386,0.02429908437884076
101,0.15,0.4,0.0,combined,0.1111111111111111,1.0,1.0,0.018550018691869386,0.02429908437884076
101,0.15,0.4,0.5,raw_residual,1.0,1.0,0.4666666666666667,0.15415284746922006,0.15
101,0.15,0.4,0.5,visibility_only,0.5,0.4166666666666667,0.4666666666666667,0.15415284746922006,0.15
101,0.15,0.4,0.5,common_mode_only,0.6111111111111112,1.0,0.4666666666666667,0.019585398302447682,0.016826090427381746
101,0.15,0.4,0.5,combined,0.1111111111111111,0.4166666666666667,0.4666666666666667,0.019585398302447682,0.016826090427381746
101,0.15,0.6,0.0,raw_residual,1.0,1.0,1.0,0.15312614462599242,0.15
101,0.15,0.6,0.0,visibility_only,1.0,1.0,1.0,0.15312614462599242,0.15
101,0.15,0.6,0.0,common_mode_only,1.0,0.05555555555555555,1.0,0.9920516051107431,0.9835279302983957
101,0.15,0.6,0.0,combined,1.0,0.05555555555555555,1.0,0.9920516051107431,0.9835279302983957
101,0.15,0.6,0.5,raw_residual,1.0,1.0,0.4666666666666667,0.15415284746922,0.15
101,0.15,0.6,0.5,visibility_only,0.5,0.4444444444444444,0.4666666666666667,0.15415284746922,0.15
101,0.15,0.6,0.5,common_mode_only,1.0,0.5555555555555556,0.4666666666666667,0.9918888492094834,0.9785946766033985
101,0.15,0.6,0.5,combined,0.5,0.0,0.4666666666666667,0.9918888492094834,0.9785946766033985
101,0.15,0.8,0.0,raw_residual,1.0,1.0,1.0,0.15312614462599242,0.15
101,0.15,0.8,0.0,visibility_only,1.0,1.0,1.0,0.15312614462599242,0.15
101,0.15,0.8,0.0,common_mode_only,1.0,0.0,1.0,1.0014834975210887,0.9985554343112748
101,0.15,0.8,0.0,combined,1.0,0.0,1.0,1.0014834975210887,0.9985554343112748
101,0.15,0.8,0.5,raw_residual,1.0,1.0,0.4666666666666667,0.15415284746922,0.15
101,0.15,0.8,0.5,visibility_only,0.8333333333333334,0.375,0.4666666666666667,0.15415284746922,0.15
101,0.15,0.8,0.5,common_mode_only,1.0,0.625,0.4666666666666667,1.003489135369289,0.9988183990473779
101,0.15,0.8,0.5,combined,0.8333333333333334,0.0,0.4666666666666667,1.003489135369289,0.9988183990473779
101,0.3,0.2,0.0,raw_residual,1.0,1.0,1.0,0.3022341129157199,0.3
101,0.3,0.2,0.0,visibility_only,1.0,1.0,1.0,0.3022341129157199,0.3
101,0.3,0.2,0.0,common_mode_only,0.08333333333333333,1.0,1.0,0.010950480492616188,0.013498389514719749
101,0.3,0.2,0.0,combined,0.08333333333333333,1.0,1.0,0.010950480492616188,0.013498389514719749
101,0.3,0.2,0.5,raw_residual,1.0,1.0,0.4666666666666667,0.30296181585169746,0.3
101,0.3,0.2,0.5,visibility_only,0.5,0.3333333333333333,0.4666666666666667,0.30296181585169746,0.3
101,0.3,0.2,0.5,common_mode_only,0.5833333333333334,1.0,0.4666666666666667,0.015371332708503188,0.012455218265535448
101,0.3,0.2,0.5,combined,0.08333333333333333,0.3333333333333333,0.4666666666666667,0.015371332708503188,0.012455218265535448
101,0.3,0.4,0.0,raw_residual,1.0,1.0,1.0,0.3022341129157199,0.3
101,0.3,0.4,0.0,visibility_only,1.0,1.0,1.0,0.3022341129157199,0.3
101,0.3,0.4,0.0,common_mode_only,0.1111111111111111,1.0,1.0,0.018550018691869324,0.024299084378840707
101,0.3,0.4,0.0,combined,0.1111111111111111,1.0,1.0,0.018550018691869324,0.024299084378840707
101,0.3,0.4,0.5,raw_residual,1.0,1.0,0.4666666666666667,0.30296181585169746,0.3
101,0.3,0.4,0.5,visibility_only,0.5,0.4166666666666667,0.4666666666666667,0.30296181585169746,0.3
101,0.3,0.4,0.5,common_mode_only,0.6111111111111112,1.0,0.4666666666666667,0.019585398302447654,0.016826090427381746
101,0.3,0.4,0.5,combined,0.1111111111111111,0.4166666666666667,0.4666666666666667,0.019585398302447654,0.016826090427381746
101,0.3,0.6,0.0,raw_residual,1.0,1.0,1.0,0.3022341129157199,0.3
101,0.3,0.6,0.0,visibility_only,1.0,1.0,1.0,0.3022341129157199,0.3
101,0.3,0.6,0.0,common_mode_only,1.0,0.05555555555555555,1.0,0.9920516051107431,0.9835279302983958
101,0.3,0.6,0.0,combined,1.0,0.05555555555555555,1.0,0.9920516051107431,0.9835279302983958
101,0.3,0.6,0.5,raw_residual,1.0,1.0,0.4666666666666667,0.30296181585169746,0.3
101,0.3,0.6,0.5,visibility_only,0.5,0.4444444444444444,0.4666666666666667,0.30296181585169746,0.3
101,0.3,0.6,0.5,common_mode_only,1.0,0.5555555555555556,0.4666666666666667,0.9918888492094834,0.9785946766033984
101,0.3,0.6,0.5,combined,0.5,0.0,0.4666666666666667,0.9918888492094834,0.9785946766033984
101,0.3,0.8,0.0,raw_residual,1.0,1.0,1.0,0.3022341129157199,0.3
101,0.3,0.8,0.0,visibility_only,1.0,1.0,1.0,0.3022341129157199,0.3
101,0.3,0.8,0.0,common_mode_only,1.0,0.0,1.0,1.0014834975210887,0.9985554343112747
101,0.3,0.8,0.0,combined,1.0,0.0,1.0,1.0014834975210887,0.9985554343112747
101,0.3,0.8,0.5,raw_residual,1.0,1.0,0.4666666666666667,0.30296181585169746,0.3
101,0.3,0.8,0.5,visibility_only,0.8333333333333334,0.375,0.4666666666666667,0.30296181585169746,0.3
101,0.3,0.8,0.5,common_mode_only,1.0,0.625,0.4666666666666667,1.003489135369289,0.9988183990473778
101,0.3,0.8,0.5,combined,0.8333333333333334,0.0,0.4666666666666667,1.003489135369289,0.9988183990473778
101,0.6,0.2,0.0,raw_residual,1.0,1.0,1.0,0.6017941090818272,0.6
101,0.6,0.2,0.0,visibility_only,1.0,1.0,1.0,0.6017941090818272,0.6
101,0.6,0.2,0.0,common_mode_only,0.08333333333333333,1.0,1.0,0.01095048049261617,0.013498389514719749
101,0.6,0.2,0.0,combined,0.08333333333333333,1.0,1.0,0.01095048049261617,0.013498389514719749
101,0.6,0.2,0.5,raw_residual,1.0,1.0,0.4666666666666667,0.6023932689372306,0.6
101,0.6,0.2,0.5,visibility_only,0.5,0.3333333333333333,0.4666666666666667,0.6023932689372306,0.6
101,0.6,0.2,0.5,common_mode_only,0.5833333333333334,1.0,0.4666666666666667,0.015371332708503176,0.012455218265535398
101,0.6,0.2,0.5,combined,0.08333333333333333,0.3333333333333333,0.4666666666666667,0.015371332708503176,0.012455218265535398
101,0.6,0.4,0.0,raw_residual,1.0,1.0,1.0,0.6017941090818273,0.6
101,0.6,0.4,0.0,visibility_only,1.0,1.0,1.0,0.6017941090818273,0.6
101,0.6,0.4,0.0,common_mode_only,0.1111111111111111,1.0,1.0,0.018550018691869327,0.02429908437884076
101,0.6,0.4,0.0,combined,0.1111111111111111,1.0,1.0,0.018550018691869327,0.02429908437884076
101,0.6,0.4,0.5,raw_residual,1.0,1.0,0.4666666666666667,0.6023932689372306,0.6
101,0.6,0.4,0.5,visibility_only,0.5,0.4166666666666667,0.4666666666666667,0.6023932689372306,0.6
101,0.6,0.4,0.5,common_mode_only,0.6111111111111112,1.0,0.4666666666666667,0.019585398302447654,0.016826090427381746
101,0.6,0.4,0.5,combined,0.1111111111111111,0.4166666666666667,0.4666666666666667,0.019585398302447654,0.016826090427381746
101,0.6,0.6,0.0,raw_residual,1.0,1.0,1.0,0.6017941090818273,0.6
101,0.6,0.6,0.0,visibility_only,1.0,1.0,1.0,0.6017941090818273,0.6
101,0.6,0.6,0.0,common_mode_only,1.0,0.05555555555555555,1.0,0.9920516051107431,0.9835279302983959
101,0.6,0.6,0.0,combined,1.0,0.05555555555555555,1.0,0.9920516051107431,0.9835279302983959
101,0.6,0.6,0.5,raw_residual,1.0,1.0,0.4666666666666667,0.6023932689372306,0.6
101,0.6,0.6,0.5,visibility_only,0.5,0.4444444444444444,0.4666666666666667,0.6023932689372306,0.6
101,0.6,0.6,0.5,common_mode_only,1.0,0.5555555555555556,0.4666666666666667,0.9918888492094834,0.9785946766033987
101,0.6,0.6,0.5,combined,0.5,0.0,0.4666666666666667,0.9918888492094834,0.9785946766033987
101,0.6,0.8,0.0,raw_residual,1.0,1.0,1.0,0.6017941090818273,0.6
101,0.6,0.8,0.0,visibility_only,1.0,1.0,1.0,0.6017941090818273,0.6
101,0.6,0.8,0.0,common_mode_only,1.0,0.0,1.0,1.001483497521089,0.998555434311275
101,0.6,0.8,0.0,combined,1.0,0.0,1.0,1.001483497521089,0.998555434311275
101,0.6,0.8,0.5,raw_residual,1.0,1.0,0.4666666666666667,0.6023932689372306,0.6
101,0.6,0.8,0.5,visibility_only,0.8333333333333334,0.375,0.4666666666666667,0.6023932689372306,0.6
101,0.6,0.8,0.5,common_mode_only,1.0,0.625,0.4666666666666667,1.003489135369289,0.9988183990473781
101,0.6,0.8,0.5,combined,0.8333333333333334,0.0,0.4666666666666667,1.003489135369289,0.9988183990473781
102,0.0,0.2,0.0,raw_residual,0.0,1.0,1.0,0.005667930360095072,0.0
102,0.0,0.2,0.0,visibility_only,0.0,1.0,1.0,0.005667930360095072,0.0
102,0.0,0.2,0.0,common_mode_only,0.0,1.0,1.0,0.007297685136657555,0.008577556367148902
102,0.0,0.2,0.0,combined,0.0,1.0,1.0,0.007297685136657555,0.008577556367148902
102,0.0,0.2,0.5,raw_residual,0.5,1.0,0.4666666666666667,0.0038324552838799836,0.0
102,0.0,0.2,0.5,visibility_only,0.0,0.3333333333333333,0.4666666666666667,0.0038324552838799836,0.0
102,0.0,0.2,0.5,common_mode_only,0.5,1.0,0.4666666666666667,0.005073665795255152,0.009281557677737777
102,0.0,0.2,0.5,combined,0.0,0.3333333333333333,0.4666666666666667,0.005073665795255152,0.009281557677737777
102,0.0,0.4,0.0,raw_residual,0.0,1.0,1.0,0.010428918822143536,0.0
102,0.0,0.4,0.0,visibility_only,0.0,1.0,1.0,0.010428918822143536,0.0
102,0.0,0.4,0.0,common_mode_only,0.1111111111111111,1.0,1.0,0.018399472167616036,0.017992264369670084
102,0.0,0.4,0.0,combined,0.1111111111111111,1.0,1.0,0.018399472167616036,0.017992264369670084
102,0.0,0.4,0.5,raw_residual,0.5,1.0,0.4666666666666667,0.009330939865652506,0.0
102,0.0,0.4,0.5,visibility_only,0.0,0.4166666666666667,0.4666666666666667,0.009330939865652506,0.0
102,0.0,0.4,0.5,common_mode_only,0.5,1.0,0.4666666666666667,0.011306075861567792,0.015369192721206818
102,0.0,0.4,0.5,combined,0.0,0.4166666666666667,0.4666666666666667,0.011306075861567792,0.015369192721206818
102,0.0,0.6,0.0,raw_residual,0.0,1.0,1.0,0.01519463392637235,0.0
102,0.0,0.6,0.0,visibility_only,0.0,1.0,1.0,0.01519463392637235,0.0
102,0.0,0.6,0.0,common_mode_only,1.0,0.0,1.0,0.9864920175079124,0.9647793571787567
102,0.0,0.6,0.0,combined,1.0,0.0,1.0,0.9864920175079124,0.9647793571787567
102,0.0,0.6,0.5,raw_residual,0.4166666666666667,1.0,0.4666666666666667,0.014186867012525164,0.0
102,0.0,0.6,0.5,visibility_only,0.0,0.3888888888888889,0.4666666666666667,0.014186867012525164,0.0
102,0.0,0.6,0.5,common_mode_only,1.0,1.0,0.4666666666666667,0.49810800515305953,0.49182819473553807
102,0.0,0.6,0.5,combined,0.5833333333333334,0.3888888888888889,0.4666666666666667,0.49810800515305953,0.49182819473553807
102,0.0,0.8,0.0,raw_residual,0.0,1.0,1.0,0.02103782141312262,0.0
102,0.0,0.8,0.0,visibility_only,0.0,1.0,1.0,0.02103782141312262,0.0
102,0.0,0.8,0.0,common_mode_only,1.0,0.0,1.0,0.9937738998122112,0.9764252747467708
102,0.0,0.8,0.0,combined,1.0,0.0,1.0,0.9937738998122112,0.9764252747467708
102,0.0,0.8,0.5,raw_residual,0.5,1.0,0.4666666666666667,0.022101863640846823,0.0
102,0.0,0.8,0.5,visibility_only,0.0,0.4583333333333333,0.4666666666666667,0.022101863640846823,0.0
102,0.0,0.8,0.5,common_mode_only,1.0,0.5416666666666666,0.4666666666666667,0.9950910640149783,0.9782470669332569
102,0.0,0.8,0.5,combined,0.5,0.0,0.4666666666666667,0.9950910640149783,0.9782470669332569
102,0.15,0.2,0.0,raw_residual,1.0,1.0,1.0,0.1420642350234131,0.15
102,0.15,0.2,0.0,visibility_only,1.0,1.0,1.0,0.1420642350234131,0.15
102,0.15,0.2,0.0,common_mode_only,0.0,1.0,1.0,0.00729768513665757,0.008577556367148922
102,0.15,0.2,0.0,combined,0.0,1.0,1.0,0.00729768513665757,0.008577556367148922
102,0.15,0.2,0.5,raw_residual,1.0,1.0,0.4666666666666667,0.14483507754235708,0.15
102,0.15,0.2,0.5,visibility_only,0.5,0.3333333333333333,0.4666666666666667,0.14483507754235708,0.15
102,0.15,0.2,0.5,common_mode_only,0.5,1.0,0.4666666666666667,0.0050736657952551445,0.009281557677737794
102,0.15,0.2,0.5,combined,0.0,0.3333333333333333,0.4666666666666667,0.0050736657952551445,0.009281557677737794
102,0.15,0.4,0.0,raw_residual,1.0,1.0,1.0,0.1420642350234131,0.15
102,0.15,0.4,0.0,visibility_only,1.0,1.0,1.0,0.1420642350234131,0.15
102,0.15,0.4,0.0,common_mode_only,0.1111111111111111,1.0,1.0,0.018399472167616022,0.017992264369670077
102,0.15,0.4,0.0,combined,0.1111111111111111,1.0,1.0,0.018399472167616022,0.017992264369670077
102,0.15,0.4,0.5,raw_residual,1.0,1.0,0.4666666666666667,0.14483507754235708,0.15
102,0.15,0.4,0.5,visibility_only,0.5,0.4166666666666667,0.4666666666666667,0.14483507754235708,0.15
102,0.15,0.4,0.5,common_mode_only,0.5,1.0,0.4666666666666667,0.011306075861567807,0.01536919272120684
102,0.15,0.4,0.5,combined,0.0,0.4166666666666667,0.4666666666666667,0.011306075861567807,0.01536919272120684
102,0.15,0.6,0.0,raw_residual,1.0,1.0,1.0,0.1420642350234131,0.15
102,0.15,0.6,0.0,visibility_only,1.0,1.0,1.0,0.1420642350234131,0.15
102,0.15,0.6,0.0,common_mode_only,1.0,0.0,1.0,0.9864920175079124,0.9647793571787566
102,0.15,0.6,0.0,combined,1.0,0.0,1.0,0.9864920175079124,0.9647793571787566
102,0.15,0.6,0.5,raw_residual,1.0,1.0,0.4666666666666667,0.14483507754235708,0.15
102,0.15,0.6,0.5,visibility_only,0.5833333333333334,0.3888888888888889,0.4666666666666667,0.14483507754235708,0.15
102,0.15,0.6,0.5,common_mode_only,1.0,1.0,0.4666666666666667,0.4981080051530595,0.49182819473553796
102,0.15,0.6,0.5,combined,0.5833333333333334,0.3888888888888889,0.4666666666666667,0.4981080051530595,0.49182819473553796
102,0.15,0.8,0.0,raw_residual,1.0,1.0,1.0,0.14206423502341306,0.15
102,0.15,0.8,0.0,visibility_only,1.0,1.0,1.0,0.14206423502341306,0.15
102,0.15,0.8,0.0,common_mode_only,1.0,0.0,1.0,0.9937738998122112,0.9764252747467705
102,0.15,0.8,0.0,combined,1.0,0.0,1.0,0.9937738998122112,0.9764252747467705
102,0.15,0.8,0.5,raw_residual,1.0,1.0,0.4666666666666667,0.14483507754235708,0.15
102,0.15,0.8,0.5,visibility_only,0.5,0.4583333333333333,0.4666666666666667,0.14483507754235708,0.15
102,0.15,0.8,0.5,common_mode_only,1.0,0.5416666666666666,0.4666666666666667,0.9950910640149783,0.9782470669332568
102,0.15,0.8,0.5,combined,0.5,0.0,0.4666666666666667,0.9950910640149783,0.9782470669332568
102,0.3,0.2,0.0,raw_residual,1.0,1.0,1.0,0.2916996313633185,0.3
102,0.3,0.2,0.0,visibility_only,1.0,1.0,1.0,0.2916996313633185,0.3
102,0.3,0.2,0.0,common_mode_only,0.0,1.0,1.0,0.007297685136657547,0.008577556367148895
102,0.3,0.2,0.0,combined,0.0,1.0,1.0,0.007297685136657547,0.008577556367148895
102,0.3,0.2,0.5,raw_residual,1.0,1.0,0.4666666666666667,0.2944035564479473,0.3
102,0.3,0.2,0.5,visibility_only,0.5,0.3333333333333333,0.4666666666666667,0.2944035564479473,0.3
102,0.3,0.2,0.5,common_mode_only,0.5,1.0,0.4666666666666667,0.00507366579525513,0.009281557677737766
102,0.3,0.2,0.5,combined,0.0,0.3333333333333333,0.4666666666666667,0.00507366579525513,0.009281557677737766
102,0.3,0.4,0.0,raw_residual,1.0,1.0,1.0,0.2916996313633185,0.3
102,0.3,0.4,0.0,visibility_only,1.0,1.0,1.0,0.2916996313633185,0.3
102,0.3,0.4,0.0,common_mode_only,0.1111111111111111,1.0,1.0,0.018399472167615994,0.01799226436967005
102,0.3,0.4,0.0,combined,0.1111111111111111,1.0,1.0,0.018399472167615994,0.01799226436967005
102,0.3,0.4,0.5,raw_residual,1.0,1.0,0.4666666666666667,0.2944035564479473,0.3
102,0.3,0.4,0.5,visibility_only,0.5,0.4166666666666667,0.4666666666666667,0.2944035564479473,0.3
102,0.3,0.4,0.5,common_mode_only,0.5,1.0,0.4666666666666667,0.011306075861567776,0.01536919272120681
102,0.3,0.4,0.5,combined,0.0,0.4166666666666667,0.4666666666666667,0.011306075861567776,0.01536919272120681
102,0.3,0.6,0.0,raw_residual,1.0,1.0,1.0,0.2916996313633185,0.3
102,0.3,0.6,0.0,visibility_only,1.0,1.0,1.0,0.2916996313633185,0.3
102,0.3,0.6,0.0,common_mode_only,1.0,0.0,1.0,0.9864920175079124,0.9647793571787567
102,0.3,0.6,0.0,combined,1.0,0.0,1.0,0.9864920175079124,0.9647793571787567
102,0.3,0.6,0.5,raw_residual,1.0,1.0,0.4666666666666667,0.2944035564479473,0.3
102,0.3,0.6,0.5,visibility_only,0.5833333333333334,0.3888888888888889,0.4666666666666667,0.2944035564479473,0.3
102,0.3,0.6,0.5,common_mode_only,1.0,1.0,0.4666666666666667,0.4981080051530595,0.491828194735538
102,0.3,0.6,0.5,combined,0.5833333333333334,0.3888888888888889,0.4666666666666667,0.4981080051530595,0.491828194735538
102,0.3,0.8,0.0,raw_residual,1.0,1.0,1.0,0.2916996313633185,0.3
102,0.3,0.8,0.0,visibility_only,1.0,1.0,1.0,0.2916996313633185,0.3
102,0.3,0.8,0.0,common_mode_only,1.0,0.0,1.0,0.9937738998122112,0.9764252747467708
102,0.3,0.8,0.0,combined,1.0,0.0,1.0,0.9937738998122112,0.9764252747467708
102,0.3,0.8,0.5,raw_residual,1.0,1.0,0.4666666666666667,0.29440355644794736,0.3
102,0.3,0.8,0.5,visibility_only,0.5,0.4583333333333333,0.4666666666666667,0.29440355644794736,0.3
102,0.3,0.8,0.5,common_mode_only,1.0,0.5416666666666666,0.4666666666666667,0.9950910640149783,0.9782470669332569
102,0.3,0.8,0.5,combined,0.5,0.0,0.4666666666666667,0.9950910640149783,0.9782470669332569
102,0.6,0.2,0.0,raw_residual,1.0,1.0,1.0,0.5915231217461883,0.6
102,0.6,0.2,0.0,visibility_only,1.0,1.0,1.0,0.5915231217461883,0.6
102,0.6,0.2,0.0,common_mode_only,0.0,1.0,1.0,0.007297685136657527,0.008577556367148895
102,0.6,0.2,0.0,combined,0.0,1.0,1.0,0.007297685136657527,0.008577556367148895
102,0.6,0.2,0.5,raw_residual,1.0,1.0,0.4666666666666667,0.5941909958601069,0.6
102,0.6,0.2,0.5,visibility_only,0.5,0.3333333333333333,0.4666666666666667,0.5941909958601069,0.6
102,0.6,0.2,0.5,common_mode_only,0.5,1.0,0.4666666666666667,0.005073665795255115,0.00928155767773771
102,0.6,0.2,0.5,combined,0.0,0.3333333333333333,0.4666666666666667,0.005073665795255115,0.00928155767773771
102,0.6,0.4,0.0,raw_residual,1.0,1.0,1.0,0.5915231217461883,0.6
102,0.6,0.4,0.0,visibility_only,1.0,1.0,1.0,0.5915231217461883,0.6
102,0.6,0.4,0.0,common_mode_only,0.1111111111111111,1.0,1.0,0.018399472167615998,0.017992264369670104
102,0.6,0.4,0.0,combined,0.1111111111111111,1.0,1.0,0.018399472167615998,0.017992264369670104
102,0.6,0.4,0.5,raw_residual,1.0,1.0,0.4666666666666667,0.5941909958601069,0.6
102,0.6,0.4,0.5,visibility_only,0.5,0.4166666666666667,0.4666666666666667,0.5941909958601069,0.6
102,0.6,0.4,0.5,common_mode_only,0.5,1.0,0.4666666666666667,0.011306075861567776,0.01536919272120681
102,0.6,0.4,0.5,combined,0.0,0.4166666666666667,0.4666666666666667,0.011306075861567776,0.01536919272120681
102,0.6,0.6,0.0,raw_residual,1.0,1.0,1.0,0.5915231217461883,0.6
102,0.6,0.6,0.0,visibility_only,1.0,1.0,1.0,0.5915231217461883,0.6
102,0.6,0.6,0.0,common_mode_only,1.0,0.0,1.0,0.9864920175079125,0.9647793571787568
102,0.6,0.6,0.0,combined,1.0,0.0,1.0,0.9864920175079125,0.9647793571787568
102,0.6,0.6,0.5,raw_residual,1.0,1.0,0.4666666666666667,0.5941909958601069,0.6
102,0.6,0.6,0.5,visibility_only,0.5833333333333334,0.3888888888888889,0.4666666666666667,0.5941909958601069,0.6
102,0.6,0.6,0.5,common_mode_only,1.0,1.0,0.4666666666666667,0.49810800515305953,0.4918281947355382
102,0.6,0.6,0.5,combined,0.5833333333333334,0.3888888888888889,0.4666666666666667,0.49810800515305953,0.4918281947355382
102,0.6,0.8,0.0,raw_residual,1.0,1.0,1.0,0.5915231217461883,0.6
102,0.6,0.8,0.0,visibility_only,1.0,1.0,1.0,0.5915231217461883,0.6
102,0.6,0.8,0.0,common_mode_only,1.0,0.0,1.0,0.9937738998122112,0.9764252747467708
102,0.6,0.8,0.0,combined,1.0,0.0,1.0,0.9937738998122112,0.9764252747467708
102,0.6,0.8,0.5,raw_residual,1.0,1.0,0.4666666666666667,0.5941909958601069,0.6
102,0.6,0.8,0.5,visibility_only,0.5,0.4583333333333333,0.4666666666666667,0.5941909958601069,0.6
102,0.6,0.8,0.5,common_mode_only,1.0,0.5416666666666666,0.4666666666666667,0.9950910640149783,0.978247066933257
102,0.6,0.8,0.5,combined,0.5,0.0,0.4666666666666667,0.9950910640149783,0.978247066933257
103,0.0,0.2,0.0,raw_residual,0.0,1.0,1.0,0.004367514626895531,0.0
103,0.0,0.2,0.0,visibility_only,0.0,1.0,1.0,0.004367514626895531,0.0
103,0.0,0.2,0.0,common_mode_only,0.0,1.0,1.0,0.0047131581397735775,0.00573710081355116
103,0.0,0.2,0.0,combined,0.0,1.0,1.0,0.0047131581397735775,0.00573710081355116
103,0.0,0.2,0.5,raw_residual,0.625,1.0,0.36666666666666664,0.0031808237038825574,0.0
103,0.0,0.2,0.5,visibility_only,0.0,0.3333333333333333,0.36666666666666664,0.0031808237038825574,0.0
103,0.0,0.2,0.5,common_mode_only,0.625,1.0,0.36666666666666664,0.002880140415893733,0.008129941257956652
103,0.0,0.2,0.5,combined,0.0,0.3333333333333333,0.36666666666666664,0.002880140415893733,0.008129941257956652
103,0.0,0.4,0.0,raw_residual,0.0,1.0,1.0,0.01122774951819383,0.0
103,0.0,0.4,0.0,visibility_only,0.0,1.0,1.0,0.01122774951819383,0.0
103,0.0,0.4,0.0,common_mode_only,0.0,1.0,1.0,0.013873005578465788,0.021203474475142224
103,0.0,0.4,0.0,combined,0.0,1.0,1.0,0.013873005578465788,0.021203474475142224
103,0.0,0.4,0.5,raw_residual,0.5555555555555556,1.0,0.36666666666666664,0.005167844463642429,0.0
103,0.0,0.4,0.5,visibility_only,0.0,0.25,0.36666666666666664,0.005167844463642429,0.0
103,0.0,0.4,0.5,common_mode_only,0.5555555555555556,1.0,0.36666666666666664,0.004528704746866442,0.008129941257956652
103,0.0,0.4,0.5,combined,0.0,0.25,0.36666666666666664,0.004528704746866442,0.008129941257956652
103,0.0,0.6,0.0,raw_residual,0.0,1.0,1.0,0.01549938772600336,0.0
103,0.0,0.6,0.0,visibility_only,0.0,1.0,1.0,0.01549938772600336,0.0
103,0.0,0.6,0.0,common_mode_only,1.0,0.0,1.0,0.9925707326533384,0.9804963452200416
103,0.0,0.6,0.0,combined,1.0,0.0,1.0,0.9925707326533384,0.9804963452200416
103,0.0,0.6,0.5,raw_residual,0.5833333333333334,1.0,0.36666666666666664,0.01033661110627772,0.0
103,0.0,0.6,0.5,visibility_only,0.0,0.3333333333333333,0.36666666666666664,0.01033661110627772,0.0
103,0.0,0.6,0.5,common_mode_only,1.0,0.6666666666666666,0.36666666666666664,0.9874301319129352,0.9773905007873636
103,0.0,0.6,0.5,combined,0.4166666666666667,0.0,0.36666666666666664,0.9874301319129352,0.9773905007873636
103,0.0,0.8,0.0,raw_residual,0.0,1.0,1.0,0.020139005493285258,0.0
103,0.0,0.8,0.0,visibility_only,0.0,1.0,1.0,0.020139005493285258,0.0
103,0.0,0.8,0.0,common_mode_only,1.0,0.0,1.0,0.9988354133242251,0.9943365328518493
103,0.0,0.8,0.0,combined,1.0,0.0,1.0,0.9988354133242251,0.9943365328518493
103,0.0,0.8,0.5,raw_residual,0.5,1.0,0.36666666666666664,0.015567934487058626,0.0
103,0.0,0.8,0.5,visibility_only,0.0,0.3333333333333333,0.36666666666666664,0.015567934487058626,0.0
103,0.0,0.8,0.5,common_mode_only,1.0,0.6666666666666666,0.36666666666666664,0.9985154219307617,0.9986489339467746
103,0.0,0.8,0.5,combined,0.5,0.0,0.36666666666666664,0.9985154219307617,0.9986489339467746
103,0.15,0.2,0.0,raw_residual,1.0,1.0,1.0,0.15238883394587807,0.15
103,0.15,0.2,0.0,visibility_only,1.0,1.0,1.0,0.15238883394587807,0.15
103,0.15,0.2,0.0,common_mode_only,0.0,1.0,1.0,0.004713158139773589,0.005737100813551146
103,0.15,0.2,0.0,combined,0.0,1.0,1.0,0.004713158139773589,0.005737100813551146
103,0.15,0.2,0.5,raw_residual,1.0,1.0,0.36666666666666664,0.1544221166071915,0.15
103,0.15,0.2,0.5,visibility_only,0.375,0.3333333333333333,0.36666666666666664,0.1544221166071915,0.15
103,0.15,0.2,0.5,common_mode_only,0.625,1.0,0.36666666666666664,0.002880140415893734,0.008129941257956654
103,0.15,0.2,0.5,combined,0.0,0.3333333333333333,0.36666666666666664,0.002880140415893734,0.008129941257956654
103,0.15,0.4,0.0,raw_residual,1.0,1.0,1.0,0.15238883394587804,0.15
103,0.15,0.4,0.0,visibility_only,1.0,1.0,1.0,0.15238883394587804,0.15
103,0.15,0.4,0.0,common_mode_only,0.0,1.0,1.0,0.013873005578465814,0.02120347447514221
103,0.15,0.4,0.0,combined,0.0,1.0,1.0,0.013873005578465814,0.02120347447514221
103,0.15,0.4,0.5,raw_residual,1.0,1.0,0.36666666666666664,0.15442211660719146,0.15
103,0.15,0.4,0.5,visibility_only,0.4444444444444444,0.25,0.36666666666666664,0.15442211660719146,0.15
103,0.15,0.4,0.5,common_mode_only,0.5555555555555556,1.0,0.36666666666666664,0.004528704746866424,0.008129941257956654
103,0.15,0.4,0.5,combined,0.0,0.25,0.36666666666666664,0.004528704746866424,0.008129941257956654
103,0.15,0.6,0.0,raw_residual,1.0,1.0,1.0,0.15238883394587804,0.15
103,0.15,0.6,0.0,visibility_only,1.0,1.0,1.0,0.15238883394587804,0.15
103,0.15,0.6,0.0,common_mode_only,1.0,0.0,1.0,0.9925707326533384,0.9804963452200416
103,0.15,0.6,0.0,combined,1.0,0.0,1.0,0.9925707326533384,0.9804963452200416
103,0.15,0.6,0.5,raw_residual,1.0,1.0,0.36666666666666664,0.15442211660719143,0.15
103,0.15,0.6,0.5,visibility_only,0.4166666666666667,0.3333333333333333,0.36666666666666664,0.15442211660719143,0.15
103,0.15,0.6,0.5,common_mode_only,1.0,0.6666666666666666,0.36666666666666664,0.9874301319129352,0.9773905007873634
103,0.15,0.6,0.5,combined,0.4166666666666667,0.0,0.36666666666666664,0.9874301319129352,0.9773905007873634
103,0.15,0.8,0.0,raw_residual,1.0,1.0,1.0,0.15238883394587802,0.15
103,0.15,0.8,0.0,visibility_only,1.0,1.0,1.0,0.15238883394587802,0.15
103,0.15,0.8,0.0,common_mode_only,1.0,0.0,1.0,0.9988354133242251,0.9943365328518492
103,0.15,0.8,0.0,combined,1.0,0.0,1.0,0.9988354133242251,0.9943365328518492
103,0.15,0.8,0.5,raw_residual,1.0,1.0,0.36666666666666664,0.1544221166071914,0.15
103,0.15,0.8,0.5,visibility_only,0.5,0.3333333333333333,0.36666666666666664,0.1544221166071914,0.15
103,0.15,0.8,0.5,common_mode_only,1.0,0.6666666666666666,0.36666666666666664,0.9985154219307617,0.9986489339467745
103,0.15,0.8,0.5,combined,0.5,0.0,0.36666666666666664,0.9985154219307617,0.9986489339467745
103,0.3,0.2,0.0,raw_residual,1.0,1.0,1.0,0.3015796694043971,0.3
103,0.3,0.2,0.0,visibility_only,1.0,1.0,1.0,0.3015796694043971,0.3
103,0.3,0.2,0.0,common_mode_only,0.0,1.0,1.0,0.004713158139773583,0.005737100813551174
103,0.3,0.2,0.0,combined,0.0,1.0,1.0,0.004713158139773583,0.005737100813551174
103,0.3,0.2,0.5,raw_residual,1.0,1.0,0.36666666666666664,0.30365794113221944,0.3
103,0.3,0.2,0.5,visibility_only,0.375,0.3333333333333333,0.36666666666666664,0.30365794113221944,0.3
103,0.3,0.2,0.5,common_mode_only,0.625,1.0,0.36666666666666664,0.002880140415893733,0.008129941257956654
103,0.3,0.2,0.5,combined,0.0,0.3333333333333333,0.36666666666666664,0.002880140415893733,0.008129941257956654
103,0.3,0.4,0.0,raw_residual,1.0,1.0,1.0,0.3015796694043971,0.3
103,0.3,0.4,0.0,visibility_only,1.0,1.0,1.0,0.3015796694043971,0.3
103,0.3,0.4,0.0,common_mode_only,0.0,1.0,1.0,0.013873005578465785,0.021203474475142238
103,0.3,0.4,0.0,combined,0.0,1.0,1.0,0.013873005578465785,0.021203474475142238
103,0.3,0.4,0.5,raw_residual,1.0,1.0,0.36666666666666664,0.30365794113221944,0.3
103,0.3,0.4,0.5,visibility_only,0.4444444444444444,0.25,0.36666666666666664,0.30365794113221944,0.3
103,0.3,0.4,0.5,common_mode_only,0.5555555555555556,1.0,0.36666666666666664,0.004528704746866442,0.008129941257956654
103,0.3,0.4,0.5,combined,0.0,0.25,0.36666666666666664,0.004528704746866442,0.008129941257956654
103,0.3,0.6,0.0,raw_residual,1.0,1.0,1.0,0.3015796694043972,0.3
103,0.3,0.6,0.0,visibility_only,1.0,1.0,1.0,0.3015796694043972,0.3
103,0.3,0.6,0.0,common_mode_only,1.0,0.0,1.0,0.9925707326533383,0.9804963452200415
103,0.3,0.6,0.0,combined,1.0,0.0,1.0,0.9925707326533383,0.9804963452200415
103,0.3,0.6,0.5,raw_residual,1.0,1.0,0.36666666666666664,0.30365794113221944,0.3
103,0.3,0.6,0.5,visibility_only,0.4166666666666667,0.3333333333333333,0.36666666666666664,0.30365794113221944,0.3
103,0.3,0.6,0.5,common_mode_only,1.0,0.6666666666666666,0.36666666666666664,0.9874301319129352,0.9773905007873636
103,0.3,0.6,0.5,combined,0.4166666666666667,0.0,0.36666666666666664,0.9874301319129352,0.9773905007873636
103,0.3,0.8,0.0,raw_residual,1.0,1.0,1.0,0.3015796694043972,0.3
103,0.3,0.8,0.0,visibility_only,1.0,1.0,1.0,0.3015796694043972,0.3
103,0.3,0.8,0.0,common_mode_only,1.0,0.0,1.0,0.9988354133242253,0.9943365328518493
103,0.3,0.8,0.0,combined,1.0,0.0,1.0,0.9988354133242253,0.9943365328518493
103,0.3,0.8,0.5,raw_residual,1.0,1.0,0.36666666666666664,0.3036579411322195,0.3
103,0.3,0.8,0.5,visibility_only,0.5,0.3333333333333333,0.36666666666666664,0.3036579411322195,0.3
103,0.3,0.8,0.5,common_mode_only,1.0,0.6666666666666666,0.36666666666666664,0.9985154219307617,0.9986489339467746
103,0.3,0.8,0.5,combined,0.5,0.0,0.36666666666666664,0.9985154219307617,0.9986489339467746
103,0.6,0.2,0.0,raw_residual,1.0,1.0,1.0,0.6011732392499474,0.6
103,0.6,0.2,0.0,visibility_only,1.0,1.0,1.0,0.6011732392499474,0.6
103,0.6,0.2,0.0,common_mode_only,0.0,1.0,1.0,0.004713158139773569,0.005737100813551118
103,0.6,0.2,0.0,combined,0.0,1.0,1.0,0.004713158139773569,0.005737100813551118
103,0.6,0.2,0.5,raw_residual,1.0,1.0,0.36666666666666664,0.6032663715722889,0.6
103,0.6,0.2,0.5,visibility_only,0.375,0.3333333333333333,0.36666666666666664,0.6032663715722889,0.6
103,0.6,0.2,0.5,common_mode_only,0.625,1.0,0.36666666666666664,0.002880140415893723,0.008129941257956618
103,0.6,0.2,0.5,combined,0.0,0.3333333333333333,0.36666666666666664,0.002880140415893723,0.008129941257956618
103,0.6,0.4,0.0,raw_residual,1.0,1.0,1.0,0.6011732392499474,0.6
103,0.6,0.4,0.0,visibility_only,1.0,1.0,1.0,0.6011732392499474,0.6
103,0.6,0.4,0.0,common_mode_only,0.0,1.0,1.0,0.013873005578465785,0.021203474475142293
103,0.6,0.4,0.0,combined,0.0,1.0,1.0,0.013873005578465785,0.021203474475142293
103,0.6,0.4,0.5,raw_residual,1.0,1.0,0.36666666666666664,0.6032663715722889,0.6
103,0.6,0.4,0.5,visibility_only,0.4444444444444444,0.25,0.36666666666666664,0.6032663715722889,0.6
103,0.6,0.4,0.5,common_mode_only,0.5555555555555556,1.0,0.36666666666666664,0.0045287047468664495,0.008129941257956618
103,0.6,0.4,0.5,combined,0.0,0.25,0.36666666666666664,0.0045287047468664495,0.008129941257956618
103,0.6,0.6,0.0,raw_residual,1.0,1.0,1.0,0.6011732392499474,0.6
103,0.6,0.6,0.0,visibility_only,1.0,1.0,1.0,0.6011732392499474,0.6
103,0.6,0.6,0.0,common_mode_only,1.0,0.0,1.0,0.9925707326533384,0.9804963452200418
103,0.6,0.6,0.0,combined,1.0,0.0,1.0,0.9925707326533384,0.9804963452200418
103,0.6,0.6,0.5,raw_residual,1.0,1.0,0.36666666666666664,0.6032663715722889,0.6
103,0.6,0.6,0.5,visibility_only,0.4166666666666667,0.3333333333333333,0.36666666666666664,0.6032663715722889,0.6
103,0.6,0.6,0.5,common_mode_only,1.0,0.6666666666666666,0.36666666666666664,0.9874301319129352,0.9773905007873637
103,0.6,0.6,0.5,combined,0.4166666666666667,0.0,0.36666666666666664,0.9874301319129352,0.9773905007873637
103,0.6,0.8,0.0,raw_residual,1.0,1.0,1.0,0.6011732392499474,0.6
103,0.6,0.8,0.0,visibility_only,1.0,1.0,1.0,0.6011732392499474,0.6
103,0.6,0.8,0.0,common_mode_only,1.0,0.0,1.0,0.9988354133242253,0.9943365328518494
103,0.6,0.8,0.0,combined,1.0,0.0,1.0,0.9988354133242253,0.9943365328518494
103,0.6,0.8,0.5,raw_residual,1.0,1.0,0.36666666666666664,0.6032663715722889,0.6
103,0.6,0.8,0.5,visibility_only,0.5,0.3333333333333333,0.36666666666666664,0.6032663715722889,0.6
103,0.6,0.8,0.5,common_mode_only,1.0,0.6666666666666666,0.36666666666666664,0.9985154219307617,0.9986489339467747
103,0.6,0.8,0.5,combined,0.5,0.0,0.36666666666666664,0.9985154219307617,0.9986489339467747
104,0.0,0.2,0.0,raw_residual,0.0,1.0,1.0,0.003597595533661241,0.0
104,0.0,0.2,0.0,visibility_only,0.0,1.0,1.0,0.003597595533661241,0.0
104,0.0,0.2,0.0,common_mode_only,0.0,1.0,1.0,0.0031334702875939454,0.008026202541363691
104,0.0,0.2,0.0,combined,0.0,1.0,1.0,0.0031334702875939454,0.008026202541363691
104,0.0,0.2,0.5,raw_residual,0.4166666666666667,1.0,0.5,0.0004949551457260804,0.0
104,0.0,0.2,0.5,visibility_only,0.0,0.16666666666666666,0.5,0.0004949551457260804,0.0
104,0.0,0.2,0.5,common_mode_only,0.4166666666666667,1.0,0.5,0.0009037489327752954,0.014356549603365524
104,0.0,0.2,0.5,combined,0.0,0.16666666666666666,0.5,0.0009037489327752954,0.014356549603365524
104,0.0,0.4,0.0,raw_residual,0.0,1.0,1.0,0.009273859294384932,0.0
104,0.0,0.4,0.0,visibility_only,0.0,1.0,1.0,0.009273859294384932,0.0
104,0.0,0.4,0.0,common_mode_only,0.0,1.0,1.0,0.009469583633642292,0.012214776908242155
104,0.0,0.4,0.0,combined,0.0,1.0,1.0,0.009469583633642292,0.012214776908242155
104,0.0,0.4,0.5,raw_residual,0.5,1.0,0.5,0.011504529482040959,0.0
104,0.0,0.4,0.5,visibility_only,0.0,0.5,0.5,0.011504529482040959,0.0
104,0.0,0.4,0.5,common_mode_only,0.5,1.0,0.5,0.01024564862872855,0.015040085786632164
104,0.0,0.4,0.5,combined,0.0,0.5,0.5,0.01024564862872855,0.015040085786632164
104,0.0,0.6,0.0,raw_residual,0.0,1.0,1.0,0.013453996453829444,0.0
104,0.0,0.6,0.0,visibility_only,0.0,1.0,1.0,0.013453996453829444,0.0
104,0.0,0.6,0.0,common_mode_only,1.0,0.0,1.0,0.992174017952231,0.9788103267607547
104,0.0,0.6,0.0,combined,1.0,0.0,1.0,0.992174017952231,0.9788103267607547
104,0.0,0.6,0.5,raw_residual,0.3333333333333333,1.0,0.5,0.013802566143818003,0.0
104,0.0,0.6,0.5,visibility_only,0.0,0.3888888888888889,0.5,0.013802566143818003,0.0
104,0.0,0.6,0.5,common_mode_only,0.3333333333333333,1.0,0.5,0.014109117623168221,0.02165216840652351
104,0.0,0.6,0.5,combined,0.0,0.3888888888888889,0.5,0.014109117623168221,0.02165216840652351
104,0.0,0.8,0.0,raw_residual,0.0,1.0,1.0,0.019966801482588052,0.0
104,0.0,0.8,0.0,visibility_only,0.0,1.0,1.0,0.019966801482588052,0.0
104,0.0,0.8,0.0,common_mode_only,1.0,0.0,1.0,0.9987524523325051,0.9922769885519179
104,0.0,0.8,0.0,combined,1.0,0.0,1.0,0.9987524523325051,0.9922769885519179
104,0.0,0.8,0.5,raw_residual,0.5,1.0,0.5,0.023923245291520883,0.0
104,0.0,0.8,0.5,visibility_only,0.0,0.5,0.5,0.023923245291520883,0.0
104,0.0,0.8,0.5,common_mode_only,1.0,0.5,0.5,0.9990981164547302,0.9884300179066875
104,0.0,0.8,0.5,combined,0.5,0.0,0.5,0.9990981164547302,0.9884300179066875
104,0.15,0.2,0.0,raw_residual,1.0,1.0,1.0,0.14933941393725536,0.15
104,0.15,0.2,0.0,visibility_only,1.0,1.0,1.0,0.14933941393725536,0.15
104,0.15,0.2,0.0,common_mode_only,0.0,1.0,1.0,0.0031334702875939454,0.008026202541363683
104,0.15,0.2,0.0,combined,0.0,1.0,1.0,0.0031334702875939454,0.008026202541363683
104,0.15,0.2,0.5,raw_residual,1.0,1.0,0.5,0.14928164905832605,0.15
104,0.15,0.2,0.5,visibility_only,0.5833333333333334,0.16666666666666666,0.5,0.14928164905832605,0.15
104,0.15,0.2,0.5,common_mode_only,0.4166666666666667,1.0,0.5,0.0009037489327752869,0.014356549603365524
104,0.15,0.2,0.5,combined,0.0,0.16666666666666666,0.5,0.0009037489327752869,0.014356549603365524
104,0.15,0.4,0.0,raw_residual,1.0,1.0,1.0,0.14933941393725536,0.15
104,0.15,0.4,0.0,visibility_only,1.0,1.0,1.0,0.14933941393725536,0.15
104,0.15,0.4,0.0,common_mode_only,0.0,1.0,1.0,0.009469583633642316,0.012214776908242152
104,0.15,0.4,0.0,combined,0.0,1.0,1.0,0.009469583633642316,0.012214776908242152
104,0.15,0.4,0.5,raw_residual,1.0,1.0,0.5,0.14928164905832603,0.15
104,0.15,0.4,0.5,visibility_only,0.5,0.5,0.5,0.14928164905832603,0.15
104,0.15,0.4,0.5,common_mode_only,0.5,1.0,0.5,0.010245648628728562,0.015040085786632164
104,0.15,0.4,0.5,combined,0.0,0.5,0.5,0.010245648628728562,0.015040085786632164
104,0.15,0.6,0.0,raw_residual,1.0,1.0,1.0,0.14933941393725533,0.15
104,0.15,0.6,0.0,visibility_only,1.0,1.0,1.0,0.14933941393725533,0.15
104,0.15,0.6,0.0,common_mode_only,1.0,0.0,1.0,0.9921740179522309,0.9788103267607546
104,0.15,0.6,0.0,combined,1.0,0.0,1.0,0.9921740179522309,0.9788103267607546
104,0.15,0.6,0.5,raw_residual,1.0,1.0,0.5,0.14928164905832603,0.15
104,0.15,0.6,0.5,visibility_only,0.6666666666666666,0.3888888888888889,0.5,0.14928164905832603,0.15
104,0.15,0.6,0.5,common_mode_only,0.3333333333333333,1.0,0.5,0.014109117623168261,0.021652168406523512
104,0.15,0.6,0.5,combined,0.0,0.3888888888888889,0.5,0.014109117623168261,0.021652168406523512
104,0.15,0.8,0.0,raw_residual,1.0,1.0,1.0,0.1493394139372553,0.15
104,0.15,0.8,0.0,visibility_only,1.0,1.0,1.0,0.1493394139372553,0.15
104,0.15,0.8,0.0,common_mode_only,1.0,0.0,1.0,0.9987524523325051,0.9922769885519178
104,0.15,0.8,0.0,combined,1.0,0.0,1.0,0.9987524523325051,0.9922769885519178
104,0.15,0.8,0.5,raw_residual,1.0,1.0,0.5,0.149281649058326,0.15
104,0.15,0.8,0.5,visibility_only,0.5,0.5,0.5,0.149281649058326,0.15
104,0.15,0.8,0.5,common_mode_only,1.0,0.5,0.5,0.9990981164547302,0.9884300179066875
104,0.15,0.8,0.5,combined,0.5,0.0,0.5,0.9990981164547302,0.9884300179066875
104,0.3,0.2,0.0,raw_residual,1.0,1.0,1.0,0.29833370907055634,0.3
104,0.3,0.2,0.0,visibility_only,1.0,1.0,1.0,0.29833370907055634,0.3
104,0.3,0.2,0.0,common_mode_only,0.0,1.0,1.0,0.0031334702875939354,0.008026202541363667
104,0.3,0.2,0.0,combined,0.0,1.0,1.0,0.0031334702875939354,0.008026202541363667
104,0.3,0.2,0.5,raw_residual,1.0,1.0,0.5,0.29783649109119137,0.3
104,0.3,0.2,0.5,visibility_only,0.5833333333333334,0.16666666666666666,0.5,0.29783649109119137,0.3
104,0.3,0.2,0.5,common_mode_only,0.4166666666666667,1.0,0.5,0.0009037489327752954,0.014356549603365524
104,0.3,0.2,0.5,combined,0.0,0.16666666666666666,0.5,0.0009037489327752954,0.014356549603365524
104,0.3,0.4,0.0,raw_residual,1.0,1.0,1.0,0.29833370907055634,0.3
104,0.3,0.4,0.0,visibility_only,1.0,1.0,1.0,0.29833370907055634,0.3
104,0.3,0.4,0.0,common_mode_only,0.0,1.0,1.0,0.009469583633642264,0.01221477690824213
104,0.3,0.4,0.0,combined,0.0,1.0,1.0,0.009469583633642264,0.01221477690824213
104,0.3,0.4,0.5,raw_residual,1.0,1.0,0.5,0.29783649109119137,0.3
104,0.3,0.4,0.5,visibility_only,0.5,0.5,0.5,0.29783649109119137,0.3
104,0.3,0.4,0.5,common_mode_only,0.5,1.0,0.5,0.01024564862872855,0.015040085786632155
104,0.3,0.4,0.5,combined,0.0,0.5,0.5,0.01024564862872855,0.015040085786632155
104,0.3,0.6,0.0,raw_residual,1.0,1.0,1.0,0.29833370907055634,0.3
104,0.3,0.6,0.0,visibility_only,1.0,1.0,1.0,0.29833370907055634,0.3
104,0.3,0.6,0.0,common_mode_only,1.0,0.0,1.0,0.9921740179522309,0.9788103267607545
104,0.3,0.6,0.0,combined,1.0,0.0,1.0,0.9921740179522309,0.9788103267607545
104,0.3,0.6,0.5,raw_residual,1.0,1.0,0.5,0.29783649109119137,0.3
104,0.3,0.6,0.5,visibility_only,0.6666666666666666,0.3888888888888889,0.5,0.29783649109119137,0.3
104,0.3,0.6,0.5,common_mode_only,0.3333333333333333,1.0,0.5,0.014109117623168238,0.021652168406523512
104,0.3,0.6,0.5,combined,0.0,0.3888888888888889,0.5,0.014109117623168238,0.021652168406523512
104,0.3,0.8,0.0,raw_residual,1.0,1.0,1.0,0.29833370907055634,0.3
104,0.3,0.8,0.0,visibility_only,1.0,1.0,1.0,0.29833370907055634,0.3
104,0.3,0.8,0.0,common_mode_only,1.0,0.0,1.0,0.9987524523325051,0.9922769885519179
104,0.3,0.8,0.0,combined,1.0,0.0,1.0,0.9987524523325051,0.9922769885519179
104,0.3,0.8,0.5,raw_residual,1.0,1.0,0.5,0.29783649109119137,0.3
104,0.3,0.8,0.5,visibility_only,0.5,0.5,0.5,0.29783649109119137,0.3
104,0.3,0.8,0.5,common_mode_only,1.0,0.5,0.5,0.9990981164547302,0.9884300179066876
104,0.3,0.8,0.5,combined,0.5,0.0,0.5,0.9990981164547302,0.9884300179066876
104,0.6,0.2,0.0,raw_residual,1.0,1.0,1.0,0.5978391731725041,0.6
104,0.6,0.2,0.0,visibility_only,1.0,1.0,1.0,0.5978391731725041,0.6
104,0.6,0.2,0.0,common_mode_only,0.0,1.0,1.0,0.0031334702875939354,0.008026202541363698
104,0.6,0.2,0.0,combined,0.0,1.0,1.0,0.0031334702875939354,0.008026202541363698
104,0.6,0.2,0.5,raw_residual,1.0,1.0,0.5,0.5971292627080556,0.6
104,0.6,0.2,0.5,visibility_only,0.5833333333333334,0.16666666666666666,0.5,0.5971292627080556,0.6
104,0.6,0.2,0.5,common_mode_only,0.4166666666666667,1.0,0.5,0.0009037489327752954,0.01435654960336552
104,0.6,0.2,0.5,combined,0.0,0.16666666666666666,0.5,0.0009037489327752954,0.01435654960336552
104,0.6,0.4,0.0,raw_residual,1.0,1.0,1.0,0.5978391731725041,0.6
104,0.6,0.4,0.0,visibility_only,1.0,1.0,1.0,0.5978391731725041,0.6
104,0.6,0.4,0.0,common_mode_only,0.0,1.0,1.0,0.009469583633642264,0.012214776908242174
104,0.6,0.4,0.0,combined,0.0,1.0,1.0,0.009469583633642264,0.012214776908242174
104,0.6,0.4,0.5,raw_residual,1.0,1.0,0.5,0.5971292627080556,0.6
104,0.6,0.4,0.5,visibility_only,0.5,0.5,0.5,0.5971292627080556,0.6
104,0.6,0.4,0.5,common_mode_only,0.5,1.0,0.5,0.010245648628728538,0.015040085786632155
104,0.6,0.4,0.5,combined,0.0,0.5,0.5,0.010245648628728538,0.015040085786632155
104,0.6,0.6,0.0,raw_residual,1.0,1.0,1.0,0.5978391731725042,0.6
104,0.6,0.6,0.0,visibility_only,1.0,1.0,1.0,0.5978391731725042,0.6
104,0.6,0.6,0.0,common_mode_only,1.0,0.0,1.0,0.992174017952231,0.9788103267607549
104,0.6,0.6,0.0,combined,1.0,0.0,1.0,0.992174017952231,0.9788103267607549
104,0.6,0.6,0.5,raw_residual,1.0,1.0,0.5,0.5971292627080556,0.6
104,0.6,0.6,0.5,visibility_only,0.6666666666666666,0.3888888888888889,0.5,0.5971292627080556,0.6
104,0.6,0.6,0.5,common_mode_only,0.3333333333333333,1.0,0.5,0.014109117623168205,0.02165216840652347
104,0.6,0.6,0.5,combined,0.0,0.3888888888888889,0.5,0.014109117623168205,0.02165216840652347
104,0.6,0.8,0.0,raw_residual,1.0,1.0,1.0,0.5978391731725042,0.6
104,0.6,0.8,0.0,visibility_only,1.0,1.0,1.0,0.5978391731725042,0.6
104,0.6,0.8,0.0,common_mode_only,1.0,0.0,1.0,0.9987524523325051,0.992276988551918
104,0.6,0.8,0.0,combined,1.0,0.0,1.0,0.9987524523325051,0.992276988551918
104,0.6,0.8,0.5,raw_residual,1.0,1.0,0.5,0.5971292627080556,0.6
104,0.6,0.8,0.5,visibility_only,0.5,0.5,0.5,0.5971292627080556,0.6
104,0.6,0.8,0.5,common_mode_only,1.0,0.5,0.5,0.9990981164547302,0.9884300179066877
104,0.6,0.8,0.5,combined,0.5,0.0,0.5,0.9990981164547302,0.9884300179066877
105,0.0,0.2,0.0,raw_residual,0.0,1.0,1.0,0.004194436969842424,0.0
105,0.0,0.2,0.0,visibility_only,0.0,1.0,1.0,0.004194436969842424,0.0
105,0.0,0.2,0.0,common_mode_only,0.0,1.0,1.0,0.004343295970125747,0.004076000243075176
105,0.0,0.2,0.0,combined,0.0,1.0,1.0,0.004343295970125747,0.004076000243075176
105,0.0,0.2,0.5,raw_residual,0.4166666666666667,1.0,0.5666666666666667,0.0039251124792462145,0.0
105,0.0,0.2,0.5,visibility_only,0.0,0.5,0.5666666666666667,0.0039251124792462145,0.0
105,0.0,0.2,0.5,common_mode_only,0.4166666666666667,1.0,0.5666666666666667,0.003983538863942426,0.0004993434876994277
105,0.0,0.2,0.5,combined,0.0,0.5,0.5666666666666667,0.003983538863942426,0.0004993434876994277
105,0.0,0.4,0.0,raw_residual,0.0,1.0,1.0,0.01043094575934957,0.0
105,0.0,0.4,0.0,visibility_only,0.0,1.0,1.0,0.01043094575934957,0.0
105,0.0,0.4,0.0,common_mode_only,0.16666666666666666,1.0,1.0,0.02449158028492412,0.02954748573736258
105,0.0,0.4,0.0,combined,0.16666666666666666,1.0,1.0,0.02449158028492412,0.02954748573736258
105,0.0,0.4,0.5,raw_residual,0.3888888888888889,1.0,0.5666666666666667,0.009549773479499117,0.0
105,0.0,0.4,0.5,visibility_only,0.0,0.5,0.5666666666666667,0.009549773479499117,0.0
105,0.0,0.4,0.5,common_mode_only,0.4444444444444444,1.0,0.5666666666666667,0.018919553934626725,0.020845226367013955
105,0.0,0.4,0.5,combined,0.05555555555555555,0.5,0.5666666666666667,0.018919553934626725,0.020845226367013955
105,0.0,0.6,0.0,raw_residual,0.0,1.0,1.0,0.015198079807492005,0.0
105,0.0,0.6,0.0,visibility_only,0.0,1.0,1.0,0.015198079807492005,0.0
105,0.0,0.6,0.0,common_mode_only,1.0,0.1111111111111111,1.0,0.9870820735418881,0.9751003628551798
105,0.0,0.6,0.0,combined,1.0,0.1111111111111111,1.0,0.9870820735418881,0.9751003628551798
105,0.0,0.6,0.5,raw_residual,0.4166666666666667,1.0,0.5666666666666667,0.01624052607804099,0.0
105,0.0,0.6,0.5,visibility_only,0.0,0.5555555555555556,0.5666666666666667,0.01624052607804099,0.0
105,0.0,0.6,0.5,common_mode_only,1.0,0.5,0.5666666666666667,0.9854045141517682,0.9739115947684416
105,0.0,0.6,0.5,combined,0.5833333333333334,0.05555555555555555,0.5666666666666667,0.9854045141517682,0.9739115947684416
105,0.0,0.8,0.0,raw_residual,0.0,1.0,1.0,0.020167741249844263,0.0
105,0.0,0.8,0.0,visibility_only,0.0,1.0,1.0,0.020167741249844263,0.0
105,0.0,0.8,0.0,common_mode_only,1.0,0.0,1.0,1.0002851709203768,0.9929587537540057
105,0.0,0.8,0.0,combined,1.0,0.0,1.0,1.0002851709203768,0.9929587537540057
105,0.0,0.8,0.5,raw_residual,0.6666666666666666,1.0,0.5666666666666667,0.024423135239200762,0.0
105,0.0,0.8,0.5,visibility_only,0.0,0.625,0.5666666666666667,0.024423135239200762,0.0
105,0.0,0.8,0.5,common_mode_only,1.0,0.4583333333333333,0.5666666666666667,0.9931870866201765,0.9899919643813789
105,0.0,0.8,0.5,combined,0.3333333333333333,0.08333333333333333,0.5666666666666667,0.9931870866201765,0.9899919643813789
105,0.15,0.2,0.0,raw_residual,1.0,1.0,1.0,0.14891419962645294,0.15
105,0.15,0.2,0.0,visibility_only,1.0,1.0,1.0,0.14891419962645294,0.15
105,0.15,0.2,0.0,common_mode_only,0.0,1.0,1.0,0.004343295970125758,0.004076000243075184
105,0.15,0.2,0.0,combined,0.0,1.0,1.0,0.004343295970125758,0.004076000243075184
105,0.15,0.2,0.5,raw_residual,1.0,1.0,0.5666666666666667,0.14736773289376293,0.15
105,0.15,0.2,0.5,visibility_only,0.5833333333333334,0.5,0.5666666666666667,0.14736773289376293,0.15
105,0.15,0.2,0.5,common_mode_only,0.4166666666666667,1.0,0.5666666666666667,0.003983538863942431,0.000499343487699427
105,0.15,0.2,0.5,combined,0.0,0.5,0.5666666666666667,0.003983538863942431,0.000499343487699427
105,0.15,0.4,0.0,raw_residual,1.0,1.0,1.0,0.1489141996264529,0.15
105,0.15,0.4,0.0,visibility_only,1.0,1.0,1.0,0.1489141996264529,0.15
105,0.15,0.4,0.0,common_mode_only,0.16666666666666666,1.0,1.0,0.024491580284924166,0.02954748573736258
105,0.15,0.4,0.0,combined,0.16666666666666666,1.0,1.0,0.024491580284924166,0.02954748573736258
105,0.15,0.4,0.5,raw_residual,1.0,1.0,0.5666666666666667,0.14736773289376293,0.15
105,0.15,0.4,0.5,visibility_only,0.6111111111111112,0.5,0.5666666666666667,0.14736773289376293,0.15
105,0.15,0.4,0.5,common_mode_only,0.4444444444444444,1.0,0.5666666666666667,0.01891955393462676,0.02084522636701395
105,0.15,0.4,0.5,combined,0.05555555555555555,0.5,0.5666666666666667,0.01891955393462676,0.02084522636701395
105,0.15,0.6,0.0,raw_residual,1.0,1.0,1.0,0.14891419962645283,0.15
105,0.15,0.6,0.0,visibility_only,1.0,1.0,1.0,0.14891419962645283,0.15
105,0.15,0.6,0.0,common_mode_only,1.0,0.1111111111111111,1.0,0.987082073541888,0.9751003628551794
105,0.15,0.6,0.0,combined,1.0,0.1111111111111111,1.0,0.987082073541888,0.9751003628551794
105,0.15,0.6,0.5,raw_residual,1.0,1.0,0.5666666666666667,0.1473677328937629,0.15
105,0.15,0.6,0.5,visibility_only,0.5833333333333334,0.5555555555555556,0.5666666666666667,0.1473677328937629,0.15
105,0.15,0.6,0.5,common_mode_only,1.0,0.5,0.5666666666666667,0.9854045141517682,0.9739115947684415
105,0.15,0.6,0.5,combined,0.5833333333333334,0.05555555555555555,0.5666666666666667,0.9854045141517682,0.9739115947684415
105,0.15,0.8,0.0,raw_residual,1.0,1.0,1.0,0.14891419962645283,0.15
105,0.15,0.8,0.0,visibility_only,1.0,1.0,1.0,0.14891419962645283,0.15
105,0.15,0.8,0.0,common_mode_only,1.0,0.0,1.0,1.0002851709203768,0.9929587537540056
105,0.15,0.8,0.0,combined,1.0,0.0,1.0,1.0002851709203768,0.9929587537540056
105,0.15,0.8,0.5,raw_residual,1.0,1.0,0.5666666666666667,0.14736773289376287,0.15
105,0.15,0.8,0.5,visibility_only,0.3333333333333333,0.625,0.5666666666666667,0.14736773289376287,0.15
105,0.15,0.8,0.5,common_mode_only,1.0,0.4583333333333333,0.5666666666666667,0.9931870866201765,0.9899919643813788
105,0.15,0.8,0.5,combined,0.3333333333333333,0.08333333333333333,0.5666666666666667,0.9931870866201765,0.9899919643813788
105,0.3,0.2,0.0,raw_residual,1.0,1.0,1.0,0.29829496639113956,0.3
105,0.3,0.2,0.0,visibility_only,1.0,1.0,1.0,0.29829496639113956,0.3
105,0.3,0.2,0.0,common_mode_only,0.0,1.0,1.0,0.004343295970125747,0.004076000243075206
105,0.3,0.2,0.0,combined,0.0,1.0,1.0,0.004343295970125747,0.004076000243075206
105,0.3,0.2,0.5,raw_residual,1.0,1.0,0.5666666666666667,0.296831866193449,0.3
105,0.3,0.2,0.5,visibility_only,0.5833333333333334,0.5,0.5666666666666667,0.296831866193449,0.3
105,0.3,0.2,0.5,common_mode_only,0.4166666666666667,1.0,0.5666666666666667,0.003983538863942408,0.0004993434876994295
105,0.3,0.2,0.5,combined,0.0,0.5,0.5666666666666667,0.003983538863942408,0.0004993434876994295
105,0.3,0.4,0.0,raw_residual,1.0,1.0,1.0,0.29829496639113956,0.3
105,0.3,0.4,0.0,visibility_only,1.0,1.0,1.0,0.29829496639113956,0.3
105,0.3,0.4,0.0,common_mode_only,0.16666666666666666,1.0,1.0,0.024491580284924094,0.02954748573736258
105,0.3,0.4,0.0,combined,0.16666666666666666,1.0,1.0,0.024491580284924094,0.02954748573736258
105,0.3,0.4,0.5,raw_residual,1.0,1.0,0.5666666666666667,0.296831866193449,0.3
105,0.3,0.4,0.5,visibility_only,0.6111111111111112,0.5,0.5666666666666667,0.296831866193449,0.3
105,0.3,0.4,0.5,common_mode_only,0.4444444444444444,1.0,0.5666666666666667,0.018919553934626698,0.020845226367013976
105,0.3,0.4,0.5,combined,0.05555555555555555,0.5,0.5666666666666667,0.018919553934626698,0.020845226367013976
105,0.3,0.6,0.0,raw_residual,1.0,1.0,1.0,0.29829496639113956,0.3
105,0.3,0.6,0.0,visibility_only,1.0,1.0,1.0,0.29829496639113956,0.3
105,0.3,0.6,0.0,common_mode_only,1.0,0.1111111111111111,1.0,0.9870820735418881,0.9751003628551798
105,0.3,0.6,0.0,combined,1.0,0.1111111111111111,1.0,0.9870820735418881,0.9751003628551798
105,0.3,0.6,0.5,raw_residual,1.0,1.0,0.5666666666666667,0.296831866193449,0.3
105,0.3,0.6,0.5,visibility_only,0.5833333333333334,0.5555555555555556,0.5666666666666667,0.296831866193449,0.3
105,0.3,0.6,0.5,common_mode_only,1.0,0.5,0.5666666666666667,0.9854045141517682,0.9739115947684416
105,0.3,0.6,0.5,combined,0.5833333333333334,0.05555555555555555,0.5666666666666667,0.9854045141517682,0.9739115947684416
105,0.3,0.8,0.0,raw_residual,1.0,1.0,1.0,0.29829496639113956,0.3
105,0.3,0.8,0.0,visibility_only,1.0,1.0,1.0,0.29829496639113956,0.3
105,0.3,0.8,0.0,common_mode_only,1.0,0.0,1.0,1.0002851709203768,0.9929587537540057
105,0.3,0.8,0.0,combined,1.0,0.0,1.0,1.0002851709203768,0.9929587537540057
105,0.3,0.8,0.5,raw_residual,1.0,1.0,0.5666666666666667,0.29683186619344903,0.3
105,0.3,0.8,0.5,visibility_only,0.3333333333333333,0.625,0.5666666666666667,0.29683186619344903,0.3
105,0.3,0.8,0.5,common_mode_only,1.0,0.4583333333333333,0.5666666666666667,0.9931870866201765,0.9899919643813789
105,0.3,0.8,0.5,combined,0.3333333333333333,0.08333333333333333,0.5666666666666667,0.9931870866201765,0.9899919643813789
105,0.6,0.2,0.0,raw_residual,1.0,1.0,1.0,0.5979906303727902,0.6
105,0.6,0.2,0.0,visibility_only,1.0,1.0,1.0,0.5979906303727902,0.6
105,0.6,0.2,0.0,common_mode_only,0.0,1.0,1.0,0.004343295970125747,0.004076000243075252
105,0.6,0.2,0.0,combined,0.0,1.0,1.0,0.004343295970125747,0.004076000243075252
105,0.6,0.2,0.5,raw_residual,1.0,1.0,0.5666666666666667,0.5965750869967772,0.6
105,0.6,0.2,0.5,visibility_only,0.5833333333333334,0.5,0.5666666666666667,0.5965750869967772,0.6
105,0.6,0.2,0.5,common_mode_only,0.4166666666666667,1.0,0.5666666666666667,0.003983538863942408,0.0004993434876994295
105,0.6,0.2,0.5,combined,0.0,0.5,0.5666666666666667,0.003983538863942408,0.0004993434876994295
105,0.6,0.4,0.0,raw_residual,1.0,1.0,1.0,0.5979906303727902,0.6
105,0.6,0.4,0.0,visibility_only,1.0,1.0,1.0,0.5979906303727902,0.6
105,0.6,0.4,0.0,common_mode_only,0.16666666666666666,1.0,1.0,0.024491580284924094,0.02954748573736258
105,0.6,0.4,0.0,combined,0.16666666666666666,1.0,1.0,0.024491580284924094,0.02954748573736258
105,0.6,0.4,0.5,raw_residual,1.0,1.0,0.5666666666666667,0.5965750869967773,0.6
105,0.6,0.4,0.5,visibility_only,0.6111111111111112,0.5,0.5666666666666667,0.5965750869967773,0.6
105,0.6,0.4,0.5,common_mode_only,0.4444444444444444,1.0,0.5666666666666667,0.018919553934626698,0.020845226367013976
105,0.6,0.4,0.5,combined,0.05555555555555555,0.5,0.5666666666666667,0.018919553934626698,0.020845226367013976
105,0.6,0.6,0.0,raw_residual,1.0,1.0,1.0,0.5979906303727902,0.6
105,0.6,0.6,0.0,visibility_only,1.0,1.0,1.0,0.5979906303727902,0.6
105,0.6,0.6,0.0,common_mode_only,1.0,0.1111111111111111,1.0,0.9870820735418881,0.9751003628551796
105,0.6,0.6,0.0,combined,1.0,0.1111111111111111,1.0,0.9870820735418881,0.9751003628551796
105,0.6,0.6,0.5,raw_residual,1.0,1.0,0.5666666666666667,0.5965750869967773,0.6
105,0.6,0.6,0.5,visibility_only,0.5833333333333334,0.5555555555555556,0.5666666666666667,0.5965750869967773,0.6
105,0.6,0.6,0.5,common_mode_only,1.0,0.5,0.5666666666666667,0.9854045141517683,0.9739115947684417
105,0.6,0.6,0.5,combined,0.5833333333333334,0.05555555555555555,0.5666666666666667,0.9854045141517683,0.9739115947684417
105,0.6,0.8,0.0,raw_residual,1.0,1.0,1.0,0.5979906303727903,0.6
105,0.6,0.8,0.0,visibility_only,1.0,1.0,1.0,0.5979906303727903,0.6
105,0.6,0.8,0.0,common_mode_only,1.0,0.0,1.0,1.0002851709203768,0.9929587537540058
105,0.6,0.8,0.0,combined,1.0,0.0,1.0,1.0002851709203768,0.9929587537540058
105,0.6,0.8,0.5,raw_residual,1.0,1.0,0.5666666666666667,0.5965750869967774,0.6
105,0.6,0.8,0.5,visibility_only,0.3333333333333333,0.625,0.5666666666666667,0.5965750869967774,0.6
105,0.6,0.8,0.5,common_mode_only,1.0,0.4583333333333333,0.5666666666666667,0.9931870866201765,0.989991964381379
105,0.6,0.8,0.5,combined,0.3333333333333333,0.08333333333333333,0.5666666666666667,0.9931870866201765,0.989991964381379
106,0.0,0.2,0.0,raw_residual,0.0,1.0,1.0,0.008264742677148855,0.0
106,0.0,0.2,0.0,visibility_only,0.0,1.0,1.0,0.008264742677148855,0.0
106,0.0,0.2,0.0,common_mode_only,0.0,1.0,1.0,0.008386796515714619,0.007867044083217143
106,0.0,0.2,0.0,combined,0.0,1.0,1.0,0.008386796515714619,0.007867044083217143
106,0.0,0.2,0.5,raw_residual,0.5833333333333334,1.0,0.43333333333333335,0.011440663321260544,0.0
106,0.0,0.2,0.5,visibility_only,0.0,0.5,0.43333333333333335,0.011440663321260544,0.0
106,0.0,0.2,0.5,common_mode_only,0.5833333333333334,1.0,0.43333333333333335,0.012233989810133936,0.013872034047805973
106,0.0,0.2,0.5,combined,0.0,0.5,0.43333333333333335,0.012233989810133936,0.013872034047805973
106,0.0,0.4,0.0,raw_residual,0.0,1.0,1.0,0.012719080126626044,0.0
106,0.0,0.4,0.0,visibility_only,0.0,1.0,1.0,0.012719080126626044,0.0
106,0.0,0.4,0.0,common_mode_only,0.0,1.0,1.0,0.012426082011837803,0.01120728553716383
106,0.0,0.4,0.0,combined,0.0,1.0,1.0,0.012426082011837803,0.01120728553716383
106,0.0,0.4,0.5,raw_residual,0.5555555555555556,1.0,0.43333333333333335,0.014322671335846181,0.0
106,0.0,0.4,0.5,visibility_only,0.0,0.4166666666666667,0.43333333333333335,0.014322671335846181,0.0
106,0.0,0.4,0.5,common_mode_only,0.5555555555555556,1.0,0.43333333333333335,0.013149008327178259,0.014117808588568832
106,0.0,0.4,0.5,combined,0.0,0.4166666666666667,0.43333333333333335,0.013149008327178259,0.014117808588568832
106,0.0,0.6,0.0,raw_residual,0.0,1.0,1.0,0.01718657533828828,0.0
106,0.0,0.6,0.0,visibility_only,0.0,1.0,1.0,0.01718657533828828,0.0
106,0.0,0.6,0.0,common_mode_only,1.0,0.05555555555555555,1.0,0.9868492982815001,0.968393491400087
106,0.0,0.6,0.0,combined,1.0,0.05555555555555555,1.0,0.9868492982815001,0.968393491400087
106,0.0,0.6,0.5,raw_residual,0.5833333333333334,1.0,0.43333333333333335,0.020046551124359005,0.0
106,0.0,0.6,0.5,visibility_only,0.0,0.4444444444444444,0.43333333333333335,0.020046551124359005,0.0
106,0.0,0.6,0.5,common_mode_only,1.0,0.6111111111111112,0.43333333333333335,0.9840224055157433,0.9710512188769527
106,0.0,0.6,0.5,combined,0.4166666666666667,0.05555555555555555,0.43333333333333335,0.9840224055157433,0.9710512188769527
106,0.0,0.8,0.0,raw_residual,0.0,1.0,1.0,0.022306558875297363,0.0
106,0.0,0.8,0.0,visibility_only,0.0,1.0,1.0,0.022306558875297363,0.0
106,0.0,0.8,0.0,common_mode_only,1.0,0.041666666666666664,1.0,0.9959284084608254,0.9847140928531868
106,0.0,0.8,0.0,combined,1.0,0.041666666666666664,1.0,0.9959284084608254,0.9847140928531868
106,0.0,0.8,0.5,raw_residual,0.8333333333333334,1.0,0.43333333333333335,0.027224882253839233,0.0
106,0.0,0.8,0.5,visibility_only,0.0,0.5,0.43333333333333335,0.027224882253839233,0.0
106,0.0,0.8,0.5,common_mode_only,1.0,0.5416666666666666,0.43333333333333335,0.9956775421568336,0.9910765292544484
106,0.0,0.8,0.5,combined,0.16666666666666666,0.041666666666666664,0.43333333333333335,0.9956775421568336,0.9910765292544484
106,0.15,0.2,0.0,raw_residual,1.0,1.0,1.0,0.1461724438262403,0.15
106,0.15,0.2,0.0,visibility_only,1.0,1.0,1.0,0.1461724438262403,0.15
106,0.15,0.2,0.0,common_mode_only,0.0,1.0,1.0,0.008386796515714627,0.00786704408321715
106,0.15,0.2,0.0,combined,0.0,1.0,1.0,0.008386796515714627,0.00786704408321715
106,0.15,0.2,0.5,raw_residual,1.0,1.0,0.43333333333333335,0.14937768948413985,0.15
106,0.15,0.2,0.5,visibility_only,0.4166666666666667,0.5,0.43333333333333335,0.14937768948413985,0.15
106,0.15,0.2,0.5,common_mode_only,0.5833333333333334,1.0,0.43333333333333335,0.012233989810133943,0.013872034047805975
106,0.15,0.2,0.5,combined,0.0,0.5,0.43333333333333335,0.012233989810133943,0.013872034047805975
106,0.15,0.4,0.0,raw_residual,1.0,1.0,1.0,0.14617244382624028,0.15
106,0.15,0.4,0.0,visibility_only,1.0,1.0,1.0,0.14617244382624028,0.15
106,0.15,0.4,0.0,common_mode_only,0.0,1.0,1.0,0.012426082011837801,0.011207285537163833
106,0.15,0.4,0.0,combined,0.0,1.0,1.0,0.012426082011837801,0.011207285537163833
106,0.15,0.4,0.5,raw_residual,1.0,1.0,0.43333333333333335,0.14937768948413985,0.15
106,0.15,0.4,0.5,visibility_only,0.4444444444444444,0.4166666666666667,0.43333333333333335,0.14937768948413985,0.15
106,0.15,0.4,0.5,common_mode_only,0.5555555555555556,1.0,0.43333333333333335,0.013149008327178286,0.014117808588568825
106,0.15,0.4,0.5,combined,0.0,0.4166666666666667,0.43333333333333335,0.013149008327178286,0.014117808588568825
106,0.15,0.6,0.0,raw_residual,1.0,1.0,1.0,0.14617244382624028,0.15
106,0.15,0.6,0.0,visibility_only,1.0,1.0,1.0,0.14617244382624028,0.15
106,0.15,0.6,0.0,common_mode_only,1.0,0.05555555555555555,1.0,0.9868492982815001,0.968393491400087
106,0.15,0.6,0.0,combined,1.0,0.05555555555555555,1.0,0.9868492982815001,0.968393491400087
106,0.15,0.6,0.5,raw_residual,1.0,1.0,0.43333333333333335,0.14937768948413982,0.15
106,0.15,0.6,0.5,visibility_only,0.4166666666666667,0.4444444444444444,0.43333333333333335,0.14937768948413982,0.15
106,0.15,0.6,0.5,common_mode_only,1.0,0.6111111111111112,0.43333333333333335,0.9840224055157432,0.9710512188769526
106,0.15,0.6,0.5,combined,0.4166666666666667,0.05555555555555555,0.43333333333333335,0.9840224055157432,0.9710512188769526
106,0.15,0.8,0.0,raw_residual,1.0,1.0,1.0,0.14617244382624028,0.15
106,0.15,0.8,0.0,visibility_only,1.0,1.0,1.0,0.14617244382624028,0.15
106,0.15,0.8,0.0,common_mode_only,1.0,0.041666666666666664,1.0,0.9959284084608254,0.9847140928531867
106,0.15,0.8,0.0,combined,1.0,0.041666666666666664,1.0,0.9959284084608254,0.9847140928531867
106,0.15,0.8,0.5,raw_residual,1.0,1.0,0.43333333333333335,0.1493776894841398,0.15
106,0.15,0.8,0.5,visibility_only,0.16666666666666666,0.5,0.43333333333333335,0.1493776894841398,0.15
106,0.15,0.8,0.5,common_mode_only,1.0,0.5416666666666666,0.43333333333333335,0.9956775421568336,0.9910765292544482
106,0.15,0.8,0.5,combined,0.16666666666666666,0.041666666666666664,0.43333333333333335,0.9956775421568336,0.9910765292544482
106,0.3,0.2,0.0,raw_residual,1.0,1.0,1.0,0.29533334464508143,0.3
106,0.3,0.2,0.0,visibility_only,1.0,1.0,1.0,0.29533334464508143,0.3
106,0.3,0.2,0.0,common_mode_only,0.0,1.0,1.0,0.008386796515714612,0.007867044083217138
106,0.3,0.2,0.0,combined,0.0,1.0,1.0,0.008386796515714612,0.007867044083217138
106,0.3,0.2,0.5,raw_residual,1.0,1.0,0.43333333333333335,0.29835496320158206,0.3
106,0.3,0.2,0.5,visibility_only,0.4166666666666667,0.5,0.43333333333333335,0.29835496320158206,0.3
106,0.3,0.2,0.5,common_mode_only,0.5833333333333334,1.0,0.43333333333333335,0.012233989810133935,0.013872034047805952
106,0.3,0.2,0.5,combined,0.0,0.5,0.43333333333333335,0.012233989810133935,0.013872034047805952
106,0.3,0.4,0.0,raw_residual,1.0,1.0,1.0,0.29533334464508143,0.3
106,0.3,0.4,0.0,visibility_only,1.0,1.0,1.0,0.29533334464508143,0.3
106,0.3,0.4,0.0,common_mode_only,0.0,1.0,1.0,0.01242608201183779,0.011207285537163833
106,0.3,0.4,0.0,combined,0.0,1.0,1.0,0.01242608201183779,0.011207285537163833
106,0.3,0.4,0.5,raw_residual,1.0,1.0,0.43333333333333335,0.29835496320158206,0.3
106,0.3,0.4,0.5,visibility_only,0.4444444444444444,0.4166666666666667,0.43333333333333335,0.29835496320158206,0.3
106,0.3,0.4,0.5,common_mode_only,0.5555555555555556,1.0,0.43333333333333335,0.013149008327178266,0.014117808588568847
106,0.3,0.4,0.5,combined,0.0,0.4166666666666667,0.43333333333333335,0.013149008327178266,0.014117808588568847
106,0.3,0.6,0.0,raw_residual,1.0,1.0,1.0,0.2953333446450815,0.3
106,0.3,0.6,0.0,visibility_only,1.0,1.0,1.0,0.2953333446450815,0.3
106,0.3,0.6,0.0,common_mode_only,1.0,0.05555555555555555,1.0,0.9868492982815001,0.9683934914000869
106,0.3,0.6,0.0,combined,1.0,0.05555555555555555,1.0,0.9868492982815001,0.9683934914000869
106,0.3,0.6,0.5,raw_residual,1.0,1.0,0.43333333333333335,0.29835496320158206,0.3
106,0.3,0.6,0.5,visibility_only,0.4166666666666667,0.4444444444444444,0.43333333333333335,0.29835496320158206,0.3
106,0.3,0.6,0.5,common_mode_only,1.0,0.6111111111111112,0.43333333333333335,0.9840224055157433,0.9710512188769527
106,0.3,0.6,0.5,combined,0.4166666666666667,0.05555555555555555,0.43333333333333335,0.9840224055157433,0.9710512188769527
106,0.3,0.8,0.0,raw_residual,1.0,1.0,1.0,0.2953333446450815,0.3
106,0.3,0.8,0.0,visibility_only,1.0,1.0,1.0,0.2953333446450815,0.3
106,0.3,0.8,0.0,common_mode_only,1.0,0.041666666666666664,1.0,0.9959284084608254,0.9847140928531868
106,0.3,0.8,0.0,combined,1.0,0.041666666666666664,1.0,0.9959284084608254,0.9847140928531868
106,0.3,0.8,0.5,raw_residual,1.0,1.0,0.43333333333333335,0.29835496320158206,0.3
106,0.3,0.8,0.5,visibility_only,0.16666666666666666,0.5,0.43333333333333335,0.29835496320158206,0.3
106,0.3,0.8,0.5,common_mode_only,1.0,0.5416666666666666,0.43333333333333335,0.9956775421568336,0.9910765292544483
106,0.3,0.8,0.5,combined,0.16666666666666666,0.041666666666666664,0.43333333333333335,0.9956775421568336,0.9910765292544483
106,0.6,0.2,0.0,raw_residual,1.0,1.0,1.0,0.5949370766270607,0.6
106,0.6,0.2,0.0,visibility_only,1.0,1.0,1.0,0.5949370766270607,0.6
106,0.6,0.2,0.0,common_mode_only,0.0,1.0,1.0,0.008386796515714612,0.00786704408321716
106,0.6,0.2,0.0,combined,0.0,1.0,1.0,0.008386796515714612,0.00786704408321716
106,0.6,0.2,0.5,raw_residual,1.0,1.0,0.43333333333333335,0.5978646566502399,0.6
106,0.6,0.2,0.5,visibility_only,0.4166666666666667,0.5,0.43333333333333335,0.5978646566502399,0.6
106,0.6,0.2,0.5,common_mode_only,0.5833333333333334,1.0,0.43333333333333335,0.012233989810133935,0.013872034047805995
106,0.6,0.2,0.5,combined,0.0,0.5,0.43333333333333335,0.012233989810133935,0.013872034047805995
106,0.6,0.4,0.0,raw_residual,1.0,1.0,1.0,0.5949370766270609,0.6
106,0.6,0.4,0.0,visibility_only,1.0,1.0,1.0,0.5949370766270609,0.6
106,0.6,0.4,0.0,common_mode_only,0.0,1.0,1.0,0.01242608201183779,0.011207285537163833
106,0.6,0.4,0.0,combined,0.0,1.0,1.0,0.01242608201183779,0.011207285537163833
106,0.6,0.4,0.5,raw_residual,1.0,1.0,0.43333333333333335,0.5978646566502399,0.6
106,0.6,0.4,0.5,visibility_only,0.4444444444444444,0.4166666666666667,0.43333333333333335,0.5978646566502399,0.6
106,0.6,0.4,0.5,common_mode_only,0.5555555555555556,1.0,0.43333333333333335,0.013149008327178247,0.014117808588568802
106,0.6,0.4,0.5,combined,0.0,0.4166666666666667,0.43333333333333335,0.013149008327178247,0.014117808588568802
106,0.6,0.6,0.0,raw_residual,1.0,1.0,1.0,0.5949370766270609,0.6
106,0.6,0.6,0.0,visibility_only,1.0,1.0,1.0,0.5949370766270609,0.6
106,0.6,0.6,0.0,common_mode_only,1.0,0.05555555555555555,1.0,0.9868492982815001,0.9683934914000872
106,0.6,0.6,0.0,combined,1.0,0.05555555555555555,1.0,0.9868492982815001,0.9683934914000872
106,0.6,0.6,0.5,raw_residual,1.0,1.0,0.43333333333333335,0.5978646566502399,0.6
106,0.6,0.6,0.5,visibility_only,0.4166666666666667,0.4444444444444444,0.43333333333333335,0.5978646566502399,0.6
106,0.6,0.6,0.5,common_mode_only,1.0,0.6111111111111112,0.43333333333333335,0.9840224055157433,0.9710512188769528
106,0.6,0.6,0.5,combined,0.4166666666666667,0.05555555555555555,0.43333333333333335,0.9840224055157433,0.9710512188769528
106,0.6,0.8,0.0,raw_residual,1.0,1.0,1.0,0.5949370766270609,0.6
106,0.6,0.8,0.0,visibility_only,1.0,1.0,1.0,0.5949370766270609,0.6
106,0.6,0.8,0.0,common_mode_only,1.0,0.041666666666666664,1.0,0.9959284084608254,0.9847140928531869
106,0.6,0.8,0.0,combined,1.0,0.041666666666666664,1.0,0.9959284084608254,0.9847140928531869
106,0.6,0.8,0.5,raw_residual,1.0,1.0,0.43333333333333335,0.5978646566502399,0.6
106,0.6,0.8,0.5,visibility_only,0.16666666666666666,0.5,0.43333333333333335,0.5978646566502399,0.6
106,0.6,0.8,0.5,common_mode_only,1.0,0.5416666666666666,0.43333333333333335,0.9956775421568336,0.9910765292544484
106,0.6,0.8,0.5,combined,0.16666666666666666,0.041666666666666664,0.43333333333333335,0.9956775421568336,0.9910765292544484
107,0.0,0.2,0.0,raw_residual,0.0,1.0,1.0,0.005633293149618432,0.0
107,0.0,0.2,0.0,visibility_only,0.0,1.0,1.0,0.005633293149618432,0.0
107,0.0,0.2,0.0,common_mode_only,0.041666666666666664,1.0,1.0,0.00776729233106058,0.014408968863212043
107,0.0,0.2,0.0,combined,0.041666666666666664,1.0,1.0,0.00776729233106058,0.014408968863212043
107,0.0,0.2,0.5,raw_residual,0.6666666666666666,1.0,0.4,0.008811086424622043,0.0
107,0.0,0.2,0.5,visibility_only,0.0,0.6666666666666666,0.4,0.008811086424622043,0.0
107,0.0,0.2,0.5,common_mode_only,0.6666666666666666,1.0,0.4,0.00844520038073676,0.01567602089954914
107,0.0,0.2,0.5,combined,0.0,0.6666666666666666,0.4,0.00844520038073676,0.01567602089954914
107,0.0,0.4,0.0,raw_residual,0.0,1.0,1.0,0.012456567183821828,0.0
107,0.0,0.4,0.0,visibility_only,0.0,1.0,1.0,0.012456567183821828,0.0
107,0.0,0.4,0.0,common_mode_only,0.0,1.0,1.0,0.011903438701681058,0.016236587834224315
107,0.0,0.4,0.0,combined,0.0,1.0,1.0,0.011903438701681058,0.016236587834224315
107,0.0,0.4,0.5,raw_residual,0.5555555555555556,1.0,0.4,0.008811086424622043,0.0
107,0.0,0.4,0.5,visibility_only,0.0,0.3333333333333333,0.4,0.008811086424622043,0.0
107,0.0,0.4,0.5,common_mode_only,0.5555555555555556,1.0,0.4,0.00844520038073676,0.01567602089954914
107,0.0,0.4,0.5,combined,0.0,0.3333333333333333,0.4,0.00844520038073676,0.01567602089954914
107,0.0,0.6,0.0,raw_residual,0.0,1.0,1.0,0.0175017696219092,0.0
107,0.0,0.6,0.0,visibility_only,0.0,1.0,1.0,0.0175017696219092,0.0
107,0.0,0.6,0.0,common_mode_only,1.0,0.05555555555555555,1.0,0.9878040310817492,0.9776728857671373
107,0.0,0.6,0.0,combined,1.0,0.05555555555555555,1.0,0.9878040310817492,0.9776728857671373
107,0.0,0.6,0.5,raw_residual,0.6666666666666666,1.0,0.4,0.016707024406388306,0.0
107,0.0,0.6,0.5,visibility_only,0.0,0.4444444444444444,0.4,0.016707024406388306,0.0
107,0.0,0.6,0.5,common_mode_only,1.0,0.5555555555555556,0.4,0.986301305336564,0.9762114136169622
107,0.0,0.6,0.5,combined,0.3333333333333333,0.0,0.4,0.986301305336564,0.9762114136169622
107,0.0,0.8,0.0,raw_residual,0.0,1.0,1.0,0.021489673721907517,0.0
107,0.0,0.8,0.0,visibility_only,0.0,1.0,1.0,0.021489673721907517,0.0
107,0.0,0.8,0.0,common_mode_only,1.0,0.0,1.0,0.9952807240194542,0.9899111684332619
107,0.0,0.8,0.0,combined,1.0,0.0,1.0,0.9952807240194542,0.9899111684332619
107,0.0,0.8,0.5,raw_residual,0.5,1.0,0.4,0.01869017925232615,0.0
107,0.0,0.8,0.5,visibility_only,0.0,0.375,0.4,0.01869017925232615,0.0
107,0.0,0.8,0.5,common_mode_only,1.0,0.625,0.4,0.9907969092557046,0.9810516314714056
107,0.0,0.8,0.5,combined,0.5,0.0,0.4,0.9907969092557046,0.9810516314714056
107,0.15,0.2,0.0,raw_residual,1.0,1.0,1.0,0.1518295227583594,0.15
107,0.15,0.2,0.0,visibility_only,1.0,1.0,1.0,0.1518295227583594,0.15
107,0.15,0.2,0.0,common_mode_only,0.041666666666666664,1.0,1.0,0.007767292331060599,0.014408968863212041
107,0.15,0.2,0.0,combined,0.041666666666666664,1.0,1.0,0.007767292331060599,0.014408968863212041
107,0.15,0.2,0.5,raw_residual,1.0,1.0,0.4,0.1508305543061538,0.15
107,0.15,0.2,0.5,visibility_only,0.3333333333333333,0.6666666666666666,0.4,0.1508305543061538,0.15
107,0.15,0.2,0.5,common_mode_only,0.6666666666666666,1.0,0.4,0.008445200380736788,0.015676020899549135
107,0.15,0.2,0.5,combined,0.0,0.6666666666666666,0.4,0.008445200380736788,0.015676020899549135
107,0.15,0.4,0.0,raw_residual,1.0,1.0,1.0,0.1518295227583594,0.15
107,0.15,0.4,0.0,visibility_only,1.0,1.0,1.0,0.1518295227583594,0.15
107,0.15,0.4,0.0,common_mode_only,0.0,1.0,1.0,0.011903438701681084,0.01623658783422431
107,0.15,0.4,0.0,combined,0.0,1.0,1.0,0.011903438701681084,0.01623658783422431
107,0.15,0.4,0.5,raw_residual,1.0,1.0,0.4,0.1508305543061538,0.15
107,0.15,0.4,0.5,visibility_only,0.4444444444444444,0.3333333333333333,0.4,0.1508305543061538,0.15
107,0.15,0.4,0.5,common_mode_only,0.5555555555555556,1.0,0.4,0.008445200380736788,0.015676020899549135
107,0.15,0.4,0.5,combined,0.0,0.3333333333333333,0.4,0.008445200380736788,0.015676020899549135
107,0.15,0.6,0.0,raw_residual,1.0,1.0,1.0,0.15182952275835937,0.15
107,0.15,0.6,0.0,visibility_only,1.0,1.0,1.0,0.15182952275835937,0.15
107,0.15,0.6,0.0,common_mode_only,1.0,0.05555555555555555,1.0,0.9878040310817492,0.9776728857671372
107,0.15,0.6,0.0,combined,1.0,0.05555555555555555,1.0,0.9878040310817492,0.9776728857671372
107,0.15,0.6,0.5,raw_residual,1.0,1.0,0.4,0.15083055430615375,0.15
107,0.15,0.6,0.5,visibility_only,0.3333333333333333,0.4444444444444444,0.4,0.15083055430615375,0.15
107,0.15,0.6,0.5,common_mode_only,1.0,0.5555555555555556,0.4,0.986301305336564,0.9762114136169621
107,0.15,0.6,0.5,combined,0.3333333333333333,0.0,0.4,0.986301305336564,0.9762114136169621
107,0.15,0.8,0.0,raw_residual,1.0,1.0,1.0,0.15182952275835937,0.15
107,0.15,0.8,0.0,visibility_only,1.0,1.0,1.0,0.15182952275835937,0.15
107,0.15,0.8,0.0,common_mode_only,1.0,0.0,1.0,0.9952807240194542,0.9899111684332618
107,0.15,0.8,0.0,combined,1.0,0.0,1.0,0.9952807240194542,0.9899111684332618
107,0.15,0.8,0.5,raw_residual,1.0,1.0,0.4,0.15083055430615375,0.15
107,0.15,0.8,0.5,visibility_only,0.5,0.375,0.4,0.15083055430615375,0.15
107,0.15,0.8,0.5,common_mode_only,1.0,0.625,0.4,0.9907969092557046,0.9810516314714055
107,0.15,0.8,0.5,combined,0.5,0.0,0.4,0.9907969092557046,0.9810516314714055
107,0.3,0.2,0.0,raw_residual,1.0,1.0,1.0,0.30094744357205605,0.3
107,0.3,0.2,0.0,visibility_only,1.0,1.0,1.0,0.30094744357205605,0.3
107,0.3,0.2,0.0,common_mode_only,0.041666666666666664,1.0,1.0,0.007767292331060593,0.014408968863212065
107,0.3,0.2,0.0,combined,0.041666666666666664,1.0,1.0,0.007767292331060593,0.014408968863212065
107,0.3,0.2,0.5,raw_residual,1.0,1.0,0.4,0.30031725218334226,0.3
107,0.3,0.2,0.5,visibility_only,0.3333333333333333,0.6666666666666666,0.4,0.30031725218334226,0.3
107,0.3,0.2,0.5,common_mode_only,0.6666666666666666,1.0,0.4,0.008445200380736782,0.015676020899549163
107,0.3,0.2,0.5,combined,0.0,0.6666666666666666,0.4,0.008445200380736782,0.015676020899549163
107,0.3,0.4,0.0,raw_residual,1.0,1.0,1.0,0.30094744357205605,0.3
107,0.3,0.4,0.0,visibility_only,1.0,1.0,1.0,0.30094744357205605,0.3
107,0.3,0.4,0.0,common_mode_only,0.0,1.0,1.0,0.011903438701681082,0.016236587834224336
107,0.3,0.4,0.0,combined,0.0,1.0,1.0,0.011903438701681082,0.016236587834224336
107,0.3,0.4,0.5,raw_residual,1.0,1.0,0.4,0.30031725218334226,0.3
107,0.3,0.4,0.5,visibility_only,0.4444444444444444,0.3333333333333333,0.4,0.30031725218334226,0.3
107,0.3,0.4,0.5,common_mode_only,0.5555555555555556,1.0,0.4,0.008445200380736782,0.015676020899549163
107,0.3,0.4,0.5,combined,0.0,0.3333333333333333,0.4,0.008445200380736782,0.015676020899549163
107,0.3,0.6,0.0,raw_residual,1.0,1.0,1.0,0.30094744357205605,0.3
107,0.3,0.6,0.0,visibility_only,1.0,1.0,1.0,0.30094744357205605,0.3
107,0.3,0.6,0.0,common_mode_only,1.0,0.05555555555555555,1.0,0.9878040310817492,0.9776728857671373
107,0.3,0.6,0.0,combined,1.0,0.05555555555555555,1.0,0.9878040310817492,0.9776728857671373
107,0.3,0.6,0.5,raw_residual,1.0,1.0,0.4,0.30031725218334226,0.3
107,0.3,0.6,0.5,visibility_only,0.3333333333333333,0.4444444444444444,0.4,0.30031725218334226,0.3
107,0.3,0.6,0.5,common_mode_only,1.0,0.5555555555555556,0.4,0.986301305336564,0.9762114136169622
107,0.3,0.6,0.5,combined,0.3333333333333333,0.0,0.4,0.986301305336564,0.9762114136169622
107,0.3,0.8,0.0,raw_residual,1.0,1.0,1.0,0.30094744357205605,0.3
107,0.3,0.8,0.0,visibility_only,1.0,1.0,1.0,0.30094744357205605,0.3
107,0.3,0.8,0.0,common_mode_only,1.0,0.0,1.0,0.9952807240194542,0.9899111684332619
107,0.3,0.8,0.0,combined,1.0,0.0,1.0,0.9952807240194542,0.9899111684332619
107,0.3,0.8,0.5,raw_residual,1.0,1.0,0.4,0.3003172521833423,0.3
107,0.3,0.8,0.5,visibility_only,0.5,0.375,0.4,0.3003172521833423,0.3
107,0.3,0.8,0.5,common_mode_only,1.0,0.625,0.4,0.9907969092557046,0.9810516314714056
107,0.3,0.8,0.5,combined,0.5,0.0,0.4,0.9907969092557046,0.9810516314714056
107,0.6,0.2,0.0,raw_residual,1.0,1.0,1.0,0.6005031695678443,0.6
107,0.6,0.2,0.0,visibility_only,1.0,1.0,1.0,0.6005031695678443,0.6
107,0.6,0.2,0.0,common_mode_only,0.041666666666666664,1.0,1.0,0.007767292331060579,0.014408968863212015
107,0.6,0.2,0.0,combined,0.041666666666666664,1.0,1.0,0.007767292331060579,0.014408968863212015
107,0.6,0.2,0.5,raw_residual,1.0,1.0,0.4,0.6000608756230884,0.6
107,0.6,0.2,0.5,visibility_only,0.3333333333333333,0.6666666666666666,0.4,0.6000608756230884,0.6
107,0.6,0.2,0.5,common_mode_only,0.6666666666666666,1.0,0.4,0.008445200380736761,0.015676020899549108
107,0.6,0.2,0.5,combined,0.0,0.6666666666666666,0.4,0.008445200380736761,0.015676020899549108
107,0.6,0.4,0.0,raw_residual,1.0,1.0,1.0,0.6005031695678444,0.6
107,0.6,0.4,0.0,visibility_only,1.0,1.0,1.0,0.6005031695678444,0.6
107,0.6,0.4,0.0,common_mode_only,0.0,1.0,1.0,0.011903438701681065,0.016236587834224284
107,0.6,0.4,0.0,combined,0.0,1.0,1.0,0.011903438701681065,0.016236587834224284
107,0.6,0.4,0.5,raw_residual,1.0,1.0,0.4,0.6000608756230884,0.6
107,0.6,0.4,0.5,visibility_only,0.4444444444444444,0.3333333333333333,0.4,0.6000608756230884,0.6
107,0.6,0.4,0.5,common_mode_only,0.5555555555555556,1.0,0.4,0.008445200380736761,0.015676020899549108
107,0.6,0.4,0.5,combined,0.0,0.3333333333333333,0.4,0.008445200380736761,0.015676020899549108
107,0.6,0.6,0.0,raw_residual,1.0,1.0,1.0,0.6005031695678444,0.6
107,0.6,0.6,0.0,visibility_only,1.0,1.0,1.0,0.6005031695678444,0.6
107,0.6,0.6,0.0,common_mode_only,1.0,0.05555555555555555,1.0,0.9878040310817492,0.9776728857671374
107,0.6,0.6,0.0,combined,1.0,0.05555555555555555,1.0,0.9878040310817492,0.9776728857671374
107,0.6,0.6,0.5,raw_residual,1.0,1.0,0.4,0.6000608756230884,0.6
107,0.6,0.6,0.5,visibility_only,0.3333333333333333,0.4444444444444444,0.4,0.6000608756230884,0.6
107,0.6,0.6,0.5,common_mode_only,1.0,0.5555555555555556,0.4,0.986301305336564,0.9762114136169623
107,0.6,0.6,0.5,combined,0.3333333333333333,0.0,0.4,0.986301305336564,0.9762114136169623
107,0.6,0.8,0.0,raw_residual,1.0,1.0,1.0,0.6005031695678444,0.6
107,0.6,0.8,0.0,visibility_only,1.0,1.0,1.0,0.6005031695678444,0.6
107,0.6,0.8,0.0,common_mode_only,1.0,0.0,1.0,0.9952807240194542,0.989911168433262
107,0.6,0.8,0.0,combined,1.0,0.0,1.0,0.9952807240194542,0.989911168433262
107,0.6,0.8,0.5,raw_residual,1.0,1.0,0.4,0.6000608756230884,0.6
107,0.6,0.8,0.5,visibility_only,0.5,0.375,0.4,0.6000608756230884,0.6
107,0.6,0.8,0.5,common_mode_only,1.0,0.625,0.4,0.9907969092557046,0.9810516314714057
107,0.6,0.8,0.5,combined,0.5,0.0,0.4,0.9907969092557046,0.9810516314714057
108,0.0,0.2,0.0,raw_residual,0.0,1.0,1.0,0.004589330166912663,0.0
108,0.0,0.2,0.0,visibility_only,0.0,1.0,1.0,0.004589330166912663,0.0
108,0.0,0.2,0.0,common_mode_only,0.08333333333333333,1.0,1.0,0.009556950662308512,0.009784640271939432
108,0.0,0.2,0.0,combined,0.08333333333333333,1.0,1.0,0.009556950662308512,0.009784640271939432
108,0.0,0.2,0.5,raw_residual,0.5416666666666666,1.0,0.4666666666666667,0.0036445206578154766,0.0
108,0.0,0.2,0.5,visibility_only,0.0,0.5,0.4666666666666667,0.0036445206578154766,0.0
108,0.0,0.2,0.5,common_mode_only,0.5416666666666666,1.0,0.4666666666666667,0.004934219822206294,0.012394646129409905
108,0.0,0.2,0.5,combined,0.0,0.5,0.4666666666666667,0.004934219822206294,0.012394646129409905
108,0.0,0.4,0.0,raw_residual,0.0,1.0,1.0,0.009049392875288524,0.0
108,0.0,0.4,0.0,visibility_only,0.0,1.0,1.0,0.009049392875288524,0.0
108,0.0,0.4,0.0,common_mode_only,0.1111111111111111,1.0,1.0,0.017565633062119005,0.020715123631264324
108,0.0,0.4,0.0,combined,0.1111111111111111,1.0,1.0,0.017565633062119005,0.020715123631264324
108,0.0,0.4,0.5,raw_residual,0.5,1.0,0.4666666666666667,0.004484098511044418,0.0
108,0.0,0.4,0.5,visibility_only,0.0,0.4166666666666667,0.4666666666666667,0.004484098511044418,0.0
108,0.0,0.4,0.5,common_mode_only,0.5,1.0,0.4666666666666667,0.010117119115320759,0.023546047539480995
108,0.0,0.4,0.5,combined,0.0,0.4166666666666667,0.4666666666666667,0.010117119115320759,0.023546047539480995
108,0.0,0.6,0.0,raw_residual,0.0,1.0,1.0,0.01577718650565938,0.0
108,0.0,0.6,0.0,visibility_only,0.0,1.0,1.0,0.01577718650565938,0.0
108,0.0,0.6,0.0,common_mode_only,1.0,0.0,1.0,0.9873864037904558,0.9721082938063933
108,0.0,0.6,0.0,combined,1.0,0.0,1.0,0.9873864037904558,0.9721082938063933
108,0.0,0.6,0.5,raw_residual,0.5,1.0,0.4666666666666667,0.010642836674023663,0.0
108,0.0,0.6,0.5,visibility_only,0.0,0.4444444444444444,0.4666666666666667,0.010642836674023663,0.0
108,0.0,0.6,0.5,common_mode_only,1.0,0.5555555555555556,0.4666666666666667,0.9799737966250586,0.972468387013406
108,0.0,0.6,0.5,combined,0.5,0.0,0.4666666666666667,0.9799737966250586,0.972468387013406
108,0.0,0.8,0.0,raw_residual,0.0,1.0,1.0,0.021726238931455318,0.0
108,0.0,0.8,0.0,visibility_only,0.0,1.0,1.0,0.021726238931455318,0.0
108,0.0,0.8,0.0,common_mode_only,1.0,0.041666666666666664,1.0,0.9943284886763089,0.9817099057218498
108,0.0,0.8,0.0,combined,1.0,0.041666666666666664,1.0,0.9943284886763089,0.9817099057218498
108,0.0,0.8,0.5,raw_residual,0.5,1.0,0.4666666666666667,0.018275715742930427,0.0
108,0.0,0.8,0.5,visibility_only,0.0,0.4583333333333333,0.4666666666666667,0.018275715742930427,0.0
108,0.0,0.8,0.5,common_mode_only,1.0,0.5833333333333334,0.4666666666666667,0.9913731955978385,0.9926156945606947
108,0.0,0.8,0.5,combined,0.5,0.041666666666666664,0.4666666666666667,0.9913731955978385,0.9926156945606947
108,0.15,0.2,0.0,raw_residual,1.0,1.0,1.0,0.14769468507255928,0.15
108,0.15,0.2,0.0,visibility_only,1.0,1.0,1.0,0.14769468507255928,0.15
108,0.15,0.2,0.0,common_mode_only,0.08333333333333333,1.0,1.0,0.009556950662308526,0.00978464027193944
108,0.15,0.2,0.0,combined,0.08333333333333333,1.0,1.0,0.009556950662308526,0.00978464027193944
108,0.15,0.2,0.5,raw_residual,1.0,1.0,0.4666666666666667,0.15463977319250505,0.15
108,0.15,0.2,0.5,visibility_only,0.4583333333333333,0.5,0.4666666666666667,0.15463977319250505,0.15
108,0.15,0.2,0.5,common_mode_only,0.5416666666666666,1.0,0.4666666666666667,0.0049342198222063205,0.0123946461294099
108,0.15,0.2,0.5,combined,0.0,0.5,0.4666666666666667,0.0049342198222063205,0.0123946461294099
108,0.15,0.4,0.0,raw_residual,1.0,1.0,1.0,0.14769468507255928,0.15
108,0.15,0.4,0.0,visibility_only,1.0,1.0,1.0,0.14769468507255928,0.15
108,0.15,0.4,0.0,common_mode_only,0.1111111111111111,1.0,1.0,0.01756563306211904,0.02071512363126433
108,0.15,0.4,0.0,combined,0.1111111111111111,1.0,1.0,0.01756563306211904,0.02071512363126433
108,0.15,0.4,0.5,raw_residual,1.0,1.0,0.4666666666666667,0.15463977319250502,0.15
108,0.15,0.4,0.5,visibility_only,0.5,0.4166666666666667,0.4666666666666667,0.15463977319250502,0.15
108,0.15,0.4,0.5,common_mode_only,0.5,1.0,0.4666666666666667,0.010117119115320806,0.023546047539481
108,0.15,0.4,0.5,combined,0.0,0.4166666666666667,0.4666666666666667,0.010117119115320806,0.023546047539481
108,0.15,0.6,0.0,raw_residual,1.0,1.0,1.0,0.14769468507255926,0.15
108,0.15,0.6,0.0,visibility_only,1.0,1.0,1.0,0.14769468507255926,0.15
108,0.15,0.6,0.0,common_mode_only,1.0,0.0,1.0,0.9873864037904557,0.972108293806393
108,0.15,0.6,0.0,combined,1.0,0.0,1.0,0.9873864037904557,0.972108293806393
108,0.15,0.6,0.5,raw_residual,1.0,1.0,0.4666666666666667,0.15463977319250496,0.15
108,0.15,0.6,0.5,visibility_only,0.5,0.4444444444444444,0.4666666666666667,0.15463977319250496,0.15
108,0.15,0.6,0.5,common_mode_only,1.0,0.5555555555555556,0.4666666666666667,0.9799737966250585,0.9724683870134059
108,0.15,0.6,0.5,combined,0.5,0.0,0.4666666666666667,0.9799737966250585,0.9724683870134059
108,0.15,0.8,0.0,raw_residual,1.0,1.0,1.0,0.14769468507255926,0.15
108,0.15,0.8,0.0,visibility_only,1.0,1.0,1.0,0.14769468507255926,0.15
108,0.15,0.8,0.0,common_mode_only,1.0,0.041666666666666664,1.0,0.9943284886763089,0.9817099057218498
108,0.15,0.8,0.0,combined,1.0,0.041666666666666664,1.0,0.9943284886763089,0.9817099057218498
108,0.15,0.8,0.5,raw_residual,1.0,1.0,0.4666666666666667,0.15463977319250496,0.15
108,0.15,0.8,0.5,visibility_only,0.5,0.4583333333333333,0.4666666666666667,0.15463977319250496,0.15
108,0.15,0.8,0.5,common_mode_only,1.0,0.5833333333333334,0.4666666666666667,0.9913731955978384,0.9926156945606944
108,0.15,0.8,0.5,combined,0.5,0.041666666666666664,0.4666666666666667,0.9913731955978384,0.9926156945606944
108,0.3,0.2,0.0,raw_residual,1.0,1.0,1.0,0.2967582535738081,0.3
108,0.3,0.2,0.0,visibility_only,1.0,1.0,1.0,0.2967582535738081,0.3
108,0.3,0.2,0.0,common_mode_only,0.08333333333333333,1.0,1.0,0.009556950662308515,0.009784640271939468
108,0.3,0.2,0.0,combined,0.08333333333333333,1.0,1.0,0.009556950662308515,0.009784640271939468
108,0.3,0.2,0.5,raw_residual,1.0,1.0,0.4666666666666667,0.3038941207727568,0.3
108,0.3,0.2,0.5,visibility_only,0.4583333333333333,0.5,0.4666666666666667,0.3038941207727568,0.3
108,0.3,0.2,0.5,common_mode_only,0.5416666666666666,1.0,0.4666666666666667,0.0049342198222063005,0.012394646129409955
108,0.3,0.2,0.5,combined,0.0,0.5,0.4666666666666667,0.0049342198222063005,0.012394646129409955
108,0.3,0.4,0.0,raw_residual,1.0,1.0,1.0,0.2967582535738081,0.3
108,0.3,0.4,0.0,visibility_only,1.0,1.0,1.0,0.2967582535738081,0.3
108,0.3,0.4,0.0,common_mode_only,0.1111111111111111,1.0,1.0,0.017565633062119,0.02071512363126433
108,0.3,0.4,0.0,combined,0.1111111111111111,1.0,1.0,0.017565633062119,0.02071512363126433
108,0.3,0.4,0.5,raw_residual,1.0,1.0,0.4666666666666667,0.3038941207727568,0.3
108,0.3,0.4,0.5,visibility_only,0.5,0.4166666666666667,0.4666666666666667,0.3038941207727568,0.3
108,0.3,0.4,0.5,common_mode_only,0.5,1.0,0.4666666666666667,0.010117119115320766,0.023546047539481026
108,0.3,0.4,0.5,combined,0.0,0.4166666666666667,0.4666666666666667,0.010117119115320766,0.023546047539481026
108,0.3,0.6,0.0,raw_residual,1.0,1.0,1.0,0.2967582535738081,0.3
108,0.3,0.6,0.0,visibility_only,1.0,1.0,1.0,0.2967582535738081,0.3
108,0.3,0.6,0.0,common_mode_only,1.0,0.0,1.0,0.9873864037904558,0.9721082938063933
108,0.3,0.6,0.0,combined,1.0,0.0,1.0,0.9873864037904558,0.9721082938063933
108,0.3,0.6,0.5,raw_residual,1.0,1.0,0.4666666666666667,0.3038941207727568,0.3
108,0.3,0.6,0.5,visibility_only,0.5,0.4444444444444444,0.4666666666666667,0.3038941207727568,0.3
108,0.3,0.6,0.5,common_mode_only,1.0,0.5555555555555556,0.4666666666666667,0.9799737966250585,0.9724683870134058
108,0.3,0.6,0.5,combined,0.5,0.0,0.4666666666666667,0.9799737966250585,0.9724683870134058
108,0.3,0.8,0.0,raw_residual,1.0,1.0,1.0,0.2967582535738081,0.3
108,0.3,0.8,0.0,visibility_only,1.0,1.0,1.0,0.2967582535738081,0.3
108,0.3,0.8,0.0,common_mode_only,1.0,0.041666666666666664,1.0,0.9943284886763089,0.9817099057218499
108,0.3,0.8,0.0,combined,1.0,0.041666666666666664,1.0,0.9943284886763089,0.9817099057218499
108,0.3,0.8,0.5,raw_residual,1.0,1.0,0.4666666666666667,0.3038941207727568,0.3
108,0.3,0.8,0.5,visibility_only,0.5,0.4583333333333333,0.4666666666666667,0.3038941207727568,0.3
108,0.3,0.8,0.5,common_mode_only,1.0,0.5833333333333334,0.4666666666666667,0.9913731955978385,0.9926156945606945
108,0.3,0.8,0.5,combined,0.5,0.041666666666666664,0.4666666666666667,0.9913731955978385,0.9926156945606945
108,0.6,0.2,0.0,raw_residual,1.0,1.0,1.0,0.59630134024365,0.6
108,0.6,0.2,0.0,visibility_only,1.0,1.0,1.0,0.59630134024365,0.6
108,0.6,0.2,0.0,common_mode_only,0.08333333333333333,1.0,1.0,0.009556950662308519,0.009784640271939524
108,0.6,0.2,0.0,combined,0.08333333333333333,1.0,1.0,0.009556950662308519,0.009784640271939524
108,0.6,0.2,0.5,raw_residual,1.0,1.0,0.4666666666666667,0.6035029717217216,0.6
108,0.6,0.2,0.5,visibility_only,0.4583333333333333,0.5,0.4666666666666667,0.6035029717217216,0.6
108,0.6,0.2,0.5,common_mode_only,0.5416666666666666,1.0,0.4666666666666667,0.0049342198222062815,0.0123946461294099
108,0.6,0.2,0.5,combined,0.0,0.5,0.4666666666666667,0.0049342198222062815,0.0123946461294099
108,0.6,0.4,0.0,raw_residual,1.0,1.0,1.0,0.5963013402436501,0.6
108,0.6,0.4,0.0,visibility_only,1.0,1.0,1.0,0.5963013402436501,0.6
108,0.6,0.4,0.0,common_mode_only,0.1111111111111111,1.0,1.0,0.01756563306211893,0.02071512363126422
108,0.6,0.4,0.0,combined,0.1111111111111111,1.0,1.0,0.01756563306211893,0.02071512363126422
108,0.6,0.4,0.5,raw_residual,1.0,1.0,0.4666666666666667,0.6035029717217216,0.6
108,0.6,0.4,0.5,visibility_only,0.5,0.4166666666666667,0.4666666666666667,0.6035029717217216,0.6
108,0.6,0.4,0.5,common_mode_only,0.5,1.0,0.4666666666666667,0.010117119115320766,0.023546047539481082
108,0.6,0.4,0.5,combined,0.0,0.4166666666666667,0.4666666666666667,0.010117119115320766,0.023546047539481082
108,0.6,0.6,0.0,raw_residual,1.0,1.0,1.0,0.5963013402436501,0.6
108,0.6,0.6,0.0,visibility_only,1.0,1.0,1.0,0.5963013402436501,0.6
108,0.6,0.6,0.0,common_mode_only,1.0,0.0,1.0,0.9873864037904558,0.9721082938063932
108,0.6,0.6,0.0,combined,1.0,0.0,1.0,0.9873864037904558,0.9721082938063932
108,0.6,0.6,0.5,raw_residual,1.0,1.0,0.4666666666666667,0.6035029717217216,0.6
108,0.6,0.6,0.5,visibility_only,0.5,0.4444444444444444,0.4666666666666667,0.6035029717217216,0.6
108,0.6,0.6,0.5,common_mode_only,1.0,0.5555555555555556,0.4666666666666667,0.9799737966250586,0.9724683870134061
108,0.6,0.6,0.5,combined,0.5,0.0,0.4666666666666667,0.9799737966250586,0.9724683870134061
108,0.6,0.8,0.0,raw_residual,1.0,1.0,1.0,0.5963013402436501,0.6
108,0.6,0.8,0.0,visibility_only,1.0,1.0,1.0,0.5963013402436501,0.6
108,0.6,0.8,0.0,common_mode_only,1.0,0.041666666666666664,1.0,0.9943284886763089,0.98170990572185
108,0.6,0.8,0.0,combined,1.0,0.041666666666666664,1.0,0.9943284886763089,0.98170990572185
108,0.6,0.8,0.5,raw_residual,1.0,1.0,0.4666666666666667,0.6035029717217216,0.6
108,0.6,0.8,0.5,visibility_only,0.5,0.4583333333333333,0.4666666666666667,0.6035029717217216,0.6
108,0.6,0.8,0.5,common_mode_only,1.0,0.5833333333333334,0.4666666666666667,0.9913731955978385,0.9926156945606947
108,0.6,0.8,0.5,combined,0.5,0.041666666666666664,0.4666666666666667,0.9913731955978385,0.9926156945606947
109,0.0,0.2,0.0,raw_residual,0.0,1.0,1.0,0.003939919872405863,0.0
109,0.0,0.2,0.0,visibility_only,0.0,1.0,1.0,0.003939919872405863,0.0
109,0.0,0.2,0.0,common_mode_only,0.0,1.0,1.0,0.004161971825192656,0.003492479253757882
109,0.0,0.2,0.0,combined,0.0,1.0,1.0,0.004161971825192656,0.003492479253757882
109,0.0,0.2,0.5,raw_residual,0.5833333333333334,1.0,0.43333333333333335,0.003920259457589866,0.0
109,0.0,0.2,0.5,visibility_only,0.0,0.5,0.43333333333333335,0.003920259457589866,0.0
109,0.0,0.2,0.5,common_mode_only,0.5833333333333334,1.0,0.43333333333333335,0.004538606218329947,0.004497954663004147
109,0.0,0.2,0.5,combined,0.0,0.5,0.43333333333333335,0.004538606218329947,0.004497954663004147
109,0.0,0.4,0.0,raw_residual,0.0,1.0,1.0,0.008299542171245894,0.0
109,0.0,0.4,0.0,visibility_only,0.0,1.0,1.0,0.008299542171245894,0.0
109,0.0,0.4,0.0,common_mode_only,0.05555555555555555,1.0,1.0,0.015565184279712542,0.020002463885021984
109,0.0,0.4,0.0,combined,0.05555555555555555,1.0,1.0,0.015565184279712542,0.020002463885021984
109,0.0,0.4,0.5,raw_residual,0.5,1.0,0.43333333333333335,0.005289264817893449,0.0
109,0.0,0.4,0.5,visibility_only,0.0,0.3333333333333333,0.43333333333333335,0.005289264817893449,0.0
109,0.0,0.4,0.5,common_mode_only,0.5555555555555556,1.0,0.43333333333333335,0.012140260502674454,0.011489570190100322
109,0.0,0.4,0.5,combined,0.05555555555555555,0.3333333333333333,0.43333333333333335,0.012140260502674454,0.011489570190100322
109,0.0,0.6,0.0,raw_residual,0.0,1.0,1.0,0.01419633721553908,0.0
109,0.0,0.6,0.0,visibility_only,0.0,1.0,1.0,0.01419633721553908,0.0
109,0.0,0.6,0.0,common_mode_only,1.0,0.0,1.0,0.9943901657838289,0.9762513338850348
109,0.0,0.6,0.0,combined,1.0,0.0,1.0,0.9943901657838289,0.9762513338850348
109,0.0,0.6,0.5,raw_residual,0.4166666666666667,1.0,0.43333333333333335,0.010774868131479902,0.0
109,0.0,0.6,0.5,visibility_only,0.0,0.3333333333333333,0.43333333333333335,0.010774868131479902,0.0
109,0.0,0.6,0.5,common_mode_only,0.5,1.0,0.43333333333333335,0.016004529072359306,0.011489570190100322
109,0.0,0.6,0.5,combined,0.08333333333333333,0.3333333333333333,0.43333333333333335,0.016004529072359306,0.011489570190100322
109,0.0,0.8,0.0,raw_residual,0.0,1.0,1.0,0.017917842019949146,0.0
109,0.0,0.8,0.0,visibility_only,0.0,1.0,1.0,0.017917842019949146,0.0
109,0.0,0.8,0.0,common_mode_only,1.0,0.0,1.0,1.0004102438172273,0.9889203382364142
109,0.0,0.8,0.0,combined,1.0,0.0,1.0,1.0004102438172273,0.9889203382364142
109,0.0,0.8,0.5,raw_residual,0.5,1.0,0.43333333333333335,0.01761945625801832,0.0
109,0.0,0.8,0.5,visibility_only,0.0,0.4166666666666667,0.43333333333333335,0.01761945625801832,0.0
109,0.0,0.8,0.5,common_mode_only,1.0,0.5833333333333334,0.43333333333333335,1.0066701133847225,0.9938403131651309
109,0.0,0.8,0.5,combined,0.5,0.0,0.43333333333333335,1.0066701133847225,0.9938403131651309
109,0.15,0.2,0.0,raw_residual,1.0,1.0,1.0,0.14486416714382766,0.15
109,0.15,0.2,0.0,visibility_only,1.0,1.0,1.0,0.14486416714382766,0.15
109,0.15,0.2,0.0,common_mode_only,0.0,1.0,1.0,0.004161971825192677,0.0034924792537578786
109,0.15,0.2,0.0,combined,0.0,1.0,1.0,0.004161971825192677,0.0034924792537578786
109,0.15,0.2,0.5,raw_residual,1.0,1.0,0.43333333333333335,0.1446699253555936,0.15
109,0.15,0.2,0.5,visibility_only,0.4166666666666667,0.5,0.43333333333333335,0.1446699253555936,0.15
109,0.15,0.2,0.5,common_mode_only,0.5833333333333334,1.0,0.43333333333333335,0.00453860621832997,0.004497954663004146
109,0.15,0.2,0.5,combined,0.0,0.5,0.43333333333333335,0.00453860621832997,0.004497954663004146
109,0.15,0.4,0.0,raw_residual,1.0,1.0,1.0,0.14486416714382766,0.15
109,0.15,0.4,0.0,visibility_only,1.0,1.0,1.0,0.14486416714382766,0.15
109,0.15,0.4,0.0,common_mode_only,0.05555555555555555,1.0,1.0,0.015565184279712586,0.02000246388502197
109,0.15,0.4,0.0,combined,0.05555555555555555,1.0,1.0,0.015565184279712586,0.02000246388502197
109,0.15,0.4,0.5,raw_residual,1.0,1.0,0.43333333333333335,0.1446699253555936,0.15
109,0.15,0.4,0.5,visibility_only,0.5,0.3333333333333333,0.43333333333333335,0.1446699253555936,0.15
109,0.15,0.4,0.5,common_mode_only,0.5555555555555556,1.0,0.43333333333333335,0.012140260502674463,0.011489570190100308
109,0.15,0.4,0.5,combined,0.05555555555555555,0.3333333333333333,0.43333333333333335,0.012140260502674463,0.011489570190100308
109,0.15,0.6,0.0,raw_residual,1.0,1.0,1.0,0.14486416714382766,0.15
109,0.15,0.6,0.0,visibility_only,1.0,1.0,1.0,0.14486416714382766,0.15
109,0.15,0.6,0.0,common_mode_only,1.0,0.0,1.0,0.9943901657838289,0.9762513338850347
109,0.15,0.6,0.0,combined,1.0,0.0,1.0,0.9943901657838289,0.9762513338850347
109,0.15,0.6,0.5,raw_residual,1.0,1.0,0.43333333333333335,0.1446699253555936,0.15
109,0.15,0.6,0.5,visibility_only,0.5833333333333334,0.3333333333333333,0.43333333333333335,0.1446699253555936,0.15
109,0.15,0.6,0.5,common_mode_only,0.5,1.0,0.43333333333333335,0.016004529072359313,0.011489570190100308
109,0.15,0.6,0.5,combined,0.08333333333333333,0.3333333333333333,0.43333333333333335,0.016004529072359313,0.011489570190100308
109,0.15,0.8,0.0,raw_residual,1.0,1.0,1.0,0.14486416714382763,0.15
109,0.15,0.8,0.0,visibility_only,1.0,1.0,1.0,0.14486416714382763,0.15
109,0.15,0.8,0.0,common_mode_only,1.0,0.0,1.0,1.000410243817227,0.9889203382364139
109,0.15,0.8,0.0,combined,1.0,0.0,1.0,1.000410243817227,0.9889203382364139
109,0.15,0.8,0.5,raw_residual,1.0,1.0,0.43333333333333335,0.1446699253555936,0.15
109,0.15,0.8,0.5,visibility_only,0.5,0.4166666666666667,0.43333333333333335,0.1446699253555936,0.15
109,0.15,0.8,0.5,common_mode_only,1.0,0.5833333333333334,0.43333333333333335,1.0066701133847225,0.9938403131651309
109,0.15,0.8,0.5,combined,0.5,0.0,0.43333333333333335,1.0066701133847225,0.9938403131651309
109,0.3,0.2,0.0,raw_residual,1.0,1.0,1.0,0.2943053149212254,0.3
109,0.3,0.2,0.0,visibility_only,1.0,1.0,1.0,0.2943053149212254,0.3
109,0.3,0.2,0.0,common_mode_only,0.0,1.0,1.0,0.0041619718251926525,0.0034924792537578786
109,0.3,0.2,0.0,combined,0.0,1.0,1.0,0.0041619718251926525,0.0034924792537578786
109,0.3,0.2,0.5,raw_residual,1.0,1.0,0.43333333333333335,0.29395710665616626,0.3
109,0.3,0.2,0.5,visibility_only,0.4166666666666667,0.5,0.43333333333333335,0.29395710665616626,0.3
109,0.3,0.2,0.5,common_mode_only,0.5833333333333334,1.0,0.43333333333333335,0.004538606218329935,0.004497954663004146
109,0.3,0.2,0.5,combined,0.0,0.5,0.43333333333333335,0.004538606218329935,0.004497954663004146
109,0.3,0.4,0.0,raw_residual,1.0,1.0,1.0,0.2943053149212254,0.3
109,0.3,0.4,0.0,visibility_only,1.0,1.0,1.0,0.2943053149212254,0.3
109,0.3,0.4,0.0,common_mode_only,0.05555555555555555,1.0,1.0,0.015565184279712558,0.020002463885021998
109,0.3,0.4,0.0,combined,0.05555555555555555,1.0,1.0,0.015565184279712558,0.020002463885021998
109,0.3,0.4,0.5,raw_residual,1.0,1.0,0.43333333333333335,0.29395710665616626,0.3
109,0.3,0.4,0.5,visibility_only,0.5,0.3333333333333333,0.43333333333333335,0.29395710665616626,0.3
109,0.3,0.4,0.5,common_mode_only,0.5555555555555556,1.0,0.43333333333333335,0.012140260502674464,0.011489570190100336
109,0.3,0.4,0.5,combined,0.05555555555555555,0.3333333333333333,0.43333333333333335,0.012140260502674464,0.011489570190100336
109,0.3,0.6,0.0,raw_residual,1.0,1.0,1.0,0.2943053149212254,0.3
109,0.3,0.6,0.0,visibility_only,1.0,1.0,1.0,0.2943053149212254,0.3
109,0.3,0.6,0.0,common_mode_only,1.0,0.0,1.0,0.9943901657838288,0.9762513338850346
109,0.3,0.6,0.0,combined,1.0,0.0,1.0,0.9943901657838288,0.9762513338850346
109,0.3,0.6,0.5,raw_residual,1.0,1.0,0.43333333333333335,0.29395710665616626,0.3
109,0.3,0.6,0.5,visibility_only,0.5833333333333334,0.3333333333333333,0.43333333333333335,0.29395710665616626,0.3
109,0.3,0.6,0.5,common_mode_only,0.5,1.0,0.43333333333333335,0.016004529072359316,0.011489570190100336
109,0.3,0.6,0.5,combined,0.08333333333333333,0.3333333333333333,0.43333333333333335,0.016004529072359316,0.011489570190100336
109,0.3,0.8,0.0,raw_residual,1.0,1.0,1.0,0.2943053149212254,0.3
109,0.3,0.8,0.0,visibility_only,1.0,1.0,1.0,0.2943053149212254,0.3
109,0.3,0.8,0.0,common_mode_only,1.0,0.0,1.0,1.0004102438172273,0.9889203382364142
109,0.3,0.8,0.0,combined,1.0,0.0,1.0,1.0004102438172273,0.9889203382364142
109,0.3,0.8,0.5,raw_residual,1.0,1.0,0.43333333333333335,0.2939571066561663,0.3
109,0.3,0.8,0.5,visibility_only,0.5,0.4166666666666667,0.43333333333333335,0.2939571066561663,0.3
109,0.3,0.8,0.5,common_mode_only,1.0,0.5833333333333334,0.43333333333333335,1.0066701133847225,0.993840313165131
109,0.3,0.8,0.5,combined,0.5,0.0,0.43333333333333335,1.0066701133847225,0.993840313165131
109,0.6,0.2,0.0,raw_residual,1.0,1.0,1.0,0.5940367454793546,0.6
109,0.6,0.2,0.0,visibility_only,1.0,1.0,1.0,0.5940367454793546,0.6
109,0.6,0.2,0.0,common_mode_only,0.0,1.0,1.0,0.0041619718251926525,0.0034924792537578786
109,0.6,0.2,0.0,combined,0.0,1.0,1.0,0.0041619718251926525,0.0034924792537578786
109,0.6,0.2,0.5,raw_residual,1.0,1.0,0.43333333333333335,0.5936277365737641,0.6
109,0.6,0.2,0.5,visibility_only,0.4166666666666667,0.5,0.43333333333333335,0.5936277365737641,0.6
109,0.6,0.2,0.5,common_mode_only,0.5833333333333334,1.0,0.43333333333333335,0.004538606218329935,0.004497954663004146
109,0.6,0.2,0.5,combined,0.0,0.5,0.43333333333333335,0.004538606218329935,0.004497954663004146
109,0.6,0.4,0.0,raw_residual,1.0,1.0,1.0,0.5940367454793548,0.6
109,0.6,0.4,0.0,visibility_only,1.0,1.0,1.0,0.5940367454793548,0.6
109,0.6,0.4,0.0,common_mode_only,0.05555555555555555,1.0,1.0,0.015565184279712513,0.020002463885021943
109,0.6,0.4,0.0,combined,0.05555555555555555,1.0,1.0,0.015565184279712513,0.020002463885021943
109,0.6,0.4,0.5,raw_residual,1.0,1.0,0.43333333333333335,0.5936277365737641,0.6
109,0.6,0.4,0.5,visibility_only,0.5,0.3333333333333333,0.43333333333333335,0.5936277365737641,0.6
109,0.6,0.4,0.5,common_mode_only,0.5555555555555556,1.0,0.43333333333333335,0.01214026050267444,0.011489570190100336
109,0.6,0.4,0.5,combined,0.05555555555555555,0.3333333333333333,0.43333333333333335,0.01214026050267444,0.011489570190100336
109,0.6,0.6,0.0,raw_residual,1.0,1.0,1.0,0.5940367454793549,0.6
109,0.6,0.6,0.0,visibility_only,1.0,1.0,1.0,0.5940367454793549,0.6
109,0.6,0.6,0.0,common_mode_only,1.0,0.0,1.0,0.994390165783829,0.9762513338850349
109,0.6,0.6,0.0,combined,1.0,0.0,1.0,0.994390165783829,0.9762513338850349
109,0.6,0.6,0.5,raw_residual,1.0,1.0,0.43333333333333335,0.5936277365737641,0.6
109,0.6,0.6,0.5,visibility_only,0.5833333333333334,0.3333333333333333,0.43333333333333335,0.5936277365737641,0.6
109,0.6,0.6,0.5,common_mode_only,0.5,1.0,0.43333333333333335,0.0160045290723593,0.011489570190100336
109,0.6,0.6,0.5,combined,0.08333333333333333,0.3333333333333333,0.43333333333333335,0.0160045290723593,0.011489570190100336
109,0.6,0.8,0.0,raw_residual,1.0,1.0,1.0,0.5940367454793549,0.6
109,0.6,0.8,0.0,visibility_only,1.0,1.0,1.0,0.5940367454793549,0.6
109,0.6,0.8,0.0,common_mode_only,1.0,0.0,1.0,1.000410243817227,0.9889203382364141
109,0.6,0.8,0.0,combined,1.0,0.0,1.0,1.000410243817227,0.9889203382364141
109,0.6,0.8,0.5,raw_residual,1.0,1.0,0.43333333333333335,0.5936277365737642,0.6
109,0.6,0.8,0.5,visibility_only,0.5,0.4166666666666667,0.43333333333333335,0.5936277365737642,0.6
109,0.6,0.8,0.5,common_mode_only,1.0,0.5833333333333334,0.43333333333333335,1.0066701133847227,0.9938403131651311
109,0.6,0.8,0.5,combined,0.5,0.0,0.43333333333333335,1.0066701133847227,0.9938403131651311
110,0.0,0.2,0.0,raw_residual,0.0,1.0,1.0,0.005011806041234774,0.0
110,0.0,0.2,0.0,visibility_only,0.0,1.0,1.0,0.005011806041234774,0.0
110,0.0,0.2,0.0,common_mode_only,0.041666666666666664,1.0,1.0,0.007959257736449196,0.010890734126522068
110,0.0,0.2,0.0,combined,0.041666666666666664,1.0,1.0,0.007959257736449196,0.010890734126522068
110,0.0,0.2,0.5,raw_residual,0.375,1.0,0.5666666666666667,0.003853679513685728,0.0
110,0.0,0.2,0.5,visibility_only,0.0,0.3333333333333333,0.5666666666666667,0.003853679513685728,0.0
110,0.0,0.2,0.5,common_mode_only,0.375,1.0,0.5666666666666667,0.004368795652163764,0.005255289340363614
110,0.0,0.2,0.5,combined,0.0,0.3333333333333333,0.5666666666666667,0.004368795652163764,0.005255289340363614
110,0.0,0.4,0.0,raw_residual,0.0,1.0,1.0,0.010588164462692855,0.0
110,0.0,0.4,0.0,visibility_only,0.0,1.0,1.0,0.010588164462692855,0.0
110,0.0,0.4,0.0,common_mode_only,0.05555555555555555,1.0,1.0,0.018530571333757448,0.02832256001845671
110,0.0,0.4,0.0,combined,0.05555555555555555,1.0,1.0,0.018530571333757448,0.02832256001845671
110,0.0,0.4,0.5,raw_residual,0.3888888888888889,1.0,0.5666666666666667,0.0097242598431161,0.0
110,0.0,0.4,0.5,visibility_only,0.0,0.5,0.5666666666666667,0.0097242598431161,0.0
110,0.0,0.4,0.5,common_mode_only,0.3888888888888889,1.0,0.5666666666666667,0.016031090283582936,0.028987729323186148
110,0.0,0.4,0.5,combined,0.0,0.5,0.5666666666666667,0.016031090283582936,0.028987729323186148
110,0.0,0.6,0.0,raw_residual,0.0,1.0,1.0,0.015142210965140844,0.0
110,0.0,0.6,0.0,visibility_only,0.0,1.0,1.0,0.015142210965140844,0.0
110,0.0,0.6,0.0,common_mode_only,1.0,0.0,1.0,0.9913305201369131,0.98255101177687
110,0.0,0.6,0.0,combined,1.0,0.0,1.0,0.9913305201369131,0.98255101177687
110,0.0,0.6,0.5,raw_residual,0.3333333333333333,1.0,0.5666666666666667,0.01437570895710729,0.0
110,0.0,0.6,0.5,visibility_only,0.0,0.5,0.5666666666666667,0.01437570895710729,0.0
110,0.0,0.6,0.5,common_mode_only,1.0,0.6111111111111112,0.5666666666666667,0.9752778996466809,0.9712885668702859
110,0.0,0.6,0.5,combined,0.6666666666666666,0.1111111111111111,0.5666666666666667,0.9752778996466809,0.9712885668702859
110,0.0,0.8,0.0,raw_residual,0.0,1.0,1.0,0.02326990411722667,0.0
110,0.0,0.8,0.0,visibility_only,0.0,1.0,1.0,0.02326990411722667,0.0
110,0.0,0.8,0.0,common_mode_only,1.0,0.0,1.0,0.998244048158755,0.9921178083743376
110,0.0,0.8,0.0,combined,1.0,0.0,1.0,0.998244048158755,0.9921178083743376
110,0.0,0.8,0.5,raw_residual,0.16666666666666666,1.0,0.5666666666666667,0.02098675697298322,0.0
110,0.0,0.8,0.5,visibility_only,0.0,0.5,0.5666666666666667,0.02098675697298322,0.0
110,0.0,0.8,0.5,common_mode_only,1.0,0.5,0.5666666666666667,0.996992951163862,0.9931286023447694
110,0.0,0.8,0.5,combined,0.8333333333333334,0.0,0.5666666666666667,0.996992951163862,0.9931286023447694
110,0.15,0.2,0.0,raw_residual,1.0,1.0,1.0,0.15322454496363014,0.15
110,0.15,0.2,0.0,visibility_only,1.0,1.0,1.0,0.15322454496363014,0.15
110,0.15,0.2,0.0,common_mode_only,0.041666666666666664,1.0,1.0,0.007959257736449201,0.01089073412652208
110,0.15,0.2,0.0,combined,0.041666666666666664,1.0,1.0,0.007959257736449201,0.01089073412652208
110,0.15,0.2,0.5,raw_residual,1.0,1.0,0.5666666666666667,0.1566761778405393,0.15
110,0.15,0.2,0.5,visibility_only,0.625,0.3333333333333333,0.5666666666666667,0.1566761778405393,0.15
110,0.15,0.2,0.5,common_mode_only,0.375,1.0,0.5666666666666667,0.0043687956521637735,0.005255289340363606
110,0.15,0.2,0.5,combined,0.0,0.3333333333333333,0.5666666666666667,0.0043687956521637735,0.005255289340363606
110,0.15,0.4,0.0,raw_residual,1.0,1.0,1.0,0.1532245449636301,0.15
110,0.15,0.4,0.0,visibility_only,1.0,1.0,1.0,0.1532245449636301,0.15
110,0.15,0.4,0.0,common_mode_only,0.05555555555555555,1.0,1.0,0.018530571333757448,0.02832256001845671
110,0.15,0.4,0.0,combined,0.05555555555555555,1.0,1.0,0.018530571333757448,0.02832256001845671
110,0.15,0.4,0.5,raw_residual,1.0,1.0,0.5666666666666667,0.1566761778405393,0.15
110,0.15,0.4,0.5,visibility_only,0.6111111111111112,0.5,0.5666666666666667,0.1566761778405393,0.15
110,0.15,0.4,0.5,common_mode_only,0.3888888888888889,1.0,0.5666666666666667,0.01603109028358297,0.02898772932318614
110,0.15,0.4,0.5,combined,0.0,0.5,0.5666666666666667,0.01603109028358297,0.02898772932318614
110,0.15,0.6,0.0,raw_residual,1.0,1.0,1.0,0.1532245449636301,0.15
110,0.15,0.6,0.0,visibility_only,1.0,1.0,1.0,0.1532245449636301,0.15
110,0.15,0.6,0.0,common_mode_only,1.0,0.0,1.0,0.9913305201369131,0.9825510117768699
110,0.15,0.6,0.0,combined,1.0,0.0,1.0,0.9913305201369131,0.9825510117768699
110,0.15,0.6,0.5,raw_residual,1.0,1.0,0.5666666666666667,0.15667617784053928,0.15
110,0.15,0.6,0.5,visibility_only,0.6666666666666666,0.5,0.5666666666666667,0.15667617784053928,0.15
110,0.15,0.6,0.5,common_mode_only,1.0,0.6111111111111112,0.5666666666666667,0.9752778996466809,0.9712885668702858
110,0.15,0.6,0.5,combined,0.6666666666666666,0.1111111111111111,0.5666666666666667,0.9752778996466809,0.9712885668702858
110,0.15,0.8,0.0,raw_residual,1.0,1.0,1.0,0.1532245449636301,0.15
110,0.15,0.8,0.0,visibility_only,1.0,1.0,1.0,0.1532245449636301,0.15
110,0.15,0.8,0.0,common_mode_only,1.0,0.0,1.0,0.998244048158755,0.9921178083743375
110,0.15,0.8,0.0,combined,1.0,0.0,1.0,0.998244048158755,0.9921178083743375
110,0.15,0.8,0.5,raw_residual,1.0,1.0,0.5666666666666667,0.15667617784053925,0.15
110,0.15,0.8,0.5,visibility_only,0.8333333333333334,0.5,0.5666666666666667,0.15667617784053925,0.15
110,0.15,0.8,0.5,common_mode_only,1.0,0.5,0.5666666666666667,0.996992951163862,0.9931286023447693
110,0.15,0.8,0.5,combined,0.8333333333333334,0.0,0.5666666666666667,0.996992951163862,0.9931286023447693
110,0.3,0.2,0.0,raw_residual,1.0,1.0,1.0,0.30231484394500424,0.3
110,0.3,0.2,0.0,visibility_only,1.0,1.0,1.0,0.30231484394500424,0.3
110,0.3,0.2,0.0,common_mode_only,0.041666666666666664,1.0,1.0,0.007959257736449192,0.010890734126522108
110,0.3,0.2,0.0,combined,0.041666666666666664,1.0,1.0,0.007959257736449192,0.010890734126522108
110,0.3,0.2,0.5,raw_residual,1.0,1.0,0.5666666666666667,0.3058441703882471,0.3
110,0.3,0.2,0.5,visibility_only,0.625,0.3333333333333333,0.5666666666666667,0.3058441703882471,0.3
110,0.3,0.2,0.5,common_mode_only,0.375,1.0,0.5666666666666667,0.004368795652163764,0.005255289340363634
110,0.3,0.2,0.5,combined,0.0,0.3333333333333333,0.5666666666666667,0.004368795652163764,0.005255289340363634
110,0.3,0.4,0.0,raw_residual,1.0,1.0,1.0,0.30231484394500424,0.3
110,0.3,0.4,0.0,visibility_only,1.0,1.0,1.0,0.30231484394500424,0.3
110,0.3,0.4,0.0,common_mode_only,0.05555555555555555,1.0,1.0,0.018530571333757413,0.02832256001845671
110,0.3,0.4,0.0,combined,0.05555555555555555,1.0,1.0,0.018530571333757413,0.02832256001845671
110,0.3,0.4,0.5,raw_residual,1.0,1.0,0.5666666666666667,0.3058441703882471,0.3
110,0.3,0.4,0.5,visibility_only,0.6111111111111112,0.5,0.5666666666666667,0.3058441703882471,0.3
110,0.3,0.4,0.5,common_mode_only,0.3888888888888889,1.0,0.5666666666666667,0.0160310902835829,0.02898772932318617
110,0.3,0.4,0.5,combined,0.0,0.5,0.5666666666666667,0.0160310902835829,0.02898772932318617
110,0.3,0.6,0.0,raw_residual,1.0,1.0,1.0,0.3023148439450043,0.3
110,0.3,0.6,0.0,visibility_only,1.0,1.0,1.0,0.3023148439450043,0.3
110,0.3,0.6,0.0,common_mode_only,1.0,0.0,1.0,0.9913305201369131,0.98255101177687
110,0.3,0.6,0.0,combined,1.0,0.0,1.0,0.9913305201369131,0.98255101177687
110,0.3,0.6,0.5,raw_residual,1.0,1.0,0.5666666666666667,0.3058441703882472,0.3
110,0.3,0.6,0.5,visibility_only,0.6666666666666666,0.5,0.5666666666666667,0.3058441703882472,0.3
110,0.3,0.6,0.5,common_mode_only,1.0,0.6111111111111112,0.5666666666666667,0.9752778996466809,0.9712885668702859
110,0.3,0.6,0.5,combined,0.6666666666666666,0.1111111111111111,0.5666666666666667,0.9752778996466809,0.9712885668702859
110,0.3,0.8,0.0,raw_residual,1.0,1.0,1.0,0.3023148439450043,0.3
110,0.3,0.8,0.0,visibility_only,1.0,1.0,1.0,0.3023148439450043,0.3
110,0.3,0.8,0.0,common_mode_only,1.0,0.0,1.0,0.998244048158755,0.9921178083743376
110,0.3,0.8,0.0,combined,1.0,0.0,1.0,0.998244048158755,0.9921178083743376
110,0.3,0.8,0.5,raw_residual,1.0,1.0,0.5666666666666667,0.3058441703882472,0.3
110,0.3,0.8,0.5,visibility_only,0.8333333333333334,0.5,0.5666666666666667,0.3058441703882472,0.3
110,0.3,0.8,0.5,common_mode_only,1.0,0.5,0.5666666666666667,0.996992951163862,0.9931286023447694
110,0.3,0.8,0.5,combined,0.8333333333333334,0.0,0.5666666666666667,0.996992951163862,0.9931286023447694
110,0.6,0.2,0.0,raw_residual,1.0,1.0,1.0,0.601866162512243,0.6
110,0.6,0.2,0.0,visibility_only,1.0,1.0,1.0,0.601866162512243,0.6
110,0.6,0.2,0.0,common_mode_only,0.041666666666666664,1.0,1.0,0.007959257736449179,0.010890734126522052
110,0.6,0.2,0.0,combined,0.041666666666666664,1.0,1.0,0.007959257736449179,0.010890734126522052
110,0.6,0.2,0.5,raw_residual,1.0,1.0,0.5666666666666667,0.6054153364481683,0.6
110,0.6,0.2,0.5,visibility_only,0.625,0.3333333333333333,0.5666666666666667,0.6054153364481683,0.6
110,0.6,0.2,0.5,common_mode_only,0.375,1.0,0.5666666666666667,0.0043687956521637535,0.005255289340363578
110,0.6,0.2,0.5,combined,0.0,0.3333333333333333,0.5666666666666667,0.0043687956521637535,0.005255289340363578
110,0.6,0.4,0.0,raw_residual,1.0,1.0,1.0,0.601866162512243,0.6
110,0.6,0.4,0.0,visibility_only,1.0,1.0,1.0,0.601866162512243,0.6
110,0.6,0.4,0.0,common_mode_only,0.05555555555555555,1.0,1.0,0.018530571333757375,0.028322560018456653
110,0.6,0.4,0.0,combined,0.05555555555555555,1.0,1.0,0.018530571333757375,0.028322560018456653
110,0.6,0.4,0.5,raw_residual,1.0,1.0,0.5666666666666667,0.6054153364481683,0.6
110,0.6,0.4,0.5,visibility_only,0.6111111111111112,0.5,0.5666666666666667,0.6054153364481683,0.6
110,0.6,0.4,0.5,common_mode_only,0.3888888888888889,1.0,0.5666666666666667,0.0160310902835829,0.02898772932318617
110,0.6,0.4,0.5,combined,0.0,0.5,0.5666666666666667,0.0160310902835829,0.02898772932318617
110,0.6,0.6,0.0,raw_residual,1.0,1.0,1.0,0.601866162512243,0.6
110,0.6,0.6,0.0,visibility_only,1.0,1.0,1.0,0.601866162512243,0.6
110,0.6,0.6,0.0,common_mode_only,1.0,0.0,1.0,0.9913305201369131,0.9825510117768701
110,0.6,0.6,0.0,combined,1.0,0.0,1.0,0.9913305201369131,0.9825510117768701
110,0.6,0.6,0.5,raw_residual,1.0,1.0,0.5666666666666667,0.6054153364481683,0.6
110,0.6,0.6,0.5,visibility_only,0.6666666666666666,0.5,0.5666666666666667,0.6054153364481683,0.6
110,0.6,0.6,0.5,common_mode_only,1.0,0.6111111111111112,0.5666666666666667,0.9752778996466809,0.971288566870286
110,0.6,0.6,0.5,combined,0.6666666666666666,0.1111111111111111,0.5666666666666667,0.9752778996466809,0.971288566870286
110,0.6,0.8,0.0,raw_residual,1.0,1.0,1.0,0.6018661625122431,0.6
110,0.6,0.8,0.0,visibility_only,1.0,1.0,1.0,0.6018661625122431,0.6
110,0.6,0.8,0.0,common_mode_only,1.0,0.0,1.0,0.998244048158755,0.9921178083743377
110,0.6,0.8,0.0,combined,1.0,0.0,1.0,0.998244048158755,0.9921178083743377
110,0.6,0.8,0.5,raw_residual,1.0,1.0,0.5666666666666667,0.6054153364481683,0.6
110,0.6,0.8,0.5,visibility_only,0.8333333333333334,0.5,0.5666666666666667,0.6054153364481683,0.6
110,0.6,0.8,0.5,common_mode_only,1.0,0.5,0.5666666666666667,0.996992951163862,0.9931286023447695
110,0.6,0.8,0.5,combined,0.8333333333333334,0.0,0.5666666666666667,0.996992951163862,0.9931286023447695
111,0.0,0.2,0.0,raw_residual,0.0,1.0,1.0,0.0030740353195083257,0.0
111,0.0,0.2,0.0,visibility_only,0.0,1.0,1.0,0.0030740353195083257,0.0
111,0.0,0.2,0.0,common_mode_only,0.0,1.0,1.0,0.003232407384620553,0.010928675720842789
111,0.0,0.2,0.0,combined,0.0,1.0,1.0,0.003232407384620553,0.010928675720842789
111,0.0,0.2,0.5,raw_residual,0.5833333333333334,1.0,0.43333333333333335,0.0032521823634801958,0.0
111,0.0,0.2,0.5,visibility_only,0.0,0.5,0.43333333333333335,0.0032521823634801958,0.0
111,0.0,0.2,0.5,common_mode_only,0.5833333333333334,1.0,0.43333333333333335,0.0027435625472880445,0.00928709552048856
111,0.0,0.2,0.5,combined,0.0,0.5,0.43333333333333335,0.0027435625472880445,0.00928709552048856
111,0.0,0.4,0.0,raw_residual,0.0,1.0,1.0,0.008850865588980763,0.0
111,0.0,0.4,0.0,visibility_only,0.0,1.0,1.0,0.008850865588980763,0.0
111,0.0,0.4,0.0,common_mode_only,0.0,1.0,1.0,0.009935365581258019,0.022477221396847328
111,0.0,0.4,0.0,combined,0.0,1.0,1.0,0.009935365581258019,0.022477221396847328
111,0.0,0.4,0.5,raw_residual,0.5555555555555556,1.0,0.43333333333333335,0.006621789449899764,0.0
111,0.0,0.4,0.5,visibility_only,0.0,0.4166666666666667,0.43333333333333335,0.006621789449899764,0.0
111,0.0,0.4,0.5,common_mode_only,0.5555555555555556,1.0,0.43333333333333335,0.005761045194567494,0.011777014925152015
111,0.0,0.4,0.5,combined,0.0,0.4166666666666667,0.43333333333333335,0.005761045194567494,0.011777014925152015
111,0.0,0.6,0.0,raw_residual,0.0,1.0,1.0,0.014730903700533279,0.0
111,0.0,0.6,0.0,visibility_only,0.0,1.0,1.0,0.014730903700533279,0.0
111,0.0,0.6,0.0,common_mode_only,1.0,0.05555555555555555,1.0,0.9979901661023212,0.9947852651650474
111,0.0,0.6,0.0,combined,1.0,0.05555555555555555,1.0,0.9979901661023212,0.9947852651650474
111,0.0,0.6,0.5,raw_residual,0.5,1.0,0.43333333333333335,0.011341855762016382,0.0
111,0.0,0.6,0.5,visibility_only,0.0,0.3888888888888889,0.43333333333333335,0.011341855762016382,0.0
111,0.0,0.6,0.5,common_mode_only,1.0,0.6111111111111112,0.43333333333333335,0.9941785092346098,0.9807348009501298
111,0.0,0.6,0.5,combined,0.5,0.0,0.43333333333333335,0.9941785092346098,0.9807348009501298
111,0.0,0.8,0.0,raw_residual,0.0,1.0,1.0,0.01937167561099091,0.0
111,0.0,0.8,0.0,visibility_only,0.0,1.0,1.0,0.01937167561099091,0.0
111,0.0,0.8,0.0,common_mode_only,1.0,0.0,1.0,1.0029567028937418,1.0011860493578812
111,0.0,0.8,0.0,combined,1.0,0.0,1.0,1.0029567028937418,1.0011860493578812
111,0.0,0.8,0.5,raw_residual,0.5,1.0,0.43333333333333335,0.016443737166804265,0.0
111,0.0,0.8,0.5,visibility_only,0.0,0.4166666666666667,0.43333333333333335,0.016443737166804265,0.0
111,0.0,0.8,0.5,common_mode_only,1.0,0.5833333333333334,0.43333333333333335,1.0029488503818536,0.9970625196165126
111,0.0,0.8,0.5,combined,0.5,0.0,0.43333333333333335,1.0029488503818536,0.9970625196165126
111,0.15,0.2,0.0,raw_residual,1.0,1.0,1.0,0.15557934199047202,0.15
111,0.15,0.2,0.0,visibility_only,1.0,1.0,1.0,0.15557934199047202,0.15
111,0.15,0.2,0.0,common_mode_only,0.0,1.0,1.0,0.0032324073846205594,0.01092867572084278
111,0.15,0.2,0.0,combined,0.0,1.0,1.0,0.0032324073846205594,0.01092867572084278
111,0.15,0.2,0.5,raw_residual,1.0,1.0,0.43333333333333335,0.14945856559360135,0.15
111,0.15,0.2,0.5,visibility_only,0.4166666666666667,0.5,0.43333333333333335,0.14945856559360135,0.15
111,0.15,0.2,0.5,common_mode_only,0.5833333333333334,1.0,0.43333333333333335,0.0027435625472880115,0.009287095520488559
111,0.15,0.2,0.5,combined,0.0,0.5,0.43333333333333335,0.0027435625472880115,0.009287095520488559
111,0.15,0.4,0.0,raw_residual,1.0,1.0,1.0,0.15557934199047202,0.15
111,0.15,0.4,0.0,visibility_only,1.0,1.0,1.0,0.15557934199047202,0.15
111,0.15,0.4,0.0,common_mode_only,0.0,1.0,1.0,0.009935365581258015,0.022477221396847314
111,0.15,0.4,0.0,combined,0.0,1.0,1.0,0.009935365581258015,0.022477221396847314
111,0.15,0.4,0.5,raw_residual,1.0,1.0,0.43333333333333335,0.14945856559360135,0.15
111,0.15,0.4,0.5,visibility_only,0.4444444444444444,0.4166666666666667,0.43333333333333335,0.14945856559360135,0.15
111,0.15,0.4,0.5,common_mode_only,0.5555555555555556,1.0,0.43333333333333335,0.0057610451945674735,0.01177701492515202
111,0.15,0.4,0.5,combined,0.0,0.4166666666666667,0.43333333333333335,0.0057610451945674735,0.01177701492515202
111,0.15,0.6,0.0,raw_residual,1.0,1.0,1.0,0.15557934199047202,0.15
111,0.15,0.6,0.0,visibility_only,1.0,1.0,1.0,0.15557934199047202,0.15
111,0.15,0.6,0.0,common_mode_only,1.0,0.05555555555555555,1.0,0.9979901661023212,0.9947852651650473
111,0.15,0.6,0.0,combined,1.0,0.05555555555555555,1.0,0.9979901661023212,0.9947852651650473
111,0.15,0.6,0.5,raw_residual,1.0,1.0,0.43333333333333335,0.14945856559360135,0.15
111,0.15,0.6,0.5,visibility_only,0.5,0.3888888888888889,0.43333333333333335,0.14945856559360135,0.15
111,0.15,0.6,0.5,common_mode_only,1.0,0.6111111111111112,0.43333333333333335,0.9941785092346098,0.9807348009501298
111,0.15,0.6,0.5,combined,0.5,0.0,0.43333333333333335,0.9941785092346098,0.9807348009501298
111,0.15,0.8,0.0,raw_residual,1.0,1.0,1.0,0.15557934199047196,0.15
111,0.15,0.8,0.0,visibility_only,1.0,1.0,1.0,0.15557934199047196,0.15
111,0.15,0.8,0.0,common_mode_only,1.0,0.0,1.0,1.0029567028937416,1.0011860493578812
111,0.15,0.8,0.0,combined,1.0,0.0,1.0,1.0029567028937416,1.0011860493578812
111,0.15,0.8,0.5,raw_residual,1.0,1.0,0.43333333333333335,0.14945856559360135,0.15
111,0.15,0.8,0.5,visibility_only,0.5,0.4166666666666667,0.43333333333333335,0.14945856559360135,0.15
111,0.15,0.8,0.5,common_mode_only,1.0,0.5833333333333334,0.43333333333333335,1.0029488503818536,0.9970625196165125
111,0.15,0.8,0.5,combined,0.5,0.0,0.43333333333333335,1.0029488503818536,0.9970625196165125
111,0.3,0.2,0.0,raw_residual,1.0,1.0,1.0,0.30499612235204243,0.3
111,0.3,0.2,0.0,visibility_only,1.0,1.0,1.0,0.30499612235204243,0.3
111,0.3,0.2,0.0,common_mode_only,0.0,1.0,1.0,0.0032324073846205456,0.01092867572084278
111,0.3,0.2,0.0,combined,0.0,1.0,1.0,0.0032324073846205456,0.01092867572084278
111,0.3,0.2,0.5,raw_residual,1.0,1.0,0.43333333333333335,0.2986797541383225,0.3
111,0.3,0.2,0.5,visibility_only,0.4166666666666667,0.5,0.43333333333333335,0.2986797541383225,0.3
111,0.3,0.2,0.5,common_mode_only,0.5833333333333334,1.0,0.43333333333333335,0.0027435625472880306,0.009287095520488559
111,0.3,0.2,0.5,combined,0.0,0.5,0.43333333333333335,0.0027435625472880306,0.009287095520488559
111,0.3,0.4,0.0,raw_residual,1.0,1.0,1.0,0.3049961223520425,0.3
111,0.3,0.4,0.0,visibility_only,1.0,1.0,1.0,0.3049961223520425,0.3
111,0.3,0.4,0.0,common_mode_only,0.0,1.0,1.0,0.009935365581258015,0.022477221396847342
111,0.3,0.4,0.0,combined,0.0,1.0,1.0,0.009935365581258015,0.022477221396847342
111,0.3,0.4,0.5,raw_residual,1.0,1.0,0.43333333333333335,0.2986797541383225,0.3
111,0.3,0.4,0.5,visibility_only,0.4444444444444444,0.4166666666666667,0.43333333333333335,0.2986797541383225,0.3
111,0.3,0.4,0.5,common_mode_only,0.5555555555555556,1.0,0.43333333333333335,0.005761045194567487,0.01177701492515202
111,0.3,0.4,0.5,combined,0.0,0.4166666666666667,0.43333333333333335,0.005761045194567487,0.01177701492515202
111,0.3,0.6,0.0,raw_residual,1.0,1.0,1.0,0.3049961223520425,0.3
111,0.3,0.6,0.0,visibility_only,1.0,1.0,1.0,0.3049961223520425,0.3
111,0.3,0.6,0.0,common_mode_only,1.0,0.05555555555555555,1.0,0.9979901661023212,0.9947852651650474
111,0.3,0.6,0.0,combined,1.0,0.05555555555555555,1.0,0.9979901661023212,0.9947852651650474
111,0.3,0.6,0.5,raw_residual,1.0,1.0,0.43333333333333335,0.2986797541383225,0.3
111,0.3,0.6,0.5,visibility_only,0.5,0.3888888888888889,0.43333333333333335,0.2986797541383225,0.3
111,0.3,0.6,0.5,common_mode_only,1.0,0.6111111111111112,0.43333333333333335,0.9941785092346098,0.9807348009501299
111,0.3,0.6,0.5,combined,0.5,0.0,0.43333333333333335,0.9941785092346098,0.9807348009501299
111,0.3,0.8,0.0,raw_residual,1.0,1.0,1.0,0.3049961223520425,0.3
111,0.3,0.8,0.0,visibility_only,1.0,1.0,1.0,0.3049961223520425,0.3
111,0.3,0.8,0.0,common_mode_only,1.0,0.0,1.0,1.0029567028937416,1.001186049357881
111,0.3,0.8,0.0,combined,1.0,0.0,1.0,1.0029567028937416,1.001186049357881
111,0.3,0.8,0.5,raw_residual,1.0,1.0,0.43333333333333335,0.2986797541383225,0.3
111,0.3,0.8,0.5,visibility_only,0.5,0.4166666666666667,0.43333333333333335,0.2986797541383225,0.3
111,0.3,0.8,0.5,common_mode_only,1.0,0.5833333333333334,0.43333333333333335,1.0029488503818536,0.9970625196165126
111,0.3,0.8,0.5,combined,0.5,0.0,0.43333333333333335,1.0029488503818536,0.9970625196165126
111,0.6,0.2,0.0,raw_residual,1.0,1.0,1.0,0.6046946117799009,0.6
111,0.6,0.2,0.0,visibility_only,1.0,1.0,1.0,0.6046946117799009,0.6
111,0.6,0.2,0.0,common_mode_only,0.0,1.0,1.0,0.0032324073846205456,0.01092867572084278
111,0.6,0.2,0.0,combined,0.0,1.0,1.0,0.0032324073846205456,0.01092867572084278
111,0.6,0.2,0.5,raw_residual,1.0,1.0,0.43333333333333335,0.5982908339035337,0.6
111,0.6,0.2,0.5,visibility_only,0.4166666666666667,0.5,0.43333333333333335,0.5982908339035337,0.6
111,0.6,0.2,0.5,common_mode_only,0.5833333333333334,1.0,0.43333333333333335,0.0027435625472880306,0.009287095520488578
111,0.6,0.2,0.5,combined,0.0,0.5,0.43333333333333335,0.0027435625472880306,0.009287095520488578
111,0.6,0.4,0.0,raw_residual,1.0,1.0,1.0,0.6046946117799009,0.6
111,0.6,0.4,0.0,visibility_only,1.0,1.0,1.0,0.6046946117799009,0.6
111,0.6,0.4,0.0,common_mode_only,0.0,1.0,1.0,0.009935365581257991,0.022477221396847342
111,0.6,0.4,0.0,combined,0.0,1.0,1.0,0.009935365581257991,0.022477221396847342
111,0.6,0.4,0.5,raw_residual,1.0,1.0,0.43333333333333335,0.5982908339035337,0.6
111,0.6,0.4,0.5,visibility_only,0.4444444444444444,0.4166666666666667,0.43333333333333335,0.5982908339035337,0.6
111,0.6,0.4,0.5,common_mode_only,0.5555555555555556,1.0,0.43333333333333335,0.005761045194567502,0.011777014925151982
111,0.6,0.4,0.5,combined,0.0,0.4166666666666667,0.43333333333333335,0.005761045194567502,0.011777014925151982
111,0.6,0.6,0.0,raw_residual,1.0,1.0,1.0,0.604694611779901,0.6
111,0.6,0.6,0.0,visibility_only,1.0,1.0,1.0,0.604694611779901,0.6
111,0.6,0.6,0.0,common_mode_only,1.0,0.05555555555555555,1.0,0.9979901661023212,0.9947852651650475
111,0.6,0.6,0.0,combined,1.0,0.05555555555555555,1.0,0.9979901661023212,0.9947852651650475
111,0.6,0.6,0.5,raw_residual,1.0,1.0,0.43333333333333335,0.5982908339035337,0.6
111,0.6,0.6,0.5,visibility_only,0.5,0.3888888888888889,0.43333333333333335,0.5982908339035337,0.6
111,0.6,0.6,0.5,common_mode_only,1.0,0.6111111111111112,0.43333333333333335,0.9941785092346099,0.98073480095013
111,0.6,0.6,0.5,combined,0.5,0.0,0.43333333333333335,0.9941785092346099,0.98073480095013
111,0.6,0.8,0.0,raw_residual,1.0,1.0,1.0,0.604694611779901,0.6
111,0.6,0.8,0.0,visibility_only,1.0,1.0,1.0,0.604694611779901,0.6
111,0.6,0.8,0.0,common_mode_only,1.0,0.0,1.0,1.0029567028937418,1.0011860493578812
111,0.6,0.8,0.0,combined,1.0,0.0,1.0,1.0029567028937418,1.0011860493578812
111,0.6,0.8,0.5,raw_residual,1.0,1.0,0.43333333333333335,0.5982908339035337,0.6
111,0.6,0.8,0.5,visibility_only,0.5,0.4166666666666667,0.43333333333333335,0.5982908339035337,0.6
111,0.6,0.8,0.5,common_mode_only,1.0,0.5833333333333334,0.43333333333333335,1.0029488503818536,0.9970625196165127
111,0.6,0.8,0.5,combined,0.5,0.0,0.43333333333333335,1.0029488503818536,0.9970625196165127
112,0.0,0.2,0.0,raw_residual,0.0,1.0,1.0,0.004277013073342068,0.0
112,0.0,0.2,0.0,visibility_only,0.0,1.0,1.0,0.004277013073342068,0.0
112,0.0,0.2,0.0,common_mode_only,0.0,1.0,1.0,0.004787044860750626,0.004410282724093739
112,0.0,0.2,0.0,combined,0.0,1.0,1.0,0.004787044860750626,0.004410282724093739
112,0.0,0.2,0.5,raw_residual,0.4583333333333333,1.0,0.5,0.003867980911203299,0.0
112,0.0,0.2,0.5,visibility_only,0.0,0.3333333333333333,0.5,0.003867980911203299,0.0
112,0.0,0.2,0.5,common_mode_only,0.4583333333333333,1.0,0.5,0.00374568378050812,0.005668971911916793
112,0.0,0.2,0.5,combined,0.0,0.3333333333333333,0.5,0.00374568378050812,0.005668971911916793
112,0.0,0.4,0.0,raw_residual,0.0,1.0,1.0,0.011229623554337511,0.0
112,0.0,0.4,0.0,visibility_only,0.0,1.0,1.0,0.011229623554337511,0.0
112,0.0,0.4,0.0,common_mode_only,0.0,1.0,1.0,0.014324233656609371,0.01719789626988352
112,0.0,0.4,0.0,combined,0.0,1.0,1.0,0.014324233656609371,0.01719789626988352
112,0.0,0.4,0.5,raw_residual,0.5,1.0,0.5,0.011866724082695077,0.0
112,0.0,0.4,0.5,visibility_only,0.0,0.5,0.5,0.011866724082695077,0.0
112,0.0,0.4,0.5,common_mode_only,0.5,1.0,0.5,0.013503278350815707,0.009869206999111087
112,0.0,0.4,0.5,combined,0.0,0.5,0.5,0.013503278350815707,0.009869206999111087
112,0.0,0.6,0.0,raw_residual,0.0,1.0,1.0,0.01664607442253686,0.0
112,0.0,0.6,0.0,visibility_only,0.0,1.0,1.0,0.01664607442253686,0.0
112,0.0,0.6,0.0,common_mode_only,1.0,0.05555555555555555,1.0,0.9892625776749704,0.9744552005266036
112,0.0,0.6,0.0,combined,1.0,0.05555555555555555,1.0,0.9892625776749704,0.9744552005266036
112,0.0,0.6,0.5,raw_residual,0.5,1.0,0.5,0.017069335506985955,0.0
112,0.0,0.6,0.5,visibility_only,0.0,0.5,0.5,0.017069335506985955,0.0
112,0.0,0.6,0.5,common_mode_only,1.0,0.5,0.5,0.9917292472899295,0.9747356655730623
112,0.0,0.6,0.5,combined,0.5,0.0,0.5,0.9917292472899295,0.9747356655730623
112,0.0,0.8,0.0,raw_residual,0.0,1.0,1.0,0.02178151271329928,0.0
112,0.0,0.8,0.0,visibility_only,0.0,1.0,1.0,0.02178151271329928,0.0
112,0.0,0.8,0.0,common_mode_only,1.0,0.0,1.0,0.998408418331405,0.9884452619888059
112,0.0,0.8,0.0,combined,1.0,0.0,1.0,0.998408418331405,0.9884452619888059
112,0.0,0.8,0.5,raw_residual,0.5,1.0,0.5,0.02205022195277803,0.0
112,0.0,0.8,0.5,visibility_only,0.0,0.5,0.5,0.02205022195277803,0.0
112,0.0,0.8,0.5,common_mode_only,1.0,0.5,0.5,0.9961508885650566,0.9837241724929792
112,0.0,0.8,0.5,combined,0.5,0.0,0.5,0.9961508885650566,0.9837241724929792
112,0.15,0.2,0.0,raw_residual,1.0,1.0,1.0,0.1472602781315868,0.15
112,0.15,0.2,0.0,visibility_only,1.0,1.0,1.0,0.1472602781315868,0.15
112,0.15,0.2,0.0,common_mode_only,0.0,1.0,1.0,0.004787044860750627,0.004410282724093743
112,0.15,0.2,0.0,combined,0.0,1.0,1.0,0.004787044860750627,0.004410282724093743
112,0.15,0.2,0.5,raw_residual,1.0,1.0,0.5,0.14535220945932703,0.15
112,0.15,0.2,0.5,visibility_only,0.5416666666666666,0.3333333333333333,0.5,0.14535220945932703,0.15
112,0.15,0.2,0.5,common_mode_only,0.4583333333333333,1.0,0.5,0.003745683780508118,0.005668971911916802
112,0.15,0.2,0.5,combined,0.0,0.3333333333333333,0.5,0.003745683780508118,0.005668971911916802
112,0.15,0.4,0.0,raw_residual,1.0,1.0,1.0,0.14726027813158674,0.15
112,0.15,0.4,0.0,visibility_only,1.0,1.0,1.0,0.14726027813158674,0.15
112,0.15,0.4,0.0,common_mode_only,0.0,1.0,1.0,0.014324233656609398,0.017197896269883516
112,0.15,0.4,0.0,combined,0.0,1.0,1.0,0.014324233656609398,0.017197896269883516
112,0.15,0.4,0.5,raw_residual,1.0,1.0,0.5,0.14535220945932703,0.15
112,0.15,0.4,0.5,visibility_only,0.5,0.5,0.5,0.14535220945932703,0.15
112,0.15,0.4,0.5,common_mode_only,0.5,1.0,0.5,0.01350327835081571,0.009869206999111075
112,0.15,0.4,0.5,combined,0.0,0.5,0.5,0.01350327835081571,0.009869206999111075
112,0.15,0.6,0.0,raw_residual,1.0,1.0,1.0,0.14726027813158674,0.15
112,0.15,0.6,0.0,visibility_only,1.0,1.0,1.0,0.14726027813158674,0.15
112,0.15,0.6,0.0,common_mode_only,1.0,0.05555555555555555,1.0,0.9892625776749704,0.9744552005266035
112,0.15,0.6,0.0,combined,1.0,0.05555555555555555,1.0,0.9892625776749704,0.9744552005266035
112,0.15,0.6,0.5,raw_residual,1.0,1.0,0.5,0.145352209459327,0.15
112,0.15,0.6,0.5,visibility_only,0.5,0.5,0.5,0.145352209459327,0.15
112,0.15,0.6,0.5,common_mode_only,1.0,0.5,0.5,0.9917292472899295,0.9747356655730622
112,0.15,0.6,0.5,combined,0.5,0.0,0.5,0.9917292472899295,0.9747356655730622
112,0.15,0.8,0.0,raw_residual,1.0,1.0,1.0,0.1472602781315867,0.15
112,0.15,0.8,0.0,visibility_only,1.0,1.0,1.0,0.1472602781315867,0.15
112,0.15,0.8,0.0,common_mode_only,1.0,0.0,1.0,0.998408418331405,0.9884452619888058
112,0.15,0.8,0.0,combined,1.0,0.0,1.0,0.998408418331405,0.9884452619888058
112,0.15,0.8,0.5,raw_residual,1.0,1.0,0.5,0.14535220945932698,0.15
112,0.15,0.8,0.5,visibility_only,0.5,0.5,0.5,0.14535220945932698,0.15
112,0.15,0.8,0.5,common_mode_only,1.0,0.5,0.5,0.9961508885650566,0.9837241724929792
112,0.15,0.8,0.5,combined,0.5,0.0,0.5,0.9961508885650566,0.9837241724929792
112,0.3,0.2,0.0,raw_residual,1.0,1.0,1.0,0.29652878985763925,0.3
112,0.3,0.2,0.0,visibility_only,1.0,1.0,1.0,0.29652878985763925,0.3
112,0.3,0.2,0.0,common_mode_only,0.0,1.0,1.0,0.004787044860750624,0.004410282724093743
112,0.3,0.2,0.0,combined,0.0,1.0,1.0,0.004787044860750624,0.004410282724093743
112,0.3,0.2,0.5,raw_residual,1.0,1.0,0.5,0.294601435909981,0.3
112,0.3,0.2,0.5,visibility_only,0.5416666666666666,0.3333333333333333,0.5,0.294601435909981,0.3
112,0.3,0.2,0.5,common_mode_only,0.4583333333333333,1.0,0.5,0.00374568378050812,0.005668971911916774
112,0.3,0.2,0.5,combined,0.0,0.3333333333333333,0.5,0.00374568378050812,0.005668971911916774
112,0.3,0.4,0.0,raw_residual,1.0,1.0,1.0,0.29652878985763925,0.3
112,0.3,0.4,0.0,visibility_only,1.0,1.0,1.0,0.29652878985763925,0.3
112,0.3,0.4,0.0,common_mode_only,0.0,1.0,1.0,0.014324233656609368,0.01719789626988354
112,0.3,0.4,0.0,combined,0.0,1.0,1.0,0.014324233656609368,0.01719789626988354
112,0.3,0.4,0.5,raw_residual,1.0,1.0,0.5,0.294601435909981,0.3
112,0.3,0.4,0.5,visibility_only,0.5,0.5,0.5,0.294601435909981,0.3
112,0.3,0.4,0.5,common_mode_only,0.5,1.0,0.5,0.01350327835081571,0.009869206999111105
112,0.3,0.4,0.5,combined,0.0,0.5,0.5,0.01350327835081571,0.009869206999111105
112,0.3,0.6,0.0,raw_residual,1.0,1.0,1.0,0.29652878985763925,0.3
112,0.3,0.6,0.0,visibility_only,1.0,1.0,1.0,0.29652878985763925,0.3
112,0.3,0.6,0.0,common_mode_only,1.0,0.05555555555555555,1.0,0.9892625776749704,0.9744552005266036
112,0.3,0.6,0.0,combined,1.0,0.05555555555555555,1.0,0.9892625776749704,0.9744552005266036
112,0.3,0.6,0.5,raw_residual,1.0,1.0,0.5,0.294601435909981,0.3
112,0.3,0.6,0.5,visibility_only,0.5,0.5,0.5,0.294601435909981,0.3
112,0.3,0.6,0.5,common_mode_only,1.0,0.5,0.5,0.9917292472899295,0.9747356655730623
112,0.3,0.6,0.5,combined,0.5,0.0,0.5,0.9917292472899295,0.9747356655730623
112,0.3,0.8,0.0,raw_residual,1.0,1.0,1.0,0.29652878985763925,0.3
112,0.3,0.8,0.0,visibility_only,1.0,1.0,1.0,0.29652878985763925,0.3
112,0.3,0.8,0.0,common_mode_only,1.0,0.0,1.0,0.998408418331405,0.9884452619888059
112,0.3,0.8,0.0,combined,1.0,0.0,1.0,0.998408418331405,0.9884452619888059
112,0.3,0.8,0.5,raw_residual,1.0,1.0,0.5,0.294601435909981,0.3
112,0.3,0.8,0.5,visibility_only,0.5,0.5,0.5,0.294601435909981,0.3
112,0.3,0.8,0.5,common_mode_only,1.0,0.5,0.5,0.9961508885650566,0.9837241724929793
112,0.3,0.8,0.5,combined,0.5,0.0,0.5,0.9961508885650566,0.9837241724929793
112,0.6,0.2,0.0,raw_residual,1.0,1.0,1.0,0.5961716879826319,0.6
112,0.6,0.2,0.0,visibility_only,1.0,1.0,1.0,0.5961716879826319,0.6
112,0.6,0.2,0.0,common_mode_only,0.0,1.0,1.0,0.004787044860750629,0.004410282724093773
112,0.6,0.2,0.0,combined,0.0,1.0,1.0,0.004787044860750629,0.004410282724093773
112,0.6,0.2,0.5,raw_residual,1.0,1.0,0.5,0.5942355784177631,0.6
112,0.6,0.2,0.5,visibility_only,0.5416666666666666,0.3333333333333333,0.5,0.5942355784177631,0.6
112,0.6,0.2,0.5,common_mode_only,0.4583333333333333,1.0,0.5,0.00374568378050812,0.005668971911916774
112,0.6,0.2,0.5,combined,0.0,0.3333333333333333,0.5,0.00374568378050812,0.005668971911916774
112,0.6,0.4,0.0,raw_residual,1.0,1.0,1.0,0.5961716879826319,0.6
112,0.6,0.4,0.0,visibility_only,1.0,1.0,1.0,0.5961716879826319,0.6
112,0.6,0.4,0.0,common_mode_only,0.0,1.0,1.0,0.014324233656609352,0.017197896269883484
112,0.6,0.4,0.0,combined,0.0,1.0,1.0,0.014324233656609352,0.017197896269883484
112,0.6,0.4,0.5,raw_residual,1.0,1.0,0.5,0.5942355784177631,0.6
112,0.6,0.4,0.5,visibility_only,0.5,0.5,0.5,0.5942355784177631,0.6
112,0.6,0.4,0.5,common_mode_only,0.5,1.0,0.5,0.013503278350815684,0.009869206999111105
112,0.6,0.4,0.5,combined,0.0,0.5,0.5,0.013503278350815684,0.009869206999111105
112,0.6,0.6,0.0,raw_residual,1.0,1.0,1.0,0.5961716879826319,0.6
112,0.6,0.6,0.0,visibility_only,1.0,1.0,1.0,0.5961716879826319,0.6
112,0.6,0.6,0.0,common_mode_only,1.0,0.05555555555555555,1.0,0.9892625776749704,0.9744552005266037
112,0.6,0.6,0.0,combined,1.0,0.05555555555555555,1.0,0.9892625776749704,0.9744552005266037
112,0.6,0.6,0.5,raw_residual,1.0,1.0,0.5,0.5942355784177632,0.6
112,0.6,0.6,0.5,visibility_only,0.5,0.5,0.5,0.5942355784177632,0.6
112,0.6,0.6,0.5,common_mode_only,1.0,0.5,0.5,0.9917292472899295,0.9747356655730625
112,0.6,0.6,0.5,combined,0.5,0.0,0.5,0.9917292472899295,0.9747356655730625
112,0.6,0.8,0.0,raw_residual,1.0,1.0,1.0,0.5961716879826319,0.6
112,0.6,0.8,0.0,visibility_only,1.0,1.0,1.0,0.5961716879826319,0.6
112,0.6,0.8,0.0,common_mode_only,1.0,0.0,1.0,0.998408418331405,0.988445261988806
112,0.6,0.8,0.0,combined,1.0,0.0,1.0,0.998408418331405,0.988445261988806
112,0.6,0.8,0.5,raw_residual,1.0,1.0,0.5,0.5942355784177632,0.6
112,0.6,0.8,0.5,visibility_only,0.5,0.5,0.5,0.5942355784177632,0.6
112,0.6,0.8,0.5,common_mode_only,1.0,0.5,0.5,0.9961508885650566,0.9837241724929794
112,0.6,0.8,0.5,combined,0.5,0.0,0.5,0.9961508885650566,0.9837241724929794
113,0.0,0.2,0.0,raw_residual,0.0,1.0,1.0,0.0055590959667321145,0.0
113,0.0,0.2,0.0,visibility_only,0.0,1.0,1.0,0.0055590959667321145,0.0
113,0.0,0.2,0.0,common_mode_only,0.0,1.0,1.0,0.005395598955399269,0.003217011423501575
113,0.0,0.2,0.0,combined,0.0,1.0,1.0,0.005395598955399269,0.003217011423501575
113,0.0,0.2,0.5,raw_residual,0.4583333333333333,1.0,0.5,0.0028564140042296403,0.0
113,0.0,0.2,0.5,visibility_only,0.0,0.3333333333333333,0.5,0.0028564140042296403,0.0
113,0.0,0.2,0.5,common_mode_only,0.4583333333333333,1.0,0.5,0.003093608491780625,0.01595975574477669
113,0.0,0.2,0.5,combined,0.0,0.3333333333333333,0.5,0.003093608491780625,0.01595975574477669
113,0.0,0.4,0.0,raw_residual,0.0,1.0,1.0,0.008851316046040385,0.0
113,0.0,0.4,0.0,visibility_only,0.0,1.0,1.0,0.008851316046040385,0.0
113,0.0,0.4,0.0,common_mode_only,0.0,1.0,1.0,0.012506605715115084,0.023398356125539182
113,0.0,0.4,0.0,combined,0.0,1.0,1.0,0.012506605715115084,0.023398356125539182
113,0.0,0.4,0.5,raw_residual,0.3888888888888889,1.0,0.5,0.005203997182850067,0.0
113,0.0,0.4,0.5,visibility_only,0.0,0.3333333333333333,0.5,0.005203997182850067,0.0
113,0.0,0.4,0.5,common_mode_only,0.3888888888888889,1.0,0.5,0.0063976035179751315,0.01828593588862758
113,0.0,0.4,0.5,combined,0.0,0.3333333333333333,0.5,0.0063976035179751315,0.01828593588862758
113,0.0,0.6,0.0,raw_residual,0.0,1.0,1.0,0.013424442843402738,0.0
113,0.0,0.6,0.0,visibility_only,0.0,1.0,1.0,0.013424442843402738,0.0
113,0.0,0.6,0.0,common_mode_only,1.0,0.05555555555555555,1.0,0.9952237065799173,0.9890244552991716
113,0.0,0.6,0.0,combined,1.0,0.05555555555555555,1.0,0.9952237065799173,0.9890244552991716
113,0.0,0.6,0.5,raw_residual,0.3333333333333333,1.0,0.5,0.01002372683181384,0.0
113,0.0,0.6,0.5,visibility_only,0.0,0.3888888888888889,0.5,0.01002372683181384,0.0
113,0.0,0.6,0.5,common_mode_only,0.3333333333333333,1.0,0.5,0.01698000970723264,0.03327446429328062
113,0.0,0.6,0.5,combined,0.0,0.3888888888888889,0.5,0.01698000970723264,0.03327446429328062
113,0.0,0.8,0.0,raw_residual,0.0,1.0,1.0,0.019247010295492185,0.0
113,0.0,0.8,0.0,visibility_only,0.0,1.0,1.0,0.019247010295492185,0.0
113,0.0,0.8,0.0,common_mode_only,1.0,0.041666666666666664,1.0,1.0003664572208941,0.9971092585002507
113,0.0,0.8,0.0,combined,1.0,0.041666666666666664,1.0,1.0003664572208941,0.9971092585002507
113,0.0,0.8,0.5,raw_residual,0.16666666666666666,1.0,0.5,0.015912107573819716,0.0
113,0.0,0.8,0.5,visibility_only,0.0,0.4166666666666667,0.5,0.015912107573819716,0.0
113,0.0,0.8,0.5,common_mode_only,1.0,0.5833333333333334,0.5,0.999770520780343,0.9933478589882486
113,0.0,0.8,0.5,combined,0.8333333333333334,0.0,0.5,0.999770520780343,0.9933478589882486
113,0.15,0.2,0.0,raw_residual,1.0,1.0,1.0,0.1522449150371945,0.15
113,0.15,0.2,0.0,visibility_only,1.0,1.0,1.0,0.1522449150371945,0.15
113,0.15,0.2,0.0,common_mode_only,0.0,1.0,1.0,0.005395598955399273,0.003217011423501572
113,0.15,0.2,0.0,combined,0.0,1.0,1.0,0.005395598955399273,0.003217011423501572
113,0.15,0.2,0.5,raw_residual,1.0,1.0,0.5,0.15362309563249013,0.15
113,0.15,0.2,0.5,visibility_only,0.5416666666666666,0.3333333333333333,0.5,0.15362309563249013,0.15
113,0.15,0.2,0.5,common_mode_only,0.4583333333333333,1.0,0.5,0.003093608491780633,0.01595975574477669
113,0.15,0.2,0.5,combined,0.0,0.3333333333333333,0.5,0.003093608491780633,0.01595975574477669
113,0.15,0.4,0.0,raw_residual,1.0,1.0,1.0,0.1522449150371945,0.15
113,0.15,0.4,0.0,visibility_only,1.0,1.0,1.0,0.1522449150371945,0.15
113,0.15,0.4,0.0,common_mode_only,0.0,1.0,1.0,0.012506605715115129,0.0233983561255392
113,0.15,0.4,0.0,combined,0.0,1.0,1.0,0.012506605715115129,0.0233983561255392
113,0.15,0.4,0.5,raw_residual,1.0,1.0,0.5,0.1536230956324901,0.15
113,0.15,0.4,0.5,visibility_only,0.6111111111111112,0.3333333333333333,0.5,0.1536230956324901,0.15
113,0.15,0.4,0.5,common_mode_only,0.3888888888888889,1.0,0.5,0.0063976035179751315,0.018285935888627588
113,0.15,0.4,0.5,combined,0.0,0.3333333333333333,0.5,0.0063976035179751315,0.018285935888627588
113,0.15,0.6,0.0,raw_residual,1.0,1.0,1.0,0.15224491503719448,0.15
113,0.15,0.6,0.0,visibility_only,1.0,1.0,1.0,0.15224491503719448,0.15
113,0.15,0.6,0.0,common_mode_only,1.0,0.05555555555555555,1.0,0.9952237065799173,0.9890244552991715
113,0.15,0.6,0.0,combined,1.0,0.05555555555555555,1.0,0.9952237065799173,0.9890244552991715
113,0.15,0.6,0.5,raw_residual,1.0,1.0,0.5,0.1536230956324901,0.15
113,0.15,0.6,0.5,visibility_only,0.6666666666666666,0.3888888888888889,0.5,0.1536230956324901,0.15
113,0.15,0.6,0.5,common_mode_only,0.3333333333333333,1.0,0.5,0.016980009707232693,0.03327446429328062
113,0.15,0.6,0.5,combined,0.0,0.3888888888888889,0.5,0.016980009707232693,0.03327446429328062
113,0.15,0.8,0.0,raw_residual,1.0,1.0,1.0,0.15224491503719448,0.15
113,0.15,0.8,0.0,visibility_only,1.0,1.0,1.0,0.15224491503719448,0.15
113,0.15,0.8,0.0,common_mode_only,1.0,0.041666666666666664,1.0,1.0003664572208941,0.9971092585002506
113,0.15,0.8,0.0,combined,1.0,0.041666666666666664,1.0,1.0003664572208941,0.9971092585002506
113,0.15,0.8,0.5,raw_residual,1.0,1.0,0.5,0.15362309563249008,0.15
113,0.15,0.8,0.5,visibility_only,0.8333333333333334,0.4166666666666667,0.5,0.15362309563249008,0.15
113,0.15,0.8,0.5,common_mode_only,1.0,0.5833333333333334,0.5,0.9997705207803429,0.9933478589882485
113,0.15,0.8,0.5,combined,0.8333333333333334,0.0,0.5,0.9997705207803429,0.9933478589882485
113,0.3,0.2,0.0,raw_residual,1.0,1.0,1.0,0.3016618734097415,0.3
113,0.3,0.2,0.0,visibility_only,1.0,1.0,1.0,0.3016618734097415,0.3
113,0.3,0.2,0.0,common_mode_only,0.0,1.0,1.0,0.0053955989553992854,0.003217011423501572
113,0.3,0.2,0.0,combined,0.0,1.0,1.0,0.0053955989553992854,0.003217011423501572
113,0.3,0.2,0.5,raw_residual,1.0,1.0,0.5,0.30319537661660806,0.3
113,0.3,0.2,0.5,visibility_only,0.5416666666666666,0.3333333333333333,0.5,0.30319537661660806,0.3
113,0.3,0.2,0.5,common_mode_only,0.4583333333333333,1.0,0.5,0.003093608491780625,0.01595975574477669
113,0.3,0.2,0.5,combined,0.0,0.3333333333333333,0.5,0.003093608491780625,0.01595975574477669
113,0.3,0.4,0.0,raw_residual,1.0,1.0,1.0,0.3016618734097415,0.3
113,0.3,0.4,0.0,visibility_only,1.0,1.0,1.0,0.3016618734097415,0.3
113,0.3,0.4,0.0,common_mode_only,0.0,1.0,1.0,0.012506605715115091,0.02339835612553917
113,0.3,0.4,0.0,combined,0.0,1.0,1.0,0.012506605715115091,0.02339835612553917
113,0.3,0.4,0.5,raw_residual,1.0,1.0,0.5,0.30319537661660806,0.3
113,0.3,0.4,0.5,visibility_only,0.6111111111111112,0.3333333333333333,0.5,0.30319537661660806,0.3
113,0.3,0.4,0.5,common_mode_only,0.3888888888888889,1.0,0.5,0.006397603517975107,0.018285935888627564
113,0.3,0.4,0.5,combined,0.0,0.3333333333333333,0.5,0.006397603517975107,0.018285935888627564
113,0.3,0.6,0.0,raw_residual,1.0,1.0,1.0,0.30166187340974154,0.3
113,0.3,0.6,0.0,visibility_only,1.0,1.0,1.0,0.30166187340974154,0.3
113,0.3,0.6,0.0,common_mode_only,1.0,0.05555555555555555,1.0,0.9952237065799173,0.9890244552991716
113,0.3,0.6,0.0,combined,1.0,0.05555555555555555,1.0,0.9952237065799173,0.9890244552991716
113,0.3,0.6,0.5,raw_residual,1.0,1.0,0.5,0.30319537661660806,0.3
113,0.3,0.6,0.5,visibility_only,0.6666666666666666,0.3888888888888889,0.5,0.30319537661660806,0.3
113,0.3,0.6,0.5,common_mode_only,0.3333333333333333,1.0,0.5,0.016980009707232603,0.03327446429328059
113,0.3,0.6,0.5,combined,0.0,0.3888888888888889,0.5,0.016980009707232603,0.03327446429328059
113,0.3,0.8,0.0,raw_residual,1.0,1.0,1.0,0.30166187340974154,0.3
113,0.3,0.8,0.0,visibility_only,1.0,1.0,1.0,0.30166187340974154,0.3
113,0.3,0.8,0.0,common_mode_only,1.0,0.041666666666666664,1.0,1.0003664572208941,0.9971092585002505
113,0.3,0.8,0.0,combined,1.0,0.041666666666666664,1.0,1.0003664572208941,0.9971092585002505
113,0.3,0.8,0.5,raw_residual,1.0,1.0,0.5,0.30319537661660806,0.3
113,0.3,0.8,0.5,visibility_only,0.8333333333333334,0.4166666666666667,0.5,0.30319537661660806,0.3
113,0.3,0.8,0.5,common_mode_only,1.0,0.5833333333333334,0.5,0.999770520780343,0.9933478589882486
113,0.3,0.8,0.5,combined,0.8333333333333334,0.0,0.5,0.999770520780343,0.9933478589882486
113,0.6,0.2,0.0,raw_residual,1.0,1.0,1.0,0.6013550013281357,0.6
113,0.6,0.2,0.0,visibility_only,1.0,1.0,1.0,0.6013550013281357,0.6
113,0.6,0.2,0.0,common_mode_only,0.0,1.0,1.0,0.0053955989553992854,0.003217011423501572
113,0.6,0.2,0.0,combined,0.0,1.0,1.0,0.0053955989553992854,0.003217011423501572
113,0.6,0.2,0.5,raw_residual,1.0,1.0,0.5,0.6029791788372312,0.6
113,0.6,0.2,0.5,visibility_only,0.5416666666666666,0.3333333333333333,0.5,0.6029791788372312,0.6
113,0.6,0.2,0.5,common_mode_only,0.4583333333333333,1.0,0.5,0.003093608491780617,0.01595975574477669
113,0.6,0.2,0.5,combined,0.0,0.3333333333333333,0.5,0.003093608491780617,0.01595975574477669
113,0.6,0.4,0.0,raw_residual,1.0,1.0,1.0,0.6013550013281358,0.6
113,0.6,0.4,0.0,visibility_only,1.0,1.0,1.0,0.6013550013281358,0.6
113,0.6,0.4,0.0,common_mode_only,0.0,1.0,1.0,0.01250660571511506,0.02339835612553917
113,0.6,0.4,0.0,combined,0.0,1.0,1.0,0.01250660571511506,0.02339835612553917
113,0.6,0.4,0.5,raw_residual,1.0,1.0,0.5,0.6029791788372312,0.6
113,0.6,0.4,0.5,visibility_only,0.6111111111111112,0.3333333333333333,0.5,0.6029791788372312,0.6
113,0.6,0.4,0.5,common_mode_only,0.3888888888888889,1.0,0.5,0.006397603517975107,0.018285935888627612
113,0.6,0.4,0.5,combined,0.0,0.3333333333333333,0.5,0.006397603517975107,0.018285935888627612
113,0.6,0.6,0.0,raw_residual,1.0,1.0,1.0,0.6013550013281358,0.6
113,0.6,0.6,0.0,visibility_only,1.0,1.0,1.0,0.6013550013281358,0.6
113,0.6,0.6,0.0,common_mode_only,1.0,0.05555555555555555,1.0,0.9952237065799173,0.9890244552991716
113,0.6,0.6,0.0,combined,1.0,0.05555555555555555,1.0,0.9952237065799173,0.9890244552991716
113,0.6,0.6,0.5,raw_residual,1.0,1.0,0.5,0.6029791788372312,0.6
113,0.6,0.6,0.5,visibility_only,0.6666666666666666,0.3888888888888889,0.5,0.6029791788372312,0.6
113,0.6,0.6,0.5,common_mode_only,0.3333333333333333,1.0,0.5,0.016980009707232603,0.033274464293280646
113,0.6,0.6,0.5,combined,0.0,0.3888888888888889,0.5,0.016980009707232603,0.033274464293280646
113,0.6,0.8,0.0,raw_residual,1.0,1.0,1.0,0.6013550013281359,0.6
113,0.6,0.8,0.0,visibility_only,1.0,1.0,1.0,0.6013550013281359,0.6
113,0.6,0.8,0.0,common_mode_only,1.0,0.041666666666666664,1.0,1.0003664572208941,0.9971092585002508
113,0.6,0.8,0.0,combined,1.0,0.041666666666666664,1.0,1.0003664572208941,0.9971092585002508
113,0.6,0.8,0.5,raw_residual,1.0,1.0,0.5,0.6029791788372312,0.6
113,0.6,0.8,0.5,visibility_only,0.8333333333333334,0.4166666666666667,0.5,0.6029791788372312,0.6
113,0.6,0.8,0.5,common_mode_only,1.0,0.5833333333333334,0.5,0.999770520780343,0.9933478589882487
113,0.6,0.8,0.5,combined,0.8333333333333334,0.0,0.5,0.999770520780343,0.9933478589882487
114,0.0,0.2,0.0,raw_residual,0.0,1.0,1.0,0.005395950735555233,0.0
114,0.0,0.2,0.0,visibility_only,0.0,1.0,1.0,0.005395950735555233,0.0
114,0.0,0.2,0.0,common_mode_only,0.0,1.0,1.0,0.005329847442657395,0.0026906468400769725
114,0.0,0.2,0.0,combined,0.0,1.0,1.0,0.005329847442657395,0.0026906468400769725
114,0.0,0.2,0.5,raw_residual,0.5416666666666666,1.0,0.36666666666666664,0.0,0.0
114,0.0,0.2,0.5,visibility_only,0.0,0.0,0.36666666666666664,0.0,0.0
114,0.0,0.2,0.5,common_mode_only,0.5833333333333334,1.0,0.36666666666666664,0.006148147210899943,0.015069382900272725
114,0.0,0.2,0.5,combined,0.041666666666666664,0.0,0.36666666666666664,0.006148147210899943,0.015069382900272725
114,0.0,0.4,0.0,raw_residual,0.0,1.0,1.0,0.009899111111049835,0.0
114,0.0,0.4,0.0,visibility_only,0.0,1.0,1.0,0.009899111111049835,0.0
114,0.0,0.4,0.0,common_mode_only,0.05555555555555555,1.0,1.0,0.01520897604791314,0.023215545186271336
114,0.0,0.4,0.0,combined,0.05555555555555555,1.0,1.0,0.01520897604791314,0.023215545186271336
114,0.0,0.4,0.5,raw_residual,0.5555555555555556,1.0,0.36666666666666664,0.010015203470154627,0.0
114,0.0,0.4,0.5,visibility_only,0.0,0.25,0.36666666666666664,0.010015203470154627,0.0
114,0.0,0.4,0.5,common_mode_only,0.6111111111111112,1.0,0.36666666666666664,0.015099025638566023,0.013479236455139817
114,0.0,0.4,0.5,combined,0.05555555555555555,0.25,0.36666666666666664,0.015099025638566023,0.013479236455139817
114,0.0,0.6,0.0,raw_residual,0.0,1.0,1.0,0.014094045114532017,0.0
114,0.0,0.6,0.0,visibility_only,0.0,1.0,1.0,0.014094045114532017,0.0
114,0.0,0.6,0.0,common_mode_only,1.0,0.05555555555555555,1.0,0.9880532640577384,0.9828388679053047
114,0.0,0.6,0.0,combined,1.0,0.05555555555555555,1.0,0.9880532640577384,0.9828388679053047
114,0.0,0.6,0.5,raw_residual,0.5,1.0,0.36666666666666664,0.01391369892238341,0.0
114,0.0,0.6,0.5,visibility_only,0.0,0.2777777777777778,0.36666666666666664,0.01391369892238341,0.0
114,0.0,0.6,0.5,common_mode_only,0.5833333333333334,1.0,0.36666666666666664,0.026359865765377653,0.03133200129707786
114,0.0,0.6,0.5,combined,0.08333333333333333,0.2777777777777778,0.36666666666666664,0.026359865765377653,0.03133200129707786
114,0.0,0.8,0.0,raw_residual,0.0,1.0,1.0,0.019123717288661433,0.0
114,0.0,0.8,0.0,visibility_only,0.0,1.0,1.0,0.019123717288661433,0.0
114,0.0,0.8,0.0,common_mode_only,1.0,0.0,1.0,0.9963159951340658,0.9926721708882041
114,0.0,0.8,0.0,combined,1.0,0.0,1.0,0.9963159951340658,0.9926721708882041
114,0.0,0.8,0.5,raw_residual,0.8333333333333334,1.0,0.36666666666666664,0.02554568351329166,0.0
114,0.0,0.8,0.5,visibility_only,0.0,0.4166666666666667,0.36666666666666664,0.02554568351329166,0.0
114,0.0,0.8,0.5,common_mode_only,1.0,0.625,0.36666666666666664,1.0005941531604619,0.9924876575287166
114,0.0,0.8,0.5,combined,0.16666666666666666,0.041666666666666664,0.36666666666666664,1.0005941531604619,0.9924876575287166
114,0.15,0.2,0.0,raw_residual,1.0,1.0,1.0,0.15492670540000528,0.15
114,0.15,0.2,0.0,visibility_only,1.0,1.0,1.0,0.15492670540000528,0.15
114,0.15,0.2,0.0,common_mode_only,0.0,1.0,1.0,0.0053298474426573825,0.0026906468400769586
114,0.15,0.2,0.0,combined,0.0,1.0,1.0,0.0053298474426573825,0.0026906468400769586
114,0.15,0.2,0.5,raw_residual,1.0,1.0,0.36666666666666664,0.150824375671718,0.15
114,0.15,0.2,0.5,visibility_only,0.4583333333333333,0.0,0.36666666666666664,0.150824375671718,0.15
114,0.15,0.2,0.5,common_mode_only,0.5833333333333334,1.0,0.36666666666666664,0.006148147210899943,0.015069382900272727
114,0.15,0.2,0.5,combined,0.041666666666666664,0.0,0.36666666666666664,0.006148147210899943,0.015069382900272727
114,0.15,0.4,0.0,raw_residual,1.0,1.0,1.0,0.15492670540000525,0.15
114,0.15,0.4,0.0,visibility_only,1.0,1.0,1.0,0.15492670540000525,0.15
114,0.15,0.4,0.0,common_mode_only,0.05555555555555555,1.0,1.0,0.015208976047913174,0.023215545186271343
114,0.15,0.4,0.0,combined,0.05555555555555555,1.0,1.0,0.015208976047913174,0.023215545186271343
114,0.15,0.4,0.5,raw_residual,1.0,1.0,0.36666666666666664,0.15082437567171797,0.15
114,0.15,0.4,0.5,visibility_only,0.4444444444444444,0.25,0.36666666666666664,0.15082437567171797,0.15
114,0.15,0.4,0.5,common_mode_only,0.6111111111111112,1.0,0.36666666666666664,0.015099025638566044,0.013479236455139817
114,0.15,0.4,0.5,combined,0.05555555555555555,0.25,0.36666666666666664,0.015099025638566044,0.013479236455139817
114,0.15,0.6,0.0,raw_residual,1.0,1.0,1.0,0.15492670540000525,0.15
114,0.15,0.6,0.0,visibility_only,1.0,1.0,1.0,0.15492670540000525,0.15
114,0.15,0.6,0.0,common_mode_only,1.0,0.05555555555555555,1.0,0.9880532640577385,0.9828388679053047
114,0.15,0.6,0.0,combined,1.0,0.05555555555555555,1.0,0.9880532640577385,0.9828388679053047
114,0.15,0.6,0.5,raw_residual,1.0,1.0,0.36666666666666664,0.15082437567171797,0.15
114,0.15,0.6,0.5,visibility_only,0.5,0.2777777777777778,0.36666666666666664,0.15082437567171797,0.15
114,0.15,0.6,0.5,common_mode_only,0.5833333333333334,1.0,0.36666666666666664,0.026359865765377685,0.031332001297077874
114,0.15,0.6,0.5,combined,0.08333333333333333,0.2777777777777778,0.36666666666666664,0.026359865765377685,0.031332001297077874
114,0.15,0.8,0.0,raw_residual,1.0,1.0,1.0,0.15492670540000525,0.15
114,0.15,0.8,0.0,visibility_only,1.0,1.0,1.0,0.15492670540000525,0.15
114,0.15,0.8,0.0,common_mode_only,1.0,0.0,1.0,0.9963159951340658,0.9926721708882039
114,0.15,0.8,0.0,combined,1.0,0.0,1.0,0.9963159951340658,0.9926721708882039
114,0.15,0.8,0.5,raw_residual,1.0,1.0,0.36666666666666664,0.15082437567171794,0.15
114,0.15,0.8,0.5,visibility_only,0.16666666666666666,0.4166666666666667,0.36666666666666664,0.15082437567171794,0.15
114,0.15,0.8,0.5,common_mode_only,1.0,0.625,0.36666666666666664,1.0005941531604616,0.9924876575287165
114,0.15,0.8,0.5,combined,0.16666666666666666,0.041666666666666664,0.36666666666666664,1.0005941531604616,0.9924876575287165
114,0.3,0.2,0.0,raw_residual,1.0,1.0,1.0,0.304172706387508,0.3
114,0.3,0.2,0.0,visibility_only,1.0,1.0,1.0,0.304172706387508,0.3
114,0.3,0.2,0.0,common_mode_only,0.0,1.0,1.0,0.005329847442657392,0.0026906468400769855
114,0.3,0.2,0.0,combined,0.0,1.0,1.0,0.005329847442657392,0.0026906468400769855
114,0.3,0.2,0.5,raw_residual,1.0,1.0,0.36666666666666664,0.2998369117312284,0.3
114,0.3,0.2,0.5,visibility_only,0.4583333333333333,0.0,0.36666666666666664,0.2998369117312284,0.3
114,0.3,0.2,0.5,common_mode_only,0.5833333333333334,1.0,0.36666666666666664,0.006148147210899943,0.015069382900272713
114,0.3,0.2,0.5,combined,0.041666666666666664,0.0,0.36666666666666664,0.006148147210899943,0.015069382900272713
114,0.3,0.4,0.0,raw_residual,1.0,1.0,1.0,0.304172706387508,0.3
114,0.3,0.4,0.0,visibility_only,1.0,1.0,1.0,0.304172706387508,0.3
114,0.3,0.4,0.0,common_mode_only,0.05555555555555555,1.0,1.0,0.01520897604791315,0.02321554518627137
114,0.3,0.4,0.0,combined,0.05555555555555555,1.0,1.0,0.01520897604791315,0.02321554518627137
114,0.3,0.4,0.5,raw_residual,1.0,1.0,0.36666666666666664,0.29983691173122845,0.3
114,0.3,0.4,0.5,visibility_only,0.4444444444444444,0.25,0.36666666666666664,0.29983691173122845,0.3
114,0.3,0.4,0.5,common_mode_only,0.6111111111111112,1.0,0.36666666666666664,0.015099025638566042,0.013479236455139817
114,0.3,0.4,0.5,combined,0.05555555555555555,0.25,0.36666666666666664,0.015099025638566042,0.013479236455139817
114,0.3,0.6,0.0,raw_residual,1.0,1.0,1.0,0.304172706387508,0.3
114,0.3,0.6,0.0,visibility_only,1.0,1.0,1.0,0.304172706387508,0.3
114,0.3,0.6,0.0,common_mode_only,1.0,0.05555555555555555,1.0,0.9880532640577386,0.9828388679053048
114,0.3,0.6,0.0,combined,1.0,0.05555555555555555,1.0,0.9880532640577386,0.9828388679053048
114,0.3,0.6,0.5,raw_residual,1.0,1.0,0.36666666666666664,0.2998369117312285,0.3
114,0.3,0.6,0.5,visibility_only,0.5,0.2777777777777778,0.36666666666666664,0.2998369117312285,0.3
114,0.3,0.6,0.5,common_mode_only,0.5833333333333334,1.0,0.36666666666666664,0.0263598657653776,0.03133200129707785
114,0.3,0.6,0.5,combined,0.08333333333333333,0.2777777777777778,0.36666666666666664,0.0263598657653776,0.03133200129707785
114,0.3,0.8,0.0,raw_residual,1.0,1.0,1.0,0.304172706387508,0.3
114,0.3,0.8,0.0,visibility_only,1.0,1.0,1.0,0.304172706387508,0.3
114,0.3,0.8,0.0,common_mode_only,1.0,0.0,1.0,0.9963159951340658,0.9926721708882043
114,0.3,0.8,0.0,combined,1.0,0.0,1.0,0.9963159951340658,0.9926721708882043
114,0.3,0.8,0.5,raw_residual,1.0,1.0,0.36666666666666664,0.2998369117312285,0.3
114,0.3,0.8,0.5,visibility_only,0.16666666666666666,0.4166666666666667,0.36666666666666664,0.2998369117312285,0.3
114,0.3,0.8,0.5,common_mode_only,1.0,0.625,0.36666666666666664,1.0005941531604619,0.9924876575287166
114,0.3,0.8,0.5,combined,0.16666666666666666,0.041666666666666664,0.36666666666666664,1.0005941531604619,0.9924876575287166
114,0.6,0.2,0.0,raw_residual,1.0,1.0,1.0,0.6038028472024929,0.6
114,0.6,0.2,0.0,visibility_only,1.0,1.0,1.0,0.6038028472024929,0.6
114,0.6,0.2,0.0,common_mode_only,0.0,1.0,1.0,0.005329847442657392,0.0026906468400769855
114,0.6,0.2,0.0,combined,0.0,1.0,1.0,0.005329847442657392,0.0026906468400769855
114,0.6,0.2,0.5,raw_residual,1.0,1.0,0.36666666666666664,0.5993489199051568,0.6
114,0.6,0.2,0.5,visibility_only,0.4583333333333333,0.0,0.36666666666666664,0.5993489199051568,0.6
114,0.6,0.2,0.5,common_mode_only,0.5833333333333334,1.0,0.36666666666666664,0.006148147210899943,0.01506938290027274
114,0.6,0.2,0.5,combined,0.041666666666666664,0.0,0.36666666666666664,0.006148147210899943,0.01506938290027274
114,0.6,0.4,0.0,raw_residual,1.0,1.0,1.0,0.603802847202493,0.6
114,0.6,0.4,0.0,visibility_only,1.0,1.0,1.0,0.603802847202493,0.6
114,0.6,0.4,0.0,common_mode_only,0.05555555555555555,1.0,1.0,0.015208976047913126,0.023215545186271315
114,0.6,0.4,0.0,combined,0.05555555555555555,1.0,1.0,0.015208976047913126,0.023215545186271315
114,0.6,0.4,0.5,raw_residual,1.0,1.0,0.36666666666666664,0.5993489199051568,0.6
114,0.6,0.4,0.5,visibility_only,0.4444444444444444,0.25,0.36666666666666664,0.5993489199051568,0.6
114,0.6,0.4,0.5,common_mode_only,0.6111111111111112,1.0,0.36666666666666664,0.015099025638566022,0.01347923645513981
114,0.6,0.4,0.5,combined,0.05555555555555555,0.25,0.36666666666666664,0.015099025638566022,0.01347923645513981
114,0.6,0.6,0.0,raw_residual,1.0,1.0,1.0,0.603802847202493,0.6
114,0.6,0.6,0.0,visibility_only,1.0,1.0,1.0,0.603802847202493,0.6
114,0.6,0.6,0.0,common_mode_only,1.0,0.05555555555555555,1.0,0.9880532640577386,0.982838867905305
114,0.6,0.6,0.0,combined,1.0,0.05555555555555555,1.0,0.9880532640577386,0.982838867905305
114,0.6,0.6,0.5,raw_residual,1.0,1.0,0.36666666666666664,0.5993489199051568,0.6
114,0.6,0.6,0.5,visibility_only,0.5,0.2777777777777778,0.36666666666666664,0.5993489199051568,0.6
114,0.6,0.6,0.5,common_mode_only,0.5833333333333334,1.0,0.36666666666666664,0.026359865765377608,0.03133200129707785
114,0.6,0.6,0.5,combined,0.08333333333333333,0.2777777777777778,0.36666666666666664,0.026359865765377608,0.03133200129707785
114,0.6,0.8,0.0,raw_residual,1.0,1.0,1.0,0.603802847202493,0.6
114,0.6,0.8,0.0,visibility_only,1.0,1.0,1.0,0.603802847202493,0.6
114,0.6,0.8,0.0,common_mode_only,1.0,0.0,1.0,0.9963159951340658,0.9926721708882041
114,0.6,0.8,0.0,combined,1.0,0.0,1.0,0.9963159951340658,0.9926721708882041
114,0.6,0.8,0.5,raw_residual,1.0,1.0,0.36666666666666664,0.5993489199051569,0.6
114,0.6,0.8,0.5,visibility_only,0.16666666666666666,0.4166666666666667,0.36666666666666664,0.5993489199051569,0.6
114,0.6,0.8,0.5,common_mode_only,1.0,0.625,0.36666666666666664,1.0005941531604619,0.9924876575287167
114,0.6,0.8,0.5,combined,0.16666666666666666,0.041666666666666664,0.36666666666666664,1.0005941531604619,0.9924876575287167
115,0.0,0.2,0.0,raw_residual,0.0,1.0,1.0,0.00544777510575693,0.0
115,0.0,0.2,0.0,visibility_only,0.0,1.0,1.0,0.00544777510575693,0.0
115,0.0,0.2,0.0,common_mode_only,0.0,1.0,1.0,0.005380561075839507,0.006732709423297985
115,0.0,0.2,0.0,combined,0.0,1.0,1.0,0.005380561075839507,0.006732709423297985
115,0.0,0.2,0.5,raw_residual,0.5416666666666666,1.0,0.4,0.001491944105227564,0.0
115,0.0,0.2,0.5,visibility_only,0.0,0.16666666666666666,0.4,0.001491944105227564,0.0
115,0.0,0.2,0.5,common_mode_only,0.5416666666666666,1.0,0.4,0.0015733777046753388,0.010146511416645765
115,0.0,0.2,0.5,combined,0.0,0.16666666666666666,0.4,0.0015733777046753388,0.010146511416645765
115,0.0,0.4,0.0,raw_residual,0.0,1.0,1.0,0.011199652892103394,0.0
115,0.0,0.4,0.0,visibility_only,0.0,1.0,1.0,0.011199652892103394,0.0
115,0.0,0.4,0.0,common_mode_only,0.0,1.0,1.0,0.012733794510528277,0.018981750242286693
115,0.0,0.4,0.0,combined,0.0,1.0,1.0,0.012733794510528277,0.018981750242286693
115,0.0,0.4,0.5,raw_residual,0.5,1.0,0.4,0.006589965098050945,0.0
115,0.0,0.4,0.5,visibility_only,0.0,0.25,0.4,0.006589965098050945,0.0
115,0.0,0.4,0.5,common_mode_only,0.5,1.0,0.4,0.005490373455929751,0.016739484947739913
115,0.0,0.4,0.5,combined,0.0,0.25,0.4,0.005490373455929751,0.016739484947739913
115,0.0,0.6,0.0,raw_residual,0.0,1.0,1.0,0.015606234228162968,0.0
115,0.0,0.6,0.0,visibility_only,0.0,1.0,1.0,0.015606234228162968,0.0
115,0.0,0.6,0.0,common_mode_only,1.0,0.0,1.0,0.9932172669650243,0.9850033772868328
115,0.0,0.6,0.0,combined,1.0,0.0,1.0,0.9932172669650243,0.9850033772868328
115,0.0,0.6,0.5,raw_residual,0.5833333333333334,1.0,0.4,0.014858127776332655,0.0
115,0.0,0.6,0.5,visibility_only,0.0,0.3888888888888889,0.4,0.014858127776332655,0.0
115,0.0,0.6,0.5,common_mode_only,1.0,0.6111111111111112,0.4,0.9941292745982652,0.9876750718898917
115,0.0,0.6,0.5,combined,0.4166666666666667,0.0,0.4,0.9941292745982652,0.9876750718898917
115,0.0,0.8,0.0,raw_residual,0.0,1.0,1.0,0.020966933287720344,0.0
115,0.0,0.8,0.0,visibility_only,0.0,1.0,1.0,0.020966933287720344,0.0
115,0.0,0.8,0.0,common_mode_only,1.0,0.0,1.0,0.9978579994950163,0.9922962849939386
115,0.0,0.8,0.0,combined,1.0,0.0,1.0,0.9978579994950163,0.9922962849939386
115,0.0,0.8,0.5,raw_residual,0.5,1.0,0.4,0.02091623951114523,0.0
115,0.0,0.8,0.5,visibility_only,0.0,0.375,0.4,0.02091623951114523,0.0
115,0.0,0.8,0.5,common_mode_only,1.0,0.625,0.4,0.9957331732852944,0.9911227620721912
115,0.0,0.8,0.5,combined,0.5,0.0,0.4,0.9957331732852944,0.9911227620721912
115,0.15,0.2,0.0,raw_residual,1.0,1.0,1.0,0.1526487033116978,0.15
115,0.15,0.2,0.0,visibility_only,1.0,1.0,1.0,0.1526487033116978,0.15
115,0.15,0.2,0.0,common_mode_only,0.0,1.0,1.0,0.0053805610758395055,0.0067327094232979764
115,0.15,0.2,0.0,combined,0.0,1.0,1.0,0.0053805610758395055,0.0067327094232979764
115,0.15,0.2,0.5,raw_residual,1.0,1.0,0.4,0.15654080749439533,0.15
115,0.15,0.2,0.5,visibility_only,0.4583333333333333,0.16666666666666666,0.4,0.15654080749439533,0.15
115,0.15,0.2,0.5,common_mode_only,0.5416666666666666,1.0,0.4,0.0015733777046753326,0.010146511416645763
115,0.15,0.2,0.5,combined,0.0,0.16666666666666666,0.4,0.0015733777046753326,0.010146511416645763
115,0.15,0.4,0.0,raw_residual,1.0,1.0,1.0,0.15264870331169778,0.15
115,0.15,0.4,0.0,visibility_only,1.0,1.0,1.0,0.15264870331169778,0.15
115,0.15,0.4,0.0,common_mode_only,0.0,1.0,1.0,0.012733794510528296,0.018981750242286693
115,0.15,0.4,0.0,combined,0.0,1.0,1.0,0.012733794510528296,0.018981750242286693
115,0.15,0.4,0.5,raw_residual,1.0,1.0,0.4,0.15654080749439528,0.15
115,0.15,0.4,0.5,visibility_only,0.5,0.25,0.4,0.15654080749439528,0.15
115,0.15,0.4,0.5,common_mode_only,0.5,1.0,0.4,0.005490373455929763,0.01673948494773991
115,0.15,0.4,0.5,combined,0.0,0.25,0.4,0.005490373455929763,0.01673948494773991
115,0.15,0.6,0.0,raw_residual,1.0,1.0,1.0,0.15264870331169778,0.15
115,0.15,0.6,0.0,visibility_only,1.0,1.0,1.0,0.15264870331169778,0.15
115,0.15,0.6,0.0,common_mode_only,1.0,0.0,1.0,0.9932172669650242,0.9850033772868327
115,0.15,0.6,0.0,combined,1.0,0.0,1.0,0.9932172669650242,0.9850033772868327
115,0.15,0.6,0.5,raw_residual,1.0,1.0,0.4,0.15654080749439528,0.15
115,0.15,0.6,0.5,visibility_only,0.4166666666666667,0.3888888888888889,0.4,0.15654080749439528,0.15
115,0.15,0.6,0.5,common_mode_only,1.0,0.6111111111111112,0.4,0.9941292745982652,0.9876750718898916
115,0.15,0.6,0.5,combined,0.4166666666666667,0.0,0.4,0.9941292745982652,0.9876750718898916
115,0.15,0.8,0.0,raw_residual,1.0,1.0,1.0,0.15264870331169778,0.15
115,0.15,0.8,0.0,visibility_only,1.0,1.0,1.0,0.15264870331169778,0.15
115,0.15,0.8,0.0,common_mode_only,1.0,0.0,1.0,0.9978579994950162,0.9922962849939383
115,0.15,0.8,0.0,combined,1.0,0.0,1.0,0.9978579994950162,0.9922962849939383
115,0.15,0.8,0.5,raw_residual,1.0,1.0,0.4,0.15654080749439528,0.15
115,0.15,0.8,0.5,visibility_only,0.5,0.375,0.4,0.15654080749439528,0.15
115,0.15,0.8,0.5,common_mode_only,1.0,0.625,0.4,0.9957331732852944,0.9911227620721911
115,0.15,0.8,0.5,combined,0.5,0.0,0.4,0.9957331732852944,0.9911227620721911
115,0.3,0.2,0.0,raw_residual,1.0,1.0,1.0,0.30192609098009376,0.3
115,0.3,0.2,0.0,visibility_only,1.0,1.0,1.0,0.30192609098009376,0.3
115,0.3,0.2,0.0,common_mode_only,0.0,1.0,1.0,0.0053805610758395055,0.006732709423298004
115,0.3,0.2,0.0,combined,0.0,1.0,1.0,0.0053805610758395055,0.006732709423298004
115,0.3,0.2,0.5,raw_residual,1.0,1.0,0.4,0.30595298444908164,0.3
115,0.3,0.2,0.5,visibility_only,0.4583333333333333,0.16666666666666666,0.4,0.30595298444908164,0.3
115,0.3,0.2,0.5,common_mode_only,0.5416666666666666,1.0,0.4,0.0015733777046753388,0.010146511416645784
115,0.3,0.2,0.5,combined,0.0,0.16666666666666666,0.4,0.0015733777046753388,0.010146511416645784
115,0.3,0.4,0.0,raw_residual,1.0,1.0,1.0,0.30192609098009376,0.3
115,0.3,0.4,0.0,visibility_only,1.0,1.0,1.0,0.30192609098009376,0.3
115,0.3,0.4,0.0,common_mode_only,0.0,1.0,1.0,0.01273379451052827,0.018981750242286693
115,0.3,0.4,0.0,combined,0.0,1.0,1.0,0.01273379451052827,0.018981750242286693
115,0.3,0.4,0.5,raw_residual,1.0,1.0,0.4,0.30595298444908164,0.3
115,0.3,0.4,0.5,visibility_only,0.5,0.25,0.4,0.30595298444908164,0.3
115,0.3,0.4,0.5,common_mode_only,0.5,1.0,0.4,0.0054903734559297555,0.016739484947739934
115,0.3,0.4,0.5,combined,0.0,0.25,0.4,0.0054903734559297555,0.016739484947739934
115,0.3,0.6,0.0,raw_residual,1.0,1.0,1.0,0.3019260909800938,0.3
115,0.3,0.6,0.0,visibility_only,1.0,1.0,1.0,0.3019260909800938,0.3
115,0.3,0.6,0.0,common_mode_only,1.0,0.0,1.0,0.9932172669650243,0.9850033772868328
115,0.3,0.6,0.0,combined,1.0,0.0,1.0,0.9932172669650243,0.9850033772868328
115,0.3,0.6,0.5,raw_residual,1.0,1.0,0.4,0.3059529844490817,0.3
115,0.3,0.6,0.5,visibility_only,0.4166666666666667,0.3888888888888889,0.4,0.3059529844490817,0.3
115,0.3,0.6,0.5,common_mode_only,1.0,0.6111111111111112,0.4,0.9941292745982652,0.9876750718898917
115,0.3,0.6,0.5,combined,0.4166666666666667,0.0,0.4,0.9941292745982652,0.9876750718898917
115,0.3,0.8,0.0,raw_residual,1.0,1.0,1.0,0.3019260909800938,0.3
115,0.3,0.8,0.0,visibility_only,1.0,1.0,1.0,0.3019260909800938,0.3
115,0.3,0.8,0.0,common_mode_only,1.0,0.0,1.0,0.9978579994950163,0.9922962849939386
115,0.3,0.8,0.0,combined,1.0,0.0,1.0,0.9978579994950163,0.9922962849939386
115,0.3,0.8,0.5,raw_residual,1.0,1.0,0.4,0.3059529844490817,0.3
115,0.3,0.8,0.5,visibility_only,0.5,0.375,0.4,0.3059529844490817,0.3
115,0.3,0.8,0.5,common_mode_only,1.0,0.625,0.4,0.9957331732852944,0.9911227620721912
115,0.3,0.8,0.5,combined,0.5,0.0,0.4,0.9957331732852944,0.9911227620721912
115,0.6,0.2,0.0,raw_residual,1.0,1.0,1.0,0.6015680874381714,0.6
115,0.6,0.2,0.0,visibility_only,1.0,1.0,1.0,0.6015680874381714,0.6
115,0.6,0.2,0.0,common_mode_only,0.0,1.0,1.0,0.0053805610758394995,0.006732709423298004
115,0.6,0.2,0.0,combined,0.0,1.0,1.0,0.0053805610758394995,0.006732709423298004
115,0.6,0.2,0.5,raw_residual,1.0,1.0,0.4,0.6056585910978275,0.6
115,0.6,0.2,0.5,visibility_only,0.4583333333333333,0.16666666666666666,0.4,0.6056585910978275,0.6
115,0.6,0.2,0.5,common_mode_only,0.5416666666666666,1.0,0.4,0.0015733777046753388,0.010146511416645784
115,0.6,0.2,0.5,combined,0.0,0.16666666666666666,0.4,0.0015733777046753388,0.010146511416645784
115,0.6,0.4,0.0,raw_residual,1.0,1.0,1.0,0.6015680874381715,0.6
115,0.6,0.4,0.0,visibility_only,1.0,1.0,1.0,0.6015680874381715,0.6
115,0.6,0.4,0.0,common_mode_only,0.0,1.0,1.0,0.01273379451052827,0.01898175024228675
115,0.6,0.4,0.0,combined,0.0,1.0,1.0,0.01273379451052827,0.01898175024228675
115,0.6,0.4,0.5,raw_residual,1.0,1.0,0.4,0.6056585910978275,0.6
115,0.6,0.4,0.5,visibility_only,0.5,0.25,0.4,0.6056585910978275,0.6
115,0.6,0.4,0.5,common_mode_only,0.5,1.0,0.4,0.005490373455929748,0.016739484947739882
115,0.6,0.4,0.5,combined,0.0,0.25,0.4,0.005490373455929748,0.016739484947739882
115,0.6,0.6,0.0,raw_residual,1.0,1.0,1.0,0.6015680874381715,0.6
115,0.6,0.6,0.0,visibility_only,1.0,1.0,1.0,0.6015680874381715,0.6
115,0.6,0.6,0.0,common_mode_only,1.0,0.0,1.0,0.9932172669650243,0.985003377286833
115,0.6,0.6,0.0,combined,1.0,0.0,1.0,0.9932172669650243,0.985003377286833
115,0.6,0.6,0.5,raw_residual,1.0,1.0,0.4,0.6056585910978277,0.6
115,0.6,0.6,0.5,visibility_only,0.4166666666666667,0.3888888888888889,0.4,0.6056585910978277,0.6
115,0.6,0.6,0.5,common_mode_only,1.0,0.6111111111111112,0.4,0.9941292745982652,0.9876750718898918
115,0.6,0.6,0.5,combined,0.4166666666666667,0.0,0.4,0.9941292745982652,0.9876750718898918
115,0.6,0.8,0.0,raw_residual,1.0,1.0,1.0,0.6015680874381715,0.6
115,0.6,0.8,0.0,visibility_only,1.0,1.0,1.0,0.6015680874381715,0.6
115,0.6,0.8,0.0,common_mode_only,1.0,0.0,1.0,0.9978579994950163,0.9922962849939385
115,0.6,0.8,0.0,combined,1.0,0.0,1.0,0.9978579994950163,0.9922962849939385
115,0.6,0.8,0.5,raw_residual,1.0,1.0,0.4,0.6056585910978277,0.6
115,0.6,0.8,0.5,visibility_only,0.5,0.375,0.4,0.6056585910978277,0.6
115,0.6,0.8,0.5,common_mode_only,1.0,0.625,0.4,0.9957331732852944,0.9911227620721913
115,0.6,0.8,0.5,combined,0.5,0.0,0.4,0.9957331732852944,0.9911227620721913
116,0.0,0.2,0.0,raw_residual,0.0,1.0,1.0,0.005217973080328008,0.0
116,0.0,0.2,0.0,visibility_only,0.0,1.0,1.0,0.005217973080328008,0.0
116,0.0,0.2,0.0,common_mode_only,0.0,1.0,1.0,0.004783746822222324,0.006535243349167395
116,0.0,0.2,0.0,combined,0.0,1.0,1.0,0.004783746822222324,0.006535243349167395
116,0.0,0.2,0.5,raw_residual,0.5,1.0,0.5333333333333333,0.007389127225318195,0.0
116,0.0,0.2,0.5,visibility_only,0.0,0.6666666666666666,0.5333333333333333,0.007389127225318195,0.0
116,0.0,0.2,0.5,common_mode_only,0.5,1.0,0.5333333333333333,0.007272343982253789,0.008206516744983567
116,0.0,0.2,0.5,combined,0.0,0.6666666666666666,0.5333333333333333,0.007272343982253789,0.008206516744983567
116,0.0,0.4,0.0,raw_residual,0.0,1.0,1.0,0.010011891737836336,0.0
116,0.0,0.4,0.0,visibility_only,0.0,1.0,1.0,0.010011891737836336,0.0
116,0.0,0.4,0.0,common_mode_only,0.05555555555555555,1.0,1.0,0.013706218671698541,0.017645122511699106
116,0.0,0.4,0.0,combined,0.05555555555555555,1.0,1.0,0.013706218671698541,0.017645122511699106
116,0.0,0.4,0.5,raw_residual,0.4444444444444444,1.0,0.5333333333333333,0.010430720049852214,0.0
116,0.0,0.4,0.5,visibility_only,0.0,0.5,0.5333333333333333,0.010430720049852214,0.0
116,0.0,0.4,0.5,common_mode_only,0.5,1.0,0.5333333333333333,0.015388217793870462,0.01741600895883159
116,0.0,0.4,0.5,combined,0.05555555555555555,0.5,0.5333333333333333,0.015388217793870462,0.01741600895883159
116,0.0,0.6,0.0,raw_residual,0.0,1.0,1.0,0.014467948879697278,0.0
116,0.0,0.6,0.0,visibility_only,0.0,1.0,1.0,0.014467948879697278,0.0
116,0.0,0.6,0.0,common_mode_only,1.0,0.0,1.0,0.9916796921893138,0.9802854497156538
116,0.0,0.6,0.0,combined,1.0,0.0,1.0,0.9916796921893138,0.9802854497156538
116,0.0,0.6,0.5,raw_residual,0.4166666666666667,1.0,0.5333333333333333,0.015719330236879072,0.0
116,0.0,0.6,0.5,visibility_only,0.0,0.5,0.5333333333333333,0.015719330236879072,0.0
116,0.0,0.6,0.5,common_mode_only,1.0,0.5555555555555556,0.5333333333333333,0.9823847619344594,0.9732930457453829
116,0.0,0.6,0.5,combined,0.5833333333333334,0.05555555555555555,0.5333333333333333,0.9823847619344594,0.9732930457453829
116,0.0,0.8,0.0,raw_residual,0.0,1.0,1.0,0.020067944133402203,0.0
116,0.0,0.8,0.0,visibility_only,0.0,1.0,1.0,0.020067944133402203,0.0
116,0.0,0.8,0.0,common_mode_only,1.0,0.0,1.0,0.9976452561810861,0.9934950121469731
116,0.0,0.8,0.0,combined,1.0,0.0,1.0,0.9976452561810861,0.9934950121469731
116,0.0,0.8,0.5,raw_residual,0.5,1.0,0.5333333333333333,0.0220527600408766,0.0
116,0.0,0.8,0.5,visibility_only,0.0,0.5416666666666666,0.5333333333333333,0.0220527600408766,0.0
116,0.0,0.8,0.5,common_mode_only,1.0,0.4583333333333333,0.5333333333333333,0.9978997343094792,0.994999941870739
116,0.0,0.8,0.5,combined,0.5,0.0,0.5333333333333333,0.9978997343094792,0.994999941870739
116,0.15,0.2,0.0,raw_residual,1.0,1.0,1.0,0.15266567213337143,0.15
116,0.15,0.2,0.0,visibility_only,1.0,1.0,1.0,0.15266567213337143,0.15
116,0.15,0.2,0.0,common_mode_only,0.0,1.0,1.0,0.0047837468222223295,0.0065352433491674
116,0.15,0.2,0.0,combined,0.0,1.0,1.0,0.0047837468222223295,0.0065352433491674
116,0.15,0.2,0.5,raw_residual,1.0,1.0,0.5333333333333333,0.15362823903289596,0.15
116,0.15,0.2,0.5,visibility_only,0.5,0.6666666666666666,0.5333333333333333,0.15362823903289596,0.15
116,0.15,0.2,0.5,common_mode_only,0.5,1.0,0.5333333333333333,0.0072723439822537875,0.008206516744983567
116,0.15,0.2,0.5,combined,0.0,0.6666666666666666,0.5333333333333333,0.0072723439822537875,0.008206516744983567
116,0.15,0.4,0.0,raw_residual,1.0,1.0,1.0,0.15266567213337143,0.15
116,0.15,0.4,0.0,visibility_only,1.0,1.0,1.0,0.15266567213337143,0.15
116,0.15,0.4,0.0,common_mode_only,0.05555555555555555,1.0,1.0,0.013706218671698566,0.017645122511699102
116,0.15,0.4,0.0,combined,0.05555555555555555,1.0,1.0,0.013706218671698566,0.017645122511699102
116,0.15,0.4,0.5,raw_residual,1.0,1.0,0.5333333333333333,0.15362823903289594,0.15
116,0.15,0.4,0.5,visibility_only,0.5555555555555556,0.5,0.5333333333333333,0.15362823903289594,0.15
116,0.15,0.4,0.5,common_mode_only,0.5,1.0,0.5333333333333333,0.015388217793870463,0.017416008958831573
116,0.15,0.4,0.5,combined,0.05555555555555555,0.5,0.5333333333333333,0.015388217793870463,0.017416008958831573
116,0.15,0.6,0.0,raw_residual,1.0,1.0,1.0,0.1526656721333714,0.15
116,0.15,0.6,0.0,visibility_only,1.0,1.0,1.0,0.1526656721333714,0.15
116,0.15,0.6,0.0,common_mode_only,1.0,0.0,1.0,0.9916796921893138,0.9802854497156536
116,0.15,0.6,0.0,combined,1.0,0.0,1.0,0.9916796921893138,0.9802854497156536
116,0.15,0.6,0.5,raw_residual,1.0,1.0,0.5333333333333333,0.15362823903289594,0.15
116,0.15,0.6,0.5,visibility_only,0.5833333333333334,0.5,0.5333333333333333,0.15362823903289594,0.15
116,0.15,0.6,0.5,common_mode_only,1.0,0.5555555555555556,0.5333333333333333,0.9823847619344592,0.9732930457453826
116,0.15,0.6,0.5,combined,0.5833333333333334,0.05555555555555555,0.5333333333333333,0.9823847619344592,0.9732930457453826
116,0.15,0.8,0.0,raw_residual,1.0,1.0,1.0,0.1526656721333714,0.15
116,0.15,0.8,0.0,visibility_only,1.0,1.0,1.0,0.1526656721333714,0.15
116,0.15,0.8,0.0,common_mode_only,1.0,0.0,1.0,0.9976452561810861,0.993495012146973
116,0.15,0.8,0.0,combined,1.0,0.0,1.0,0.9976452561810861,0.993495012146973
116,0.15,0.8,0.5,raw_residual,1.0,1.0,0.5333333333333333,0.1536282390328959,0.15
116,0.15,0.8,0.5,visibility_only,0.5,0.5416666666666666,0.5333333333333333,0.1536282390328959,0.15
116,0.15,0.8,0.5,common_mode_only,1.0,0.4583333333333333,0.5333333333333333,0.9978997343094792,0.994999941870739
116,0.15,0.8,0.5,combined,0.5,0.0,0.5333333333333333,0.9978997343094792,0.994999941870739
116,0.3,0.2,0.0,raw_residual,1.0,1.0,1.0,0.3019261851796513,0.3
116,0.3,0.2,0.0,visibility_only,1.0,1.0,1.0,0.3019261851796513,0.3
116,0.3,0.2,0.0,common_mode_only,0.0,1.0,1.0,0.004783746822222333,0.006535243349167428
116,0.3,0.2,0.0,combined,0.0,1.0,1.0,0.004783746822222333,0.006535243349167428
116,0.3,0.2,0.5,raw_residual,1.0,1.0,0.5333333333333333,0.30282669986161537,0.3
116,0.3,0.2,0.5,visibility_only,0.5,0.6666666666666666,0.5333333333333333,0.30282669986161537,0.3
116,0.3,0.2,0.5,common_mode_only,0.5,1.0,0.5333333333333333,0.0072723439822537815,0.008206516744983567
116,0.3,0.2,0.5,combined,0.0,0.6666666666666666,0.5333333333333333,0.0072723439822537815,0.008206516744983567
116,0.3,0.4,0.0,raw_residual,1.0,1.0,1.0,0.3019261851796513,0.3
116,0.3,0.4,0.0,visibility_only,1.0,1.0,1.0,0.3019261851796513,0.3
116,0.3,0.4,0.0,common_mode_only,0.05555555555555555,1.0,1.0,0.013706218671698515,0.017645122511699075
116,0.3,0.4,0.0,combined,0.05555555555555555,1.0,1.0,0.013706218671698515,0.017645122511699075
116,0.3,0.4,0.5,raw_residual,1.0,1.0,0.5333333333333333,0.30282669986161537,0.3
116,0.3,0.4,0.5,visibility_only,0.5555555555555556,0.5,0.5333333333333333,0.30282669986161537,0.3
116,0.3,0.4,0.5,common_mode_only,0.5,1.0,0.5333333333333333,0.015388217793870463,0.0174160089588316
116,0.3,0.4,0.5,combined,0.05555555555555555,0.5,0.5333333333333333,0.015388217793870463,0.0174160089588316
116,0.3,0.6,0.0,raw_residual,1.0,1.0,1.0,0.3019261851796513,0.3
116,0.3,0.6,0.0,visibility_only,1.0,1.0,1.0,0.3019261851796513,0.3
116,0.3,0.6,0.0,common_mode_only,1.0,0.0,1.0,0.9916796921893138,0.9802854497156537
116,0.3,0.6,0.0,combined,1.0,0.0,1.0,0.9916796921893138,0.9802854497156537
116,0.3,0.6,0.5,raw_residual,1.0,1.0,0.5333333333333333,0.30282669986161537,0.3
116,0.3,0.6,0.5,visibility_only,0.5833333333333334,0.5,0.5333333333333333,0.30282669986161537,0.3
116,0.3,0.6,0.5,common_mode_only,1.0,0.5555555555555556,0.5333333333333333,0.9823847619344594,0.9732930457453829
116,0.3,0.6,0.5,combined,0.5833333333333334,0.05555555555555555,0.5333333333333333,0.9823847619344594,0.9732930457453829
116,0.3,0.8,0.0,raw_residual,1.0,1.0,1.0,0.3019261851796513,0.3
116,0.3,0.8,0.0,visibility_only,1.0,1.0,1.0,0.3019261851796513,0.3
116,0.3,0.8,0.0,common_mode_only,1.0,0.0,1.0,0.9976452561810861,0.9934950121469731
116,0.3,0.8,0.0,combined,1.0,0.0,1.0,0.9976452561810861,0.9934950121469731
116,0.3,0.8,0.5,raw_residual,1.0,1.0,0.5333333333333333,0.3028266998616154,0.3
116,0.3,0.8,0.5,visibility_only,0.5,0.5416666666666666,0.5333333333333333,0.3028266998616154,0.3
116,0.3,0.8,0.5,common_mode_only,1.0,0.4583333333333333,0.5333333333333333,0.9978997343094791,0.9949999418707389
116,0.3,0.8,0.5,combined,0.5,0.0,0.5333333333333333,0.9978997343094791,0.9949999418707389
116,0.6,0.2,0.0,raw_residual,1.0,1.0,1.0,0.6015627646657082,0.6
116,0.6,0.2,0.0,visibility_only,1.0,1.0,1.0,0.6015627646657082,0.6
116,0.6,0.2,0.0,common_mode_only,0.0,1.0,1.0,0.004783746822222342,0.006535243349167373
116,0.6,0.2,0.0,combined,0.0,1.0,1.0,0.004783746822222342,0.006535243349167373
116,0.6,0.2,0.5,raw_residual,1.0,1.0,0.5333333333333333,0.6024289349468268,0.6
116,0.6,0.2,0.5,visibility_only,0.5,0.6666666666666666,0.5333333333333333,0.6024289349468268,0.6
116,0.6,0.2,0.5,common_mode_only,0.5,1.0,0.5333333333333333,0.0072723439822537815,0.008206516744983567
116,0.6,0.2,0.5,combined,0.0,0.6666666666666666,0.5333333333333333,0.0072723439822537815,0.008206516744983567
116,0.6,0.4,0.0,raw_residual,1.0,1.0,1.0,0.6015627646657083,0.6
116,0.6,0.4,0.0,visibility_only,1.0,1.0,1.0,0.6015627646657083,0.6
116,0.6,0.4,0.0,common_mode_only,0.05555555555555555,1.0,1.0,0.013706218671698515,0.01764512251169913
116,0.6,0.4,0.0,combined,0.05555555555555555,1.0,1.0,0.013706218671698515,0.01764512251169913
116,0.6,0.4,0.5,raw_residual,1.0,1.0,0.5333333333333333,0.6024289349468268,0.6
116,0.6,0.4,0.5,visibility_only,0.5555555555555556,0.5,0.5333333333333333,0.6024289349468268,0.6
116,0.6,0.4,0.5,common_mode_only,0.5,1.0,0.5333333333333333,0.015388217793870455,0.0174160089588316
116,0.6,0.4,0.5,combined,0.05555555555555555,0.5,0.5333333333333333,0.015388217793870455,0.0174160089588316
116,0.6,0.6,0.0,raw_residual,1.0,1.0,1.0,0.6015627646657083,0.6
116,0.6,0.6,0.0,visibility_only,1.0,1.0,1.0,0.6015627646657083,0.6
116,0.6,0.6,0.0,common_mode_only,1.0,0.0,1.0,0.9916796921893138,0.9802854497156538
116,0.6,0.6,0.0,combined,1.0,0.0,1.0,0.9916796921893138,0.9802854497156538
116,0.6,0.6,0.5,raw_residual,1.0,1.0,0.5333333333333333,0.6024289349468269,0.6
116,0.6,0.6,0.5,visibility_only,0.5833333333333334,0.5,0.5333333333333333,0.6024289349468269,0.6
116,0.6,0.6,0.5,common_mode_only,1.0,0.5555555555555556,0.5333333333333333,0.9823847619344593,0.9732930457453828
116,0.6,0.6,0.5,combined,0.5833333333333334,0.05555555555555555,0.5333333333333333,0.9823847619344593,0.9732930457453828
116,0.6,0.8,0.0,raw_residual,1.0,1.0,1.0,0.6015627646657083,0.6
116,0.6,0.8,0.0,visibility_only,1.0,1.0,1.0,0.6015627646657083,0.6
116,0.6,0.8,0.0,common_mode_only,1.0,0.0,1.0,0.9976452561810861,0.9934950121469732
116,0.6,0.8,0.0,combined,1.0,0.0,1.0,0.9976452561810861,0.9934950121469732
116,0.6,0.8,0.5,raw_residual,1.0,1.0,0.5333333333333333,0.602428934946827,0.6
116,0.6,0.8,0.5,visibility_only,0.5,0.5416666666666666,0.5333333333333333,0.602428934946827,0.6
116,0.6,0.8,0.5,common_mode_only,1.0,0.4583333333333333,0.5333333333333333,0.9978997343094793,0.9949999418707393
116,0.6,0.8,0.5,combined,0.5,0.0,0.5333333333333333,0.9978997343094793,0.9949999418707393
117,0.0,0.2,0.0,raw_residual,0.0,1.0,1.0,0.004572983906675555,0.0
117,0.0,0.2,0.0,visibility_only,0.0,1.0,1.0,0.004572983906675555,0.0
117,0.0,0.2,0.0,common_mode_only,0.0,1.0,1.0,0.004689343390380988,0.010693223902740126
117,0.0,0.2,0.0,combined,0.0,1.0,1.0,0.004689343390380988,0.010693223902740126
117,0.0,0.2,0.5,raw_residual,0.4583333333333333,1.0,0.5,0.0031915621844140858,0.0
117,0.0,0.2,0.5,visibility_only,0.0,0.3333333333333333,0.5,0.0031915621844140858,0.0
117,0.0,0.2,0.5,common_mode_only,0.4583333333333333,1.0,0.5,0.002582331874858763,0.006894250094560933
117,0.0,0.2,0.5,combined,0.0,0.3333333333333333,0.5,0.002582331874858763,0.006894250094560933
117,0.0,0.4,0.0,raw_residual,0.0,1.0,1.0,0.007277145684814301,0.0
117,0.0,0.4,0.0,visibility_only,0.0,1.0,1.0,0.007277145684814301,0.0
117,0.0,0.4,0.0,common_mode_only,0.0,1.0,1.0,0.009131199707651782,0.01962051910618937
117,0.0,0.4,0.0,combined,0.0,1.0,1.0,0.009131199707651782,0.01962051910618937
117,0.0,0.4,0.5,raw_residual,0.4444444444444444,1.0,0.5,0.005306914017325438,0.0
117,0.0,0.4,0.5,visibility_only,0.0,0.4166666666666667,0.5,0.005306914017325438,0.0
117,0.0,0.4,0.5,common_mode_only,0.4444444444444444,1.0,0.5,0.0048359843313994285,0.013227467283973981
117,0.0,0.4,0.5,combined,0.0,0.4166666666666667,0.5,0.0048359843313994285,0.013227467283973981
117,0.0,0.6,0.0,raw_residual,0.0,1.0,1.0,0.010986219671485149,0.0
117,0.0,0.6,0.0,visibility_only,0.0,1.0,1.0,0.010986219671485149,0.0
117,0.0,0.6,0.0,common_mode_only,1.0,0.0,1.0,0.9937765264125287,0.9857857340256764
117,0.0,0.6,0.0,combined,1.0,0.0,1.0,0.9937765264125287,0.9857857340256764
117,0.0,0.6,0.5,raw_residual,0.3333333333333333,1.0,0.5,0.0075212169452434675,0.0
117,0.0,0.6,0.5,visibility_only,0.0,0.3888888888888889,0.5,0.0075212169452434675,0.0
117,0.0,0.6,0.5,common_mode_only,0.4166666666666667,1.0,0.5,0.01429740033377876,0.022881905180410278
117,0.0,0.6,0.5,combined,0.08333333333333333,0.3888888888888889,0.5,0.01429740033377876,0.022881905180410278
117,0.0,0.8,0.0,raw_residual,0.0,1.0,1.0,0.01632874775798711,0.0
117,0.0,0.8,0.0,visibility_only,0.0,1.0,1.0,0.01632874775798711,0.0
117,0.0,0.8,0.0,common_mode_only,1.0,0.0,1.0,0.9982014087090526,0.9946803087817535
117,0.0,0.8,0.0,combined,1.0,0.0,1.0,0.9982014087090526,0.9946803087817535
117,0.0,0.8,0.5,raw_residual,0.3333333333333333,1.0,0.5,0.01514003141287965,0.0
117,0.0,0.8,0.5,visibility_only,0.0,0.4583333333333333,0.5,0.01514003141287965,0.0
117,0.0,0.8,0.5,common_mode_only,1.0,0.5416666666666666,0.5,0.9968730913100187,0.994206657669547
117,0.0,0.8,0.5,combined,0.6666666666666666,0.0,0.5,0.9968730913100187,0.994206657669547
117,0.15,0.2,0.0,raw_residual,1.0,1.0,1.0,0.1536872847899277,0.15
117,0.15,0.2,0.0,visibility_only,1.0,1.0,1.0,0.1536872847899277,0.15
117,0.15,0.2,0.0,common_mode_only,0.0,1.0,1.0,0.004689343390380998,0.010693223902740108
117,0.15,0.2,0.0,combined,0.0,1.0,1.0,0.004689343390380998,0.010693223902740108
117,0.15,0.2,0.5,raw_residual,1.0,1.0,0.5,0.15163803258071287,0.15
117,0.15,0.2,0.5,visibility_only,0.5416666666666666,0.3333333333333333,0.5,0.15163803258071287,0.15
117,0.15,0.2,0.5,common_mode_only,0.4583333333333333,1.0,0.5,0.002582331874858766,0.006894250094560927
117,0.15,0.2,0.5,combined,0.0,0.3333333333333333,0.5,0.002582331874858766,0.006894250094560927
117,0.15,0.4,0.0,raw_residual,1.0,1.0,1.0,0.1536872847899277,0.15
117,0.15,0.4,0.0,visibility_only,1.0,1.0,1.0,0.1536872847899277,0.15
117,0.15,0.4,0.0,common_mode_only,0.0,1.0,1.0,0.009131199707651808,0.01962051910618936
117,0.15,0.4,0.0,combined,0.0,1.0,1.0,0.009131199707651808,0.01962051910618936
117,0.15,0.4,0.5,raw_residual,1.0,1.0,0.5,0.15163803258071284,0.15
117,0.15,0.4,0.5,visibility_only,0.5555555555555556,0.4166666666666667,0.5,0.15163803258071284,0.15
117,0.15,0.4,0.5,common_mode_only,0.4444444444444444,1.0,0.5,0.004835984331399435,0.01322746728397399
117,0.15,0.4,0.5,combined,0.0,0.4166666666666667,0.5,0.004835984331399435,0.01322746728397399
117,0.15,0.6,0.0,raw_residual,1.0,1.0,1.0,0.15368728478992763,0.15
117,0.15,0.6,0.0,visibility_only,1.0,1.0,1.0,0.15368728478992763,0.15
117,0.15,0.6,0.0,common_mode_only,1.0,0.0,1.0,0.9937765264125287,0.9857857340256764
117,0.15,0.6,0.0,combined,1.0,0.0,1.0,0.9937765264125287,0.9857857340256764
117,0.15,0.6,0.5,raw_residual,1.0,1.0,0.5,0.15163803258071284,0.15
117,0.15,0.6,0.5,visibility_only,0.6666666666666666,0.3888888888888889,0.5,0.15163803258071284,0.15
117,0.15,0.6,0.5,common_mode_only,0.4166666666666667,1.0,0.5,0.014297400333778808,0.022881905180410275
117,0.15,0.6,0.5,combined,0.08333333333333333,0.3888888888888889,0.5,0.014297400333778808,0.022881905180410275
117,0.15,0.8,0.0,raw_residual,1.0,1.0,1.0,0.15368728478992763,0.15
117,0.15,0.8,0.0,visibility_only,1.0,1.0,1.0,0.15368728478992763,0.15
117,0.15,0.8,0.0,common_mode_only,1.0,0.0,1.0,0.9982014087090526,0.9946803087817534
117,0.15,0.8,0.0,combined,1.0,0.0,1.0,0.9982014087090526,0.9946803087817534
117,0.15,0.8,0.5,raw_residual,1.0,1.0,0.5,0.15163803258071282,0.15
117,0.15,0.8,0.5,visibility_only,0.6666666666666666,0.4583333333333333,0.5,0.15163803258071282,0.15
117,0.15,0.8,0.5,common_mode_only,1.0,0.5416666666666666,0.5,0.9968730913100187,0.9942066576695469
117,0.15,0.8,0.5,combined,0.6666666666666666,0.0,0.5,0.9968730913100187,0.9942066576695469
117,0.3,0.2,0.0,raw_residual,1.0,1.0,1.0,0.30329369311142124,0.3
117,0.3,0.2,0.0,visibility_only,1.0,1.0,1.0,0.30329369311142124,0.3
117,0.3,0.2,0.0,common_mode_only,0.0,1.0,1.0,0.004689343390381001,0.010693223902740136
117,0.3,0.2,0.0,combined,0.0,1.0,1.0,0.004689343390381001,0.010693223902740136
117,0.3,0.2,0.5,raw_residual,1.0,1.0,0.5,0.30115916304196044,0.3
117,0.3,0.2,0.5,visibility_only,0.5416666666666666,0.3333333333333333,0.5,0.30115916304196044,0.3
117,0.3,0.2,0.5,common_mode_only,0.4583333333333333,1.0,0.5,0.0025823318748587776,0.006894250094560942
117,0.3,0.2,0.5,combined,0.0,0.3333333333333333,0.5,0.0025823318748587776,0.006894250094560942
117,0.3,0.4,0.0,raw_residual,1.0,1.0,1.0,0.30329369311142124,0.3
117,0.3,0.4,0.0,visibility_only,1.0,1.0,1.0,0.30329369311142124,0.3
117,0.3,0.4,0.0,common_mode_only,0.0,1.0,1.0,0.009131199707651779,0.019620519106189387
117,0.3,0.4,0.0,combined,0.0,1.0,1.0,0.009131199707651779,0.019620519106189387
117,0.3,0.4,0.5,raw_residual,1.0,1.0,0.5,0.30115916304196044,0.3
117,0.3,0.4,0.5,visibility_only,0.5555555555555556,0.4166666666666667,0.5,0.30115916304196044,0.3
117,0.3,0.4,0.5,common_mode_only,0.4444444444444444,1.0,0.5,0.0048359843313994086,0.013227467283973966
117,0.3,0.4,0.5,combined,0.0,0.4166666666666667,0.5,0.0048359843313994086,0.013227467283973966
117,0.3,0.6,0.0,raw_residual,1.0,1.0,1.0,0.30329369311142124,0.3
117,0.3,0.6,0.0,visibility_only,1.0,1.0,1.0,0.30329369311142124,0.3
117,0.3,0.6,0.0,common_mode_only,1.0,0.0,1.0,0.9937765264125288,0.9857857340256765
117,0.3,0.6,0.0,combined,1.0,0.0,1.0,0.9937765264125288,0.9857857340256765
117,0.3,0.6,0.5,raw_residual,1.0,1.0,0.5,0.30115916304196044,0.3
117,0.3,0.6,0.5,visibility_only,0.6666666666666666,0.3888888888888889,0.5,0.30115916304196044,0.3
117,0.3,0.6,0.5,common_mode_only,0.4166666666666667,1.0,0.5,0.014297400333778767,0.022881905180410302
117,0.3,0.6,0.5,combined,0.08333333333333333,0.3888888888888889,0.5,0.014297400333778767,0.022881905180410302
117,0.3,0.8,0.0,raw_residual,1.0,1.0,1.0,0.30329369311142124,0.3
117,0.3,0.8,0.0,visibility_only,1.0,1.0,1.0,0.30329369311142124,0.3
117,0.3,0.8,0.0,common_mode_only,1.0,0.0,1.0,0.9982014087090526,0.9946803087817535
117,0.3,0.8,0.0,combined,1.0,0.0,1.0,0.9982014087090526,0.9946803087817535
117,0.3,0.8,0.5,raw_residual,1.0,1.0,0.5,0.30115916304196044,0.3
117,0.3,0.8,0.5,visibility_only,0.6666666666666666,0.4583333333333333,0.5,0.30115916304196044,0.3
117,0.3,0.8,0.5,common_mode_only,1.0,0.5416666666666666,0.5,0.9968730913100187,0.994206657669547
117,0.3,0.8,0.5,combined,0.6666666666666666,0.0,0.5,0.9968730913100187,0.994206657669547
117,0.6,0.2,0.0,raw_residual,1.0,1.0,1.0,0.6030979128378836,0.6
117,0.6,0.2,0.0,visibility_only,1.0,1.0,1.0,0.6030979128378836,0.6
117,0.6,0.2,0.0,common_mode_only,0.0,1.0,1.0,0.0046893433903809935,0.01069322390274008
117,0.6,0.2,0.0,combined,0.0,1.0,1.0,0.0046893433903809935,0.01069322390274008
117,0.6,0.2,0.5,raw_residual,1.0,1.0,0.5,0.60092237685798,0.6
117,0.6,0.2,0.5,visibility_only,0.5416666666666666,0.3333333333333333,0.5,0.60092237685798,0.6
117,0.6,0.2,0.5,common_mode_only,0.4583333333333333,1.0,0.5,0.002582331874858775,0.006894250094560911
117,0.6,0.2,0.5,combined,0.0,0.3333333333333333,0.5,0.002582331874858775,0.006894250094560911
117,0.6,0.4,0.0,raw_residual,1.0,1.0,1.0,0.6030979128378837,0.6
117,0.6,0.4,0.0,visibility_only,1.0,1.0,1.0,0.6030979128378837,0.6
117,0.6,0.4,0.0,common_mode_only,0.0,1.0,1.0,0.009131199707651753,0.01962051910618933
117,0.6,0.4,0.0,combined,0.0,1.0,1.0,0.009131199707651753,0.01962051910618933
117,0.6,0.4,0.5,raw_residual,1.0,1.0,0.5,0.60092237685798,0.6
117,0.6,0.4,0.5,visibility_only,0.5555555555555556,0.4166666666666667,0.5,0.60092237685798,0.6
117,0.6,0.4,0.5,common_mode_only,0.4444444444444444,1.0,0.5,0.0048359843313994086,0.013227467283974016
117,0.6,0.4,0.5,combined,0.0,0.4166666666666667,0.5,0.0048359843313994086,0.013227467283974016
117,0.6,0.6,0.0,raw_residual,1.0,1.0,1.0,0.6030979128378837,0.6
117,0.6,0.6,0.0,visibility_only,1.0,1.0,1.0,0.6030979128378837,0.6
117,0.6,0.6,0.0,common_mode_only,1.0,0.0,1.0,0.9937765264125288,0.9857857340256766
117,0.6,0.6,0.0,combined,1.0,0.0,1.0,0.9937765264125288,0.9857857340256766
117,0.6,0.6,0.5,raw_residual,1.0,1.0,0.5,0.60092237685798,0.6
117,0.6,0.6,0.5,visibility_only,0.6666666666666666,0.3888888888888889,0.5,0.60092237685798,0.6
117,0.6,0.6,0.5,common_mode_only,0.4166666666666667,1.0,0.5,0.014297400333778722,0.022881905180410247
117,0.6,0.6,0.5,combined,0.08333333333333333,0.3888888888888889,0.5,0.014297400333778722,0.022881905180410247
117,0.6,0.8,0.0,raw_residual,1.0,1.0,1.0,0.6030979128378837,0.6
117,0.6,0.8,0.0,visibility_only,1.0,1.0,1.0,0.6030979128378837,0.6
117,0.6,0.8,0.0,common_mode_only,1.0,0.0,1.0,0.9982014087090526,0.9946803087817536
117,0.6,0.8,0.0,combined,1.0,0.0,1.0,0.9982014087090526,0.9946803087817536
117,0.6,0.8,0.5,raw_residual,1.0,1.0,0.5,0.6009223768579801,0.6
117,0.6,0.8,0.5,visibility_only,0.6666666666666666,0.4583333333333333,0.5,0.6009223768579801,0.6
117,0.6,0.8,0.5,common_mode_only,1.0,0.5416666666666666,0.5,0.9968730913100187,0.9942066576695471
117,0.6,0.8,0.5,combined,0.6666666666666666,0.0,0.5,0.9968730913100187,0.9942066576695471
118,0.0,0.2,0.0,raw_residual,0.0,1.0,1.0,0.006929774854572268,0.0
118,0.0,0.2,0.0,visibility_only,0.0,1.0,1.0,0.006929774854572268,0.0
118,0.0,0.2,0.0,common_mode_only,0.0,1.0,1.0,0.0068971162846139964,0.004692207653940896
118,0.0,0.2,0.0,combined,0.0,1.0,1.0,0.0068971162846139964,0.004692207653940896
118,0.0,0.2,0.5,raw_residual,0.375,1.0,0.6,0.004979036542339008,0.0
118,0.0,0.2,0.5,visibility_only,0.0,0.5,0.6,0.004979036542339008,0.0
118,0.0,0.2,0.5,common_mode_only,0.375,1.0,0.6,0.0063088785148016436,0.012656114753084908
118,0.0,0.2,0.5,combined,0.0,0.5,0.6,0.0063088785148016436,0.012656114753084908
118,0.0,0.4,0.0,raw_residual,0.0,1.0,1.0,0.012798612759883497,0.0
118,0.0,0.4,0.0,visibility_only,0.0,1.0,1.0,0.012798612759883497,0.0
118,0.0,0.4,0.0,common_mode_only,0.1111111111111111,1.0,1.0,0.0166973933293759,0.012416972051661746
118,0.0,0.4,0.0,combined,0.1111111111111111,1.0,1.0,0.0166973933293759,0.012416972051661746
118,0.0,0.4,0.5,raw_residual,0.3888888888888889,1.0,0.6,0.0127293797005043,0.0
118,0.0,0.4,0.5,visibility_only,0.0,0.5833333333333334,0.6,0.0127293797005043,0.0
118,0.0,0.4,0.5,common_mode_only,0.4444444444444444,1.0,0.6,0.01496651728444297,0.006864626622767485
118,0.0,0.4,0.5,combined,0.05555555555555555,0.5833333333333334,0.6,0.01496651728444297,0.006864626622767485
118,0.0,0.6,0.0,raw_residual,0.0,1.0,1.0,0.01780462013841681,0.0
118,0.0,0.6,0.0,visibility_only,0.0,1.0,1.0,0.01780462013841681,0.0
118,0.0,0.6,0.0,common_mode_only,1.0,0.16666666666666666,1.0,0.98473622260704,0.9676483480890267
118,0.0,0.6,0.0,combined,1.0,0.16666666666666666,1.0,0.98473622260704,0.9676483480890267
118,0.0,0.6,0.5,raw_residual,0.25,1.0,0.6,0.01473018823959678,0.0
118,0.0,0.6,0.5,visibility_only,0.0,0.5,0.6,0.01473018823959678,0.0
118,0.0,0.6,0.5,common_mode_only,1.0,1.0,0.6,0.4942058846013924,0.48508266248665327
118,0.0,0.6,0.5,combined,0.75,0.5,0.6,0.4942058846013924,0.48508266248665327
118,0.0,0.8,0.0,raw_residual,0.0,1.0,1.0,0.023614845240249104,0.0
118,0.0,0.8,0.0,visibility_only,0.0,1.0,1.0,0.023614845240249104,0.0
118,0.0,0.8,0.0,common_mode_only,1.0,0.0,1.0,0.9986831837513773,0.9885946994111253
118,0.0,0.8,0.0,combined,1.0,0.0,1.0,0.9986831837513773,0.9885946994111253
118,0.0,0.8,0.5,raw_residual,0.3333333333333333,1.0,0.6,0.022765362070044436,0.0
118,0.0,0.8,0.5,visibility_only,0.0,0.5833333333333334,0.6,0.022765362070044436,0.0
118,0.0,0.8,0.5,common_mode_only,1.0,0.4166666666666667,0.6,0.9993134353063985,0.9819593110444518
118,0.0,0.8,0.5,combined,0.6666666666666666,0.0,0.6,0.9993134353063985,0.9819593110444518
118,0.15,0.2,0.0,raw_residual,1.0,1.0,1.0,0.14716736683117962,0.15
118,0.15,0.2,0.0,visibility_only,1.0,1.0,1.0,0.14716736683117962,0.15
118,0.15,0.2,0.0,common_mode_only,0.0,1.0,1.0,0.006897116284614002,0.004692207653940901
118,0.15,0.2,0.0,combined,0.0,1.0,1.0,0.006897116284614002,0.004692207653940901
118,0.15,0.2,0.5,raw_residual,1.0,1.0,0.6,0.14343506082683177,0.15
118,0.15,0.2,0.5,visibility_only,0.625,0.5,0.6,0.14343506082683177,0.15
118,0.15,0.2,0.5,common_mode_only,0.375,1.0,0.6,0.006308878514801619,0.01265611475308491
118,0.15,0.2,0.5,combined,0.0,0.5,0.6,0.006308878514801619,0.01265611475308491
118,0.15,0.4,0.0,raw_residual,1.0,1.0,1.0,0.1471673668311796,0.15
118,0.15,0.4,0.0,visibility_only,1.0,1.0,1.0,0.1471673668311796,0.15
118,0.15,0.4,0.0,common_mode_only,0.1111111111111111,1.0,1.0,0.01669739332937592,0.012416972051661753
118,0.15,0.4,0.0,combined,0.1111111111111111,1.0,1.0,0.01669739332937592,0.012416972051661753
118,0.15,0.4,0.5,raw_residual,1.0,1.0,0.6,0.14343506082683177,0.15
118,0.15,0.4,0.5,visibility_only,0.6111111111111112,0.5833333333333334,0.6,0.14343506082683177,0.15
118,0.15,0.4,0.5,common_mode_only,0.4444444444444444,1.0,0.6,0.014966517284442982,0.006864626622767487
118,0.15,0.4,0.5,combined,0.05555555555555555,0.5833333333333334,0.6,0.014966517284442982,0.006864626622767487
118,0.15,0.6,0.0,raw_residual,1.0,1.0,1.0,0.1471673668311796,0.15
118,0.15,0.6,0.0,visibility_only,1.0,1.0,1.0,0.1471673668311796,0.15
118,0.15,0.6,0.0,common_mode_only,1.0,0.16666666666666666,1.0,0.98473622260704,0.9676483480890266
118,0.15,0.6,0.0,combined,1.0,0.16666666666666666,1.0,0.98473622260704,0.9676483480890266
118,0.15,0.6,0.5,raw_residual,1.0,1.0,0.6,0.14343506082683177,0.15
118,0.15,0.6,0.5,visibility_only,0.75,0.5,0.6,0.14343506082683177,0.15
118,0.15,0.6,0.5,common_mode_only,1.0,1.0,0.6,0.49420588460139236,0.4850826624866532
118,0.15,0.6,0.5,combined,0.75,0.5,0.6,0.49420588460139236,0.4850826624866532
118,0.15,0.8,0.0,raw_residual,1.0,1.0,1.0,0.1471673668311796,0.15
118,0.15,0.8,0.0,visibility_only,1.0,1.0,1.0,0.1471673668311796,0.15
118,0.15,0.8,0.0,common_mode_only,1.0,0.0,1.0,0.9986831837513773,0.9885946994111252
118,0.15,0.8,0.0,combined,1.0,0.0,1.0,0.9986831837513773,0.9885946994111252
118,0.15,0.8,0.5,raw_residual,1.0,1.0,0.6,0.14343506082683172,0.15
118,0.15,0.8,0.5,visibility_only,0.6666666666666666,0.5833333333333334,0.6,0.14343506082683172,0.15
118,0.15,0.8,0.5,common_mode_only,1.0,0.4166666666666667,0.6,0.9993134353063985,0.9819593110444519
118,0.15,0.8,0.5,combined,0.6666666666666666,0.0,0.6,0.9993134353063985,0.9819593110444519
118,0.3,0.2,0.0,raw_residual,1.0,1.0,1.0,0.2962800894624823,0.3
118,0.3,0.2,0.0,visibility_only,1.0,1.0,1.0,0.2962800894624823,0.3
118,0.3,0.2,0.0,common_mode_only,0.0,1.0,1.0,0.0068971162846140025,0.004692207653940884
118,0.3,0.2,0.0,combined,0.0,1.0,1.0,0.0068971162846140025,0.004692207653940884
118,0.3,0.2,0.5,raw_residual,1.0,1.0,0.6,0.2923153566481802,0.3
118,0.3,0.2,0.5,visibility_only,0.625,0.5,0.6,0.2923153566481802,0.3
118,0.3,0.2,0.5,common_mode_only,0.375,1.0,0.6,0.0063088785148016436,0.012656114753084886
118,0.3,0.2,0.5,combined,0.0,0.5,0.6,0.0063088785148016436,0.012656114753084886
118,0.3,0.4,0.0,raw_residual,1.0,1.0,1.0,0.29628008946248235,0.3
118,0.3,0.4,0.0,visibility_only,1.0,1.0,1.0,0.29628008946248235,0.3
118,0.3,0.4,0.0,common_mode_only,0.1111111111111111,1.0,1.0,0.016697393329375917,0.012416972051661779
118,0.3,0.4,0.0,combined,0.1111111111111111,1.0,1.0,0.016697393329375917,0.012416972051661779
118,0.3,0.4,0.5,raw_residual,1.0,1.0,0.6,0.2923153566481802,0.3
118,0.3,0.4,0.5,visibility_only,0.6111111111111112,0.5833333333333334,0.6,0.2923153566481802,0.3
118,0.3,0.4,0.5,common_mode_only,0.4444444444444444,1.0,0.6,0.014966517284442997,0.006864626622767476
118,0.3,0.4,0.5,combined,0.05555555555555555,0.5833333333333334,0.6,0.014966517284442997,0.006864626622767476
118,0.3,0.6,0.0,raw_residual,1.0,1.0,1.0,0.29628008946248235,0.3
118,0.3,0.6,0.0,visibility_only,1.0,1.0,1.0,0.29628008946248235,0.3
118,0.3,0.6,0.0,common_mode_only,1.0,0.16666666666666666,1.0,0.9847362226070399,0.9676483480890264
118,0.3,0.6,0.0,combined,1.0,0.16666666666666666,1.0,0.9847362226070399,0.9676483480890264
118,0.3,0.6,0.5,raw_residual,1.0,1.0,0.6,0.2923153566481802,0.3
118,0.3,0.6,0.5,visibility_only,0.75,0.5,0.6,0.2923153566481802,0.3
118,0.3,0.6,0.5,common_mode_only,1.0,1.0,0.6,0.4942058846013924,0.4850826624866533
118,0.3,0.6,0.5,combined,0.75,0.5,0.6,0.4942058846013924,0.4850826624866533
118,0.3,0.8,0.0,raw_residual,1.0,1.0,1.0,0.29628008946248235,0.3
118,0.3,0.8,0.0,visibility_only,1.0,1.0,1.0,0.29628008946248235,0.3
118,0.3,0.8,0.0,common_mode_only,1.0,0.0,1.0,0.9986831837513773,0.9885946994111255
118,0.3,0.8,0.0,combined,1.0,0.0,1.0,0.9986831837513773,0.9885946994111255
118,0.3,0.8,0.5,raw_residual,1.0,1.0,0.6,0.2923153566481802,0.3
118,0.3,0.8,0.5,visibility_only,0.6666666666666666,0.5833333333333334,0.6,0.2923153566481802,0.3
118,0.3,0.8,0.5,common_mode_only,1.0,0.4166666666666667,0.6,0.9993134353063985,0.9819593110444518
118,0.3,0.8,0.5,combined,0.6666666666666666,0.0,0.6,0.9993134353063985,0.9819593110444518
118,0.6,0.2,0.0,raw_residual,1.0,1.0,1.0,0.5958691197244451,0.6
118,0.6,0.2,0.0,visibility_only,1.0,1.0,1.0,0.5958691197244451,0.6
118,0.6,0.2,0.0,common_mode_only,0.0,1.0,1.0,0.006897116284614021,0.004692207653940916
118,0.6,0.2,0.0,combined,0.0,1.0,1.0,0.006897116284614021,0.004692207653940916
118,0.6,0.2,0.5,raw_residual,1.0,1.0,0.6,0.5918046675657775,0.6
118,0.6,0.2,0.5,visibility_only,0.625,0.5,0.6,0.5918046675657775,0.6
118,0.6,0.2,0.5,common_mode_only,0.375,1.0,0.6,0.006308878514801667,0.012656114753084934
118,0.6,0.2,0.5,combined,0.0,0.5,0.6,0.006308878514801667,0.012656114753084934
118,0.6,0.4,0.0,raw_residual,1.0,1.0,1.0,0.5958691197244452,0.6
118,0.6,0.4,0.0,visibility_only,1.0,1.0,1.0,0.5958691197244452,0.6
118,0.6,0.4,0.0,common_mode_only,0.1111111111111111,1.0,1.0,0.016697393329375903,0.012416972051661727
118,0.6,0.4,0.0,combined,0.1111111111111111,1.0,1.0,0.016697393329375903,0.012416972051661727
118,0.6,0.4,0.5,raw_residual,1.0,1.0,0.6,0.5918046675657775,0.6
118,0.6,0.4,0.5,visibility_only,0.6111111111111112,0.5833333333333334,0.6,0.5918046675657775,0.6
118,0.6,0.4,0.5,common_mode_only,0.4444444444444444,1.0,0.6,0.014966517284442994,0.006864626622767454
118,0.6,0.4,0.5,combined,0.05555555555555555,0.5833333333333334,0.6,0.014966517284442994,0.006864626622767454
118,0.6,0.6,0.0,raw_residual,1.0,1.0,1.0,0.5958691197244452,0.6
118,0.6,0.6,0.0,visibility_only,1.0,1.0,1.0,0.5958691197244452,0.6
118,0.6,0.6,0.0,common_mode_only,1.0,0.16666666666666666,1.0,0.9847362226070401,0.9676483480890268
118,0.6,0.6,0.0,combined,1.0,0.16666666666666666,1.0,0.9847362226070401,0.9676483480890268
118,0.6,0.6,0.5,raw_residual,1.0,1.0,0.6,0.5918046675657775,0.6
118,0.6,0.6,0.5,visibility_only,0.75,0.5,0.6,0.5918046675657775,0.6
118,0.6,0.6,0.5,common_mode_only,1.0,1.0,0.6,0.49420588460139236,0.48508266248665327
118,0.6,0.6,0.5,combined,0.75,0.5,0.6,0.49420588460139236,0.48508266248665327
118,0.6,0.8,0.0,raw_residual,1.0,1.0,1.0,0.5958691197244452,0.6
118,0.6,0.8,0.0,visibility_only,1.0,1.0,1.0,0.5958691197244452,0.6
118,0.6,0.8,0.0,common_mode_only,1.0,0.0,1.0,0.9986831837513773,0.9885946994111254
118,0.6,0.8,0.0,combined,1.0,0.0,1.0,0.9986831837513773,0.9885946994111254
118,0.6,0.8,0.5,raw_residual,1.0,1.0,0.6,0.5918046675657777,0.6
118,0.6,0.8,0.5,visibility_only,0.6666666666666666,0.5833333333333334,0.6,0.5918046675657777,0.6
118,0.6,0.8,0.5,common_mode_only,1.0,0.4166666666666667,0.6,0.9993134353063987,0.9819593110444521
118,0.6,0.8,0.5,combined,0.6666666666666666,0.0,0.6,0.9993134353063987,0.9819593110444521
119,0.0,0.2,0.0,raw_residual,0.0,1.0,1.0,0.005998054913558913,0.0
119,0.0,0.2,0.0,visibility_only,0.0,1.0,1.0,0.005998054913558913,0.0
119,0.0,0.2,0.0,common_mode_only,0.0,1.0,1.0,0.005862410399560032,0.009211563096197257
119,0.0,0.2,0.0,combined,0.0,1.0,1.0,0.005862410399560032,0.009211563096197257
119,0.0,0.2,0.5,raw_residual,0.5,1.0,0.5333333333333333,0.007503886155153157,0.0
119,0.0,0.2,0.5,visibility_only,0.0,0.6666666666666666,0.5333333333333333,0.007503886155153157,0.0
119,0.0,0.2,0.5,common_mode_only,0.5,1.0,0.5333333333333333,0.006546910814543153,0.01730245825492965
119,0.0,0.2,0.5,combined,0.0,0.6666666666666666,0.5333333333333333,0.006546910814543153,0.01730245825492965
119,0.0,0.4,0.0,raw_residual,0.0,1.0,1.0,0.01162874697688312,0.0
119,0.0,0.4,0.0,visibility_only,0.0,1.0,1.0,0.01162874697688312,0.0
119,0.0,0.4,0.0,common_mode_only,0.0,1.0,1.0,0.013150521908463485,0.019819918395966047
119,0.0,0.4,0.0,combined,0.0,1.0,1.0,0.013150521908463485,0.019819918395966047
119,0.0,0.4,0.5,raw_residual,0.5555555555555556,1.0,0.5333333333333333,0.014785112591061389,0.0
119,0.0,0.4,0.5,visibility_only,0.0,0.6666666666666666,0.5333333333333333,0.014785112591061389,0.0
119,0.0,0.4,0.5,common_mode_only,1.0,1.0,0.5333333333333333,0.4823994074358574,0.48226618949831845
119,0.0,0.4,0.5,combined,0.4444444444444444,0.6666666666666666,0.5333333333333333,0.4823994074358574,0.48226618949831845
119,0.0,0.6,0.0,raw_residual,0.0,1.0,1.0,0.01748664909975557,0.0
119,0.0,0.6,0.0,visibility_only,0.0,1.0,1.0,0.01748664909975557,0.0
119,0.0,0.6,0.0,common_mode_only,1.0,0.05555555555555555,1.0,0.984310241620355,0.9694802006710945
119,0.0,0.6,0.0,combined,1.0,0.05555555555555555,1.0,0.984310241620355,0.9694802006710945
119,0.0,0.6,0.5,raw_residual,0.75,1.0,0.5333333333333333,0.02401106080728713,0.0
119,0.0,0.6,0.5,visibility_only,0.0,0.7222222222222222,0.5333333333333333,0.02401106080728713,0.0
119,0.0,0.6,0.5,common_mode_only,1.0,0.2777777777777778,0.5333333333333333,0.9984723534499066,0.9994919228083429
119,0.0,0.6,0.5,combined,0.25,0.0,0.5333333333333333,0.9984723534499066,0.9994919228083429
119,0.0,0.8,0.0,raw_residual,0.0,1.0,1.0,0.0221940935632569,0.0
119,0.0,0.8,0.0,visibility_only,0.0,1.0,1.0,0.0221940935632569,0.0
119,0.0,0.8,0.0,common_mode_only,1.0,0.0,1.0,0.9963039408675554,0.9908798220119727
119,0.0,0.8,0.0,combined,1.0,0.0,1.0,0.9963039408675554,0.9908798220119727
119,0.0,0.8,0.5,raw_residual,0.5,1.0,0.5333333333333333,0.02401106080728713,0.0
119,0.0,0.8,0.5,visibility_only,0.0,0.5416666666666666,0.5333333333333333,0.02401106080728713,0.0
119,0.0,0.8,0.5,common_mode_only,1.0,0.4583333333333333,0.5333333333333333,0.9984723534499066,0.9994919228083429
119,0.0,0.8,0.5,combined,0.5,0.0,0.5333333333333333,0.9984723534499066,0.9994919228083429
119,0.15,0.2,0.0,raw_residual,1.0,1.0,1.0,0.15031830577701363,0.15
119,0.15,0.2,0.0,visibility_only,1.0,1.0,1.0,0.15031830577701363,0.15
119,0.15,0.2,0.0,common_mode_only,0.0,1.0,1.0,0.005862410399560034,0.00921156309619724
119,0.15,0.2,0.0,combined,0.0,1.0,1.0,0.005862410399560034,0.00921156309619724
119,0.15,0.2,0.5,raw_residual,1.0,1.0,0.5333333333333333,0.1510914261604232,0.15
119,0.15,0.2,0.5,visibility_only,0.5,0.6666666666666666,0.5333333333333333,0.1510914261604232,0.15
119,0.15,0.2,0.5,common_mode_only,0.5,1.0,0.5333333333333333,0.006546910814543153,0.01730245825492967
119,0.15,0.2,0.5,combined,0.0,0.6666666666666666,0.5333333333333333,0.006546910814543153,0.01730245825492967
119,0.15,0.4,0.0,raw_residual,1.0,1.0,1.0,0.1503183057770136,0.15
119,0.15,0.4,0.0,visibility_only,1.0,1.0,1.0,0.1503183057770136,0.15
119,0.15,0.4,0.0,common_mode_only,0.0,1.0,1.0,0.013150521908463489,0.019819918395966033
119,0.15,0.4,0.0,combined,0.0,1.0,1.0,0.013150521908463489,0.019819918395966033
119,0.15,0.4,0.5,raw_residual,1.0,1.0,0.5333333333333333,0.15109142616042318,0.15
119,0.15,0.4,0.5,visibility_only,0.4444444444444444,0.6666666666666666,0.5333333333333333,0.15109142616042318,0.15
119,0.15,0.4,0.5,common_mode_only,1.0,1.0,0.5333333333333333,0.48239940743585735,0.4822661894983184
119,0.15,0.4,0.5,combined,0.4444444444444444,0.6666666666666666,0.5333333333333333,0.48239940743585735,0.4822661894983184
119,0.15,0.6,0.0,raw_residual,1.0,1.0,1.0,0.15031830577701358,0.15
119,0.15,0.6,0.0,visibility_only,1.0,1.0,1.0,0.15031830577701358,0.15
119,0.15,0.6,0.0,common_mode_only,1.0,0.05555555555555555,1.0,0.984310241620355,0.9694802006710945
119,0.15,0.6,0.0,combined,1.0,0.05555555555555555,1.0,0.984310241620355,0.9694802006710945
119,0.15,0.6,0.5,raw_residual,1.0,1.0,0.5333333333333333,0.15109142616042315,0.15
119,0.15,0.6,0.5,visibility_only,0.25,0.7222222222222222,0.5333333333333333,0.15109142616042315,0.15
119,0.15,0.6,0.5,common_mode_only,1.0,0.2777777777777778,0.5333333333333333,0.9984723534499065,0.9994919228083428
119,0.15,0.6,0.5,combined,0.25,0.0,0.5333333333333333,0.9984723534499065,0.9994919228083428
119,0.15,0.8,0.0,raw_residual,1.0,1.0,1.0,0.15031830577701355,0.15
119,0.15,0.8,0.0,visibility_only,1.0,1.0,1.0,0.15031830577701355,0.15
119,0.15,0.8,0.0,common_mode_only,1.0,0.0,1.0,0.9963039408675552,0.9908798220119723
119,0.15,0.8,0.0,combined,1.0,0.0,1.0,0.9963039408675552,0.9908798220119723
119,0.15,0.8,0.5,raw_residual,1.0,1.0,0.5333333333333333,0.15109142616042315,0.15
119,0.15,0.8,0.5,visibility_only,0.5,0.5416666666666666,0.5333333333333333,0.15109142616042315,0.15
119,0.15,0.8,0.5,common_mode_only,1.0,0.4583333333333333,0.5333333333333333,0.9984723534499065,0.9994919228083428
119,0.15,0.8,0.5,combined,0.5,0.0,0.5333333333333333,0.9984723534499065,0.9994919228083428
119,0.3,0.2,0.0,raw_residual,1.0,1.0,1.0,0.29969818219638267,0.3
119,0.3,0.2,0.0,visibility_only,1.0,1.0,1.0,0.29969818219638267,0.3
119,0.3,0.2,0.0,common_mode_only,0.0,1.0,1.0,0.005862410399560032,0.009211563096197266
119,0.3,0.2,0.0,combined,0.0,1.0,1.0,0.005862410399560032,0.009211563096197266
119,0.3,0.2,0.5,raw_residual,1.0,1.0,0.5333333333333333,0.3006202671594328,0.3
119,0.3,0.2,0.5,visibility_only,0.5,0.6666666666666666,0.5333333333333333,0.3006202671594328,0.3
119,0.3,0.2,0.5,common_mode_only,0.5,1.0,0.5333333333333333,0.006546910814543145,0.017302458254929647
119,0.3,0.2,0.5,combined,0.0,0.6666666666666666,0.5333333333333333,0.006546910814543145,0.017302458254929647
119,0.3,0.4,0.0,raw_residual,1.0,1.0,1.0,0.2996981821963827,0.3
119,0.3,0.4,0.0,visibility_only,1.0,1.0,1.0,0.2996981821963827,0.3
119,0.3,0.4,0.0,common_mode_only,0.0,1.0,1.0,0.013150521908463489,0.01981991839596606
119,0.3,0.4,0.0,combined,0.0,1.0,1.0,0.013150521908463489,0.01981991839596606
119,0.3,0.4,0.5,raw_residual,1.0,1.0,0.5333333333333333,0.30062026715943285,0.3
119,0.3,0.4,0.5,visibility_only,0.4444444444444444,0.6666666666666666,0.5333333333333333,0.30062026715943285,0.3
119,0.3,0.4,0.5,common_mode_only,1.0,1.0,0.5333333333333333,0.4823994074358574,0.48226618949831856
119,0.3,0.4,0.5,combined,0.4444444444444444,0.6666666666666666,0.5333333333333333,0.4823994074358574,0.48226618949831856
119,0.3,0.6,0.0,raw_residual,1.0,1.0,1.0,0.2996981821963827,0.3
119,0.3,0.6,0.0,visibility_only,1.0,1.0,1.0,0.2996981821963827,0.3
119,0.3,0.6,0.0,common_mode_only,1.0,0.05555555555555555,1.0,0.984310241620355,0.9694802006710944
119,0.3,0.6,0.0,combined,1.0,0.05555555555555555,1.0,0.984310241620355,0.9694802006710944
119,0.3,0.6,0.5,raw_residual,1.0,1.0,0.5333333333333333,0.3006202671594329,0.3
119,0.3,0.6,0.5,visibility_only,0.25,0.7222222222222222,0.5333333333333333,0.3006202671594329,0.3
119,0.3,0.6,0.5,common_mode_only,1.0,0.2777777777777778,0.5333333333333333,0.9984723534499066,0.9994919228083429
119,0.3,0.6,0.5,combined,0.25,0.0,0.5333333333333333,0.9984723534499066,0.9994919228083429
119,0.3,0.8,0.0,raw_residual,1.0,1.0,1.0,0.2996981821963827,0.3
119,0.3,0.8,0.0,visibility_only,1.0,1.0,1.0,0.2996981821963827,0.3
119,0.3,0.8,0.0,common_mode_only,1.0,0.0,1.0,0.9963039408675554,0.9908798220119727
119,0.3,0.8,0.0,combined,1.0,0.0,1.0,0.9963039408675554,0.9908798220119727
119,0.3,0.8,0.5,raw_residual,1.0,1.0,0.5333333333333333,0.3006202671594329,0.3
119,0.3,0.8,0.5,visibility_only,0.5,0.5416666666666666,0.5333333333333333,0.3006202671594329,0.3
119,0.3,0.8,0.5,common_mode_only,1.0,0.4583333333333333,0.5333333333333333,0.9984723534499066,0.9994919228083429
119,0.3,0.8,0.5,combined,0.5,0.0,0.5333333333333333,0.9984723534499066,0.9994919228083429
119,0.6,0.2,0.0,raw_residual,1.0,1.0,1.0,0.5993957020725712,0.6
119,0.6,0.2,0.0,visibility_only,1.0,1.0,1.0,0.5993957020725712,0.6
119,0.6,0.2,0.0,common_mode_only,0.0,1.0,1.0,0.005862410399560032,0.009211563096197318
119,0.6,0.2,0.0,combined,0.0,1.0,1.0,0.005862410399560032,0.009211563096197318
119,0.6,0.2,0.5,raw_residual,1.0,1.0,0.5333333333333333,0.6003821967561501,0.6
119,0.6,0.2,0.5,visibility_only,0.5,0.6666666666666666,0.5333333333333333,0.6003821967561501,0.6
119,0.6,0.2,0.5,common_mode_only,0.5,1.0,0.5333333333333333,0.006546910814543149,0.017302458254929595
119,0.6,0.2,0.5,combined,0.0,0.6666666666666666,0.5333333333333333,0.006546910814543149,0.017302458254929595
119,0.6,0.4,0.0,raw_residual,1.0,1.0,1.0,0.5993957020725713,0.6
119,0.6,0.4,0.0,visibility_only,1.0,1.0,1.0,0.5993957020725713,0.6
119,0.6,0.4,0.0,common_mode_only,0.0,1.0,1.0,0.01315052190846344,0.01981991839596595
119,0.6,0.4,0.0,combined,0.0,1.0,1.0,0.01315052190846344,0.01981991839596595
119,0.6,0.4,0.5,raw_residual,1.0,1.0,0.5333333333333333,0.6003821967561501,0.6
119,0.6,0.4,0.5,visibility_only,0.4444444444444444,0.6666666666666666,0.5333333333333333,0.6003821967561501,0.6
119,0.6,0.4,0.5,common_mode_only,1.0,1.0,0.5333333333333333,0.4823994074358574,0.4822661894983186
119,0.6,0.4,0.5,combined,0.4444444444444444,0.6666666666666666,0.5333333333333333,0.4823994074358574,0.4822661894983186
119,0.6,0.6,0.0,raw_residual,1.0,1.0,1.0,0.5993957020725713,0.6
119,0.6,0.6,0.0,visibility_only,1.0,1.0,1.0,0.5993957020725713,0.6
119,0.6,0.6,0.0,common_mode_only,1.0,0.05555555555555555,1.0,0.984310241620355,0.9694802006710949
119,0.6,0.6,0.0,combined,1.0,0.05555555555555555,1.0,0.984310241620355,0.9694802006710949
119,0.6,0.6,0.5,raw_residual,1.0,1.0,0.5333333333333333,0.6003821967561501,0.6
119,0.6,0.6,0.5,visibility_only,0.25,0.7222222222222222,0.5333333333333333,0.6003821967561501,0.6
119,0.6,0.6,0.5,common_mode_only,1.0,0.2777777777777778,0.5333333333333333,0.9984723534499066,0.999491922808343
119,0.6,0.6,0.5,combined,0.25,0.0,0.5333333333333333,0.9984723534499066,0.999491922808343
119,0.6,0.8,0.0,raw_residual,1.0,1.0,1.0,0.5993957020725713,0.6
119,0.6,0.8,0.0,visibility_only,1.0,1.0,1.0,0.5993957020725713,0.6
119,0.6,0.8,0.0,common_mode_only,1.0,0.0,1.0,0.9963039408675552,0.9908798220119726
119,0.6,0.8,0.0,combined,1.0,0.0,1.0,0.9963039408675552,0.9908798220119726
119,0.6,0.8,0.5,raw_residual,1.0,1.0,0.5333333333333333,0.6003821967561501,0.6
119,0.6,0.8,0.5,visibility_only,0.5,0.5416666666666666,0.5333333333333333,0.6003821967561501,0.6
119,0.6,0.8,0.5,common_mode_only,1.0,0.4583333333333333,0.5333333333333333,0.9984723534499066,0.999491922808343
119,0.6,0.8,0.5,combined,0.5,0.0,0.5333333333333333,0.9984723534499066,0.999491922808343
120,0.0,0.2,0.0,raw_residual,0.0,1.0,1.0,0.004644479175972497,0.0
120,0.0,0.2,0.0,visibility_only,0.0,1.0,1.0,0.004644479175972497,0.0
120,0.0,0.2,0.0,common_mode_only,0.0,1.0,1.0,0.004824943959064618,0.009415969225861529
120,0.0,0.2,0.0,combined,0.0,1.0,1.0,0.004824943959064618,0.009415969225861529
120,0.0,0.2,0.5,raw_residual,0.5,1.0,0.4666666666666667,0.0021209210533993865,0.0
120,0.0,0.2,0.5,visibility_only,0.0,0.3333333333333333,0.4666666666666667,0.0021209210533993865,0.0
120,0.0,0.2,0.5,common_mode_only,0.5,1.0,0.4666666666666667,0.0015597345266301949,0.011978620377122792
120,0.0,0.2,0.5,combined,0.0,0.3333333333333333,0.4666666666666667,0.0015597345266301949,0.011978620377122792
120,0.0,0.4,0.0,raw_residual,0.0,1.0,1.0,0.009272109967567745,0.0
120,0.0,0.4,0.0,visibility_only,0.0,1.0,1.0,0.009272109967567745,0.0
120,0.0,0.4,0.0,common_mode_only,0.05555555555555555,1.0,1.0,0.012038055809090942,0.014009986715939138
120,0.0,0.4,0.0,combined,0.05555555555555555,1.0,1.0,0.012038055809090942,0.014009986715939138
120,0.0,0.4,0.5,raw_residual,0.5555555555555556,1.0,0.4666666666666667,0.008194086598298614,0.0
120,0.0,0.4,0.5,visibility_only,0.0,0.5,0.4666666666666667,0.008194086598298614,0.0
120,0.0,0.4,0.5,common_mode_only,0.6111111111111112,1.0,0.4666666666666667,0.017053156159357895,0.02567613662867185
120,0.0,0.4,0.5,combined,0.05555555555555555,0.5,0.4666666666666667,0.017053156159357895,0.02567613662867185
120,0.0,0.6,0.0,raw_residual,0.0,1.0,1.0,0.013577154187652284,0.0
120,0.0,0.6,0.0,visibility_only,0.0,1.0,1.0,0.013577154187652284,0.0
120,0.0,0.6,0.0,common_mode_only,1.0,0.0,1.0,0.9955468075197674,0.9804062031282568
120,0.0,0.6,0.0,combined,1.0,0.0,1.0,0.9955468075197674,0.9804062031282568
120,0.0,0.6,0.5,raw_residual,0.5833333333333334,1.0,0.4666666666666667,0.012936265183996149,0.0
120,0.0,0.6,0.5,visibility_only,0.0,0.5,0.4666666666666667,0.012936265183996149,0.0
120,0.0,0.6,0.5,common_mode_only,1.0,0.5,0.4666666666666667,0.9946256937825438,0.985884873205059
120,0.0,0.6,0.5,combined,0.4166666666666667,0.0,0.4666666666666667,0.9946256937825438,0.985884873205059
120,0.0,0.8,0.0,raw_residual,0.0,1.0,1.0,0.017870860807716445,0.0
120,0.0,0.8,0.0,visibility_only,0.0,1.0,1.0,0.017870860807716445,0.0
120,0.0,0.8,0.0,common_mode_only,1.0,0.0,1.0,1.0001255396810556,0.9906417414284197
120,0.0,0.8,0.0,combined,1.0,0.0,1.0,1.0001255396810556,0.9906417414284197
120,0.0,0.8,0.5,raw_residual,0.6666666666666666,1.0,0.4666666666666667,0.018290186905406163,0.0
120,0.0,0.8,0.5,visibility_only,0.0,0.5,0.4666666666666667,0.018290186905406163,0.0
120,0.0,0.8,0.5,common_mode_only,1.0,0.5,0.4666666666666667,0.9964356196935313,0.9912465374489055
120,0.0,0.8,0.5,combined,0.3333333333333333,0.0,0.4666666666666667,0.9964356196935313,0.9912465374489055
120,0.15,0.2,0.0,raw_residual,1.0,1.0,1.0,0.14529313783785788,0.15
120,0.15,0.2,0.0,visibility_only,1.0,1.0,1.0,0.14529313783785788,0.15
120,0.15,0.2,0.0,common_mode_only,0.0,1.0,1.0,0.004824943959064596,0.009415969225861522
120,0.15,0.2,0.0,combined,0.0,1.0,1.0,0.004824943959064596,0.009415969225861522
120,0.15,0.2,0.5,raw_residual,1.0,1.0,0.4666666666666667,0.1476861633874568,0.15
120,0.15,0.2,0.5,visibility_only,0.5,0.3333333333333333,0.4666666666666667,0.1476861633874568,0.15
120,0.15,0.2,0.5,common_mode_only,0.5,1.0,0.4666666666666667,0.0015597345266302018,0.011978620377122794
120,0.15,0.2,0.5,combined,0.0,0.3333333333333333,0.4666666666666667,0.0015597345266302018,0.011978620377122794
120,0.15,0.4,0.0,raw_residual,1.0,1.0,1.0,0.14529313783785786,0.15
120,0.15,0.4,0.0,visibility_only,1.0,1.0,1.0,0.14529313783785786,0.15
120,0.15,0.4,0.0,common_mode_only,0.05555555555555555,1.0,1.0,0.012038055809090955,0.014009986715939128
120,0.15,0.4,0.0,combined,0.05555555555555555,1.0,1.0,0.012038055809090955,0.014009986715939128
120,0.15,0.4,0.5,raw_residual,1.0,1.0,0.4666666666666667,0.14768616338745674,0.15
120,0.15,0.4,0.5,visibility_only,0.4444444444444444,0.5,0.4666666666666667,0.14768616338745674,0.15
120,0.15,0.4,0.5,common_mode_only,0.6111111111111112,1.0,0.4666666666666667,0.017053156159357895,0.025676136628671853
120,0.15,0.4,0.5,combined,0.05555555555555555,0.5,0.4666666666666667,0.017053156159357895,0.025676136628671853
120,0.15,0.6,0.0,raw_residual,1.0,1.0,1.0,0.14529313783785786,0.15
120,0.15,0.6,0.0,visibility_only,1.0,1.0,1.0,0.14529313783785786,0.15
120,0.15,0.6,0.0,common_mode_only,1.0,0.0,1.0,0.9955468075197674,0.9804062031282567
120,0.15,0.6,0.0,combined,1.0,0.0,1.0,0.9955468075197674,0.9804062031282567
120,0.15,0.6,0.5,raw_residual,1.0,1.0,0.4666666666666667,0.14768616338745671,0.15
120,0.15,0.6,0.5,visibility_only,0.4166666666666667,0.5,0.4666666666666667,0.14768616338745671,0.15
120,0.15,0.6,0.5,common_mode_only,1.0,0.5,0.4666666666666667,0.9946256937825437,0.9858848732050589
120,0.15,0.6,0.5,combined,0.4166666666666667,0.0,0.4666666666666667,0.9946256937825437,0.9858848732050589
120,0.15,0.8,0.0,raw_residual,1.0,1.0,1.0,0.14529313783785783,0.15
120,0.15,0.8,0.0,visibility_only,1.0,1.0,1.0,0.14529313783785783,0.15
120,0.15,0.8,0.0,common_mode_only,1.0,0.0,1.0,1.0001255396810556,0.9906417414284197
120,0.15,0.8,0.0,combined,1.0,0.0,1.0,1.0001255396810556,0.9906417414284197
120,0.15,0.8,0.5,raw_residual,1.0,1.0,0.4666666666666667,0.14768616338745671,0.15
120,0.15,0.8,0.5,visibility_only,0.3333333333333333,0.5,0.4666666666666667,0.14768616338745671,0.15
120,0.15,0.8,0.5,common_mode_only,1.0,0.5,0.4666666666666667,0.9964356196935313,0.9912465374489053
120,0.15,0.8,0.5,combined,0.3333333333333333,0.0,0.4666666666666667,0.9964356196935313,0.9912465374489053
120,0.3,0.2,0.0,raw_residual,1.0,1.0,1.0,0.29469233114720167,0.3
120,0.3,0.2,0.0,visibility_only,1.0,1.0,1.0,0.29469233114720167,0.3
120,0.3,0.2,0.0,common_mode_only,0.0,1.0,1.0,0.004824943959064613,0.00941596922586154
120,0.3,0.2,0.0,combined,0.0,1.0,1.0,0.004824943959064613,0.00941596922586154
120,0.3,0.2,0.5,raw_residual,1.0,1.0,0.4666666666666667,0.29698608003177657,0.3
120,0.3,0.2,0.5,visibility_only,0.5,0.3333333333333333,0.4666666666666667,0.29698608003177657,0.3
120,0.3,0.2,0.5,common_mode_only,0.5,1.0,0.4666666666666667,0.0015597345266301949,0.01197862037712277
120,0.3,0.2,0.5,combined,0.0,0.3333333333333333,0.4666666666666667,0.0015597345266301949,0.01197862037712277
120,0.3,0.4,0.0,raw_residual,1.0,1.0,1.0,0.2946923311472017,0.3
120,0.3,0.4,0.0,visibility_only,1.0,1.0,1.0,0.2946923311472017,0.3
120,0.3,0.4,0.0,common_mode_only,0.05555555555555555,1.0,1.0,0.012038055809090908,0.01400998671593915
120,0.3,0.4,0.0,combined,0.05555555555555555,1.0,1.0,0.012038055809090908,0.01400998671593915
120,0.3,0.4,0.5,raw_residual,1.0,1.0,0.4666666666666667,0.29698608003177657,0.3
120,0.3,0.4,0.5,visibility_only,0.4444444444444444,0.5,0.4666666666666667,0.29698608003177657,0.3
120,0.3,0.4,0.5,common_mode_only,0.6111111111111112,1.0,0.4666666666666667,0.017053156159357853,0.02567613662867183
120,0.3,0.4,0.5,combined,0.05555555555555555,0.5,0.4666666666666667,0.017053156159357853,0.02567613662867183
120,0.3,0.6,0.0,raw_residual,1.0,1.0,1.0,0.2946923311472017,0.3
120,0.3,0.6,0.0,visibility_only,1.0,1.0,1.0,0.2946923311472017,0.3
120,0.3,0.6,0.0,common_mode_only,1.0,0.0,1.0,0.9955468075197675,0.9804062031282568
120,0.3,0.6,0.0,combined,1.0,0.0,1.0,0.9955468075197675,0.9804062031282568
120,0.3,0.6,0.5,raw_residual,1.0,1.0,0.4666666666666667,0.29698608003177657,0.3
120,0.3,0.6,0.5,visibility_only,0.4166666666666667,0.5,0.4666666666666667,0.29698608003177657,0.3
120,0.3,0.6,0.5,common_mode_only,1.0,0.5,0.4666666666666667,0.9946256937825438,0.985884873205059
120,0.3,0.6,0.5,combined,0.4166666666666667,0.0,0.4666666666666667,0.9946256937825438,0.985884873205059
120,0.3,0.8,0.0,raw_residual,1.0,1.0,1.0,0.2946923311472017,0.3
120,0.3,0.8,0.0,visibility_only,1.0,1.0,1.0,0.2946923311472017,0.3
120,0.3,0.8,0.0,common_mode_only,1.0,0.0,1.0,1.0001255396810556,0.9906417414284197
120,0.3,0.8,0.0,combined,1.0,0.0,1.0,1.0001255396810556,0.9906417414284197
120,0.3,0.8,0.5,raw_residual,1.0,1.0,0.4666666666666667,0.29698608003177657,0.3
120,0.3,0.8,0.5,visibility_only,0.3333333333333333,0.5,0.4666666666666667,0.29698608003177657,0.3
120,0.3,0.8,0.5,common_mode_only,1.0,0.5,0.4666666666666667,0.9964356196935313,0.9912465374489055
120,0.3,0.8,0.5,combined,0.3333333333333333,0.0,0.4666666666666667,0.9964356196935313,0.9912465374489055
120,0.6,0.2,0.0,raw_residual,1.0,1.0,1.0,0.5944110511213169,0.6
120,0.6,0.2,0.0,visibility_only,1.0,1.0,1.0,0.5944110511213169,0.6
120,0.6,0.2,0.0,common_mode_only,0.0,1.0,1.0,0.004824943959064613,0.009415969225861503
120,0.6,0.2,0.0,combined,0.0,1.0,1.0,0.004824943959064613,0.009415969225861503
120,0.6,0.2,0.5,raw_residual,1.0,1.0,0.4666666666666667,0.596657635691968,0.6
120,0.6,0.2,0.5,visibility_only,0.5,0.3333333333333333,0.4666666666666667,0.596657635691968,0.6
120,0.6,0.2,0.5,common_mode_only,0.5,1.0,0.4666666666666667,0.0015597345266302035,0.011978620377122794
120,0.6,0.2,0.5,combined,0.0,0.3333333333333333,0.4666666666666667,0.0015597345266302035,0.011978620377122794
120,0.6,0.4,0.0,raw_residual,1.0,1.0,1.0,0.5944110511213171,0.6
120,0.6,0.4,0.0,visibility_only,1.0,1.0,1.0,0.5944110511213171,0.6
120,0.6,0.4,0.0,common_mode_only,0.05555555555555555,1.0,1.0,0.012038055809090913,0.01400998671593915
120,0.6,0.4,0.0,combined,0.05555555555555555,1.0,1.0,0.012038055809090913,0.01400998671593915
120,0.6,0.4,0.5,raw_residual,1.0,1.0,0.4666666666666667,0.596657635691968,0.6
120,0.6,0.4,0.5,visibility_only,0.4444444444444444,0.5,0.4666666666666667,0.596657635691968,0.6
120,0.6,0.4,0.5,common_mode_only,0.6111111111111112,1.0,0.4666666666666667,0.017053156159357805,0.025676136628671777
120,0.6,0.4,0.5,combined,0.05555555555555555,0.5,0.4666666666666667,0.017053156159357805,0.025676136628671777
120,0.6,0.6,0.0,raw_residual,1.0,1.0,1.0,0.5944110511213171,0.6
120,0.6,0.6,0.0,visibility_only,1.0,1.0,1.0,0.5944110511213171,0.6
120,0.6,0.6,0.0,common_mode_only,1.0,0.0,1.0,0.9955468075197677,0.9804062031282569
120,0.6,0.6,0.0,combined,1.0,0.0,1.0,0.9955468075197677,0.9804062031282569
120,0.6,0.6,0.5,raw_residual,1.0,1.0,0.4666666666666667,0.5966576356919681,0.6
120,0.6,0.6,0.5,visibility_only,0.4166666666666667,0.5,0.4666666666666667,0.5966576356919681,0.6
120,0.6,0.6,0.5,common_mode_only,1.0,0.5,0.4666666666666667,0.9946256937825438,0.9858848732050591
120,0.6,0.6,0.5,combined,0.4166666666666667,0.0,0.4666666666666667,0.9946256937825438,0.9858848732050591
120,0.6,0.8,0.0,raw_residual,1.0,1.0,1.0,0.5944110511213171,0.6
120,0.6,0.8,0.0,visibility_only,1.0,1.0,1.0,0.5944110511213171,0.6
120,0.6,0.8,0.0,common_mode_only,1.0,0.0,1.0,1.0001255396810556,0.9906417414284198
120,0.6,0.8,0.0,combined,1.0,0.0,1.0,1.0001255396810556,0.9906417414284198
120,0.6,0.8,0.5,raw_residual,1.0,1.0,0.4666666666666667,0.5966576356919681,0.6
120,0.6,0.8,0.5,visibility_only,0.3333333333333333,0.5,0.4666666666666667,0.5966576356919681,0.6
120,0.6,0.8,0.5,common_mode_only,1.0,0.5,0.4666666666666667,0.9964356196935313,0.9912465374489056
120,0.6,0.8,0.5,combined,0.3333333333333333,0.0,0.4666666666666667,0.9964356196935313,0.9912465374489056
121,0.0,0.2,0.0,raw_residual,0.0,1.0,1.0,0.005093213491416101,0.0
121,0.0,0.2,0.0,visibility_only,0.0,1.0,1.0,0.005093213491416101,0.0
121,0.0,0.2,0.0,common_mode_only,0.041666666666666664,1.0,1.0,0.008453826081830708,0.015800479490716387
121,0.0,0.2,0.0,combined,0.041666666666666664,1.0,1.0,0.008453826081830708,0.015800479490716387
121,0.0,0.2,0.5,raw_residual,0.4166666666666667,1.0,0.6,0.006090806219959196,0.0
121,0.0,0.2,0.5,visibility_only,0.0,0.6666666666666666,0.6,0.006090806219959196,0.0
121,0.0,0.2,0.5,common_mode_only,0.4583333333333333,1.0,0.6,0.010022516140648273,0.015963467485837355
121,0.0,0.2,0.5,combined,0.041666666666666664,0.6666666666666666,0.6,0.010022516140648273,0.015963467485837355
121,0.0,0.4,0.0,raw_residual,0.0,1.0,1.0,0.01092497105130935,0.0
121,0.0,0.4,0.0,visibility_only,0.0,1.0,1.0,0.01092497105130935,0.0
121,0.0,0.4,0.0,common_mode_only,0.05555555555555555,1.0,1.0,0.013176765596537751,0.019191641912055617
121,0.0,0.4,0.0,combined,0.05555555555555555,1.0,1.0,0.013176765596537751,0.019191641912055617
121,0.0,0.4,0.5,raw_residual,0.4444444444444444,1.0,0.6,0.01285556302434288,0.0
121,0.0,0.4,0.5,visibility_only,0.0,0.6666666666666666,0.6,0.01285556302434288,0.0
121,0.0,0.4,0.5,common_mode_only,0.5,1.0,0.6,0.01651220641024271,0.022687786090438956
121,0.0,0.4,0.5,combined,0.05555555555555555,0.6666666666666666,0.6,0.01651220641024271,0.022687786090438956
121,0.0,0.6,0.0,raw_residual,0.0,1.0,1.0,0.01646574802561604,0.0
121,0.0,0.6,0.0,visibility_only,0.0,1.0,1.0,0.01646574802561604,0.0
121,0.0,0.6,0.0,common_mode_only,1.0,0.05555555555555555,1.0,0.992363896749443,0.9861773914970291
121,0.0,0.6,0.0,combined,1.0,0.05555555555555555,1.0,0.992363896749443,0.9861773914970291
121,0.0,0.6,0.5,raw_residual,0.25,1.0,0.6,0.014117378699243946,0.0
121,0.0,0.6,0.5,visibility_only,0.0,0.5,0.6,0.014117378699243946,0.0
121,0.0,0.6,0.5,common_mode_only,1.0,1.0,0.6,0.49853073324747194,0.5021721777538511
121,0.0,0.6,0.5,combined,0.75,0.5,0.6,0.49853073324747194,0.5021721777538511
121,0.0,0.8,0.0,raw_residual,0.0,1.0,1.0,0.022977183067694616,0.0
121,0.0,0.8,0.0,visibility_only,0.0,1.0,1.0,0.022977183067694616,0.0
121,0.0,0.8,0.0,common_mode_only,1.0,0.0,1.0,0.9981944521768255,0.9973584469512246
121,0.0,0.8,0.0,combined,1.0,0.0,1.0,0.9981944521768255,0.9973584469512246
121,0.0,0.8,0.5,raw_residual,0.3333333333333333,1.0,0.6,0.021682127150906092,0.0
121,0.0,0.8,0.5,visibility_only,0.0,0.5833333333333334,0.6,0.021682127150906092,0.0
121,0.0,0.8,0.5,common_mode_only,1.0,0.4166666666666667,0.6,0.9972879324089146,0.9927905245249746
121,0.0,0.8,0.5,combined,0.6666666666666666,0.0,0.6,0.9972879324089146,0.9927905245249746
121,0.15,0.2,0.0,raw_residual,1.0,1.0,1.0,0.15556317791196142,0.15
121,0.15,0.2,0.0,visibility_only,1.0,1.0,1.0,0.15556317791196142,0.15
121,0.15,0.2,0.0,common_mode_only,0.041666666666666664,1.0,1.0,0.008453826081830715,0.015800479490716366
121,0.15,0.2,0.0,combined,0.041666666666666664,1.0,1.0,0.008453826081830715,0.015800479490716366
121,0.15,0.2,0.5,raw_residual,1.0,1.0,0.6,0.15469493830148917,0.15
121,0.15,0.2,0.5,visibility_only,0.5833333333333334,0.6666666666666666,0.6,0.15469493830148917,0.15
121,0.15,0.2,0.5,common_mode_only,0.4583333333333333,1.0,0.6,0.010022516140648283,0.015963467485837338
121,0.15,0.2,0.5,combined,0.041666666666666664,0.6666666666666666,0.6,0.010022516140648283,0.015963467485837338
121,0.15,0.4,0.0,raw_residual,1.0,1.0,1.0,0.15556317791196142,0.15
121,0.15,0.4,0.0,visibility_only,1.0,1.0,1.0,0.15556317791196142,0.15
121,0.15,0.4,0.0,common_mode_only,0.05555555555555555,1.0,1.0,0.013176765596537755,0.01919164191205561
121,0.15,0.4,0.0,combined,0.05555555555555555,1.0,1.0,0.013176765596537755,0.01919164191205561
121,0.15,0.4,0.5,raw_residual,1.0,1.0,0.6,0.15469493830148917,0.15
121,0.15,0.4,0.5,visibility_only,0.5555555555555556,0.6666666666666666,0.6,0.15469493830148917,0.15
121,0.15,0.4,0.5,common_mode_only,0.5,1.0,0.6,0.01651220641024272,0.02268778609043895
121,0.15,0.4,0.5,combined,0.05555555555555555,0.6666666666666666,0.6,0.01651220641024272,0.02268778609043895
121,0.15,0.6,0.0,raw_residual,1.0,1.0,1.0,0.15556317791196136,0.15
121,0.15,0.6,0.0,visibility_only,1.0,1.0,1.0,0.15556317791196136,0.15
121,0.15,0.6,0.0,common_mode_only,1.0,0.05555555555555555,1.0,0.992363896749443,0.986177391497029
121,0.15,0.6,0.0,combined,1.0,0.05555555555555555,1.0,0.992363896749443,0.986177391497029
121,0.15,0.6,0.5,raw_residual,1.0,1.0,0.6,0.15469493830148917,0.15
121,0.15,0.6,0.5,visibility_only,0.75,0.5,0.6,0.15469493830148917,0.15
121,0.15,0.6,0.5,common_mode_only,1.0,1.0,0.6,0.49853073324747194,0.502172177753851
121,0.15,0.6,0.5,combined,0.75,0.5,0.6,0.49853073324747194,0.502172177753851
121,0.15,0.8,0.0,raw_residual,1.0,1.0,1.0,0.15556317791196136,0.15
121,0.15,0.8,0.0,visibility_only,1.0,1.0,1.0,0.15556317791196136,0.15
121,0.15,0.8,0.0,common_mode_only,1.0,0.0,1.0,0.9981944521768255,0.9973584469512247
121,0.15,0.8,0.0,combined,1.0,0.0,1.0,0.9981944521768255,0.9973584469512247
121,0.15,0.8,0.5,raw_residual,1.0,1.0,0.6,0.15469493830148912,0.15
121,0.15,0.8,0.5,visibility_only,0.6666666666666666,0.5833333333333334,0.6,0.15469493830148912,0.15
121,0.15,0.8,0.5,common_mode_only,1.0,0.4166666666666667,0.6,0.9972879324089146,0.9927905245249744
121,0.15,0.8,0.5,combined,0.6666666666666666,0.0,0.6,0.9972879324089146,0.9927905245249744
121,0.3,0.2,0.0,raw_residual,1.0,1.0,1.0,0.3049811457476822,0.3
121,0.3,0.2,0.0,visibility_only,1.0,1.0,1.0,0.3049811457476822,0.3
121,0.3,0.2,0.0,common_mode_only,0.041666666666666664,1.0,1.0,0.008453826081830717,0.015800479490716394
121,0.3,0.2,0.0,combined,0.041666666666666664,1.0,1.0,0.008453826081830717,0.015800479490716394
121,0.3,0.2,0.5,raw_residual,1.0,1.0,0.6,0.30425793280456814,0.3
121,0.3,0.2,0.5,visibility_only,0.5833333333333334,0.6666666666666666,0.6,0.30425793280456814,0.3
121,0.3,0.2,0.5,common_mode_only,0.4583333333333333,1.0,0.6,0.010022516140648287,0.015963467485837365
121,0.3,0.2,0.5,combined,0.041666666666666664,0.6666666666666666,0.6,0.010022516140648287,0.015963467485837365
121,0.3,0.4,0.0,raw_residual,1.0,1.0,1.0,0.3049811457476822,0.3
121,0.3,0.4,0.0,visibility_only,1.0,1.0,1.0,0.3049811457476822,0.3
121,0.3,0.4,0.0,common_mode_only,0.05555555555555555,1.0,1.0,0.013176765596537734,0.019191641912055583
121,0.3,0.4,0.0,combined,0.05555555555555555,1.0,1.0,0.013176765596537734,0.019191641912055583
121,0.3,0.4,0.5,raw_residual,1.0,1.0,0.6,0.30425793280456814,0.3
121,0.3,0.4,0.5,visibility_only,0.5555555555555556,0.6666666666666666,0.6,0.30425793280456814,0.3
121,0.3,0.4,0.5,common_mode_only,0.5,1.0,0.6,0.01651220641024269,0.02268778609043892
121,0.3,0.4,0.5,combined,0.05555555555555555,0.6666666666666666,0.6,0.01651220641024269,0.02268778609043892
121,0.3,0.6,0.0,raw_residual,1.0,1.0,1.0,0.3049811457476822,0.3
121,0.3,0.6,0.0,visibility_only,1.0,1.0,1.0,0.3049811457476822,0.3
121,0.3,0.6,0.0,common_mode_only,1.0,0.05555555555555555,1.0,0.992363896749443,0.9861773914970289
121,0.3,0.6,0.0,combined,1.0,0.05555555555555555,1.0,0.992363896749443,0.9861773914970289
121,0.3,0.6,0.5,raw_residual,1.0,1.0,0.6,0.30425793280456814,0.3
121,0.3,0.6,0.5,visibility_only,0.75,0.5,0.6,0.30425793280456814,0.3
121,0.3,0.6,0.5,common_mode_only,1.0,1.0,0.6,0.4985307332474718,0.5021721777538511
121,0.3,0.6,0.5,combined,0.75,0.5,0.6,0.4985307332474718,0.5021721777538511
121,0.3,0.8,0.0,raw_residual,1.0,1.0,1.0,0.3049811457476822,0.3
121,0.3,0.8,0.0,visibility_only,1.0,1.0,1.0,0.3049811457476822,0.3
121,0.3,0.8,0.0,common_mode_only,1.0,0.0,1.0,0.9981944521768255,0.9973584469512246
121,0.3,0.8,0.0,combined,1.0,0.0,1.0,0.9981944521768255,0.9973584469512246
121,0.3,0.8,0.5,raw_residual,1.0,1.0,0.6,0.30425793280456814,0.3
121,0.3,0.8,0.5,visibility_only,0.6666666666666666,0.5833333333333334,0.6,0.30425793280456814,0.3
121,0.3,0.8,0.5,common_mode_only,1.0,0.4166666666666667,0.6,0.9972879324089146,0.9927905245249745
121,0.3,0.8,0.5,combined,0.6666666666666666,0.0,0.6,0.9972879324089146,0.9927905245249745
121,0.6,0.2,0.0,raw_residual,1.0,1.0,1.0,0.6046846194827781,0.6
121,0.6,0.2,0.0,visibility_only,1.0,1.0,1.0,0.6046846194827781,0.6
121,0.6,0.2,0.0,common_mode_only,0.041666666666666664,1.0,1.0,0.008453826081830706,0.015800479490716394
121,0.6,0.2,0.0,combined,0.041666666666666664,1.0,1.0,0.008453826081830706,0.015800479490716394
121,0.6,0.2,0.5,raw_residual,1.0,1.0,0.6,0.6040500192674929,0.6
121,0.6,0.2,0.5,visibility_only,0.5833333333333334,0.6666666666666666,0.6,0.6040500192674929,0.6
121,0.6,0.2,0.5,common_mode_only,0.4583333333333333,1.0,0.6,0.010022516140648282,0.015963467485837365
121,0.6,0.2,0.5,combined,0.041666666666666664,0.6666666666666666,0.6,0.010022516140648282,0.015963467485837365
121,0.6,0.4,0.0,raw_residual,1.0,1.0,1.0,0.6046846194827782,0.6
121,0.6,0.4,0.0,visibility_only,1.0,1.0,1.0,0.6046846194827782,0.6
121,0.6,0.4,0.0,common_mode_only,0.05555555555555555,1.0,1.0,0.013176765596537738,0.019191641912055638
121,0.6,0.4,0.0,combined,0.05555555555555555,1.0,1.0,0.013176765596537738,0.019191641912055638
121,0.6,0.4,0.5,raw_residual,1.0,1.0,0.6,0.6040500192674929,0.6
121,0.6,0.4,0.5,visibility_only,0.5555555555555556,0.6666666666666666,0.6,0.6040500192674929,0.6
121,0.6,0.4,0.5,common_mode_only,0.5,1.0,0.6,0.016512206410242702,0.022687786090438977
121,0.6,0.4,0.5,combined,0.05555555555555555,0.6666666666666666,0.6,0.016512206410242702,0.022687786090438977
121,0.6,0.6,0.0,raw_residual,1.0,1.0,1.0,0.6046846194827782,0.6
121,0.6,0.6,0.0,visibility_only,1.0,1.0,1.0,0.6046846194827782,0.6
121,0.6,0.6,0.0,common_mode_only,1.0,0.05555555555555555,1.0,0.9923638967494431,0.9861773914970292
121,0.6,0.6,0.0,combined,1.0,0.05555555555555555,1.0,0.9923638967494431,0.9861773914970292
121,0.6,0.6,0.5,raw_residual,1.0,1.0,0.6,0.6040500192674929,0.6
121,0.6,0.6,0.5,visibility_only,0.75,0.5,0.6,0.6040500192674929,0.6
121,0.6,0.6,0.5,common_mode_only,1.0,1.0,0.6,0.4985307332474717,0.502172177753851
121,0.6,0.6,0.5,combined,0.75,0.5,0.6,0.4985307332474717,0.502172177753851
121,0.6,0.8,0.0,raw_residual,1.0,1.0,1.0,0.6046846194827782,0.6
121,0.6,0.8,0.0,visibility_only,1.0,1.0,1.0,0.6046846194827782,0.6
121,0.6,0.8,0.0,common_mode_only,1.0,0.0,1.0,0.9981944521768255,0.9973584469512249
121,0.6,0.8,0.0,combined,1.0,0.0,1.0,0.9981944521768255,0.9973584469512249
121,0.6,0.8,0.5,raw_residual,1.0,1.0,0.6,0.6040500192674929,0.6
121,0.6,0.8,0.5,visibility_only,0.6666666666666666,0.5833333333333334,0.6,0.6040500192674929,0.6
121,0.6,0.8,0.5,common_mode_only,1.0,0.4166666666666667,0.6,0.9972879324089146,0.9927905245249746
121,0.6,0.8,0.5,combined,0.6666666666666666,0.0,0.6,0.9972879324089146,0.9927905245249746
122,0.0,0.2,0.0,raw_residual,0.0,1.0,1.0,0.006022187518251295,0.0
122,0.0,0.2,0.0,visibility_only,0.0,1.0,1.0,0.006022187518251295,0.0
122,0.0,0.2,0.0,common_mode_only,0.0,1.0,1.0,0.005226464015362533,0.011054197741993598
122,0.0,0.2,0.0,combined,0.0,1.0,1.0,0.005226464015362533,0.011054197741993598
122,0.0,0.2,0.5,raw_residual,0.5416666666666666,1.0,0.43333333333333335,0.005852226257076848,0.0
122,0.0,0.2,0.5,visibility_only,0.0,0.3333333333333333,0.43333333333333335,0.005852226257076848,0.0
122,0.0,0.2,0.5,common_mode_only,0.5416666666666666,1.0,0.43333333333333335,0.00465291437908379,0.012991212138000733
122,0.0,0.2,0.5,combined,0.0,0.3333333333333333,0.43333333333333335,0.00465291437908379,0.012991212138000733
122,0.0,0.4,0.0,raw_residual,0.0,1.0,1.0,0.010398043694017327,0.0
122,0.0,0.4,0.0,visibility_only,0.0,1.0,1.0,0.010398043694017327,0.0
122,0.0,0.4,0.0,common_mode_only,0.05555555555555555,1.0,1.0,0.013414836797184046,0.025310180555427282
122,0.0,0.4,0.0,combined,0.05555555555555555,1.0,1.0,0.013414836797184046,0.025310180555427282
122,0.0,0.4,0.5,raw_residual,0.5,1.0,0.43333333333333335,0.009898116727530768,0.0
122,0.0,0.4,0.5,visibility_only,0.0,0.3333333333333333,0.43333333333333335,0.009898116727530768,0.0
122,0.0,0.4,0.5,common_mode_only,0.5,1.0,0.43333333333333335,0.008015743363929052,0.020160899037088887
122,0.0,0.4,0.5,combined,0.0,0.3333333333333333,0.43333333333333335,0.008015743363929052,0.020160899037088887
122,0.0,0.6,0.0,raw_residual,0.0,1.0,1.0,0.015500703398829285,0.0
122,0.0,0.6,0.0,visibility_only,0.0,1.0,1.0,0.015500703398829285,0.0
122,0.0,0.6,0.0,common_mode_only,1.0,0.0,1.0,0.9923374282925158,0.9851310184316745
122,0.0,0.6,0.0,combined,1.0,0.0,1.0,0.9923374282925158,0.9851310184316745
122,0.0,0.6,0.5,raw_residual,0.4166666666666667,1.0,0.43333333333333335,0.013106497557801852,0.0
122,0.0,0.6,0.5,visibility_only,0.0,0.3333333333333333,0.43333333333333335,0.013106497557801852,0.0
122,0.0,0.6,0.5,common_mode_only,0.4166666666666667,1.0,0.43333333333333335,0.01419994693268243,0.027587673416083692
122,0.0,0.6,0.5,combined,0.0,0.3333333333333333,0.43333333333333335,0.01419994693268243,0.027587673416083692
122,0.0,0.8,0.0,raw_residual,0.0,1.0,1.0,0.02098395903228038,0.0
122,0.0,0.8,0.0,visibility_only,0.0,1.0,1.0,0.02098395903228038,0.0
122,0.0,0.8,0.0,common_mode_only,1.0,0.0,1.0,0.9997255150852478,1.0016846793015415
122,0.0,0.8,0.0,combined,1.0,0.0,1.0,0.9997255150852478,1.0016846793015415
122,0.0,0.8,0.5,raw_residual,0.3333333333333333,1.0,0.43333333333333335,0.017983774486153733,0.0
122,0.0,0.8,0.5,visibility_only,0.0,0.375,0.43333333333333335,0.017983774486153733,0.0
122,0.0,0.8,0.5,common_mode_only,1.0,0.625,0.43333333333333335,0.9999926548375471,1.0036808771988435
122,0.0,0.8,0.5,combined,0.6666666666666666,0.0,0.43333333333333335,0.9999926548375471,1.0036808771988435
122,0.15,0.2,0.0,raw_residual,1.0,1.0,1.0,0.1563503337724798,0.15
122,0.15,0.2,0.0,visibility_only,1.0,1.0,1.0,0.1563503337724798,0.15
122,0.15,0.2,0.0,common_mode_only,0.0,1.0,1.0,0.005226464015362541,0.011054197741993604
122,0.15,0.2,0.0,combined,0.0,1.0,1.0,0.005226464015362541,0.011054197741993604
122,0.15,0.2,0.5,raw_residual,1.0,1.0,0.43333333333333335,0.1616317345652926,0.15
122,0.15,0.2,0.5,visibility_only,0.4583333333333333,0.3333333333333333,0.43333333333333335,0.1616317345652926,0.15
122,0.15,0.2,0.5,common_mode_only,0.5416666666666666,1.0,0.43333333333333335,0.00465291437908379,0.012991212138000724
122,0.15,0.2,0.5,combined,0.0,0.3333333333333333,0.43333333333333335,0.00465291437908379,0.012991212138000724
122,0.15,0.4,0.0,raw_residual,1.0,1.0,1.0,0.1563503337724798,0.15
122,0.15,0.4,0.0,visibility_only,1.0,1.0,1.0,0.1563503337724798,0.15
122,0.15,0.4,0.0,common_mode_only,0.05555555555555555,1.0,1.0,0.013414836797184046,0.025310180555427282
122,0.15,0.4,0.0,combined,0.05555555555555555,1.0,1.0,0.013414836797184046,0.025310180555427282
122,0.15,0.4,0.5,raw_residual,1.0,1.0,0.43333333333333335,0.16163173456529256,0.15
122,0.15,0.4,0.5,visibility_only,0.5,0.3333333333333333,0.43333333333333335,0.16163173456529256,0.15
122,0.15,0.4,0.5,common_mode_only,0.5,1.0,0.43333333333333335,0.008015743363929058,0.020160899037088894
122,0.15,0.4,0.5,combined,0.0,0.3333333333333333,0.43333333333333335,0.008015743363929058,0.020160899037088894
122,0.15,0.6,0.0,raw_residual,1.0,1.0,1.0,0.1563503337724798,0.15
122,0.15,0.6,0.0,visibility_only,1.0,1.0,1.0,0.1563503337724798,0.15
122,0.15,0.6,0.0,common_mode_only,1.0,0.0,1.0,0.9923374282925158,0.9851310184316744
122,0.15,0.6,0.0,combined,1.0,0.0,1.0,0.9923374282925158,0.9851310184316744
122,0.15,0.6,0.5,raw_residual,1.0,1.0,0.43333333333333335,0.16163173456529256,0.15
122,0.15,0.6,0.5,visibility_only,0.5833333333333334,0.3333333333333333,0.43333333333333335,0.16163173456529256,0.15
122,0.15,0.6,0.5,common_mode_only,0.4166666666666667,1.0,0.43333333333333335,0.014199946932682454,0.027587673416083678
122,0.15,0.6,0.5,combined,0.0,0.3333333333333333,0.43333333333333335,0.014199946932682454,0.027587673416083678
122,0.15,0.8,0.0,raw_residual,1.0,1.0,1.0,0.15635033377247975,0.15
122,0.15,0.8,0.0,visibility_only,1.0,1.0,1.0,0.15635033377247975,0.15
122,0.15,0.8,0.0,common_mode_only,1.0,0.0,1.0,0.9997255150852478,1.0016846793015415
122,0.15,0.8,0.0,combined,1.0,0.0,1.0,0.9997255150852478,1.0016846793015415
122,0.15,0.8,0.5,raw_residual,1.0,1.0,0.43333333333333335,0.16163173456529256,0.15
122,0.15,0.8,0.5,visibility_only,0.6666666666666666,0.375,0.43333333333333335,0.16163173456529256,0.15
122,0.15,0.8,0.5,common_mode_only,1.0,0.625,0.43333333333333335,0.9999926548375471,1.0036808771988435
122,0.15,0.8,0.5,combined,0.6666666666666666,0.0,0.43333333333333335,0.9999926548375471,1.0036808771988435
122,0.3,0.2,0.0,raw_residual,1.0,1.0,1.0,0.3056821721417149,0.3
122,0.3,0.2,0.0,visibility_only,1.0,1.0,1.0,0.3056821721417149,0.3
122,0.3,0.2,0.0,common_mode_only,0.0,1.0,1.0,0.005226464015362537,0.011054197741993604
122,0.3,0.2,0.0,combined,0.0,1.0,1.0,0.005226464015362537,0.011054197741993604
122,0.3,0.2,0.5,raw_residual,1.0,1.0,0.43333333333333335,0.3108863743850697,0.3
122,0.3,0.2,0.5,visibility_only,0.4583333333333333,0.3333333333333333,0.43333333333333335,0.3108863743850697,0.3
122,0.3,0.2,0.5,common_mode_only,0.5416666666666666,1.0,0.43333333333333335,0.004652914379083805,0.01299121213800075
122,0.3,0.2,0.5,combined,0.0,0.3333333333333333,0.43333333333333335,0.004652914379083805,0.01299121213800075
122,0.3,0.4,0.0,raw_residual,1.0,1.0,1.0,0.3056821721417149,0.3
122,0.3,0.4,0.0,visibility_only,1.0,1.0,1.0,0.3056821721417149,0.3
122,0.3,0.4,0.0,common_mode_only,0.05555555555555555,1.0,1.0,0.013414836797184018,0.025310180555427254
122,0.3,0.4,0.0,combined,0.05555555555555555,1.0,1.0,0.013414836797184018,0.025310180555427254
122,0.3,0.4,0.5,raw_residual,1.0,1.0,0.43333333333333335,0.3108863743850697,0.3
122,0.3,0.4,0.5,visibility_only,0.5,0.3333333333333333,0.43333333333333335,0.3108863743850697,0.3
122,0.3,0.4,0.5,common_mode_only,0.5,1.0,0.43333333333333335,0.008015743363929056,0.020160899037088894
122,0.3,0.4,0.5,combined,0.0,0.3333333333333333,0.43333333333333335,0.008015743363929056,0.020160899037088894
122,0.3,0.6,0.0,raw_residual,1.0,1.0,1.0,0.3056821721417149,0.3
122,0.3,0.6,0.0,visibility_only,1.0,1.0,1.0,0.3056821721417149,0.3
122,0.3,0.6,0.0,common_mode_only,1.0,0.0,1.0,0.9923374282925159,0.9851310184316745
122,0.3,0.6,0.0,combined,1.0,0.0,1.0,0.9923374282925159,0.9851310184316745
122,0.3,0.6,0.5,raw_residual,1.0,1.0,0.43333333333333335,0.3108863743850697,0.3
122,0.3,0.6,0.5,visibility_only,0.5833333333333334,0.3333333333333333,0.43333333333333335,0.3108863743850697,0.3
122,0.3,0.6,0.5,common_mode_only,0.4166666666666667,1.0,0.43333333333333335,0.014199946932682402,0.027587673416083706
122,0.3,0.6,0.5,combined,0.0,0.3333333333333333,0.43333333333333335,0.014199946932682402,0.027587673416083706
122,0.3,0.8,0.0,raw_residual,1.0,1.0,1.0,0.3056821721417149,0.3
122,0.3,0.8,0.0,visibility_only,1.0,1.0,1.0,0.3056821721417149,0.3
122,0.3,0.8,0.0,common_mode_only,1.0,0.0,1.0,0.9997255150852478,1.0016846793015415
122,0.3,0.8,0.0,combined,1.0,0.0,1.0,0.9997255150852478,1.0016846793015415
122,0.3,0.8,0.5,raw_residual,1.0,1.0,0.43333333333333335,0.31088637438506983,0.3
122,0.3,0.8,0.5,visibility_only,0.6666666666666666,0.375,0.43333333333333335,0.31088637438506983,0.3
122,0.3,0.8,0.5,common_mode_only,1.0,0.625,0.43333333333333335,0.9999926548375472,1.0036808771988435
122,0.3,0.8,0.5,combined,0.6666666666666666,0.0,0.43333333333333335,0.9999926548375472,1.0036808771988435
122,0.6,0.2,0.0,raw_residual,1.0,1.0,1.0,0.6053434988446081,0.6
122,0.6,0.2,0.0,visibility_only,1.0,1.0,1.0,0.6053434988446081,0.6
122,0.6,0.2,0.0,common_mode_only,0.0,1.0,1.0,0.005226464015362536,0.011054197741993604
122,0.6,0.2,0.0,combined,0.0,1.0,1.0,0.005226464015362536,0.011054197741993604
122,0.6,0.2,0.5,raw_residual,1.0,1.0,0.43333333333333335,0.61050302003082,0.6
122,0.6,0.2,0.5,visibility_only,0.4583333333333333,0.3333333333333333,0.43333333333333335,0.61050302003082,0.6
122,0.6,0.2,0.5,common_mode_only,0.5416666666666666,1.0,0.43333333333333335,0.004652914379083809,0.012991212138000696
122,0.6,0.2,0.5,combined,0.0,0.3333333333333333,0.43333333333333335,0.004652914379083809,0.012991212138000696
122,0.6,0.4,0.0,raw_residual,1.0,1.0,1.0,0.6053434988446081,0.6
122,0.6,0.4,0.0,visibility_only,1.0,1.0,1.0,0.6053434988446081,0.6
122,0.6,0.4,0.0,common_mode_only,0.05555555555555555,1.0,1.0,0.013414836797184021,0.02531018055542731
122,0.6,0.4,0.0,combined,0.05555555555555555,1.0,1.0,0.013414836797184021,0.02531018055542731
122,0.6,0.4,0.5,raw_residual,1.0,1.0,0.43333333333333335,0.6105030200308201,0.6
122,0.6,0.4,0.5,visibility_only,0.5,0.3333333333333333,0.43333333333333335,0.6105030200308201,0.6
122,0.6,0.4,0.5,common_mode_only,0.5,1.0,0.43333333333333335,0.008015743363929061,0.02016089903708884
122,0.6,0.4,0.5,combined,0.0,0.3333333333333333,0.43333333333333335,0.008015743363929061,0.02016089903708884
122,0.6,0.6,0.0,raw_residual,1.0,1.0,1.0,0.6053434988446081,0.6
122,0.6,0.6,0.0,visibility_only,1.0,1.0,1.0,0.6053434988446081,0.6
122,0.6,0.6,0.0,common_mode_only,1.0,0.0,1.0,0.992337428292516,0.9851310184316746
122,0.6,0.6,0.0,combined,1.0,0.0,1.0,0.992337428292516,0.9851310184316746
122,0.6,0.6,0.5,raw_residual,1.0,1.0,0.43333333333333335,0.6105030200308202,0.6
122,0.6,0.6,0.5,visibility_only,0.5833333333333334,0.3333333333333333,0.43333333333333335,0.6105030200308202,0.6
122,0.6,0.6,0.5,common_mode_only,0.4166666666666667,1.0,0.43333333333333335,0.014199946932682402,0.027587673416083706
122,0.6,0.6,0.5,combined,0.0,0.3333333333333333,0.43333333333333335,0.014199946932682402,0.027587673416083706
122,0.6,0.8,0.0,raw_residual,1.0,1.0,1.0,0.6053434988446083,0.6
122,0.6,0.8,0.0,visibility_only,1.0,1.0,1.0,0.6053434988446083,0.6
122,0.6,0.8,0.0,common_mode_only,1.0,0.0,1.0,0.9997255150852478,1.0016846793015415
122,0.6,0.8,0.0,combined,1.0,0.0,1.0,0.9997255150852478,1.0016846793015415
122,0.6,0.8,0.5,raw_residual,1.0,1.0,0.43333333333333335,0.6105030200308204,0.6
122,0.6,0.8,0.5,visibility_only,0.6666666666666666,0.375,0.43333333333333335,0.6105030200308204,0.6
122,0.6,0.8,0.5,common_mode_only,1.0,0.625,0.43333333333333335,0.9999926548375473,1.0036808771988435
122,0.6,0.8,0.5,combined,0.6666666666666666,0.0,0.43333333333333335,0.9999926548375473,1.0036808771988435
123,0.0,0.2,0.0,raw_residual,0.0,1.0,1.0,0.005254101049975321,0.0
123,0.0,0.2,0.0,visibility_only,0.0,1.0,1.0,0.005254101049975321,0.0
123,0.0,0.2,0.0,common_mode_only,0.0,1.0,1.0,0.005162871178482642,0.0022342044497925127
123,0.0,0.2,0.0,combined,0.0,1.0,1.0,0.005162871178482642,0.0022342044497925127
123,0.0,0.2,0.5,raw_residual,0.5,1.0,0.4666666666666667,0.00293542074159713,0.0
123,0.0,0.2,0.5,visibility_only,0.0,0.3333333333333333,0.4666666666666667,0.00293542074159713,0.0
123,0.0,0.2,0.5,common_mode_only,0.5,1.0,0.4666666666666667,0.0030625348327609886,0.00635986729039929
123,0.0,0.2,0.5,combined,0.0,0.3333333333333333,0.4666666666666667,0.0030625348327609886,0.00635986729039929
123,0.0,0.4,0.0,raw_residual,0.0,1.0,1.0,0.008279102197903416,0.0
123,0.0,0.4,0.0,visibility_only,0.0,1.0,1.0,0.008279102197903416,0.0
123,0.0,0.4,0.0,common_mode_only,0.0,1.0,1.0,0.013931743526783185,0.023566288850494794
123,0.0,0.4,0.0,combined,0.0,1.0,1.0,0.013931743526783185,0.023566288850494794
123,0.0,0.4,0.5,raw_residual,0.5,1.0,0.4666666666666667,0.00782976403306971,0.0
123,0.0,0.4,0.5,visibility_only,0.0,0.4166666666666667,0.4666666666666667,0.00782976403306971,0.0
123,0.0,0.4,0.5,common_mode_only,0.5,1.0,0.4666666666666667,0.011244301632831114,0.01552102628170158
123,0.0,0.4,0.5,combined,0.0,0.4166666666666667,0.4666666666666667,0.011244301632831114,0.01552102628170158
123,0.0,0.6,0.0,raw_residual,0.0,1.0,1.0,0.01235585524171689,0.0
123,0.0,0.6,0.0,visibility_only,0.0,1.0,1.0,0.01235585524171689,0.0
123,0.0,0.6,0.0,common_mode_only,1.0,0.05555555555555555,1.0,0.9856949456408857,0.976041379631038
123,0.0,0.6,0.0,combined,1.0,0.05555555555555555,1.0,0.9856949456408857,0.976041379631038
123,0.0,0.6,0.5,raw_residual,0.5833333333333334,1.0,0.4666666666666667,0.014046080604771924,0.0
123,0.0,0.6,0.5,visibility_only,0.0,0.5,0.4666666666666667,0.014046080604771924,0.0
123,0.0,0.6,0.5,common_mode_only,1.0,0.5,0.4666666666666667,0.9924856693829351,0.9809343336522642
123,0.0,0.6,0.5,combined,0.4166666666666667,0.0,0.4666666666666667,0.9924856693829351,0.9809343336522642
123,0.0,0.8,0.0,raw_residual,0.0,1.0,1.0,0.01752941906248439,0.0
123,0.0,0.8,0.0,visibility_only,0.0,1.0,1.0,0.01752941906248439,0.0
123,0.0,0.8,0.0,common_mode_only,1.0,0.0,1.0,0.9975875896251443,0.9910107262540874
123,0.0,0.8,0.0,combined,1.0,0.0,1.0,0.9975875896251443,0.9910107262540874
123,0.0,0.8,0.5,raw_residual,0.6666666666666666,1.0,0.4666666666666667,0.019389932117728305,0.0
123,0.0,0.8,0.5,visibility_only,0.0,0.5,0.4666666666666667,0.019389932117728305,0.0
123,0.0,0.8,0.5,common_mode_only,1.0,0.5,0.4666666666666667,0.9984435474757204,0.9885118133141948
123,0.0,0.8,0.5,combined,0.3333333333333333,0.0,0.4666666666666667,0.9984435474757204,0.9885118133141948
123,0.15,0.2,0.0,raw_residual,1.0,1.0,1.0,0.15062630119149614,0.15
123,0.15,0.2,0.0,visibility_only,1.0,1.0,1.0,0.15062630119149614,0.15
123,0.15,0.2,0.0,common_mode_only,0.0,1.0,1.0,0.005162871178482642,0.0022342044497925006
123,0.15,0.2,0.0,combined,0.0,1.0,1.0,0.005162871178482642,0.0022342044497925006
123,0.15,0.2,0.5,raw_residual,1.0,1.0,0.4666666666666667,0.14712071647507294,0.15
123,0.15,0.2,0.5,visibility_only,0.5,0.3333333333333333,0.4666666666666667,0.14712071647507294,0.15
123,0.15,0.2,0.5,common_mode_only,0.5,1.0,0.4666666666666667,0.00306253483276099,0.006359867290399288
123,0.15,0.2,0.5,combined,0.0,0.3333333333333333,0.4666666666666667,0.00306253483276099,0.006359867290399288
123,0.15,0.4,0.0,raw_residual,1.0,1.0,1.0,0.15062630119149611,0.15
123,0.15,0.4,0.0,visibility_only,1.0,1.0,1.0,0.15062630119149611,0.15
123,0.15,0.4,0.0,common_mode_only,0.0,1.0,1.0,0.013931743526783221,0.023566288850494787
123,0.15,0.4,0.0,combined,0.0,1.0,1.0,0.013931743526783221,0.023566288850494787
123,0.15,0.4,0.5,raw_residual,1.0,1.0,0.4666666666666667,0.1471207164750729,0.15
123,0.15,0.4,0.5,visibility_only,0.5,0.4166666666666667,0.4666666666666667,0.1471207164750729,0.15
123,0.15,0.4,0.5,common_mode_only,0.5,1.0,0.4666666666666667,0.011244301632831157,0.01552102628170156
123,0.15,0.4,0.5,combined,0.0,0.4166666666666667,0.4666666666666667,0.011244301632831157,0.01552102628170156
123,0.15,0.6,0.0,raw_residual,1.0,1.0,1.0,0.1506263011914961,0.15
123,0.15,0.6,0.0,visibility_only,1.0,1.0,1.0,0.1506263011914961,0.15
123,0.15,0.6,0.0,common_mode_only,1.0,0.05555555555555555,1.0,0.9856949456408857,0.9760413796310378
123,0.15,0.6,0.0,combined,1.0,0.05555555555555555,1.0,0.9856949456408857,0.9760413796310378
123,0.15,0.6,0.5,raw_residual,1.0,1.0,0.4666666666666667,0.1471207164750729,0.15
123,0.15,0.6,0.5,visibility_only,0.4166666666666667,0.5,0.4666666666666667,0.1471207164750729,0.15
123,0.15,0.6,0.5,common_mode_only,1.0,0.5,0.4666666666666667,0.9924856693829351,0.9809343336522641
123,0.15,0.6,0.5,combined,0.4166666666666667,0.0,0.4666666666666667,0.9924856693829351,0.9809343336522641
123,0.15,0.8,0.0,raw_residual,1.0,1.0,1.0,0.1506263011914961,0.15
123,0.15,0.8,0.0,visibility_only,1.0,1.0,1.0,0.1506263011914961,0.15
123,0.15,0.8,0.0,common_mode_only,1.0,0.0,1.0,0.9975875896251444,0.9910107262540875
123,0.15,0.8,0.0,combined,1.0,0.0,1.0,0.9975875896251444,0.9910107262540875
123,0.15,0.8,0.5,raw_residual,1.0,1.0,0.4666666666666667,0.14712071647507288,0.15
123,0.15,0.8,0.5,visibility_only,0.3333333333333333,0.5,0.4666666666666667,0.14712071647507288,0.15
123,0.15,0.8,0.5,common_mode_only,1.0,0.5,0.4666666666666667,0.9984435474757204,0.9885118133141947
123,0.15,0.8,0.5,combined,0.3333333333333333,0.0,0.4666666666666667,0.9984435474757204,0.9885118133141947
123,0.3,0.2,0.0,raw_residual,1.0,1.0,1.0,0.3002460488596483,0.3
123,0.3,0.2,0.0,visibility_only,1.0,1.0,1.0,0.3002460488596483,0.3
123,0.3,0.2,0.0,common_mode_only,0.0,1.0,1.0,0.005162871178482642,0.0022342044497925167
123,0.3,0.2,0.0,combined,0.0,1.0,1.0,0.005162871178482642,0.0022342044497925167
123,0.3,0.2,0.5,raw_residual,1.0,1.0,0.4666666666666667,0.2966698903019092,0.3
123,0.3,0.2,0.5,visibility_only,0.5,0.3333333333333333,0.4666666666666667,0.2966698903019092,0.3
123,0.3,0.2,0.5,common_mode_only,0.5,1.0,0.4666666666666667,0.0030625348327609895,0.006359867290399271
123,0.3,0.2,0.5,combined,0.0,0.3333333333333333,0.4666666666666667,0.0030625348327609895,0.006359867290399271
123,0.3,0.4,0.0,raw_residual,1.0,1.0,1.0,0.3002460488596483,0.3
123,0.3,0.4,0.0,visibility_only,1.0,1.0,1.0,0.3002460488596483,0.3
123,0.3,0.4,0.0,common_mode_only,0.0,1.0,1.0,0.013931743526783188,0.023566288850494815
123,0.3,0.4,0.0,combined,0.0,1.0,1.0,0.013931743526783188,0.023566288850494815
123,0.3,0.4,0.5,raw_residual,1.0,1.0,0.4666666666666667,0.2966698903019092,0.3
123,0.3,0.4,0.5,visibility_only,0.5,0.4166666666666667,0.4666666666666667,0.2966698903019092,0.3
123,0.3,0.4,0.5,common_mode_only,0.5,1.0,0.4666666666666667,0.011244301632831124,0.015521026281701586
123,0.3,0.4,0.5,combined,0.0,0.4166666666666667,0.4666666666666667,0.011244301632831124,0.015521026281701586
123,0.3,0.6,0.0,raw_residual,1.0,1.0,1.0,0.3002460488596483,0.3
123,0.3,0.6,0.0,visibility_only,1.0,1.0,1.0,0.3002460488596483,0.3
123,0.3,0.6,0.0,common_mode_only,1.0,0.05555555555555555,1.0,0.9856949456408857,0.9760413796310379
123,0.3,0.6,0.0,combined,1.0,0.05555555555555555,1.0,0.9856949456408857,0.9760413796310379
123,0.3,0.6,0.5,raw_residual,1.0,1.0,0.4666666666666667,0.2966698903019092,0.3
123,0.3,0.6,0.5,visibility_only,0.4166666666666667,0.5,0.4666666666666667,0.2966698903019092,0.3
123,0.3,0.6,0.5,common_mode_only,1.0,0.5,0.4666666666666667,0.9924856693829351,0.9809343336522639
123,0.3,0.6,0.5,combined,0.4166666666666667,0.0,0.4666666666666667,0.9924856693829351,0.9809343336522639
123,0.3,0.8,0.0,raw_residual,1.0,1.0,1.0,0.3002460488596483,0.3
123,0.3,0.8,0.0,visibility_only,1.0,1.0,1.0,0.3002460488596483,0.3
123,0.3,0.8,0.0,common_mode_only,1.0,0.0,1.0,0.9975875896251444,0.9910107262540874
123,0.3,0.8,0.0,combined,1.0,0.0,1.0,0.9975875896251444,0.9910107262540874
123,0.3,0.8,0.5,raw_residual,1.0,1.0,0.4666666666666667,0.2966698903019092,0.3
123,0.3,0.8,0.5,visibility_only,0.3333333333333333,0.5,0.4666666666666667,0.2966698903019092,0.3
123,0.3,0.8,0.5,common_mode_only,1.0,0.5,0.4666666666666667,0.9984435474757204,0.9885118133141948
123,0.3,0.8,0.5,combined,0.3333333333333333,0.0,0.4666666666666667,0.9984435474757204,0.9885118133141948
123,0.6,0.2,0.0,raw_residual,1.0,1.0,1.0,0.6000514132040146,0.6
123,0.6,0.2,0.0,visibility_only,1.0,1.0,1.0,0.6000514132040146,0.6
123,0.6,0.2,0.0,common_mode_only,0.0,1.0,1.0,0.005162871178482634,0.0022342044497925167
123,0.6,0.2,0.0,combined,0.0,1.0,1.0,0.005162871178482634,0.0022342044497925167
123,0.6,0.2,0.5,raw_residual,1.0,1.0,0.4666666666666667,0.5964396985632741,0.6
123,0.6,0.2,0.5,visibility_only,0.5,0.3333333333333333,0.4666666666666667,0.5964396985632741,0.6
123,0.6,0.2,0.5,common_mode_only,0.5,1.0,0.4666666666666667,0.0030625348327609886,0.006359867290399304
123,0.6,0.2,0.5,combined,0.0,0.3333333333333333,0.4666666666666667,0.0030625348327609886,0.006359867290399304
123,0.6,0.4,0.0,raw_residual,1.0,1.0,1.0,0.6000514132040146,0.6
123,0.6,0.4,0.0,visibility_only,1.0,1.0,1.0,0.6000514132040146,0.6
123,0.6,0.4,0.0,common_mode_only,0.0,1.0,1.0,0.013931743526783188,0.02356628885049487
123,0.6,0.4,0.0,combined,0.0,1.0,1.0,0.013931743526783188,0.02356628885049487
123,0.6,0.4,0.5,raw_residual,1.0,1.0,0.4666666666666667,0.5964396985632741,0.6
123,0.6,0.4,0.5,visibility_only,0.5,0.4166666666666667,0.4666666666666667,0.5964396985632741,0.6
123,0.6,0.4,0.5,common_mode_only,0.5,1.0,0.4666666666666667,0.011244301632831093,0.015521026281701534
123,0.6,0.4,0.5,combined,0.0,0.4166666666666667,0.4666666666666667,0.011244301632831093,0.015521026281701534
123,0.6,0.6,0.0,raw_residual,1.0,1.0,1.0,0.6000514132040146,0.6
123,0.6,0.6,0.0,visibility_only,1.0,1.0,1.0,0.6000514132040146,0.6
123,0.6,0.6,0.0,common_mode_only,1.0,0.05555555555555555,1.0,0.9856949456408857,0.976041379631038
123,0.6,0.6,0.0,combined,1.0,0.05555555555555555,1.0,0.9856949456408857,0.976041379631038
123,0.6,0.6,0.5,raw_residual,1.0,1.0,0.4666666666666667,0.5964396985632742,0.6
123,0.6,0.6,0.5,visibility_only,0.4166666666666667,0.5,0.4666666666666667,0.5964396985632742,0.6
123,0.6,0.6,0.5,common_mode_only,1.0,0.5,0.4666666666666667,0.9924856693829354,0.9809343336522643
123,0.6,0.6,0.5,combined,0.4166666666666667,0.0,0.4666666666666667,0.9924856693829354,0.9809343336522643
123,0.6,0.8,0.0,raw_residual,1.0,1.0,1.0,0.6000514132040148,0.6
123,0.6,0.8,0.0,visibility_only,1.0,1.0,1.0,0.6000514132040148,0.6
123,0.6,0.8,0.0,common_mode_only,1.0,0.0,1.0,0.9975875896251444,0.9910107262540877
123,0.6,0.8,0.0,combined,1.0,0.0,1.0,0.9975875896251444,0.9910107262540877
123,0.6,0.8,0.5,raw_residual,1.0,1.0,0.4666666666666667,0.5964396985632742,0.6
123,0.6,0.8,0.5,visibility_only,0.3333333333333333,0.5,0.4666666666666667,0.5964396985632742,0.6
123,0.6,0.8,0.5,common_mode_only,1.0,0.5,0.4666666666666667,0.9984435474757204,0.9885118133141949
123,0.6,0.8,0.5,combined,0.3333333333333333,0.0,0.4666666666666667,0.9984435474757204,0.9885118133141949
124,0.0,0.2,0.0,raw_residual,0.0,1.0,1.0,0.005263443994549925,0.0
124,0.0,0.2,0.0,visibility_only,0.0,1.0,1.0,0.005263443994549925,0.0
124,0.0,0.2,0.0,common_mode_only,0.0,1.0,1.0,0.006068830771947624,0.0062825627827903276
124,0.0,0.2,0.0,combined,0.0,1.0,1.0,0.006068830771947624,0.0062825627827903276
124,0.0,0.2,0.5,raw_residual,0.5,1.0,0.5,0.003791890520601944,0.0
124,0.0,0.2,0.5,visibility_only,0.0,0.5,0.5,0.003791890520601944,0.0
124,0.0,0.2,0.5,common_mode_only,0.5,1.0,0.5,0.00404920116413892,0.006365822861906193
124,0.0,0.2,0.5,combined,0.0,0.5,0.5,0.00404920116413892,0.006365822861906193
124,0.0,0.4,0.0,raw_residual,0.0,1.0,1.0,0.009259612506832547,0.0
124,0.0,0.4,0.0,visibility_only,0.0,1.0,1.0,0.009259612506832547,0.0
124,0.0,0.4,0.0,common_mode_only,0.0,1.0,1.0,0.013051400681539843,0.02047430603462938
124,0.0,0.4,0.0,combined,0.0,1.0,1.0,0.013051400681539843,0.02047430603462938
124,0.0,0.4,0.5,raw_residual,0.4444444444444444,1.0,0.5,0.006922485730532987,0.0
124,0.0,0.4,0.5,visibility_only,0.0,0.4166666666666667,0.5,0.006922485730532987,0.0
124,0.0,0.4,0.5,common_mode_only,0.4444444444444444,1.0,0.5,0.006410643751848497,0.006365822861906193
124,0.0,0.4,0.5,combined,0.0,0.4166666666666667,0.5,0.006410643751848497,0.006365822861906193
124,0.0,0.6,0.0,raw_residual,0.0,1.0,1.0,0.014170959382006585,0.0
124,0.0,0.6,0.0,visibility_only,0.0,1.0,1.0,0.014170959382006585,0.0
124,0.0,0.6,0.0,common_mode_only,1.0,0.0,1.0,0.9886863708119549,0.9736051051574325
124,0.0,0.6,0.0,combined,1.0,0.0,1.0,0.9886863708119549,0.9736051051574325
124,0.0,0.6,0.5,raw_residual,0.5,1.0,0.5,0.012739333168842258,0.0
124,0.0,0.6,0.5,visibility_only,0.0,0.5,0.5,0.012739333168842258,0.0
124,0.0,0.6,0.5,common_mode_only,1.0,0.5,0.5,0.9979231260468926,0.986754143104412
124,0.0,0.6,0.5,combined,0.5,0.0,0.5,0.9979231260468926,0.986754143104412
124,0.0,0.8,0.0,raw_residual,0.0,1.0,1.0,0.018846158349249194,0.0
124,0.0,0.8,0.0,visibility_only,0.0,1.0,1.0,0.018846158349249194,0.0
124,0.0,0.8,0.0,common_mode_only,1.0,0.0,1.0,0.9971295953019604,0.9877798678522461
124,0.0,0.8,0.0,combined,1.0,0.0,1.0,0.9971295953019604,0.9877798678522461
124,0.0,0.8,0.5,raw_residual,0.3333333333333333,1.0,0.5,0.01631696270050438,0.0
124,0.0,0.8,0.5,visibility_only,0.0,0.4583333333333333,0.5,0.01631696270050438,0.0
124,0.0,0.8,0.5,common_mode_only,1.0,0.5416666666666666,0.5,0.9969862627760335,0.986754143104412
124,0.0,0.8,0.5,combined,0.6666666666666666,0.0,0.5,0.9969862627760335,0.986754143104412
124,0.15,0.2,0.0,raw_residual,1.0,1.0,1.0,0.14731261003713936,0.15
124,0.15,0.2,0.0,visibility_only,1.0,1.0,1.0,0.14731261003713936,0.15
124,0.15,0.2,0.0,common_mode_only,0.0,1.0,1.0,0.006068830771947633,0.006282562782790314
124,0.15,0.2,0.0,combined,0.0,1.0,1.0,0.006068830771947633,0.006282562782790314
124,0.15,0.2,0.5,raw_residual,1.0,1.0,0.5,0.1471183614786306,0.15
124,0.15,0.2,0.5,visibility_only,0.5,0.5,0.5,0.1471183614786306,0.15
124,0.15,0.2,0.5,common_mode_only,0.5,1.0,0.5,0.004049201164138913,0.0063658228619061915
124,0.15,0.2,0.5,combined,0.0,0.5,0.5,0.004049201164138913,0.0063658228619061915
124,0.15,0.4,0.0,raw_residual,1.0,1.0,1.0,0.14731261003713933,0.15
124,0.15,0.4,0.0,visibility_only,1.0,1.0,1.0,0.14731261003713933,0.15
124,0.15,0.4,0.0,common_mode_only,0.0,1.0,1.0,0.013051400681539871,0.020474306034629366
124,0.15,0.4,0.0,combined,0.0,1.0,1.0,0.013051400681539871,0.020474306034629366
124,0.15,0.4,0.5,raw_residual,1.0,1.0,0.5,0.1471183614786306,0.15
124,0.15,0.4,0.5,visibility_only,0.5555555555555556,0.4166666666666667,0.5,0.1471183614786306,0.15
124,0.15,0.4,0.5,common_mode_only,0.4444444444444444,1.0,0.5,0.006410643751848491,0.0063658228619061915
124,0.15,0.4,0.5,combined,0.0,0.4166666666666667,0.5,0.006410643751848491,0.0063658228619061915
124,0.15,0.6,0.0,raw_residual,1.0,1.0,1.0,0.1473126100371393,0.15
124,0.15,0.6,0.0,visibility_only,1.0,1.0,1.0,0.1473126100371393,0.15
124,0.15,0.6,0.0,common_mode_only,1.0,0.0,1.0,0.9886863708119548,0.9736051051574324
124,0.15,0.6,0.0,combined,1.0,0.0,1.0,0.9886863708119548,0.9736051051574324
124,0.15,0.6,0.5,raw_residual,1.0,1.0,0.5,0.14711836147863058,0.15
124,0.15,0.6,0.5,visibility_only,0.5,0.5,0.5,0.14711836147863058,0.15
124,0.15,0.6,0.5,common_mode_only,1.0,0.5,0.5,0.9979231260468926,0.9867541431044119
124,0.15,0.6,0.5,combined,0.5,0.0,0.5,0.9979231260468926,0.9867541431044119
124,0.15,0.8,0.0,raw_residual,1.0,1.0,1.0,0.14731261003713927,0.15
124,0.15,0.8,0.0,visibility_only,1.0,1.0,1.0,0.14731261003713927,0.15
124,0.15,0.8,0.0,common_mode_only,1.0,0.0,1.0,0.9971295953019604,0.987779867852246
124,0.15,0.8,0.0,combined,1.0,0.0,1.0,0.9971295953019604,0.987779867852246
124,0.15,0.8,0.5,raw_residual,1.0,1.0,0.5,0.14711836147863055,0.15
124,0.15,0.8,0.5,visibility_only,0.6666666666666666,0.4583333333333333,0.5,0.14711836147863055,0.15
124,0.15,0.8,0.5,common_mode_only,1.0,0.5416666666666666,0.5,0.9969862627760335,0.9867541431044119
124,0.15,0.8,0.5,combined,0.6666666666666666,0.0,0.5,0.9969862627760335,0.9867541431044119
124,0.3,0.2,0.0,raw_residual,1.0,1.0,1.0,0.29673237482533577,0.3
124,0.3,0.2,0.0,visibility_only,1.0,1.0,1.0,0.29673237482533577,0.3
124,0.3,0.2,0.0,common_mode_only,0.0,1.0,1.0,0.006068830771947619,0.006282562782790339
124,0.3,0.2,0.0,combined,0.0,1.0,1.0,0.006068830771947619,0.006282562782790339
124,0.3,0.2,0.5,raw_residual,1.0,1.0,0.5,0.29648320945110956,0.3
124,0.3,0.2,0.5,visibility_only,0.5,0.5,0.5,0.29648320945110956,0.3
124,0.3,0.2,0.5,common_mode_only,0.5,1.0,0.5,0.004049201164138898,0.0063658228619061915
124,0.3,0.2,0.5,combined,0.0,0.5,0.5,0.004049201164138898,0.0063658228619061915
124,0.3,0.4,0.0,raw_residual,1.0,1.0,1.0,0.29673237482533577,0.3
124,0.3,0.4,0.0,visibility_only,1.0,1.0,1.0,0.29673237482533577,0.3
124,0.3,0.4,0.0,common_mode_only,0.0,1.0,1.0,0.01305140068153984,0.020474306034629394
124,0.3,0.4,0.0,combined,0.0,1.0,1.0,0.01305140068153984,0.020474306034629394
124,0.3,0.4,0.5,raw_residual,1.0,1.0,0.5,0.29648320945110956,0.3
124,0.3,0.4,0.5,visibility_only,0.5555555555555556,0.4166666666666667,0.5,0.29648320945110956,0.3
124,0.3,0.4,0.5,common_mode_only,0.4444444444444444,1.0,0.5,0.006410643751848476,0.0063658228619061915
124,0.3,0.4,0.5,combined,0.0,0.4166666666666667,0.5,0.006410643751848476,0.0063658228619061915
124,0.3,0.6,0.0,raw_residual,1.0,1.0,1.0,0.29673237482533577,0.3
124,0.3,0.6,0.0,visibility_only,1.0,1.0,1.0,0.29673237482533577,0.3
124,0.3,0.6,0.0,common_mode_only,1.0,0.0,1.0,0.9886863708119549,0.9736051051574325
124,0.3,0.6,0.0,combined,1.0,0.0,1.0,0.9886863708119549,0.9736051051574325
124,0.3,0.6,0.5,raw_residual,1.0,1.0,0.5,0.29648320945110956,0.3
124,0.3,0.6,0.5,visibility_only,0.5,0.5,0.5,0.29648320945110956,0.3
124,0.3,0.6,0.5,common_mode_only,1.0,0.5,0.5,0.9979231260468926,0.986754143104412
124,0.3,0.6,0.5,combined,0.5,0.0,0.5,0.9979231260468926,0.986754143104412
124,0.3,0.8,0.0,raw_residual,1.0,1.0,1.0,0.2967323748253358,0.3
124,0.3,0.8,0.0,visibility_only,1.0,1.0,1.0,0.2967323748253358,0.3
124,0.3,0.8,0.0,common_mode_only,1.0,0.0,1.0,0.9971295953019604,0.9877798678522464
124,0.3,0.8,0.0,combined,1.0,0.0,1.0,0.9971295953019604,0.9877798678522464
124,0.3,0.8,0.5,raw_residual,1.0,1.0,0.5,0.29648320945110956,0.3
124,0.3,0.8,0.5,visibility_only,0.6666666666666666,0.4583333333333333,0.5,0.29648320945110956,0.3
124,0.3,0.8,0.5,common_mode_only,1.0,0.5416666666666666,0.5,0.9969862627760335,0.986754143104412
124,0.3,0.8,0.5,combined,0.6666666666666666,0.0,0.5,0.9969862627760335,0.986754143104412
124,0.6,0.2,0.0,raw_residual,1.0,1.0,1.0,0.5964435016972346,0.6
124,0.6,0.2,0.0,visibility_only,1.0,1.0,1.0,0.5964435016972346,0.6
124,0.6,0.2,0.0,common_mode_only,0.0,1.0,1.0,0.006068830771947603,0.006282562782790287
124,0.6,0.2,0.0,combined,0.0,1.0,1.0,0.006068830771947603,0.006282562782790287
124,0.6,0.2,0.5,raw_residual,1.0,1.0,0.5,0.5961699182912858,0.6
124,0.6,0.2,0.5,visibility_only,0.5,0.5,0.5,0.5961699182912858,0.6
124,0.6,0.2,0.5,common_mode_only,0.5,1.0,0.5,0.004049201164138898,0.006365822861906229
124,0.6,0.2,0.5,combined,0.0,0.5,0.5,0.004049201164138898,0.006365822861906229
124,0.6,0.4,0.0,raw_residual,1.0,1.0,1.0,0.5964435016972348,0.6
124,0.6,0.4,0.0,visibility_only,1.0,1.0,1.0,0.5964435016972348,0.6
124,0.6,0.4,0.0,common_mode_only,0.0,1.0,1.0,0.013051400681539808,0.02047430603462934
124,0.6,0.4,0.0,combined,0.0,1.0,1.0,0.013051400681539808,0.02047430603462934
124,0.6,0.4,0.5,raw_residual,1.0,1.0,0.5,0.5961699182912858,0.6
124,0.6,0.4,0.5,visibility_only,0.5555555555555556,0.4166666666666667,0.5,0.5961699182912858,0.6
124,0.6,0.4,0.5,common_mode_only,0.4444444444444444,1.0,0.5,0.006410643751848476,0.006365822861906229
124,0.6,0.4,0.5,combined,0.0,0.4166666666666667,0.5,0.006410643751848476,0.006365822861906229
124,0.6,0.6,0.0,raw_residual,1.0,1.0,1.0,0.5964435016972348,0.6
124,0.6,0.6,0.0,visibility_only,1.0,1.0,1.0,0.5964435016972348,0.6
124,0.6,0.6,0.0,common_mode_only,1.0,0.0,1.0,0.9886863708119549,0.9736051051574326
124,0.6,0.6,0.0,combined,1.0,0.0,1.0,0.9886863708119549,0.9736051051574326
124,0.6,0.6,0.5,raw_residual,1.0,1.0,0.5,0.5961699182912858,0.6
124,0.6,0.6,0.5,visibility_only,0.5,0.5,0.5,0.5961699182912858,0.6
124,0.6,0.6,0.5,common_mode_only,1.0,0.5,0.5,0.9979231260468926,0.9867541431044121
124,0.6,0.6,0.5,combined,0.5,0.0,0.5,0.9979231260468926,0.9867541431044121
124,0.6,0.8,0.0,raw_residual,1.0,1.0,1.0,0.5964435016972348,0.6
124,0.6,0.8,0.0,visibility_only,1.0,1.0,1.0,0.5964435016972348,0.6
124,0.6,0.8,0.0,common_mode_only,1.0,0.0,1.0,0.9971295953019604,0.9877798678522463
124,0.6,0.8,0.0,combined,1.0,0.0,1.0,0.9971295953019604,0.9877798678522463
124,0.6,0.8,0.5,raw_residual,1.0,1.0,0.5,0.5961699182912858,0.6
124,0.6,0.8,0.5,visibility_only,0.6666666666666666,0.4583333333333333,0.5,0.5961699182912858,0.6
124,0.6,0.8,0.5,common_mode_only,1.0,0.5416666666666666,0.5,0.9969862627760335,0.9867541431044121
124,0.6,0.8,0.5,combined,0.6666666666666666,0.0,0.5,0.9969862627760335,0.9867541431044121
125,0.0,0.2,0.0,raw_residual,0.0,1.0,1.0,0.005083304087739198,0.0
125,0.0,0.2,0.0,visibility_only,0.0,1.0,1.0,0.005083304087739198,0.0
125,0.0,0.2,0.0,common_mode_only,0.0,1.0,1.0,0.004840529890036088,0.003419023552371859
125,0.0,0.2,0.0,combined,0.0,1.0,1.0,0.004840529890036088,0.003419023552371859
125,0.0,0.2,0.5,raw_residual,0.4583333333333333,1.0,0.5333333333333333,0.004923535155358409,0.0
125,0.0,0.2,0.5,visibility_only,0.0,0.5,0.5333333333333333,0.004923535155358409,0.0
125,0.0,0.2,0.5,common_mode_only,0.4583333333333333,1.0,0.5333333333333333,0.0036986238326433877,0.0074748567180708825
125,0.0,0.2,0.5,combined,0.0,0.5,0.5333333333333333,0.0036986238326433877,0.0074748567180708825
125,0.0,0.4,0.0,raw_residual,0.0,1.0,1.0,0.008716040978033237,0.0
125,0.0,0.4,0.0,visibility_only,0.0,1.0,1.0,0.008716040978033237,0.0
125,0.0,0.4,0.0,common_mode_only,0.05555555555555555,1.0,1.0,0.011834169912883297,0.014316644046668069
125,0.0,0.4,0.0,combined,0.05555555555555555,1.0,1.0,0.011834169912883297,0.014316644046668069
125,0.0,0.4,0.5,raw_residual,0.5,1.0,0.5333333333333333,0.009042450012652716,0.0
125,0.0,0.4,0.5,visibility_only,0.0,0.5833333333333334,0.5333333333333333,0.009042450012652716,0.0
125,0.0,0.4,0.5,common_mode_only,0.5555555555555556,1.0,0.5333333333333333,0.021881632856298898,0.03425366342170255
125,0.0,0.4,0.5,combined,0.05555555555555555,0.5833333333333334,0.5333333333333333,0.021881632856298898,0.03425366342170255
125,0.0,0.6,0.0,raw_residual,0.0,1.0,1.0,0.012055425094031859,0.0
125,0.0,0.6,0.0,visibility_only,0.0,1.0,1.0,0.012055425094031859,0.0
125,0.0,0.6,0.0,common_mode_only,1.0,0.0,1.0,0.9952587207565727,0.9857546244390574
125,0.0,0.6,0.0,combined,1.0,0.0,1.0,0.9952587207565727,0.9857546244390574
125,0.0,0.6,0.5,raw_residual,0.6666666666666666,1.0,0.5333333333333333,0.013324515957695546,0.0
125,0.0,0.6,0.5,visibility_only,0.0,0.6666666666666666,0.5333333333333333,0.013324515957695546,0.0
125,0.0,0.6,0.5,common_mode_only,1.0,0.3333333333333333,0.5333333333333333,0.9917120451075553,0.9883895954783003
125,0.0,0.6,0.5,combined,0.3333333333333333,0.0,0.5333333333333333,0.9917120451075553,0.9883895954783003
125,0.0,0.8,0.0,raw_residual,0.0,1.0,1.0,0.01734880587487015,0.0
125,0.0,0.8,0.0,visibility_only,0.0,1.0,1.0,0.01734880587487015,0.0
125,0.0,0.8,0.0,common_mode_only,1.0,0.0,1.0,1.0016628946330026,0.9937002159977882
125,0.0,0.8,0.0,combined,1.0,0.0,1.0,1.0016628946330026,0.9937002159977882
125,0.0,0.8,0.5,raw_residual,0.8333333333333334,1.0,0.5333333333333333,0.019375851050346317,0.0
125,0.0,0.8,0.5,visibility_only,0.0,0.625,0.5333333333333333,0.019375851050346317,0.0
125,0.0,0.8,0.5,common_mode_only,1.0,0.375,0.5333333333333333,1.0001716269091798,0.9985810045075366
125,0.0,0.8,0.5,combined,0.16666666666666666,0.0,0.5333333333333333,1.0001716269091798,0.9985810045075366
125,0.15,0.2,0.0,raw_residual,1.0,1.0,1.0,0.14895752380468583,0.15
125,0.15,0.2,0.0,visibility_only,1.0,1.0,1.0,0.14895752380468583,0.15
125,0.15,0.2,0.0,common_mode_only,0.0,1.0,1.0,0.0048405298900360905,0.0034190235523718603
125,0.15,0.2,0.0,combined,0.0,1.0,1.0,0.0048405298900360905,0.0034190235523718603
125,0.15,0.2,0.5,raw_residual,1.0,1.0,0.5333333333333333,0.1534169426848734,0.15
125,0.15,0.2,0.5,visibility_only,0.5416666666666666,0.5,0.5333333333333333,0.1534169426848734,0.15
125,0.15,0.2,0.5,common_mode_only,0.4583333333333333,1.0,0.5333333333333333,0.003698623832643391,0.007474856718070882
125,0.15,0.2,0.5,combined,0.0,0.5,0.5333333333333333,0.003698623832643391,0.007474856718070882
125,0.15,0.4,0.0,raw_residual,1.0,1.0,1.0,0.1489575238046858,0.15
125,0.15,0.4,0.0,visibility_only,1.0,1.0,1.0,0.1489575238046858,0.15
125,0.15,0.4,0.0,common_mode_only,0.05555555555555555,1.0,1.0,0.011834169912883311,0.01431664404666806
125,0.15,0.4,0.0,combined,0.05555555555555555,1.0,1.0,0.011834169912883311,0.01431664404666806
125,0.15,0.4,0.5,raw_residual,1.0,1.0,0.5333333333333333,0.1534169426848734,0.15
125,0.15,0.4,0.5,visibility_only,0.5,0.5833333333333334,0.5333333333333333,0.1534169426848734,0.15
125,0.15,0.4,0.5,common_mode_only,0.5555555555555556,1.0,0.5333333333333333,0.02188163285629895,0.03425366342170255
125,0.15,0.4,0.5,combined,0.05555555555555555,0.5833333333333334,0.5333333333333333,0.02188163285629895,0.03425366342170255
125,0.15,0.6,0.0,raw_residual,1.0,1.0,1.0,0.1489575238046858,0.15
125,0.15,0.6,0.0,visibility_only,1.0,1.0,1.0,0.1489575238046858,0.15
125,0.15,0.6,0.0,common_mode_only,1.0,0.0,1.0,0.9952587207565727,0.9857546244390574
125,0.15,0.6,0.0,combined,1.0,0.0,1.0,0.9952587207565727,0.9857546244390574
125,0.15,0.6,0.5,raw_residual,1.0,1.0,0.5333333333333333,0.15341694268487338,0.15
125,0.15,0.6,0.5,visibility_only,0.3333333333333333,0.6666666666666666,0.5333333333333333,0.15341694268487338,0.15
125,0.15,0.6,0.5,common_mode_only,1.0,0.3333333333333333,0.5333333333333333,0.9917120451075553,0.9883895954783002
125,0.15,0.6,0.5,combined,0.3333333333333333,0.0,0.5333333333333333,0.9917120451075553,0.9883895954783002
125,0.15,0.8,0.0,raw_residual,1.0,1.0,1.0,0.1489575238046858,0.15
125,0.15,0.8,0.0,visibility_only,1.0,1.0,1.0,0.1489575238046858,0.15
125,0.15,0.8,0.0,common_mode_only,1.0,0.0,1.0,1.0016628946330026,0.9937002159977882
125,0.15,0.8,0.0,combined,1.0,0.0,1.0,1.0016628946330026,0.9937002159977882
125,0.15,0.8,0.5,raw_residual,1.0,1.0,0.5333333333333333,0.15341694268487338,0.15
125,0.15,0.8,0.5,visibility_only,0.16666666666666666,0.625,0.5333333333333333,0.15341694268487338,0.15
125,0.15,0.8,0.5,common_mode_only,1.0,0.375,0.5333333333333333,1.0001716269091798,0.9985810045075366
125,0.15,0.8,0.5,combined,0.16666666666666666,0.0,0.5333333333333333,1.0001716269091798,0.9985810045075366
125,0.3,0.2,0.0,raw_residual,1.0,1.0,1.0,0.2983024953248818,0.3
125,0.3,0.2,0.0,visibility_only,1.0,1.0,1.0,0.2983024953248818,0.3
125,0.3,0.2,0.0,common_mode_only,0.0,1.0,1.0,0.004840529890036086,0.0034190235523718603
125,0.3,0.2,0.0,combined,0.0,1.0,1.0,0.004840529890036086,0.0034190235523718603
125,0.3,0.2,0.5,raw_residual,1.0,1.0,0.5333333333333333,0.30270868454505684,0.3
125,0.3,0.2,0.5,visibility_only,0.5416666666666666,0.5,0.5333333333333333,0.30270868454505684,0.3
125,0.3,0.2,0.5,common_mode_only,0.4583333333333333,1.0,0.5333333333333333,0.0036986238326433968,0.007474856718070882
125,0.3,0.2,0.5,combined,0.0,0.5,0.5333333333333333,0.0036986238326433968,0.007474856718070882
125,0.3,0.4,0.0,raw_residual,1.0,1.0,1.0,0.2983024953248818,0.3
125,0.3,0.4,0.0,visibility_only,1.0,1.0,1.0,0.2983024953248818,0.3
125,0.3,0.4,0.0,common_mode_only,0.05555555555555555,1.0,1.0,0.011834169912883271,0.014316644046668032
125,0.3,0.4,0.0,combined,0.05555555555555555,1.0,1.0,0.011834169912883271,0.014316644046668032
125,0.3,0.4,0.5,raw_residual,1.0,1.0,0.5333333333333333,0.30270868454505684,0.3
125,0.3,0.4,0.5,visibility_only,0.5,0.5833333333333334,0.5333333333333333,0.30270868454505684,0.3
125,0.3,0.4,0.5,common_mode_only,0.5555555555555556,1.0,0.5333333333333333,0.021881632856298905,0.03425366342170257
125,0.3,0.4,0.5,combined,0.05555555555555555,0.5833333333333334,0.5333333333333333,0.021881632856298905,0.03425366342170257
125,0.3,0.6,0.0,raw_residual,1.0,1.0,1.0,0.2983024953248818,0.3
125,0.3,0.6,0.0,visibility_only,1.0,1.0,1.0,0.2983024953248818,0.3
125,0.3,0.6,0.0,common_mode_only,1.0,0.0,1.0,0.9952587207565727,0.9857546244390573
125,0.3,0.6,0.0,combined,1.0,0.0,1.0,0.9952587207565727,0.9857546244390573
125,0.3,0.6,0.5,raw_residual,1.0,1.0,0.5333333333333333,0.30270868454505695,0.3
125,0.3,0.6,0.5,visibility_only,0.3333333333333333,0.6666666666666666,0.5333333333333333,0.30270868454505695,0.3
125,0.3,0.6,0.5,common_mode_only,1.0,0.3333333333333333,0.5333333333333333,0.9917120451075553,0.9883895954783003
125,0.3,0.6,0.5,combined,0.3333333333333333,0.0,0.5333333333333333,0.9917120451075553,0.9883895954783003
125,0.3,0.8,0.0,raw_residual,1.0,1.0,1.0,0.29830249532488184,0.3
125,0.3,0.8,0.0,visibility_only,1.0,1.0,1.0,0.29830249532488184,0.3
125,0.3,0.8,0.0,common_mode_only,1.0,0.0,1.0,1.0016628946330026,0.9937002159977881
125,0.3,0.8,0.0,combined,1.0,0.0,1.0,1.0016628946330026,0.9937002159977881
125,0.3,0.8,0.5,raw_residual,1.0,1.0,0.5333333333333333,0.30270868454505695,0.3
125,0.3,0.8,0.5,visibility_only,0.16666666666666666,0.625,0.5333333333333333,0.30270868454505695,0.3
125,0.3,0.8,0.5,common_mode_only,1.0,0.375,0.5333333333333333,1.0001716269091798,0.9985810045075365
125,0.3,0.8,0.5,combined,0.16666666666666666,0.0,0.5333333333333333,1.0001716269091798,0.9985810045075365
125,0.6,0.2,0.0,raw_residual,1.0,1.0,1.0,0.5979780084317304,0.6
125,0.6,0.2,0.0,visibility_only,1.0,1.0,1.0,0.5979780084317304,0.6
125,0.6,0.2,0.0,common_mode_only,0.0,1.0,1.0,0.004840529890036082,0.0034190235523718603
125,0.6,0.2,0.0,combined,0.0,1.0,1.0,0.004840529890036082,0.0034190235523718603
125,0.6,0.2,0.5,raw_residual,1.0,1.0,0.5333333333333333,0.6023493699011442,0.6
125,0.6,0.2,0.5,visibility_only,0.5416666666666666,0.5,0.5333333333333333,0.6023493699011442,0.6
125,0.6,0.2,0.5,common_mode_only,0.4583333333333333,1.0,0.5333333333333333,0.0036986238326433968,0.007474856718070882
125,0.6,0.2,0.5,combined,0.0,0.5,0.5333333333333333,0.0036986238326433968,0.007474856718070882
125,0.6,0.4,0.0,raw_residual,1.0,1.0,1.0,0.5979780084317304,0.6
125,0.6,0.4,0.0,visibility_only,1.0,1.0,1.0,0.5979780084317304,0.6
125,0.6,0.4,0.0,common_mode_only,0.05555555555555555,1.0,1.0,0.011834169912883271,0.014316644046668086
125,0.6,0.4,0.0,combined,0.05555555555555555,1.0,1.0,0.011834169912883271,0.014316644046668086
125,0.6,0.4,0.5,raw_residual,1.0,1.0,0.5333333333333333,0.6023493699011442,0.6
125,0.6,0.4,0.5,visibility_only,0.5,0.5833333333333334,0.5333333333333333,0.6023493699011442,0.6
125,0.6,0.4,0.5,common_mode_only,0.5555555555555556,1.0,0.5333333333333333,0.02188163285629886,0.034253663421702524
125,0.6,0.4,0.5,combined,0.05555555555555555,0.5833333333333334,0.5333333333333333,0.02188163285629886,0.034253663421702524
125,0.6,0.6,0.0,raw_residual,1.0,1.0,1.0,0.5979780084317304,0.6
125,0.6,0.6,0.0,visibility_only,1.0,1.0,1.0,0.5979780084317304,0.6
125,0.6,0.6,0.0,common_mode_only,1.0,0.0,1.0,0.9952587207565728,0.9857546244390576
125,0.6,0.6,0.0,combined,1.0,0.0,1.0,0.9952587207565728,0.9857546244390576
125,0.6,0.6,0.5,raw_residual,1.0,1.0,0.5333333333333333,0.6023493699011442,0.6
125,0.6,0.6,0.5,visibility_only,0.3333333333333333,0.6666666666666666,0.5333333333333333,0.6023493699011442,0.6
125,0.6,0.6,0.5,common_mode_only,1.0,0.3333333333333333,0.5333333333333333,0.9917120451075554,0.9883895954783004
125,0.6,0.6,0.5,combined,0.3333333333333333,0.0,0.5333333333333333,0.9917120451075554,0.9883895954783004
125,0.6,0.8,0.0,raw_residual,1.0,1.0,1.0,0.5979780084317304,0.6
125,0.6,0.8,0.0,visibility_only,1.0,1.0,1.0,0.5979780084317304,0.6
125,0.6,0.8,0.0,common_mode_only,1.0,0.0,1.0,1.0016628946330026,0.9937002159977885
125,0.6,0.8,0.0,combined,1.0,0.0,1.0,1.0016628946330026,0.9937002159977885
125,0.6,0.8,0.5,raw_residual,1.0,1.0,0.5333333333333333,0.6023493699011443,0.6
125,0.6,0.8,0.5,visibility_only,0.16666666666666666,0.625,0.5333333333333333,0.6023493699011443,0.6
125,0.6,0.8,0.5,common_mode_only,1.0,0.375,0.5333333333333333,1.00017162690918,0.9985810045075368
125,0.6,0.8,0.5,combined,0.16666666666666666,0.0,0.5333333333333333,1.00017162690918,0.9985810045075368
126,0.0,0.2,0.0,raw_residual,0.08333333333333333,1.0,1.0,0.008834706112390987,0.0
126,0.0,0.2,0.0,visibility_only,0.08333333333333333,1.0,1.0,0.008834706112390987,0.0
126,0.0,0.2,0.0,common_mode_only,0.08333333333333333,1.0,1.0,0.008897355801166454,0.019330675235000063
126,0.0,0.2,0.0,combined,0.08333333333333333,1.0,1.0,0.008897355801166454,0.019330675235000063
126,0.0,0.2,0.5,raw_residual,0.4583333333333333,1.0,0.5333333333333333,0.007497111582735853,0.0
126,0.0,0.2,0.5,visibility_only,0.041666666666666664,0.3333333333333333,0.5333333333333333,0.007497111582735853,0.0
126,0.0,0.2,0.5,common_mode_only,0.4583333333333333,1.0,0.5333333333333333,0.006596072087415226,0.013919562874329716
126,0.0,0.2,0.5,combined,0.041666666666666664,0.3333333333333333,0.5333333333333333,0.006596072087415226,0.013919562874329716
126,0.0,0.4,0.0,raw_residual,0.1111111111111111,1.0,1.0,0.013933813581052768,0.0
126,0.0,0.4,0.0,visibility_only,0.1111111111111111,1.0,1.0,0.013933813581052768,0.0
126,0.0,0.4,0.0,common_mode_only,0.16666666666666666,1.0,1.0,0.01578190914497645,0.02416124968408093
126,0.0,0.4,0.0,combined,0.16666666666666666,1.0,1.0,0.01578190914497645,0.02416124968408093
126,0.0,0.4,0.5,raw_residual,0.4444444444444444,1.0,0.5333333333333333,0.011720734855095623,0.0
126,0.0,0.4,0.5,visibility_only,0.05555555555555555,0.4166666666666667,0.5333333333333333,0.011720734855095623,0.0
126,0.0,0.4,0.5,common_mode_only,0.5,1.0,0.5333333333333333,0.014502176868513045,0.023945151234121446
126,0.0,0.4,0.5,combined,0.1111111111111111,0.4166666666666667,0.5333333333333333,0.014502176868513045,0.023945151234121446
126,0.0,0.6,0.0,raw_residual,0.08333333333333333,1.0,1.0,0.0194691920863722,0.0
126,0.0,0.6,0.0,visibility_only,0.08333333333333333,1.0,1.0,0.0194691920863722,0.0
126,0.0,0.6,0.0,common_mode_only,1.0,0.0,1.0,0.9944339791113526,0.9815316557768847
126,0.0,0.6,0.0,combined,1.0,0.0,1.0,0.9944339791113526,0.9815316557768847
126,0.0,0.6,0.5,raw_residual,0.4166666666666667,1.0,0.5333333333333333,0.017766574218177907,0.0
126,0.0,0.6,0.5,visibility_only,0.08333333333333333,0.4444444444444444,0.5333333333333333,0.017766574218177907,0.0
126,0.0,0.6,0.5,common_mode_only,1.0,1.0,0.5333333333333333,0.5029727487766766,0.5021611588763801
126,0.0,0.6,0.5,combined,0.6666666666666666,0.4444444444444444,0.5333333333333333,0.5029727487766766,0.5021611588763801
126,0.0,0.8,0.0,raw_residual,0.16666666666666666,1.0,1.0,0.02394039483447229,0.0
126,0.0,0.8,0.0,visibility_only,0.16666666666666666,1.0,1.0,0.02394039483447229,0.0
126,0.0,0.8,0.0,common_mode_only,1.0,0.041666666666666664,1.0,1.0036824043006374,0.9997573643910272
126,0.0,0.8,0.0,combined,1.0,0.041666666666666664,1.0,1.0036824043006374,0.9997573643910272
126,0.0,0.8,0.5,raw_residual,0.3333333333333333,1.0,0.5333333333333333,0.022186538460225638,0.0
126,0.0,0.8,0.5,visibility_only,0.16666666666666666,0.4583333333333333,0.5333333333333333,0.022186538460225638,0.0
126,0.0,0.8,0.5,common_mode_only,1.0,0.5416666666666666,0.5333333333333333,0.9953484239567139,0.9806806498408075
126,0.0,0.8,0.5,combined,0.8333333333333334,0.0,0.5333333333333333,0.9953484239567139,0.9806806498408075
126,0.15,0.2,0.0,raw_residual,1.0,1.0,1.0,0.1535577723505951,0.15
126,0.15,0.2,0.0,visibility_only,1.0,1.0,1.0,0.1535577723505951,0.15
126,0.15,0.2,0.0,common_mode_only,0.08333333333333333,1.0,1.0,0.008897355801166445,0.019330675235000067
126,0.15,0.2,0.0,combined,0.08333333333333333,1.0,1.0,0.008897355801166445,0.019330675235000067
126,0.15,0.2,0.5,raw_residual,1.0,1.0,0.5333333333333333,0.15097440238845938,0.15
126,0.15,0.2,0.5,visibility_only,0.5833333333333334,0.3333333333333333,0.5333333333333333,0.15097440238845938,0.15
126,0.15,0.2,0.5,common_mode_only,0.4583333333333333,1.0,0.5333333333333333,0.006596072087415226,0.0139195628743297
126,0.15,0.2,0.5,combined,0.041666666666666664,0.3333333333333333,0.5333333333333333,0.006596072087415226,0.0139195628743297
126,0.15,0.4,0.0,raw_residual,1.0,1.0,1.0,0.15355777235059506,0.15
126,0.15,0.4,0.0,visibility_only,1.0,1.0,1.0,0.15355777235059506,0.15
126,0.15,0.4,0.0,common_mode_only,0.16666666666666666,1.0,1.0,0.015781909144976472,0.02416124968408093
126,0.15,0.4,0.0,combined,0.16666666666666666,1.0,1.0,0.015781909144976472,0.02416124968408093
126,0.15,0.4,0.5,raw_residual,1.0,1.0,0.5333333333333333,0.15097440238845938,0.15
126,0.15,0.4,0.5,visibility_only,0.6111111111111112,0.4166666666666667,0.5333333333333333,0.15097440238845938,0.15
126,0.15,0.4,0.5,common_mode_only,0.5,1.0,0.5333333333333333,0.014502176868513027,0.023945151234121435
126,0.15,0.4,0.5,combined,0.1111111111111111,0.4166666666666667,0.5333333333333333,0.014502176868513027,0.023945151234121435
126,0.15,0.6,0.0,raw_residual,1.0,1.0,1.0,0.15355777235059503,0.15
126,0.15,0.6,0.0,visibility_only,1.0,1.0,1.0,0.15355777235059503,0.15
126,0.15,0.6,0.0,common_mode_only,1.0,0.0,1.0,0.9944339791113525,0.9815316557768845
126,0.15,0.6,0.0,combined,1.0,0.0,1.0,0.9944339791113525,0.9815316557768845
126,0.15,0.6,0.5,raw_residual,1.0,1.0,0.5333333333333333,0.15097440238845936,0.15
126,0.15,0.6,0.5,visibility_only,0.6666666666666666,0.4444444444444444,0.5333333333333333,0.15097440238845936,0.15
126,0.15,0.6,0.5,common_mode_only,1.0,1.0,0.5333333333333333,0.5029727487766765,0.50216115887638
126,0.15,0.6,0.5,combined,0.6666666666666666,0.4444444444444444,0.5333333333333333,0.5029727487766765,0.50216115887638
126,0.15,0.8,0.0,raw_residual,1.0,1.0,1.0,0.15355777235059503,0.15
126,0.15,0.8,0.0,visibility_only,1.0,1.0,1.0,0.15355777235059503,0.15
126,0.15,0.8,0.0,common_mode_only,1.0,0.041666666666666664,1.0,1.0036824043006374,0.9997573643910274
126,0.15,0.8,0.0,combined,1.0,0.041666666666666664,1.0,1.0036824043006374,0.9997573643910274
126,0.15,0.8,0.5,raw_residual,1.0,1.0,0.5333333333333333,0.15097440238845933,0.15
126,0.15,0.8,0.5,visibility_only,0.8333333333333334,0.4583333333333333,0.5333333333333333,0.15097440238845933,0.15
126,0.15,0.8,0.5,common_mode_only,1.0,0.5416666666666666,0.5333333333333333,0.9953484239567139,0.9806806498408075
126,0.15,0.8,0.5,combined,0.8333333333333334,0.0,0.5333333333333333,0.9953484239567139,0.9806806498408075
126,0.3,0.2,0.0,raw_residual,1.0,1.0,1.0,0.30292296437775135,0.3
126,0.3,0.2,0.0,visibility_only,1.0,1.0,1.0,0.30292296437775135,0.3
126,0.3,0.2,0.0,common_mode_only,0.08333333333333333,1.0,1.0,0.008897355801166454,0.019330675235000067
126,0.3,0.2,0.0,combined,0.08333333333333333,1.0,1.0,0.008897355801166454,0.019330675235000067
126,0.3,0.2,0.5,raw_residual,1.0,1.0,0.5333333333333333,0.30032000610707443,0.3
126,0.3,0.2,0.5,visibility_only,0.5833333333333334,0.3333333333333333,0.5333333333333333,0.30032000610707443,0.3
126,0.3,0.2,0.5,common_mode_only,0.4583333333333333,1.0,0.5333333333333333,0.0065960720874152275,0.013919562874329725
126,0.3,0.2,0.5,combined,0.041666666666666664,0.3333333333333333,0.5333333333333333,0.0065960720874152275,0.013919562874329725
126,0.3,0.4,0.0,raw_residual,1.0,1.0,1.0,0.30292296437775135,0.3
126,0.3,0.4,0.0,visibility_only,1.0,1.0,1.0,0.30292296437775135,0.3
126,0.3,0.4,0.0,common_mode_only,0.16666666666666666,1.0,1.0,0.01578190914497646,0.024161249684080958
126,0.3,0.4,0.0,combined,0.16666666666666666,1.0,1.0,0.01578190914497646,0.024161249684080958
126,0.3,0.4,0.5,raw_residual,1.0,1.0,0.5333333333333333,0.30032000610707443,0.3
126,0.3,0.4,0.5,visibility_only,0.6111111111111112,0.4166666666666667,0.5333333333333333,0.30032000610707443,0.3
126,0.3,0.4,0.5,common_mode_only,0.5,1.0,0.5333333333333333,0.014502176868513026,0.023945151234121435
126,0.3,0.4,0.5,combined,0.1111111111111111,0.4166666666666667,0.5333333333333333,0.014502176868513026,0.023945151234121435
126,0.3,0.6,0.0,raw_residual,1.0,1.0,1.0,0.30292296437775135,0.3
126,0.3,0.6,0.0,visibility_only,1.0,1.0,1.0,0.30292296437775135,0.3
126,0.3,0.6,0.0,common_mode_only,1.0,0.0,1.0,0.9944339791113526,0.9815316557768846
126,0.3,0.6,0.0,combined,1.0,0.0,1.0,0.9944339791113526,0.9815316557768846
126,0.3,0.6,0.5,raw_residual,1.0,1.0,0.5333333333333333,0.30032000610707443,0.3
126,0.3,0.6,0.5,visibility_only,0.6666666666666666,0.4444444444444444,0.5333333333333333,0.30032000610707443,0.3
126,0.3,0.6,0.5,common_mode_only,1.0,1.0,0.5333333333333333,0.5029727487766764,0.50216115887638
126,0.3,0.6,0.5,combined,0.6666666666666666,0.4444444444444444,0.5333333333333333,0.5029727487766764,0.50216115887638
126,0.3,0.8,0.0,raw_residual,1.0,1.0,1.0,0.30292296437775135,0.3
126,0.3,0.8,0.0,visibility_only,1.0,1.0,1.0,0.30292296437775135,0.3
126,0.3,0.8,0.0,common_mode_only,1.0,0.041666666666666664,1.0,1.0036824043006374,0.9997573643910272
126,0.3,0.8,0.0,combined,1.0,0.041666666666666664,1.0,1.0036824043006374,0.9997573643910272
126,0.3,0.8,0.5,raw_residual,1.0,1.0,0.5333333333333333,0.30032000610707443,0.3
126,0.3,0.8,0.5,visibility_only,0.8333333333333334,0.4583333333333333,0.5333333333333333,0.30032000610707443,0.3
126,0.3,0.8,0.5,common_mode_only,1.0,0.5416666666666666,0.5333333333333333,0.9953484239567139,0.9806806498408074
126,0.3,0.8,0.5,combined,0.8333333333333334,0.0,0.5333333333333333,0.9953484239567139,0.9806806498408074
126,0.6,0.2,0.0,raw_residual,1.0,1.0,1.0,0.6026066607755814,0.6
126,0.6,0.2,0.0,visibility_only,1.0,1.0,1.0,0.6026066607755814,0.6
126,0.6,0.2,0.0,common_mode_only,0.08333333333333333,1.0,1.0,0.008897355801166457,0.019330675235000122
126,0.6,0.2,0.0,combined,0.08333333333333333,1.0,1.0,0.008897355801166457,0.019330675235000122
126,0.6,0.2,0.5,raw_residual,1.0,1.0,0.5333333333333333,0.5999826233521497,0.6
126,0.6,0.2,0.5,visibility_only,0.5833333333333334,0.3333333333333333,0.5333333333333333,0.5999826233521497,0.6
126,0.6,0.2,0.5,common_mode_only,0.4583333333333333,1.0,0.5333333333333333,0.0065960720874152345,0.013919562874329725
126,0.6,0.2,0.5,combined,0.041666666666666664,0.3333333333333333,0.5333333333333333,0.0065960720874152345,0.013919562874329725
126,0.6,0.4,0.0,raw_residual,1.0,1.0,1.0,0.6026066607755814,0.6
126,0.6,0.4,0.0,visibility_only,1.0,1.0,1.0,0.6026066607755814,0.6
126,0.6,0.4,0.0,common_mode_only,0.16666666666666666,1.0,1.0,0.015781909144976448,0.024161249684080902
126,0.6,0.4,0.0,combined,0.16666666666666666,1.0,1.0,0.015781909144976448,0.024161249684080902
126,0.6,0.4,0.5,raw_residual,1.0,1.0,0.5333333333333333,0.5999826233521498,0.6
126,0.6,0.4,0.5,visibility_only,0.6111111111111112,0.4166666666666667,0.5333333333333333,0.5999826233521498,0.6
126,0.6,0.4,0.5,common_mode_only,0.5,1.0,0.5333333333333333,0.01450217686851304,0.023945151234121487
126,0.6,0.4,0.5,combined,0.1111111111111111,0.4166666666666667,0.5333333333333333,0.01450217686851304,0.023945151234121487
126,0.6,0.6,0.0,raw_residual,1.0,1.0,1.0,0.6026066607755814,0.6
126,0.6,0.6,0.0,visibility_only,1.0,1.0,1.0,0.6026066607755814,0.6
126,0.6,0.6,0.0,common_mode_only,1.0,0.0,1.0,0.9944339791113526,0.9815316557768847
126,0.6,0.6,0.0,combined,1.0,0.0,1.0,0.9944339791113526,0.9815316557768847
126,0.6,0.6,0.5,raw_residual,1.0,1.0,0.5333333333333333,0.5999826233521498,0.6
126,0.6,0.6,0.5,visibility_only,0.6666666666666666,0.4444444444444444,0.5333333333333333,0.5999826233521498,0.6
126,0.6,0.6,0.5,common_mode_only,1.0,1.0,0.5333333333333333,0.5029727487766765,0.5021611588763801
126,0.6,0.6,0.5,combined,0.6666666666666666,0.4444444444444444,0.5333333333333333,0.5029727487766765,0.5021611588763801
126,0.6,0.8,0.0,raw_residual,1.0,1.0,1.0,0.6026066607755816,0.6
126,0.6,0.8,0.0,visibility_only,1.0,1.0,1.0,0.6026066607755816,0.6
126,0.6,0.8,0.0,common_mode_only,1.0,0.041666666666666664,1.0,1.0036824043006376,0.9997573643910276
126,0.6,0.8,0.0,combined,1.0,0.041666666666666664,1.0,1.0036824043006376,0.9997573643910276
126,0.6,0.8,0.5,raw_residual,1.0,1.0,0.5333333333333333,0.5999826233521499,0.6
126,0.6,0.8,0.5,visibility_only,0.8333333333333334,0.4583333333333333,0.5333333333333333,0.5999826233521499,0.6
126,0.6,0.8,0.5,common_mode_only,1.0,0.5416666666666666,0.5333333333333333,0.9953484239567139,0.9806806498408077
126,0.6,0.8,0.5,combined,0.8333333333333334,0.0,0.5333333333333333,0.9953484239567139,0.9806806498408077
127,0.0,0.2,0.0,raw_residual,0.0,1.0,1.0,0.006992650994731551,0.0
127,0.0,0.2,0.0,visibility_only,0.0,1.0,1.0,0.006992650994731551,0.0
127,0.0,0.2,0.0,common_mode_only,0.0,1.0,1.0,0.006951537081654648,0.0024116119172101756
127,0.0,0.2,0.0,combined,0.0,1.0,1.0,0.006951537081654648,0.0024116119172101756
127,0.0,0.2,0.5,raw_residual,0.375,1.0,0.6333333333333333,0.006426635276101732,0.0
127,0.0,0.2,0.5,visibility_only,0.0,0.6666666666666666,0.6333333333333333,0.006426635276101732,0.0
127,0.0,0.2,0.5,common_mode_only,0.375,1.0,0.6333333333333333,0.006047067496719496,0.00727975459601184
127,0.0,0.2,0.5,combined,0.0,0.6666666666666666,0.6333333333333333,0.006047067496719496,0.00727975459601184
127,0.0,0.4,0.0,raw_residual,0.0,1.0,1.0,0.012328453669971266,0.0
127,0.0,0.4,0.0,visibility_only,0.0,1.0,1.0,0.012328453669971266,0.0
127,0.0,0.4,0.0,common_mode_only,0.0,1.0,1.0,0.012235855681409984,0.006439695087956207
127,0.0,0.4,0.0,combined,0.0,1.0,1.0,0.012235855681409984,0.006439695087956207
127,0.0,0.4,0.5,raw_residual,0.4444444444444444,1.0,0.6333333333333333,0.01412747092781054,0.0
127,0.0,0.4,0.5,visibility_only,0.0,0.75,0.6333333333333333,0.01412747092781054,0.0
127,0.0,0.4,0.5,common_mode_only,0.4444444444444444,1.0,0.6333333333333333,0.013526661072456246,0.019278917477653246
127,0.0,0.4,0.5,combined,0.0,0.75,0.6333333333333333,0.013526661072456246,0.019278917477653246
127,0.0,0.6,0.0,raw_residual,0.0,1.0,1.0,0.016824185106318966,0.0
127,0.0,0.6,0.0,visibility_only,0.0,1.0,1.0,0.016824185106318966,0.0
127,0.0,0.6,0.0,common_mode_only,1.0,0.1111111111111111,1.0,0.9895091387695941,0.9807167692937327
127,0.0,0.6,0.0,combined,1.0,0.1111111111111111,1.0,0.9895091387695941,0.9807167692937327
127,0.0,0.6,0.5,raw_residual,0.4166666666666667,1.0,0.6333333333333333,0.018407816327958106,0.0
127,0.0,0.6,0.5,visibility_only,0.0,0.6666666666666666,0.6333333333333333,0.018407816327958106,0.0
127,0.0,0.6,0.5,common_mode_only,1.0,0.3888888888888889,0.6333333333333333,0.9905365483380194,0.981779114870616
127,0.0,0.6,0.5,combined,0.5833333333333334,0.05555555555555555,0.6333333333333333,0.9905365483380194,0.981779114870616
127,0.0,0.8,0.0,raw_residual,0.0,1.0,1.0,0.020962859774921815,0.0
127,0.0,0.8,0.0,visibility_only,0.0,1.0,1.0,0.020962859774921815,0.0
127,0.0,0.8,0.0,common_mode_only,1.0,0.0,1.0,1.0012952677768225,0.9958166986829357
127,0.0,0.8,0.0,combined,1.0,0.0,1.0,1.0012952677768225,0.9958166986829357
127,0.0,0.8,0.5,raw_residual,0.5,1.0,0.6333333333333333,0.021605013019555315,0.0
127,0.0,0.8,0.5,visibility_only,0.0,0.6666666666666666,0.6333333333333333,0.021605013019555315,0.0
127,0.0,0.8,0.5,common_mode_only,1.0,0.3333333333333333,0.6333333333333333,1.0009072535226369,1.0009923865151118
127,0.0,0.8,0.5,combined,0.5,0.0,0.6333333333333333,1.0009072535226369,1.0009923865151118
127,0.15,0.2,0.0,raw_residual,1.0,1.0,1.0,0.15306805021749956,0.15
127,0.15,0.2,0.0,visibility_only,1.0,1.0,1.0,0.15306805021749956,0.15
127,0.15,0.2,0.0,common_mode_only,0.0,1.0,1.0,0.006951537081654652,0.002411611917210162
127,0.15,0.2,0.0,combined,0.0,1.0,1.0,0.006951537081654652,0.002411611917210162
127,0.15,0.2,0.5,raw_residual,1.0,1.0,0.6333333333333333,0.15591116514663644,0.15
127,0.15,0.2,0.5,visibility_only,0.625,0.6666666666666666,0.6333333333333333,0.15591116514663644,0.15
127,0.15,0.2,0.5,common_mode_only,0.375,1.0,0.6333333333333333,0.006047067496719499,0.007279754596011844
127,0.15,0.2,0.5,combined,0.0,0.6666666666666666,0.6333333333333333,0.006047067496719499,0.007279754596011844
127,0.15,0.4,0.0,raw_residual,1.0,1.0,1.0,0.15306805021749956,0.15
127,0.15,0.4,0.0,visibility_only,1.0,1.0,1.0,0.15306805021749956,0.15
127,0.15,0.4,0.0,common_mode_only,0.0,1.0,1.0,0.012235855681409976,0.006439695087956218
127,0.15,0.4,0.0,combined,0.0,1.0,1.0,0.012235855681409976,0.006439695087956218
127,0.15,0.4,0.5,raw_residual,1.0,1.0,0.6333333333333333,0.15591116514663642,0.15
127,0.15,0.4,0.5,visibility_only,0.5555555555555556,0.75,0.6333333333333333,0.15591116514663642,0.15
127,0.15,0.4,0.5,common_mode_only,0.4444444444444444,1.0,0.6333333333333333,0.013526661072456259,0.019278917477653253
127,0.15,0.4,0.5,combined,0.0,0.75,0.6333333333333333,0.013526661072456259,0.019278917477653253
127,0.15,0.6,0.0,raw_residual,1.0,1.0,1.0,0.15306805021749953,0.15
127,0.15,0.6,0.0,visibility_only,1.0,1.0,1.0,0.15306805021749953,0.15
127,0.15,0.6,0.0,common_mode_only,1.0,0.1111111111111111,1.0,0.9895091387695938,0.9807167692937325
127,0.15,0.6,0.0,combined,1.0,0.1111111111111111,1.0,0.9895091387695938,0.9807167692937325
127,0.15,0.6,0.5,raw_residual,1.0,1.0,0.6333333333333333,0.1559111651466364,0.15
127,0.15,0.6,0.5,visibility_only,0.5833333333333334,0.6666666666666666,0.6333333333333333,0.1559111651466364,0.15
127,0.15,0.6,0.5,common_mode_only,1.0,0.3888888888888889,0.6333333333333333,0.9905365483380194,0.9817791148706159
127,0.15,0.6,0.5,combined,0.5833333333333334,0.05555555555555555,0.6333333333333333,0.9905365483380194,0.9817791148706159
127,0.15,0.8,0.0,raw_residual,1.0,1.0,1.0,0.15306805021749953,0.15
127,0.15,0.8,0.0,visibility_only,1.0,1.0,1.0,0.15306805021749953,0.15
127,0.15,0.8,0.0,common_mode_only,1.0,0.0,1.0,1.0012952677768225,0.9958166986829355
127,0.15,0.8,0.0,combined,1.0,0.0,1.0,1.0012952677768225,0.9958166986829355
127,0.15,0.8,0.5,raw_residual,1.0,1.0,0.6333333333333333,0.15591116514663636,0.15
127,0.15,0.8,0.5,visibility_only,0.5,0.6666666666666666,0.6333333333333333,0.15591116514663636,0.15
127,0.15,0.8,0.5,common_mode_only,1.0,0.3333333333333333,0.6333333333333333,1.0009072535226369,1.0009923865151118
127,0.15,0.8,0.5,combined,0.5,0.0,0.6333333333333333,1.0009072535226369,1.0009923865151118
127,0.3,0.2,0.0,raw_residual,1.0,1.0,1.0,0.30244414601979036,0.3
127,0.3,0.2,0.0,visibility_only,1.0,1.0,1.0,0.30244414601979036,0.3
127,0.3,0.2,0.0,common_mode_only,0.0,1.0,1.0,0.006951537081654655,0.0024116119172101842
127,0.3,0.2,0.0,combined,0.0,1.0,1.0,0.006951537081654655,0.0024116119172101842
127,0.3,0.2,0.5,raw_residual,1.0,1.0,0.6333333333333333,0.30545779606512885,0.3
127,0.3,0.2,0.5,visibility_only,0.625,0.6666666666666666,0.6333333333333333,0.30545779606512885,0.3
127,0.3,0.2,0.5,common_mode_only,0.375,1.0,0.6333333333333333,0.006047067496719496,0.007279754596011844
127,0.3,0.2,0.5,combined,0.0,0.6666666666666666,0.6333333333333333,0.006047067496719496,0.007279754596011844
127,0.3,0.4,0.0,raw_residual,1.0,1.0,1.0,0.30244414601979036,0.3
127,0.3,0.4,0.0,visibility_only,1.0,1.0,1.0,0.30244414601979036,0.3
127,0.3,0.4,0.0,common_mode_only,0.0,1.0,1.0,0.012235855681409974,0.006439695087956191
127,0.3,0.4,0.0,combined,0.0,1.0,1.0,0.012235855681409974,0.006439695087956191
127,0.3,0.4,0.5,raw_residual,1.0,1.0,0.6333333333333333,0.30545779606512885,0.3
127,0.3,0.4,0.5,visibility_only,0.5555555555555556,0.75,0.6333333333333333,0.30545779606512885,0.3
127,0.3,0.4,0.5,common_mode_only,0.4444444444444444,1.0,0.6333333333333333,0.013526661072456245,0.019278917477653226
127,0.3,0.4,0.5,combined,0.0,0.75,0.6333333333333333,0.013526661072456245,0.019278917477653226
127,0.3,0.6,0.0,raw_residual,1.0,1.0,1.0,0.30244414601979036,0.3
127,0.3,0.6,0.0,visibility_only,1.0,1.0,1.0,0.30244414601979036,0.3
127,0.3,0.6,0.0,common_mode_only,1.0,0.1111111111111111,1.0,0.9895091387695942,0.9807167692937329
127,0.3,0.6,0.0,combined,1.0,0.1111111111111111,1.0,0.9895091387695942,0.9807167692937329
127,0.3,0.6,0.5,raw_residual,1.0,1.0,0.6333333333333333,0.30545779606512885,0.3
127,0.3,0.6,0.5,visibility_only,0.5833333333333334,0.6666666666666666,0.6333333333333333,0.30545779606512885,0.3
127,0.3,0.6,0.5,common_mode_only,1.0,0.3888888888888889,0.6333333333333333,0.9905365483380194,0.981779114870616
127,0.3,0.6,0.5,combined,0.5833333333333334,0.05555555555555555,0.6333333333333333,0.9905365483380194,0.981779114870616
127,0.3,0.8,0.0,raw_residual,1.0,1.0,1.0,0.30244414601979036,0.3
127,0.3,0.8,0.0,visibility_only,1.0,1.0,1.0,0.30244414601979036,0.3
127,0.3,0.8,0.0,common_mode_only,1.0,0.0,1.0,1.0012952677768228,0.9958166986829359
127,0.3,0.8,0.0,combined,1.0,0.0,1.0,1.0012952677768228,0.9958166986829359
127,0.3,0.8,0.5,raw_residual,1.0,1.0,0.6333333333333333,0.30545779606512885,0.3
127,0.3,0.8,0.5,visibility_only,0.5,0.6666666666666666,0.6333333333333333,0.30545779606512885,0.3
127,0.3,0.8,0.5,common_mode_only,1.0,0.3333333333333333,0.6333333333333333,1.0009072535226369,1.0009923865151118
127,0.3,0.8,0.5,combined,0.5,0.0,0.6333333333333333,1.0009072535226369,1.0009923865151118
127,0.6,0.2,0.0,raw_residual,1.0,1.0,1.0,0.6021301107538944,0.6
127,0.6,0.2,0.0,visibility_only,1.0,1.0,1.0,0.6021301107538944,0.6
127,0.6,0.2,0.0,common_mode_only,0.0,1.0,1.0,0.0069515370816546655,0.0024116119172101404
127,0.6,0.2,0.0,combined,0.0,1.0,1.0,0.0069515370816546655,0.0024116119172101404
127,0.6,0.2,0.5,raw_residual,1.0,1.0,0.6333333333333333,0.6052273464141654,0.6
127,0.6,0.2,0.5,visibility_only,0.625,0.6666666666666666,0.6333333333333333,0.6052273464141654,0.6
127,0.6,0.2,0.5,common_mode_only,0.375,1.0,0.6333333333333333,0.006047067496719509,0.007279754596011844
127,0.6,0.2,0.5,combined,0.0,0.6666666666666666,0.6333333333333333,0.006047067496719509,0.007279754596011844
127,0.6,0.4,0.0,raw_residual,1.0,1.0,1.0,0.6021301107538946,0.6
127,0.6,0.4,0.0,visibility_only,1.0,1.0,1.0,0.6021301107538946,0.6
127,0.6,0.4,0.0,common_mode_only,0.0,1.0,1.0,0.012235855681409974,0.006439695087956246
127,0.6,0.4,0.0,combined,0.0,1.0,1.0,0.012235855681409974,0.006439695087956246
127,0.6,0.4,0.5,raw_residual,1.0,1.0,0.6333333333333333,0.6052273464141654,0.6
127,0.6,0.4,0.5,visibility_only,0.5555555555555556,0.75,0.6333333333333333,0.6052273464141654,0.6
127,0.6,0.4,0.5,common_mode_only,0.4444444444444444,1.0,0.6333333333333333,0.013526661072456245,0.01927891747765328
127,0.6,0.4,0.5,combined,0.0,0.75,0.6333333333333333,0.013526661072456245,0.01927891747765328
127,0.6,0.6,0.0,raw_residual,1.0,1.0,1.0,0.6021301107538946,0.6
127,0.6,0.6,0.0,visibility_only,1.0,1.0,1.0,0.6021301107538946,0.6
127,0.6,0.6,0.0,common_mode_only,1.0,0.1111111111111111,1.0,0.9895091387695938,0.9807167692937327
127,0.6,0.6,0.0,combined,1.0,0.1111111111111111,1.0,0.9895091387695938,0.9807167692937327
127,0.6,0.6,0.5,raw_residual,1.0,1.0,0.6333333333333333,0.6052273464141654,0.6
127,0.6,0.6,0.5,visibility_only,0.5833333333333334,0.6666666666666666,0.6333333333333333,0.6052273464141654,0.6
127,0.6,0.6,0.5,common_mode_only,1.0,0.3888888888888889,0.6333333333333333,0.9905365483380194,0.9817791148706161
127,0.6,0.6,0.5,combined,0.5833333333333334,0.05555555555555555,0.6333333333333333,0.9905365483380194,0.9817791148706161
127,0.6,0.8,0.0,raw_residual,1.0,1.0,1.0,0.6021301107538947,0.6
127,0.6,0.8,0.0,visibility_only,1.0,1.0,1.0,0.6021301107538947,0.6
127,0.6,0.8,0.0,common_mode_only,1.0,0.0,1.0,1.0012952677768228,0.9958166986829358
127,0.6,0.8,0.0,combined,1.0,0.0,1.0,1.0012952677768228,0.9958166986829358
127,0.6,0.8,0.5,raw_residual,1.0,1.0,0.6333333333333333,0.6052273464141655,0.6
127,0.6,0.8,0.5,visibility_only,0.5,0.6666666666666666,0.6333333333333333,0.6052273464141655,0.6
127,0.6,0.8,0.5,common_mode_only,1.0,0.3333333333333333,0.6333333333333333,1.0009072535226369,1.0009923865151118
127,0.6,0.8,0.5,combined,0.5,0.0,0.6333333333333333,1.0009072535226369,1.0009923865151118
128,0.0,0.2,0.0,raw_residual,0.041666666666666664,1.0,1.0,0.007145916445134131,0.0
128,0.0,0.2,0.0,visibility_only,0.041666666666666664,1.0,1.0,0.007145916445134131,0.0
128,0.0,0.2,0.0,common_mode_only,0.08333333333333333,1.0,1.0,0.009751252040053069,0.006309552130842084
128,0.0,0.2,0.0,combined,0.08333333333333333,1.0,1.0,0.009751252040053069,0.006309552130842084
128,0.0,0.2,0.5,raw_residual,0.4583333333333333,1.0,0.5333333333333333,0.007070206820102919,0.0
128,0.0,0.2,0.5,visibility_only,0.041666666666666664,0.3333333333333333,0.5333333333333333,0.007070206820102919,0.0
128,0.0,0.2,0.5,common_mode_only,0.4583333333333333,1.0,0.5333333333333333,0.007163565762283387,0.002428971722504934
128,0.0,0.2,0.5,combined,0.041666666666666664,0.3333333333333333,0.5333333333333333,0.007163565762283387,0.002428971722504934
128,0.0,0.4,0.0,raw_residual,0.05555555555555555,1.0,1.0,0.013616976499584453,0.0
128,0.0,0.4,0.0,visibility_only,0.05555555555555555,1.0,1.0,0.013616976499584453,0.0
128,0.0,0.4,0.0,common_mode_only,0.05555555555555555,1.0,1.0,0.01665563226663728,0.0138985827286968
128,0.0,0.4,0.0,combined,0.05555555555555555,1.0,1.0,0.01665563226663728,0.0138985827286968
128,0.0,0.4,0.5,raw_residual,0.3333333333333333,1.0,0.5333333333333333,0.007806747283044171,0.0
128,0.0,0.4,0.5,visibility_only,0.05555555555555555,0.25,0.5333333333333333,0.007806747283044171,0.0
128,0.0,0.4,0.5,common_mode_only,0.3333333333333333,1.0,0.5333333333333333,0.008493107778884278,0.008162297793272499
128,0.0,0.4,0.5,combined,0.05555555555555555,0.25,0.5333333333333333,0.008493107778884278,0.008162297793272499
128,0.0,0.6,0.0,raw_residual,0.0,1.0,1.0,0.017632136814231956,0.0
128,0.0,0.6,0.0,visibility_only,0.0,1.0,1.0,0.017632136814231956,0.0
128,0.0,0.6,0.0,common_mode_only,1.0,0.05555555555555555,1.0,0.9851281328159154,0.9661052019665016
128,0.0,0.6,0.0,combined,1.0,0.05555555555555555,1.0,0.9851281328159154,0.9661052019665016
128,0.0,0.6,0.5,raw_residual,0.3333333333333333,1.0,0.5333333333333333,0.013897173514611044,0.0
128,0.0,0.6,0.5,visibility_only,0.0,0.4444444444444444,0.5333333333333333,0.013897173514611044,0.0
128,0.0,0.6,0.5,common_mode_only,1.0,1.0,0.5333333333333333,0.4906689988152242,0.4869736676930399
128,0.0,0.6,0.5,combined,0.6666666666666666,0.4444444444444444,0.5333333333333333,0.4906689988152242,0.4869736676930399
128,0.0,0.8,0.0,raw_residual,0.0,1.0,1.0,0.022110472091104404,0.0
128,0.0,0.8,0.0,visibility_only,0.0,1.0,1.0,0.022110472091104404,0.0
128,0.0,0.8,0.0,common_mode_only,1.0,0.0,1.0,0.9967342400867207,0.9827958524519023
128,0.0,0.8,0.0,combined,1.0,0.0,1.0,0.9967342400867207,0.9827958524519023
128,0.0,0.8,0.5,raw_residual,0.5,1.0,0.5333333333333333,0.020824325397400048,0.0
128,0.0,0.8,0.5,visibility_only,0.0,0.5416666666666666,0.5333333333333333,0.020824325397400048,0.0
128,0.0,0.8,0.5,common_mode_only,1.0,0.4583333333333333,0.5333333333333333,0.9991999760578465,0.9916107821539123
128,0.0,0.8,0.5,combined,0.5,0.0,0.5333333333333333,0.9991999760578465,0.9916107821539123
128,0.15,0.2,0.0,raw_residual,1.0,1.0,1.0,0.14554308604244498,0.15
128,0.15,0.2,0.0,visibility_only,1.0,1.0,1.0,0.14554308604244498,0.15
128,0.15,0.2,0.0,common_mode_only,0.08333333333333333,1.0,1.0,0.009751252040053083,0.006309552130842079
128,0.15,0.2,0.0,combined,0.08333333333333333,1.0,1.0,0.009751252040053083,0.006309552130842079
128,0.15,0.2,0.5,raw_residual,1.0,1.0,0.5333333333333333,0.14756647561544614,0.15
128,0.15,0.2,0.5,visibility_only,0.5833333333333334,0.3333333333333333,0.5333333333333333,0.14756647561544614,0.15
128,0.15,0.2,0.5,common_mode_only,0.4583333333333333,1.0,0.5333333333333333,0.007163565762283399,0.002428971722504948
128,0.15,0.2,0.5,combined,0.041666666666666664,0.3333333333333333,0.5333333333333333,0.007163565762283399,0.002428971722504948
128,0.15,0.4,0.0,raw_residual,1.0,1.0,1.0,0.14554308604244498,0.15
128,0.15,0.4,0.0,visibility_only,1.0,1.0,1.0,0.14554308604244498,0.15
128,0.15,0.4,0.0,common_mode_only,0.05555555555555555,1.0,1.0,0.01665563226663728,0.013898582728696818
128,0.15,0.4,0.0,combined,0.05555555555555555,1.0,1.0,0.01665563226663728,0.013898582728696818
128,0.15,0.4,0.5,raw_residual,1.0,1.0,0.5333333333333333,0.14756647561544614,0.15
128,0.15,0.4,0.5,visibility_only,0.7222222222222222,0.25,0.5333333333333333,0.14756647561544614,0.15
128,0.15,0.4,0.5,common_mode_only,0.3333333333333333,1.0,0.5333333333333333,0.00849310777888429,0.008162297793272506
128,0.15,0.4,0.5,combined,0.05555555555555555,0.25,0.5333333333333333,0.00849310777888429,0.008162297793272506
128,0.15,0.6,0.0,raw_residual,1.0,1.0,1.0,0.14554308604244495,0.15
128,0.15,0.6,0.0,visibility_only,1.0,1.0,1.0,0.14554308604244495,0.15
128,0.15,0.6,0.0,common_mode_only,1.0,0.05555555555555555,1.0,0.9851281328159154,0.9661052019665015
128,0.15,0.6,0.0,combined,1.0,0.05555555555555555,1.0,0.9851281328159154,0.9661052019665015
128,0.15,0.6,0.5,raw_residual,1.0,1.0,0.5333333333333333,0.1475664756154461,0.15
128,0.15,0.6,0.5,visibility_only,0.6666666666666666,0.4444444444444444,0.5333333333333333,0.1475664756154461,0.15
128,0.15,0.6,0.5,common_mode_only,1.0,1.0,0.5333333333333333,0.4906689988152242,0.4869736676930398
128,0.15,0.6,0.5,combined,0.6666666666666666,0.4444444444444444,0.5333333333333333,0.4906689988152242,0.4869736676930398
128,0.15,0.8,0.0,raw_residual,1.0,1.0,1.0,0.1455430860424449,0.15
128,0.15,0.8,0.0,visibility_only,1.0,1.0,1.0,0.1455430860424449,0.15
128,0.15,0.8,0.0,common_mode_only,1.0,0.0,1.0,0.9967342400867207,0.9827958524519022
128,0.15,0.8,0.0,combined,1.0,0.0,1.0,0.9967342400867207,0.9827958524519022
128,0.15,0.8,0.5,raw_residual,1.0,1.0,0.5333333333333333,0.14756647561544609,0.15
128,0.15,0.8,0.5,visibility_only,0.5,0.5416666666666666,0.5333333333333333,0.14756647561544609,0.15
128,0.15,0.8,0.5,common_mode_only,1.0,0.4583333333333333,0.5333333333333333,0.9991999760578464,0.9916107821539121
128,0.15,0.8,0.5,combined,0.5,0.0,0.5333333333333333,0.9991999760578464,0.9916107821539121
128,0.3,0.2,0.0,raw_residual,1.0,1.0,1.0,0.2948519499172491,0.3
128,0.3,0.2,0.0,visibility_only,1.0,1.0,1.0,0.2948519499172491,0.3
128,0.3,0.2,0.0,common_mode_only,0.08333333333333333,1.0,1.0,0.009751252040053076,0.006309552130842106
128,0.3,0.2,0.0,combined,0.08333333333333333,1.0,1.0,0.009751252040053076,0.006309552130842106
128,0.3,0.2,0.5,raw_residual,1.0,1.0,0.5333333333333333,0.2970082848537439,0.3
128,0.3,0.2,0.5,visibility_only,0.5833333333333334,0.3333333333333333,0.5333333333333333,0.2970082848537439,0.3
128,0.3,0.2,0.5,common_mode_only,0.4583333333333333,1.0,0.5333333333333333,0.007163565762283406,0.0024289717225049736
128,0.3,0.2,0.5,combined,0.041666666666666664,0.3333333333333333,0.5333333333333333,0.007163565762283406,0.0024289717225049736
128,0.3,0.4,0.0,raw_residual,1.0,1.0,1.0,0.29485194991724917,0.3
128,0.3,0.4,0.0,visibility_only,1.0,1.0,1.0,0.29485194991724917,0.3
128,0.3,0.4,0.0,common_mode_only,0.05555555555555555,1.0,1.0,0.016655632266637247,0.013898582728696792
128,0.3,0.4,0.0,combined,0.05555555555555555,1.0,1.0,0.016655632266637247,0.013898582728696792
128,0.3,0.4,0.5,raw_residual,1.0,1.0,0.5333333333333333,0.2970082848537439,0.3
128,0.3,0.4,0.5,visibility_only,0.7222222222222222,0.25,0.5333333333333333,0.2970082848537439,0.3
128,0.3,0.4,0.5,common_mode_only,0.3333333333333333,1.0,0.5333333333333333,0.008493107778884292,0.008162297793272533
128,0.3,0.4,0.5,combined,0.05555555555555555,0.25,0.5333333333333333,0.008493107778884292,0.008162297793272533
128,0.3,0.6,0.0,raw_residual,1.0,1.0,1.0,0.29485194991724917,0.3
128,0.3,0.6,0.0,visibility_only,1.0,1.0,1.0,0.29485194991724917,0.3
128,0.3,0.6,0.0,common_mode_only,1.0,0.05555555555555555,1.0,0.9851281328159154,0.9661052019665016
128,0.3,0.6,0.0,combined,1.0,0.05555555555555555,1.0,0.9851281328159154,0.9661052019665016
128,0.3,0.6,0.5,raw_residual,1.0,1.0,0.5333333333333333,0.2970082848537439,0.3
128,0.3,0.6,0.5,visibility_only,0.6666666666666666,0.4444444444444444,0.5333333333333333,0.2970082848537439,0.3
128,0.3,0.6,0.5,common_mode_only,1.0,1.0,0.5333333333333333,0.4906689988152241,0.48697366769303985
128,0.3,0.6,0.5,combined,0.6666666666666666,0.4444444444444444,0.5333333333333333,0.4906689988152241,0.48697366769303985
128,0.3,0.8,0.0,raw_residual,1.0,1.0,1.0,0.29485194991724917,0.3
128,0.3,0.8,0.0,visibility_only,1.0,1.0,1.0,0.29485194991724917,0.3
128,0.3,0.8,0.0,common_mode_only,1.0,0.0,1.0,0.9967342400867207,0.982795852451902
128,0.3,0.8,0.0,combined,1.0,0.0,1.0,0.9967342400867207,0.982795852451902
128,0.3,0.8,0.5,raw_residual,1.0,1.0,0.5333333333333333,0.297008284853744,0.3
128,0.3,0.8,0.5,visibility_only,0.5,0.5416666666666666,0.5333333333333333,0.297008284853744,0.3
128,0.3,0.8,0.5,common_mode_only,1.0,0.4583333333333333,0.5333333333333333,0.9991999760578465,0.9916107821539124
128,0.3,0.8,0.5,combined,0.5,0.0,0.5333333333333333,0.9991999760578465,0.9916107821539124
128,0.6,0.2,0.0,raw_residual,1.0,1.0,1.0,0.594541476291898,0.6
128,0.6,0.2,0.0,visibility_only,1.0,1.0,1.0,0.594541476291898,0.6
128,0.6,0.2,0.0,common_mode_only,0.08333333333333333,1.0,1.0,0.009751252040053065,0.006309552130842051
128,0.6,0.2,0.0,combined,0.08333333333333333,1.0,1.0,0.009751252040053065,0.006309552130842051
128,0.6,0.2,0.5,raw_residual,1.0,1.0,0.5333333333333333,0.5967693319529013,0.6
128,0.6,0.2,0.5,visibility_only,0.5833333333333334,0.3333333333333333,0.5333333333333333,0.5967693319529013,0.6
128,0.6,0.2,0.5,common_mode_only,0.4583333333333333,1.0,0.5333333333333333,0.0071635657622833955,0.002428971722504922
128,0.6,0.2,0.5,combined,0.041666666666666664,0.3333333333333333,0.5333333333333333,0.0071635657622833955,0.002428971722504922
128,0.6,0.4,0.0,raw_residual,1.0,1.0,1.0,0.594541476291898,0.6
128,0.6,0.4,0.0,visibility_only,1.0,1.0,1.0,0.594541476291898,0.6
128,0.6,0.4,0.0,common_mode_only,0.05555555555555555,1.0,1.0,0.016655632266637223,0.013898582728696735
128,0.6,0.4,0.0,combined,0.05555555555555555,1.0,1.0,0.016655632266637223,0.013898582728696735
128,0.6,0.4,0.5,raw_residual,1.0,1.0,0.5333333333333333,0.5967693319529013,0.6
128,0.6,0.4,0.5,visibility_only,0.7222222222222222,0.25,0.5333333333333333,0.5967693319529013,0.6
128,0.6,0.4,0.5,common_mode_only,0.3333333333333333,1.0,0.5333333333333333,0.008493107778884276,0.00816229779327248
128,0.6,0.4,0.5,combined,0.05555555555555555,0.25,0.5333333333333333,0.008493107778884276,0.00816229779327248
128,0.6,0.6,0.0,raw_residual,1.0,1.0,1.0,0.5945414762918981,0.6
128,0.6,0.6,0.0,visibility_only,1.0,1.0,1.0,0.5945414762918981,0.6
128,0.6,0.6,0.0,common_mode_only,1.0,0.05555555555555555,1.0,0.9851281328159154,0.9661052019665017
128,0.6,0.6,0.0,combined,1.0,0.05555555555555555,1.0,0.9851281328159154,0.9661052019665017
128,0.6,0.6,0.5,raw_residual,1.0,1.0,0.5333333333333333,0.5967693319529013,0.6
128,0.6,0.6,0.5,visibility_only,0.6666666666666666,0.4444444444444444,0.5333333333333333,0.5967693319529013,0.6
128,0.6,0.6,0.5,common_mode_only,1.0,1.0,0.5333333333333333,0.4906689988152242,0.4869736676930399
128,0.6,0.6,0.5,combined,0.6666666666666666,0.4444444444444444,0.5333333333333333,0.4906689988152242,0.4869736676930399
128,0.6,0.8,0.0,raw_residual,1.0,1.0,1.0,0.5945414762918981,0.6
128,0.6,0.8,0.0,visibility_only,1.0,1.0,1.0,0.5945414762918981,0.6
128,0.6,0.8,0.0,common_mode_only,1.0,0.0,1.0,0.9967342400867207,0.9827958524519024
128,0.6,0.8,0.0,combined,1.0,0.0,1.0,0.9967342400867207,0.9827958524519024
128,0.6,0.8,0.5,raw_residual,1.0,1.0,0.5333333333333333,0.5967693319529014,0.6
128,0.6,0.8,0.5,visibility_only,0.5,0.5416666666666666,0.5333333333333333,0.5967693319529014,0.6
128,0.6,0.8,0.5,common_mode_only,1.0,0.4583333333333333,0.5333333333333333,0.9991999760578465,0.9916107821539123
128,0.6,0.8,0.5,combined,0.5,0.0,0.5333333333333333,0.9991999760578465,0.9916107821539123
129,0.0,0.2,0.0,raw_residual,0.0,1.0,1.0,0.005712858723875323,0.0
129,0.0,0.2,0.0,visibility_only,0.0,1.0,1.0,0.005712858723875323,0.0
129,0.0,0.2,0.0,common_mode_only,0.0,1.0,1.0,0.005877339471464223,0.007639919591018058
129,0.0,0.2,0.0,combined,0.0,1.0,1.0,0.005877339471464223,0.007639919591018058
129,0.0,0.2,0.5,raw_residual,0.4583333333333333,1.0,0.5,0.0013387292582496889,0.0
129,0.0,0.2,0.5,visibility_only,0.0,0.3333333333333333,0.5,0.0013387292582496889,0.0
129,0.0,0.2,0.5,common_mode_only,0.4583333333333333,1.0,0.5,0.0015425631385441113,0.005087520058202077
129,0.0,0.2,0.5,combined,0.0,0.3333333333333333,0.5,0.0015425631385441113,0.005087520058202077
129,0.0,0.4,0.0,raw_residual,0.0,1.0,1.0,0.010790434682301824,0.0
129,0.0,0.4,0.0,visibility_only,0.0,1.0,1.0,0.010790434682301824,0.0
129,0.0,0.4,0.0,common_mode_only,0.0,1.0,1.0,0.013486519708843446,0.01953080180010935
129,0.0,0.4,0.0,combined,0.0,1.0,1.0,0.013486519708843446,0.01953080180010935
129,0.0,0.4,0.5,raw_residual,0.5,1.0,0.5,0.008438731729309737,0.0
129,0.0,0.4,0.5,visibility_only,0.0,0.5,0.5,0.008438731729309737,0.0
129,0.0,0.4,0.5,common_mode_only,0.5,1.0,0.5,0.012258970416448696,0.02225992879884492
129,0.0,0.4,0.5,combined,0.0,0.5,0.5,0.012258970416448696,0.02225992879884492
129,0.0,0.6,0.0,raw_residual,0.0,1.0,1.0,0.016695082429790637,0.0
129,0.0,0.6,0.0,visibility_only,0.0,1.0,1.0,0.016695082429790637,0.0
129,0.0,0.6,0.0,common_mode_only,1.0,0.1111111111111111,1.0,0.9864162488291647,0.9774857443735235
129,0.0,0.6,0.0,combined,1.0,0.1111111111111111,1.0,0.9864162488291647,0.9774857443735235
129,0.0,0.6,0.5,raw_residual,0.5,1.0,0.5,0.01410148412952216,0.0
129,0.0,0.6,0.5,visibility_only,0.0,0.5,0.5,0.01410148412952216,0.0
129,0.0,0.6,0.5,common_mode_only,1.0,0.5,0.5,0.9856366016308213,0.9793054905674412
129,0.0,0.6,0.5,combined,0.5,0.0,0.5,0.9856366016308213,0.9793054905674412
129,0.0,0.8,0.0,raw_residual,0.0,1.0,1.0,0.020335537625550727,0.0
129,0.0,0.8,0.0,visibility_only,0.0,1.0,1.0,0.020335537625550727,0.0
129,0.0,0.8,0.0,common_mode_only,1.0,0.041666666666666664,1.0,0.9973739495285883,0.9935007630993389
129,0.0,0.8,0.0,combined,1.0,0.041666666666666664,1.0,0.9973739495285883,0.9935007630993389
129,0.0,0.8,0.5,raw_residual,0.6666666666666666,1.0,0.5,0.018907395599762143,0.0
129,0.0,0.8,0.5,visibility_only,0.0,0.5416666666666666,0.5,0.018907395599762143,0.0
129,0.0,0.8,0.5,common_mode_only,1.0,0.4583333333333333,0.5,0.9960329722161068,0.9933954595011234
129,0.0,0.8,0.5,combined,0.3333333333333333,0.0,0.5,0.9960329722161068,0.9933954595011234
129,0.15,0.2,0.0,raw_residual,1.0,1.0,1.0,0.15150975834361805,0.15
129,0.15,0.2,0.0,visibility_only,1.0,1.0,1.0,0.15150975834361805,0.15
129,0.15,0.2,0.0,common_mode_only,0.0,1.0,1.0,0.005877339471464228,0.007639919591018055
129,0.15,0.2,0.0,combined,0.0,1.0,1.0,0.005877339471464228,0.007639919591018055
129,0.15,0.2,0.5,raw_residual,1.0,1.0,0.5,0.15390879723034656,0.15
129,0.15,0.2,0.5,visibility_only,0.5416666666666666,0.3333333333333333,0.5,0.15390879723034656,0.15
129,0.15,0.2,0.5,common_mode_only,0.4583333333333333,1.0,0.5,0.001542563138544104,0.005087520058202076
129,0.15,0.2,0.5,combined,0.0,0.3333333333333333,0.5,0.001542563138544104,0.005087520058202076
129,0.15,0.4,0.0,raw_residual,1.0,1.0,1.0,0.15150975834361805,0.15
129,0.15,0.4,0.0,visibility_only,1.0,1.0,1.0,0.15150975834361805,0.15
129,0.15,0.4,0.0,common_mode_only,0.0,1.0,1.0,0.013486519708843453,0.019530801800109347
129,0.15,0.4,0.0,combined,0.0,1.0,1.0,0.013486519708843453,0.019530801800109347
129,0.15,0.4,0.5,raw_residual,1.0,1.0,0.5,0.15390879723034653,0.15
129,0.15,0.4,0.5,visibility_only,0.5,0.5,0.5,0.15390879723034653,0.15
129,0.15,0.4,0.5,common_mode_only,0.5,1.0,0.5,0.012258970416448738,0.022259928798844916
129,0.15,0.4,0.5,combined,0.0,0.5,0.5,0.012258970416448738,0.022259928798844916
129,0.15,0.6,0.0,raw_residual,1.0,1.0,1.0,0.15150975834361805,0.15
129,0.15,0.6,0.0,visibility_only,1.0,1.0,1.0,0.15150975834361805,0.15
129,0.15,0.6,0.0,common_mode_only,1.0,0.1111111111111111,1.0,0.9864162488291647,0.9774857443735234
129,0.15,0.6,0.0,combined,1.0,0.1111111111111111,1.0,0.9864162488291647,0.9774857443735234
129,0.15,0.6,0.5,raw_residual,1.0,1.0,0.5,0.1539087972303465,0.15
129,0.15,0.6,0.5,visibility_only,0.5,0.5,0.5,0.1539087972303465,0.15
129,0.15,0.6,0.5,common_mode_only,1.0,0.5,0.5,0.9856366016308213,0.9793054905674411
129,0.15,0.6,0.5,combined,0.5,0.0,0.5,0.9856366016308213,0.9793054905674411
129,0.15,0.8,0.0,raw_residual,1.0,1.0,1.0,0.15150975834361802,0.15
129,0.15,0.8,0.0,visibility_only,1.0,1.0,1.0,0.15150975834361802,0.15
129,0.15,0.8,0.0,common_mode_only,1.0,0.041666666666666664,1.0,0.9973739495285883,0.9935007630993388
129,0.15,0.8,0.0,combined,1.0,0.041666666666666664,1.0,0.9973739495285883,0.9935007630993388
129,0.15,0.8,0.5,raw_residual,1.0,1.0,0.5,0.15390879723034648,0.15
129,0.15,0.8,0.5,visibility_only,0.3333333333333333,0.5416666666666666,0.5,0.15390879723034648,0.15
129,0.15,0.8,0.5,common_mode_only,1.0,0.4583333333333333,0.5,0.9960329722161066,0.9933954595011232
129,0.15,0.8,0.5,combined,0.3333333333333333,0.0,0.5,0.9960329722161066,0.9933954595011232
129,0.3,0.2,0.0,raw_residual,1.0,1.0,1.0,0.3007904772275883,0.3
129,0.3,0.2,0.0,visibility_only,1.0,1.0,1.0,0.3007904772275883,0.3
129,0.3,0.2,0.0,common_mode_only,0.0,1.0,1.0,0.005877339471464229,0.007639919591018076
129,0.3,0.2,0.0,combined,0.0,1.0,1.0,0.005877339471464229,0.007639919591018076
129,0.3,0.2,0.5,raw_residual,1.0,1.0,0.5,0.30344158670108556,0.3
129,0.3,0.2,0.5,visibility_only,0.5416666666666666,0.3333333333333333,0.5,0.30344158670108556,0.3
129,0.3,0.2,0.5,common_mode_only,0.4583333333333333,1.0,0.5,0.001542563138544115,0.005087520058202081
129,0.3,0.2,0.5,combined,0.0,0.3333333333333333,0.5,0.001542563138544115,0.005087520058202081
129,0.3,0.4,0.0,raw_residual,1.0,1.0,1.0,0.3007904772275883,0.3
129,0.3,0.4,0.0,visibility_only,1.0,1.0,1.0,0.3007904772275883,0.3
129,0.3,0.4,0.0,common_mode_only,0.0,1.0,1.0,0.013486519708843422,0.019530801800109347
129,0.3,0.4,0.0,combined,0.0,1.0,1.0,0.013486519708843422,0.019530801800109347
129,0.3,0.4,0.5,raw_residual,1.0,1.0,0.5,0.3034415867010856,0.3
129,0.3,0.4,0.5,visibility_only,0.5,0.5,0.5,0.3034415867010856,0.3
129,0.3,0.4,0.5,common_mode_only,0.5,1.0,0.5,0.012258970416448705,0.022259928798844916
129,0.3,0.4,0.5,combined,0.0,0.5,0.5,0.012258970416448705,0.022259928798844916
129,0.3,0.6,0.0,raw_residual,1.0,1.0,1.0,0.3007904772275883,0.3
129,0.3,0.6,0.0,visibility_only,1.0,1.0,1.0,0.3007904772275883,0.3
129,0.3,0.6,0.0,common_mode_only,1.0,0.1111111111111111,1.0,0.9864162488291647,0.9774857443735235
129,0.3,0.6,0.0,combined,1.0,0.1111111111111111,1.0,0.9864162488291647,0.9774857443735235
129,0.3,0.6,0.5,raw_residual,1.0,1.0,0.5,0.3034415867010856,0.3
129,0.3,0.6,0.5,visibility_only,0.5,0.5,0.5,0.3034415867010856,0.3
129,0.3,0.6,0.5,common_mode_only,1.0,0.5,0.5,0.9856366016308213,0.9793054905674412
129,0.3,0.6,0.5,combined,0.5,0.0,0.5,0.9856366016308213,0.9793054905674412
129,0.3,0.8,0.0,raw_residual,1.0,1.0,1.0,0.30079047722758834,0.3
129,0.3,0.8,0.0,visibility_only,1.0,1.0,1.0,0.30079047722758834,0.3
129,0.3,0.8,0.0,common_mode_only,1.0,0.041666666666666664,1.0,0.9973739495285883,0.9935007630993389
129,0.3,0.8,0.0,combined,1.0,0.041666666666666664,1.0,0.9973739495285883,0.9935007630993389
129,0.3,0.8,0.5,raw_residual,1.0,1.0,0.5,0.3034415867010856,0.3
129,0.3,0.8,0.5,visibility_only,0.3333333333333333,0.5416666666666666,0.5,0.3034415867010856,0.3
129,0.3,0.8,0.5,common_mode_only,1.0,0.4583333333333333,0.5,0.9960329722161068,0.9933954595011233
129,0.3,0.8,0.5,combined,0.3333333333333333,0.0,0.5,0.9960329722161068,0.9933954595011233
129,0.6,0.2,0.0,raw_residual,1.0,1.0,1.0,0.6004231340098823,0.6
129,0.6,0.2,0.0,visibility_only,1.0,1.0,1.0,0.6004231340098823,0.6
129,0.6,0.2,0.0,common_mode_only,0.0,1.0,1.0,0.005877339471464229,0.007639919591018118
129,0.6,0.2,0.0,combined,0.0,1.0,1.0,0.005877339471464229,0.007639919591018118
129,0.6,0.2,0.5,raw_residual,1.0,1.0,0.5,0.6032120009002948,0.6
129,0.6,0.2,0.5,visibility_only,0.5416666666666666,0.3333333333333333,0.5,0.6032120009002948,0.6
129,0.6,0.2,0.5,common_mode_only,0.4583333333333333,1.0,0.5,0.0015425631385441263,0.005087520058202081
129,0.6,0.2,0.5,combined,0.0,0.3333333333333333,0.5,0.0015425631385441263,0.005087520058202081
129,0.6,0.4,0.0,raw_residual,1.0,1.0,1.0,0.6004231340098826,0.6
129,0.6,0.4,0.0,visibility_only,1.0,1.0,1.0,0.6004231340098826,0.6
129,0.6,0.4,0.0,common_mode_only,0.0,1.0,1.0,0.0134865197088434,0.019530801800109295
129,0.6,0.4,0.0,combined,0.0,1.0,1.0,0.0134865197088434,0.019530801800109295
129,0.6,0.4,0.5,raw_residual,1.0,1.0,0.5,0.6032120009002949,0.6
129,0.6,0.4,0.5,visibility_only,0.5,0.5,0.5,0.6032120009002949,0.6
129,0.6,0.4,0.5,common_mode_only,0.5,1.0,0.5,0.012258970416448682,0.022259928798844916
129,0.6,0.4,0.5,combined,0.0,0.5,0.5,0.012258970416448682,0.022259928798844916
129,0.6,0.6,0.0,raw_residual,1.0,1.0,1.0,0.6004231340098826,0.6
129,0.6,0.6,0.0,visibility_only,1.0,1.0,1.0,0.6004231340098826,0.6
129,0.6,0.6,0.0,common_mode_only,1.0,0.1111111111111111,1.0,0.9864162488291648,0.9774857443735236
129,0.6,0.6,0.0,combined,1.0,0.1111111111111111,1.0,0.9864162488291648,0.9774857443735236
129,0.6,0.6,0.5,raw_residual,1.0,1.0,0.5,0.6032120009002949,0.6
129,0.6,0.6,0.5,visibility_only,0.5,0.5,0.5,0.6032120009002949,0.6
129,0.6,0.6,0.5,common_mode_only,1.0,0.5,0.5,0.9856366016308215,0.9793054905674413
129,0.6,0.6,0.5,combined,0.5,0.0,0.5,0.9856366016308215,0.9793054905674413
129,0.6,0.8,0.0,raw_residual,1.0,1.0,1.0,0.6004231340098826,0.6
129,0.6,0.8,0.0,visibility_only,1.0,1.0,1.0,0.6004231340098826,0.6
129,0.6,0.8,0.0,common_mode_only,1.0,0.041666666666666664,1.0,0.9973739495285883,0.993500763099339
129,0.6,0.8,0.0,combined,1.0,0.041666666666666664,1.0,0.9973739495285883,0.993500763099339
129,0.6,0.8,0.5,raw_residual,1.0,1.0,0.5,0.6032120009002949,0.6
129,0.6,0.8,0.5,visibility_only,0.3333333333333333,0.5416666666666666,0.5,0.6032120009002949,0.6
129,0.6,0.8,0.5,common_mode_only,1.0,0.4583333333333333,0.5,0.9960329722161068,0.9933954595011234
129,0.6,0.8,0.5,combined,0.3333333333333333,0.0,0.5,0.9960329722161068,0.9933954595011234
